dataset,seq,subject_id,path,T,C,t_start,t_end,roi_names,passed,fps_est,duration_ratio,split
BH,'0_0,0_0,Dataset/3_ROI/BH_RAW/0_0.npz,901,9,0.0,60.66293215751648,"forehead_strip,left_cheek_big,right_cheek_big",,15.908002730789653,1.0,train
BH,'0_0_x0.75,0_0,Dataset/3_ROI/MEGA_AUG/aug_npz/BH_0_0_0_0_x0.75.npz,1201,9,0.0,75.433731,"forehead_strip,left_cheek_big,right_cheek_big",,15.908002730789653,1.0,train
BH,'0_0_x1.2,0_0,Dataset/3_ROI/MEGA_AUG/aug_npz/BH_0_0_0_0_x1.2.npz,751,9,0.0,47.146082,"forehead_strip,left_cheek_big,right_cheek_big",,15.908002730789653,1.0,train
BH,'0_0_x1.4,0_0,Dataset/3_ROI/MEGA_AUG/aug_npz/BH_0_0_0_0_x1.4.npz,644,9,0.0,40.419908,"forehead_strip,left_cheek_big,right_cheek_big",,15.908002730789653,1.0,train
BH,'0_0_x1.6,0_0,Dataset/3_ROI/MEGA_AUG/aug_npz/BH_0_0_0_0_x1.6.npz,563,9,0.0,35.328131,"forehead_strip,left_cheek_big,right_cheek_big",,15.908002730789653,1.0,train
BH,'0_0_x1.8,0_0,Dataset/3_ROI/MEGA_AUG/aug_npz/BH_0_0_0_0_x1.8.npz,501,9,0.0,31.430721,"forehead_strip,left_cheek_big,right_cheek_big",,15.908002730789653,1.0,train
BH,'0_1,0_1,Dataset/3_ROI/BH_RAW/0_1.npz,901,9,0.0,60.74157094955444,"forehead_strip,left_cheek_big,right_cheek_big",,15.911170964408209,1.0,train
BH,'0_1_x0.65,0_1,Dataset/3_ROI/MEGA_AUG/aug_npz/BH_0_1_0_1_x0.65.npz,1386,9,0.0,87.045762,"forehead_strip,left_cheek_big,right_cheek_big",,15.911170964408209,1.0,train
BH,'0_1_x0.75,0_1,Dataset/3_ROI/MEGA_AUG/aug_npz/BH_0_1_0_1_x0.75.npz,1201,9,0.0,75.418711,"forehead_strip,left_cheek_big,right_cheek_big",,15.911170964408209,1.0,train
BH,'0_1_x1.2,0_1,Dataset/3_ROI/MEGA_AUG/aug_npz/BH_0_1_0_1_x1.2.npz,751,9,0.0,47.136694,"forehead_strip,left_cheek_big,right_cheek_big",,15.911170964408209,1.0,train
BH,'0_1_x1.4,0_1,Dataset/3_ROI/MEGA_AUG/aug_npz/BH_0_1_0_1_x1.4.npz,644,9,0.0,40.411859,"forehead_strip,left_cheek_big,right_cheek_big",,15.911170964408209,1.0,train
BH,'0_1_x1.6,0_1,Dataset/3_ROI/MEGA_AUG/aug_npz/BH_0_1_0_1_x1.6.npz,563,9,0.0,35.321096,"forehead_strip,left_cheek_big,right_cheek_big",,15.911170964408209,1.0,train
BH,'0_1_x1.8,0_1,Dataset/3_ROI/MEGA_AUG/aug_npz/BH_0_1_0_1_x1.8.npz,501,9,0.0,31.424463,"forehead_strip,left_cheek_big,right_cheek_big",,15.911170964408209,1.0,train
BH,'0_2,0_2,Dataset/3_ROI/BH_RAW/0_2.npz,901,9,0.0,60.12894701957703,"forehead_strip,left_cheek_big,right_cheek_big",,15.910144922038732,1.0,train
BH,'0_2_x0.65,0_2,Dataset/3_ROI/MEGA_AUG/aug_npz/BH_0_2_0_2_x0.65.npz,1386,9,0.0,87.051376,"forehead_strip,left_cheek_big,right_cheek_big",,15.910144922038732,1.0,train
BH,'0_2_x0.75,0_2,Dataset/3_ROI/MEGA_AUG/aug_npz/BH_0_2_0_2_x0.75.npz,1201,9,0.0,75.423574,"forehead_strip,left_cheek_big,right_cheek_big",,15.910144922038732,1.0,train
BH,'0_2_x1.2,0_2,Dataset/3_ROI/MEGA_AUG/aug_npz/BH_0_2_0_2_x1.2.npz,751,9,0.0,47.139734,"forehead_strip,left_cheek_big,right_cheek_big",,15.910144922038732,1.0,train
BH,'0_2_x1.4,0_2,Dataset/3_ROI/MEGA_AUG/aug_npz/BH_0_2_0_2_x1.4.npz,644,9,0.0,40.414465,"forehead_strip,left_cheek_big,right_cheek_big",,15.910144922038732,1.0,train
BH,'0_2_x1.6,0_2,Dataset/3_ROI/MEGA_AUG/aug_npz/BH_0_2_0_2_x1.6.npz,563,9,0.0,35.323374,"forehead_strip,left_cheek_big,right_cheek_big",,15.910144922038732,1.0,train
BH,'0_2_x1.8,0_2,Dataset/3_ROI/MEGA_AUG/aug_npz/BH_0_2_0_2_x1.8.npz,501,9,0.0,31.426489,"forehead_strip,left_cheek_big,right_cheek_big",,15.910144922038732,1.0,train
BH,'10_0,10_0,Dataset/3_ROI/BH_RAW/10_0.npz,901,9,0.0,60.28232002258301,"forehead_strip,left_cheek_big,right_cheek_big",,15.90353917204411,1.0,train
BH,'10_0_x0.55,10_0,Dataset/3_ROI/MEGA_AUG/aug_npz/BH_10_0_10_0_x0.55.npz,1638,9,0.0,102.933063,"forehead_strip,left_cheek_big,right_cheek_big",,15.90353917204411,1.0,train
BH,'10_0_x0.65,10_0,Dataset/3_ROI/MEGA_AUG/aug_npz/BH_10_0_10_0_x0.65.npz,1386,9,0.0,87.087533,"forehead_strip,left_cheek_big,right_cheek_big",,15.90353917204411,1.0,train
BH,'10_0_x0.75,10_0,Dataset/3_ROI/MEGA_AUG/aug_npz/BH_10_0_10_0_x0.75.npz,1201,9,0.0,75.454903,"forehead_strip,left_cheek_big,right_cheek_big",,15.90353917204411,1.0,train
BH,'10_0_x1.2,10_0,Dataset/3_ROI/MEGA_AUG/aug_npz/BH_10_0_10_0_x1.2.npz,751,9,0.0,47.159314,"forehead_strip,left_cheek_big,right_cheek_big",,15.90353917204411,1.0,train
BH,'10_0_x1.4,10_0,Dataset/3_ROI/MEGA_AUG/aug_npz/BH_10_0_10_0_x1.4.npz,644,9,0.0,40.431252,"forehead_strip,left_cheek_big,right_cheek_big",,15.90353917204411,1.0,train
BH,'10_0_x1.6,10_0,Dataset/3_ROI/MEGA_AUG/aug_npz/BH_10_0_10_0_x1.6.npz,563,9,0.0,35.338046,"forehead_strip,left_cheek_big,right_cheek_big",,15.90353917204411,1.0,train
BH,'10_0_x1.8,10_0,Dataset/3_ROI/MEGA_AUG/aug_npz/BH_10_0_10_0_x1.8.npz,501,9,0.0,31.439543,"forehead_strip,left_cheek_big,right_cheek_big",,15.90353917204411,1.0,train
BH,'10_1,10_1,Dataset/3_ROI/BH_RAW/10_1.npz,901,9,0.0,59.80095100402832,"forehead_strip,left_cheek_big,right_cheek_big",,15.905077007377464,1.0,train
BH,'10_1_x0.55,10_1,Dataset/3_ROI/MEGA_AUG/aug_npz/BH_10_1_10_1_x0.55.npz,1638,9,0.0,102.923111,"forehead_strip,left_cheek_big,right_cheek_big",,15.905077007377464,1.0,train
BH,'10_1_x0.65,10_1,Dataset/3_ROI/MEGA_AUG/aug_npz/BH_10_1_10_1_x0.65.npz,1386,9,0.0,87.079113,"forehead_strip,left_cheek_big,right_cheek_big",,15.905077007377464,1.0,train
BH,'10_1_x0.75,10_1,Dataset/3_ROI/MEGA_AUG/aug_npz/BH_10_1_10_1_x0.75.npz,1201,9,0.0,75.447607,"forehead_strip,left_cheek_big,right_cheek_big",,15.905077007377464,1.0,train
BH,'10_1_x1.2,10_1,Dataset/3_ROI/MEGA_AUG/aug_npz/BH_10_1_10_1_x1.2.npz,751,9,0.0,47.154754,"forehead_strip,left_cheek_big,right_cheek_big",,15.905077007377464,1.0,train
BH,'10_1_x1.4,10_1,Dataset/3_ROI/MEGA_AUG/aug_npz/BH_10_1_10_1_x1.4.npz,644,9,0.0,40.427343,"forehead_strip,left_cheek_big,right_cheek_big",,15.905077007377464,1.0,train
BH,'10_1_x1.6,10_1,Dataset/3_ROI/MEGA_AUG/aug_npz/BH_10_1_10_1_x1.6.npz,563,9,0.0,35.334629,"forehead_strip,left_cheek_big,right_cheek_big",,15.905077007377464,1.0,train
BH,'10_1_x1.8,10_1,Dataset/3_ROI/MEGA_AUG/aug_npz/BH_10_1_10_1_x1.8.npz,501,9,0.0,31.436503,"forehead_strip,left_cheek_big,right_cheek_big",,15.905077007377464,1.0,train
BH,'10_2,10_2,Dataset/3_ROI/BH_RAW/10_2.npz,901,9,0.0,59.964107990264885,"forehead_strip,left_cheek_big,right_cheek_big",,15.909511256092928,1.0,train
BH,'10_2_x0.55,10_2,Dataset/3_ROI/MEGA_AUG/aug_npz/BH_10_2_10_2_x0.55.npz,1638,9,0.0,102.894424,"forehead_strip,left_cheek_big,right_cheek_big",,15.909511256092928,1.0,train
BH,'10_2_x0.65,10_2,Dataset/3_ROI/MEGA_AUG/aug_npz/BH_10_2_10_2_x0.65.npz,1386,9,0.0,87.054843,"forehead_strip,left_cheek_big,right_cheek_big",,15.909511256092928,1.0,train
BH,'10_2_x0.75,10_2,Dataset/3_ROI/MEGA_AUG/aug_npz/BH_10_2_10_2_x0.75.npz,1201,9,0.0,75.426579,"forehead_strip,left_cheek_big,right_cheek_big",,15.909511256092928,1.0,train
BH,'10_2_x1.2,10_2,Dataset/3_ROI/MEGA_AUG/aug_npz/BH_10_2_10_2_x1.2.npz,751,9,0.0,47.141612,"forehead_strip,left_cheek_big,right_cheek_big",,15.909511256092928,1.0,train
BH,'10_2_x1.4,10_2,Dataset/3_ROI/MEGA_AUG/aug_npz/BH_10_2_10_2_x1.4.npz,644,9,0.0,40.416075,"forehead_strip,left_cheek_big,right_cheek_big",,15.909511256092928,1.0,train
BH,'10_2_x1.6,10_2,Dataset/3_ROI/MEGA_AUG/aug_npz/BH_10_2_10_2_x1.6.npz,563,9,0.0,35.324781,"forehead_strip,left_cheek_big,right_cheek_big",,15.909511256092928,1.0,train
BH,'10_2_x1.8,10_2,Dataset/3_ROI/MEGA_AUG/aug_npz/BH_10_2_10_2_x1.8.npz,501,9,0.0,31.427741,"forehead_strip,left_cheek_big,right_cheek_big",,15.909511256092928,1.0,train
BH,'11_0,11_0,Dataset/3_ROI/BH_RAW/11_0.npz,901,9,0.0,60.67473101615906,"forehead_strip,left_cheek_big,right_cheek_big",,15.91482354191093,1.0,train
BH,'11_0_x0.65,11_0,Dataset/3_ROI/MEGA_AUG/aug_npz/BH_11_0_11_0_x0.65.npz,1386,9,0.0,87.025784,"forehead_strip,left_cheek_big,right_cheek_big",,15.91482354191093,1.0,train
BH,'11_0_x0.75,11_0,Dataset/3_ROI/MEGA_AUG/aug_npz/BH_11_0_11_0_x0.75.npz,1201,9,0.0,75.401402,"forehead_strip,left_cheek_big,right_cheek_big",,15.91482354191093,1.0,train
BH,'11_0_x1.2,11_0,Dataset/3_ROI/MEGA_AUG/aug_npz/BH_11_0_11_0_x1.2.npz,751,9,0.0,47.125876,"forehead_strip,left_cheek_big,right_cheek_big",,15.91482354191093,1.0,train
BH,'11_0_x1.4,11_0,Dataset/3_ROI/MEGA_AUG/aug_npz/BH_11_0_11_0_x1.4.npz,644,9,0.0,40.402584,"forehead_strip,left_cheek_big,right_cheek_big",,15.91482354191093,1.0,train
BH,'11_0_x1.6,11_0,Dataset/3_ROI/MEGA_AUG/aug_npz/BH_11_0_11_0_x1.6.npz,563,9,0.0,35.312990,"forehead_strip,left_cheek_big,right_cheek_big",,15.91482354191093,1.0,train
BH,'11_0_x1.8,11_0,Dataset/3_ROI/MEGA_AUG/aug_npz/BH_11_0_11_0_x1.8.npz,501,9,0.0,31.417251,"forehead_strip,left_cheek_big,right_cheek_big",,15.91482354191093,1.0,train
BH,'11_1,11_1,Dataset/3_ROI/BH_RAW/11_1.npz,901,9,0.0,60.42175602912904,"forehead_strip,left_cheek_big,right_cheek_big",,15.914823541911831,1.0,train
BH,'11_1_x0.65,11_1,Dataset/3_ROI/MEGA_AUG/aug_npz/BH_11_1_11_1_x0.65.npz,1386,9,0.0,87.025784,"forehead_strip,left_cheek_big,right_cheek_big",,15.914823541911831,1.0,train
BH,'11_1_x0.75,11_1,Dataset/3_ROI/MEGA_AUG/aug_npz/BH_11_1_11_1_x0.75.npz,1201,9,0.0,75.401402,"forehead_strip,left_cheek_big,right_cheek_big",,15.914823541911831,1.0,train
BH,'11_1_x1.2,11_1,Dataset/3_ROI/MEGA_AUG/aug_npz/BH_11_1_11_1_x1.2.npz,751,9,0.0,47.125876,"forehead_strip,left_cheek_big,right_cheek_big",,15.914823541911831,1.0,train
BH,'11_1_x1.4,11_1,Dataset/3_ROI/MEGA_AUG/aug_npz/BH_11_1_11_1_x1.4.npz,644,9,0.0,40.402584,"forehead_strip,left_cheek_big,right_cheek_big",,15.914823541911831,1.0,train
BH,'11_1_x1.6,11_1,Dataset/3_ROI/MEGA_AUG/aug_npz/BH_11_1_11_1_x1.6.npz,563,9,0.0,35.312990,"forehead_strip,left_cheek_big,right_cheek_big",,15.914823541911831,1.0,train
BH,'11_1_x1.8,11_1,Dataset/3_ROI/MEGA_AUG/aug_npz/BH_11_1_11_1_x1.8.npz,501,9,0.0,31.417251,"forehead_strip,left_cheek_big,right_cheek_big",,15.914823541911831,1.0,train
BH,'11_2,11_2,Dataset/3_ROI/BH_RAW/11_2.npz,901,9,0.0,62.13324403762817,"forehead_strip,left_cheek_big,right_cheek_big",,15.909752646692564,1.0,train
BH,'11_2_x0.65,11_2,Dataset/3_ROI/MEGA_AUG/aug_npz/BH_11_2_11_2_x0.65.npz,1386,9,0.0,87.053522,"forehead_strip,left_cheek_big,right_cheek_big",,15.909752646692564,1.0,train
BH,'11_2_x0.75,11_2,Dataset/3_ROI/MEGA_AUG/aug_npz/BH_11_2_11_2_x0.75.npz,1201,9,0.0,75.425434,"forehead_strip,left_cheek_big,right_cheek_big",,15.909752646692564,1.0,train
BH,'11_2_x1.2,11_2,Dataset/3_ROI/MEGA_AUG/aug_npz/BH_11_2_11_2_x1.2.npz,751,9,0.0,47.140896,"forehead_strip,left_cheek_big,right_cheek_big",,15.909752646692564,1.0,train
BH,'11_2_x1.4,11_2,Dataset/3_ROI/MEGA_AUG/aug_npz/BH_11_2_11_2_x1.4.npz,644,9,0.0,40.415462,"forehead_strip,left_cheek_big,right_cheek_big",,15.909752646692564,1.0,train
BH,'11_2_x1.6,11_2,Dataset/3_ROI/MEGA_AUG/aug_npz/BH_11_2_11_2_x1.6.npz,563,9,0.0,35.324245,"forehead_strip,left_cheek_big,right_cheek_big",,15.909752646692564,1.0,train
BH,'11_2_x1.8,11_2,Dataset/3_ROI/MEGA_AUG/aug_npz/BH_11_2_11_2_x1.8.npz,501,9,0.0,31.427264,"forehead_strip,left_cheek_big,right_cheek_big",,15.909752646692564,1.0,train
BH,'12_0,12_0,Dataset/3_ROI/BH_RAW/12_0.npz,901,9,0.0,60.1294949054718,"forehead_strip,left_cheek_big,right_cheek_big",,15.9069770969785,1.0,train
BH,'12_0_x0.55,12_0,Dataset/3_ROI/MEGA_AUG/aug_npz/BH_12_0_12_0_x0.55.npz,1638,9,0.0,102.910816,"forehead_strip,left_cheek_big,right_cheek_big",,15.9069770969785,1.0,train
BH,'12_0_x0.65,12_0,Dataset/3_ROI/MEGA_AUG/aug_npz/BH_12_0_12_0_x0.65.npz,1386,9,0.0,87.068712,"forehead_strip,left_cheek_big,right_cheek_big",,15.9069770969785,1.0,train
BH,'12_0_x0.75,12_0,Dataset/3_ROI/MEGA_AUG/aug_npz/BH_12_0_12_0_x0.75.npz,1201,9,0.0,75.438595,"forehead_strip,left_cheek_big,right_cheek_big",,15.9069770969785,1.0,train
BH,'12_0_x1.2,12_0,Dataset/3_ROI/MEGA_AUG/aug_npz/BH_12_0_12_0_x1.2.npz,751,9,0.0,47.149122,"forehead_strip,left_cheek_big,right_cheek_big",,15.9069770969785,1.0,train
BH,'12_0_x1.4,12_0,Dataset/3_ROI/MEGA_AUG/aug_npz/BH_12_0_12_0_x1.4.npz,644,9,0.0,40.422514,"forehead_strip,left_cheek_big,right_cheek_big",,15.9069770969785,1.0,train
BH,'12_0_x1.6,12_0,Dataset/3_ROI/MEGA_AUG/aug_npz/BH_12_0_12_0_x1.6.npz,563,9,0.0,35.330409,"forehead_strip,left_cheek_big,right_cheek_big",,15.9069770969785,1.0,train
BH,'12_0_x1.8,12_0,Dataset/3_ROI/MEGA_AUG/aug_npz/BH_12_0_12_0_x1.8.npz,501,9,0.0,31.432748,"forehead_strip,left_cheek_big,right_cheek_big",,15.9069770969785,1.0,train
BH,'12_1,12_1,Dataset/3_ROI/BH_RAW/12_1.npz,901,9,0.0,60.08653497695922,"forehead_strip,left_cheek_big,right_cheek_big",,15.910507039528714,1.0,train
BH,'12_1_x0.55,12_1,Dataset/3_ROI/MEGA_AUG/aug_npz/BH_12_1_12_1_x0.55.npz,1638,9,0.0,102.887984,"forehead_strip,left_cheek_big,right_cheek_big",,15.910507039528714,1.0,train
BH,'12_1_x0.65,12_1,Dataset/3_ROI/MEGA_AUG/aug_npz/BH_12_1_12_1_x0.65.npz,1386,9,0.0,87.049394,"forehead_strip,left_cheek_big,right_cheek_big",,15.910507039528714,1.0,train
BH,'12_1_x0.75,12_1,Dataset/3_ROI/MEGA_AUG/aug_npz/BH_12_1_12_1_x0.75.npz,1201,9,0.0,75.421858,"forehead_strip,left_cheek_big,right_cheek_big",,15.910507039528714,1.0,train
BH,'12_1_x1.2,12_1,Dataset/3_ROI/MEGA_AUG/aug_npz/BH_12_1_12_1_x1.2.npz,751,9,0.0,47.138661,"forehead_strip,left_cheek_big,right_cheek_big",,15.910507039528714,1.0,train
BH,'12_1_x1.4,12_1,Dataset/3_ROI/MEGA_AUG/aug_npz/BH_12_1_12_1_x1.4.npz,644,9,0.0,40.413545,"forehead_strip,left_cheek_big,right_cheek_big",,15.910507039528714,1.0,train
BH,'12_1_x1.6,12_1,Dataset/3_ROI/MEGA_AUG/aug_npz/BH_12_1_12_1_x1.6.npz,563,9,0.0,35.322570,"forehead_strip,left_cheek_big,right_cheek_big",,15.910507039528714,1.0,train
BH,'12_1_x1.8,12_1,Dataset/3_ROI/MEGA_AUG/aug_npz/BH_12_1_12_1_x1.8.npz,501,9,0.0,31.425774,"forehead_strip,left_cheek_big,right_cheek_big",,15.910507039528714,1.0,train
BH,'12_2,12_2,Dataset/3_ROI/BH_RAW/12_2.npz,901,9,0.0,60.14328098297119,"forehead_strip,left_cheek_big,right_cheek_big",,15.91255935003788,1.0,train
BH,'12_2_x0.55,12_2,Dataset/3_ROI/MEGA_AUG/aug_npz/BH_12_2_12_2_x0.55.npz,1638,9,0.0,102.874714,"forehead_strip,left_cheek_big,right_cheek_big",,15.91255935003788,1.0,train
BH,'12_2_x0.65,12_2,Dataset/3_ROI/MEGA_AUG/aug_npz/BH_12_2_12_2_x0.65.npz,1386,9,0.0,87.038167,"forehead_strip,left_cheek_big,right_cheek_big",,15.91255935003788,1.0,train
BH,'12_2_x0.75,12_2,Dataset/3_ROI/MEGA_AUG/aug_npz/BH_12_2_12_2_x0.75.npz,1201,9,0.0,75.412130,"forehead_strip,left_cheek_big,right_cheek_big",,15.91255935003788,1.0,train
BH,'12_2_x1.2,12_2,Dataset/3_ROI/MEGA_AUG/aug_npz/BH_12_2_12_2_x1.2.npz,751,9,0.0,47.132581,"forehead_strip,left_cheek_big,right_cheek_big",,15.91255935003788,1.0,train
BH,'12_2_x1.4,12_2,Dataset/3_ROI/MEGA_AUG/aug_npz/BH_12_2_12_2_x1.4.npz,644,9,0.0,40.408333,"forehead_strip,left_cheek_big,right_cheek_big",,15.91255935003788,1.0,train
BH,'12_2_x1.6,12_2,Dataset/3_ROI/MEGA_AUG/aug_npz/BH_12_2_12_2_x1.6.npz,563,9,0.0,35.318014,"forehead_strip,left_cheek_big,right_cheek_big",,15.91255935003788,1.0,train
BH,'12_2_x1.8,12_2,Dataset/3_ROI/MEGA_AUG/aug_npz/BH_12_2_12_2_x1.8.npz,501,9,0.0,31.421721,"forehead_strip,left_cheek_big,right_cheek_big",,15.91255935003788,1.0,train
BH,'13_0,13_0,Dataset/3_ROI/BH_RAW/13_0.npz,901,9,0.0,60.28337001800537,"forehead_strip,left_cheek_big,right_cheek_big",,15.90812340228725,1.0,train
BH,'13_0_x0.65,13_0,Dataset/3_ROI/MEGA_AUG/aug_npz/BH_13_0_13_0_x0.65.npz,1386,9,0.0,87.062438,"forehead_strip,left_cheek_big,right_cheek_big",,15.90812340228725,1.0,train
BH,'13_0_x0.75,13_0,Dataset/3_ROI/MEGA_AUG/aug_npz/BH_13_0_13_0_x0.75.npz,1201,9,0.0,75.433159,"forehead_strip,left_cheek_big,right_cheek_big",,15.90812340228725,1.0,train
BH,'13_0_x1.2,13_0,Dataset/3_ROI/MEGA_AUG/aug_npz/BH_13_0_13_0_x1.2.npz,751,9,0.0,47.145724,"forehead_strip,left_cheek_big,right_cheek_big",,15.90812340228725,1.0,train
BH,'13_0_x1.4,13_0,Dataset/3_ROI/MEGA_AUG/aug_npz/BH_13_0_13_0_x1.4.npz,644,9,0.0,40.419601,"forehead_strip,left_cheek_big,right_cheek_big",,15.90812340228725,1.0,train
BH,'13_0_x1.6,13_0,Dataset/3_ROI/MEGA_AUG/aug_npz/BH_13_0_13_0_x1.6.npz,563,9,0.0,35.327863,"forehead_strip,left_cheek_big,right_cheek_big",,15.90812340228725,1.0,train
BH,'13_0_x1.8,13_0,Dataset/3_ROI/MEGA_AUG/aug_npz/BH_13_0_13_0_x1.8.npz,501,9,0.0,31.430483,"forehead_strip,left_cheek_big,right_cheek_big",,15.90812340228725,1.0,train
BH,'13_1,13_1,Dataset/3_ROI/BH_RAW/13_1.npz,901,9,0.0,60.07300806045532,"forehead_strip,left_cheek_big,right_cheek_big",,15.912257506464549,1.0,train
BH,'13_1_x0.65,13_1,Dataset/3_ROI/MEGA_AUG/aug_npz/BH_13_1_13_1_x0.65.npz,1386,9,0.0,87.039818,"forehead_strip,left_cheek_big,right_cheek_big",,15.912257506464549,1.0,train
BH,'13_1_x0.75,13_1,Dataset/3_ROI/MEGA_AUG/aug_npz/BH_13_1_13_1_x0.75.npz,1201,9,0.0,75.413561,"forehead_strip,left_cheek_big,right_cheek_big",,15.912257506464549,1.0,train
BH,'13_1_x1.2,13_1,Dataset/3_ROI/MEGA_AUG/aug_npz/BH_13_1_13_1_x1.2.npz,751,9,0.0,47.133476,"forehead_strip,left_cheek_big,right_cheek_big",,15.912257506464549,1.0,train
BH,'13_1_x1.4,13_1,Dataset/3_ROI/MEGA_AUG/aug_npz/BH_13_1_13_1_x1.4.npz,644,9,0.0,40.409100,"forehead_strip,left_cheek_big,right_cheek_big",,15.912257506464549,1.0,train
BH,'13_1_x1.6,13_1,Dataset/3_ROI/MEGA_AUG/aug_npz/BH_13_1_13_1_x1.6.npz,563,9,0.0,35.318684,"forehead_strip,left_cheek_big,right_cheek_big",,15.912257506464549,1.0,train
BH,'13_1_x1.8,13_1,Dataset/3_ROI/MEGA_AUG/aug_npz/BH_13_1_13_1_x1.8.npz,501,9,0.0,31.422317,"forehead_strip,left_cheek_big,right_cheek_big",,15.912257506464549,1.0,train
BH,'13_2,13_2,Dataset/3_ROI/BH_RAW/13_2.npz,901,9,0.0,59.82107186317444,"forehead_strip,left_cheek_big,right_cheek_big",,15.912438611234332,1.0,train
BH,'13_2_x0.65,13_2,Dataset/3_ROI/MEGA_AUG/aug_npz/BH_13_2_13_2_x0.65.npz,1386,9,0.0,87.038828,"forehead_strip,left_cheek_big,right_cheek_big",,15.912438611234332,1.0,train
BH,'13_2_x0.75,13_2,Dataset/3_ROI/MEGA_AUG/aug_npz/BH_13_2_13_2_x0.75.npz,1201,9,0.0,75.412703,"forehead_strip,left_cheek_big,right_cheek_big",,15.912438611234332,1.0,train
BH,'13_2_x1.2,13_2,Dataset/3_ROI/MEGA_AUG/aug_npz/BH_13_2_13_2_x1.2.npz,751,9,0.0,47.132939,"forehead_strip,left_cheek_big,right_cheek_big",,15.912438611234332,1.0,train
BH,'13_2_x1.4,13_2,Dataset/3_ROI/MEGA_AUG/aug_npz/BH_13_2_13_2_x1.4.npz,644,9,0.0,40.408640,"forehead_strip,left_cheek_big,right_cheek_big",,15.912438611234332,1.0,train
BH,'13_2_x1.6,13_2,Dataset/3_ROI/MEGA_AUG/aug_npz/BH_13_2_13_2_x1.6.npz,563,9,0.0,35.318282,"forehead_strip,left_cheek_big,right_cheek_big",,15.912438611234332,1.0,train
BH,'13_2_x1.8,13_2,Dataset/3_ROI/MEGA_AUG/aug_npz/BH_13_2_13_2_x1.8.npz,501,9,0.0,31.421959,"forehead_strip,left_cheek_big,right_cheek_big",,15.912438611234332,1.0,train
BH,'14_0,14_0,Dataset/3_ROI/BH_RAW/14_0.npz,901,9,0.0,60.281785011291504,"forehead_strip,left_cheek_big,right_cheek_big",,15.91026562603813,1.0,train
BH,'14_0_x0.55,14_0,Dataset/3_ROI/MEGA_AUG/aug_npz/BH_14_0_14_0_x0.55.npz,1638,9,0.0,102.889546,"forehead_strip,left_cheek_big,right_cheek_big",,15.91026562603813,1.0,train
BH,'14_0_x0.65,14_0,Dataset/3_ROI/MEGA_AUG/aug_npz/BH_14_0_14_0_x0.65.npz,1386,9,0.0,87.050715,"forehead_strip,left_cheek_big,right_cheek_big",,15.91026562603813,1.0,train
BH,'14_0_x0.75,14_0,Dataset/3_ROI/MEGA_AUG/aug_npz/BH_14_0_14_0_x0.75.npz,1201,9,0.0,75.423002,"forehead_strip,left_cheek_big,right_cheek_big",,15.91026562603813,1.0,train
BH,'14_0_x1.2,14_0,Dataset/3_ROI/MEGA_AUG/aug_npz/BH_14_0_14_0_x1.2.npz,751,9,0.0,47.139376,"forehead_strip,left_cheek_big,right_cheek_big",,15.91026562603813,1.0,train
BH,'14_0_x1.4,14_0,Dataset/3_ROI/MEGA_AUG/aug_npz/BH_14_0_14_0_x1.4.npz,644,9,0.0,40.414159,"forehead_strip,left_cheek_big,right_cheek_big",,15.91026562603813,1.0,train
BH,'14_0_x1.6,14_0,Dataset/3_ROI/MEGA_AUG/aug_npz/BH_14_0_14_0_x1.6.npz,563,9,0.0,35.323106,"forehead_strip,left_cheek_big,right_cheek_big",,15.91026562603813,1.0,train
BH,'14_0_x1.8,14_0,Dataset/3_ROI/MEGA_AUG/aug_npz/BH_14_0_14_0_x1.8.npz,501,9,0.0,31.426251,"forehead_strip,left_cheek_big,right_cheek_big",,15.91026562603813,1.0,train
BH,'14_1,14_1,Dataset/3_ROI/BH_RAW/14_1.npz,901,9,0.0,60.14885902404785,"forehead_strip,left_cheek_big,right_cheek_big",,15.907520063109668,1.0,train
BH,'14_1_x0.55,14_1,Dataset/3_ROI/MEGA_AUG/aug_npz/BH_14_1_14_1_x0.55.npz,1638,9,0.0,102.907304,"forehead_strip,left_cheek_big,right_cheek_big",,15.907520063109668,1.0,train
BH,'14_1_x0.65,14_1,Dataset/3_ROI/MEGA_AUG/aug_npz/BH_14_1_14_1_x0.65.npz,1386,9,0.0,87.065740,"forehead_strip,left_cheek_big,right_cheek_big",,15.907520063109668,1.0,train
BH,'14_1_x0.75,14_1,Dataset/3_ROI/MEGA_AUG/aug_npz/BH_14_1_14_1_x0.75.npz,1201,9,0.0,75.436020,"forehead_strip,left_cheek_big,right_cheek_big",,15.907520063109668,1.0,train
BH,'14_1_x1.2,14_1,Dataset/3_ROI/MEGA_AUG/aug_npz/BH_14_1_14_1_x1.2.npz,751,9,0.0,47.147512,"forehead_strip,left_cheek_big,right_cheek_big",,15.907520063109668,1.0,train
BH,'14_1_x1.4,14_1,Dataset/3_ROI/MEGA_AUG/aug_npz/BH_14_1_14_1_x1.4.npz,644,9,0.0,40.421134,"forehead_strip,left_cheek_big,right_cheek_big",,15.907520063109668,1.0,train
BH,'14_1_x1.6,14_1,Dataset/3_ROI/MEGA_AUG/aug_npz/BH_14_1_14_1_x1.6.npz,563,9,0.0,35.329203,"forehead_strip,left_cheek_big,right_cheek_big",,15.907520063109668,1.0,train
BH,'14_1_x1.8,14_1,Dataset/3_ROI/MEGA_AUG/aug_npz/BH_14_1_14_1_x1.8.npz,501,9,0.0,31.431675,"forehead_strip,left_cheek_big,right_cheek_big",,15.907520063109668,1.0,train
BH,'14_2,14_2,Dataset/3_ROI/BH_RAW/14_2.npz,901,9,0.0,60.079752922058105,"forehead_strip,left_cheek_big,right_cheek_big",,15.907580394966097,1.0,train
BH,'14_2_x0.55,14_2,Dataset/3_ROI/MEGA_AUG/aug_npz/BH_14_2_14_2_x0.55.npz,1638,9,0.0,102.906914,"forehead_strip,left_cheek_big,right_cheek_big",,15.907580394966097,1.0,train
BH,'14_2_x0.65,14_2,Dataset/3_ROI/MEGA_AUG/aug_npz/BH_14_2_14_2_x0.65.npz,1386,9,0.0,87.065409,"forehead_strip,left_cheek_big,right_cheek_big",,15.907580394966097,1.0,train
BH,'14_2_x0.75,14_2,Dataset/3_ROI/MEGA_AUG/aug_npz/BH_14_2_14_2_x0.75.npz,1201,9,0.0,75.435734,"forehead_strip,left_cheek_big,right_cheek_big",,15.907580394966097,1.0,train
BH,'14_2_x1.2,14_2,Dataset/3_ROI/MEGA_AUG/aug_npz/BH_14_2_14_2_x1.2.npz,751,9,0.0,47.147334,"forehead_strip,left_cheek_big,right_cheek_big",,15.907580394966097,1.0,train
BH,'14_2_x1.4,14_2,Dataset/3_ROI/MEGA_AUG/aug_npz/BH_14_2_14_2_x1.4.npz,644,9,0.0,40.420981,"forehead_strip,left_cheek_big,right_cheek_big",,15.907580394966097,1.0,train
BH,'14_2_x1.6,14_2,Dataset/3_ROI/MEGA_AUG/aug_npz/BH_14_2_14_2_x1.6.npz,563,9,0.0,35.329069,"forehead_strip,left_cheek_big,right_cheek_big",,15.907580394966097,1.0,train
BH,'14_2_x1.8,14_2,Dataset/3_ROI/MEGA_AUG/aug_npz/BH_14_2_14_2_x1.8.npz,501,9,0.0,31.431556,"forehead_strip,left_cheek_big,right_cheek_big",,15.907580394966097,1.0,train
BH,'15_0,15_0,Dataset/3_ROI/BH_RAW/15_0.npz,901,9,0.0,60.2127799987793,"forehead_strip,left_cheek_big,right_cheek_big",,15.912710276117208,1.0,train
BH,'15_0_x0.65,15_0,Dataset/3_ROI/MEGA_AUG/aug_npz/BH_15_0_15_0_x0.65.npz,1386,9,0.0,87.037342,"forehead_strip,left_cheek_big,right_cheek_big",,15.912710276117208,1.0,train
BH,'15_0_x0.75,15_0,Dataset/3_ROI/MEGA_AUG/aug_npz/BH_15_0_15_0_x0.75.npz,1201,9,0.0,75.411415,"forehead_strip,left_cheek_big,right_cheek_big",,15.912710276117208,1.0,train
BH,'15_0_x1.2,15_0,Dataset/3_ROI/MEGA_AUG/aug_npz/BH_15_0_15_0_x1.2.npz,751,9,0.0,47.132134,"forehead_strip,left_cheek_big,right_cheek_big",,15.912710276117208,1.0,train
BH,'15_0_x1.4,15_0,Dataset/3_ROI/MEGA_AUG/aug_npz/BH_15_0_15_0_x1.4.npz,644,9,0.0,40.407950,"forehead_strip,left_cheek_big,right_cheek_big",,15.912710276117208,1.0,train
BH,'15_0_x1.6,15_0,Dataset/3_ROI/MEGA_AUG/aug_npz/BH_15_0_15_0_x1.6.npz,563,9,0.0,35.317679,"forehead_strip,left_cheek_big,right_cheek_big",,15.912710276117208,1.0,train
BH,'15_0_x1.8,15_0,Dataset/3_ROI/MEGA_AUG/aug_npz/BH_15_0_15_0_x1.8.npz,501,9,0.0,31.421423,"forehead_strip,left_cheek_big,right_cheek_big",,15.912710276117208,1.0,train
BH,'15_1,15_1,Dataset/3_ROI/BH_RAW/15_1.npz,901,9,0.0,60.14214086532593,"forehead_strip,left_cheek_big,right_cheek_big",,15.91041650861088,1.0,train
BH,'15_1_x0.65,15_1,Dataset/3_ROI/MEGA_AUG/aug_npz/BH_15_1_15_1_x0.65.npz,1386,9,0.0,87.049890,"forehead_strip,left_cheek_big,right_cheek_big",,15.91041650861088,1.0,train
BH,'15_1_x0.75,15_1,Dataset/3_ROI/MEGA_AUG/aug_npz/BH_15_1_15_1_x0.75.npz,1201,9,0.0,75.422287,"forehead_strip,left_cheek_big,right_cheek_big",,15.91041650861088,1.0,train
BH,'15_1_x1.2,15_1,Dataset/3_ROI/MEGA_AUG/aug_npz/BH_15_1_15_1_x1.2.npz,751,9,0.0,47.138929,"forehead_strip,left_cheek_big,right_cheek_big",,15.91041650861088,1.0,train
BH,'15_1_x1.4,15_1,Dataset/3_ROI/MEGA_AUG/aug_npz/BH_15_1_15_1_x1.4.npz,644,9,0.0,40.413775,"forehead_strip,left_cheek_big,right_cheek_big",,15.91041650861088,1.0,train
BH,'15_1_x1.6,15_1,Dataset/3_ROI/MEGA_AUG/aug_npz/BH_15_1_15_1_x1.6.npz,563,9,0.0,35.322771,"forehead_strip,left_cheek_big,right_cheek_big",,15.91041650861088,1.0,train
BH,'15_1_x1.8,15_1,Dataset/3_ROI/MEGA_AUG/aug_npz/BH_15_1_15_1_x1.8.npz,501,9,0.0,31.425953,"forehead_strip,left_cheek_big,right_cheek_big",,15.91041650861088,1.0,train
BH,'15_2,15_2,Dataset/3_ROI/BH_RAW/15_2.npz,901,9,0.0,60.13126707077026,"forehead_strip,left_cheek_big,right_cheek_big",,15.909782821031763,1.0,train
BH,'15_2_x0.75,15_2,Dataset/3_ROI/MEGA_AUG/aug_npz/BH_15_2_15_2_x0.75.npz,1201,9,0.0,75.425291,"forehead_strip,left_cheek_big,right_cheek_big",,15.909782821031763,1.0,train
BH,'15_2_x1.2,15_2,Dataset/3_ROI/MEGA_AUG/aug_npz/BH_15_2_15_2_x1.2.npz,751,9,0.0,47.140807,"forehead_strip,left_cheek_big,right_cheek_big",,15.909782821031763,1.0,train
BH,'15_2_x1.4,15_2,Dataset/3_ROI/MEGA_AUG/aug_npz/BH_15_2_15_2_x1.4.npz,644,9,0.0,40.415385,"forehead_strip,left_cheek_big,right_cheek_big",,15.909782821031763,1.0,train
BH,'15_2_x1.6,15_2,Dataset/3_ROI/MEGA_AUG/aug_npz/BH_15_2_15_2_x1.6.npz,563,9,0.0,35.324178,"forehead_strip,left_cheek_big,right_cheek_big",,15.909782821031763,1.0,train
BH,'15_2_x1.8,15_2,Dataset/3_ROI/MEGA_AUG/aug_npz/BH_15_2_15_2_x1.8.npz,501,9,0.0,31.427205,"forehead_strip,left_cheek_big,right_cheek_big",,15.909782821031763,1.0,train
BH,'16_0,16_0,Dataset/3_ROI/BH_RAW/16_0.npz,901,9,0.0,60.01929998397827,"forehead_strip,left_cheek_big,right_cheek_big",,15.910748460346452,1.0,train
BH,'16_0_x0.55,16_0,Dataset/3_ROI/MEGA_AUG/aug_npz/BH_16_0_16_0_x0.55.npz,1638,9,0.0,102.886423,"forehead_strip,left_cheek_big,right_cheek_big",,15.910748460346452,1.0,train
BH,'16_0_x0.65,16_0,Dataset/3_ROI/MEGA_AUG/aug_npz/BH_16_0_16_0_x0.65.npz,1386,9,0.0,87.048073,"forehead_strip,left_cheek_big,right_cheek_big",,15.910748460346452,1.0,train
BH,'16_0_x0.75,16_0,Dataset/3_ROI/MEGA_AUG/aug_npz/BH_16_0_16_0_x0.75.npz,1201,9,0.0,75.420713,"forehead_strip,left_cheek_big,right_cheek_big",,15.910748460346452,1.0,train
BH,'16_0_x1.2,16_0,Dataset/3_ROI/MEGA_AUG/aug_npz/BH_16_0_16_0_x1.2.npz,751,9,0.0,47.137946,"forehead_strip,left_cheek_big,right_cheek_big",,15.910748460346452,1.0,train
BH,'16_0_x1.4,16_0,Dataset/3_ROI/MEGA_AUG/aug_npz/BH_16_0_16_0_x1.4.npz,644,9,0.0,40.412932,"forehead_strip,left_cheek_big,right_cheek_big",,15.910748460346452,1.0,train
BH,'16_0_x1.6,16_0,Dataset/3_ROI/MEGA_AUG/aug_npz/BH_16_0_16_0_x1.6.npz,563,9,0.0,35.322034,"forehead_strip,left_cheek_big,right_cheek_big",,15.910748460346452,1.0,train
BH,'16_0_x1.8,16_0,Dataset/3_ROI/MEGA_AUG/aug_npz/BH_16_0_16_0_x1.8.npz,501,9,0.0,31.425297,"forehead_strip,left_cheek_big,right_cheek_big",,15.910748460346452,1.0,train
BH,'16_1,16_1,Dataset/3_ROI/BH_RAW/16_1.npz,901,9,0.0,60.03278994560242,"forehead_strip,left_cheek_big,right_cheek_big",,15.912287690305757,1.0,train
BH,'16_1_x0.55,16_1,Dataset/3_ROI/MEGA_AUG/aug_npz/BH_16_1_16_1_x0.55.npz,1638,9,0.0,102.876471,"forehead_strip,left_cheek_big,right_cheek_big",,15.912287690305757,1.0,train
BH,'16_1_x0.65,16_1,Dataset/3_ROI/MEGA_AUG/aug_npz/BH_16_1_16_1_x0.65.npz,1386,9,0.0,87.039653,"forehead_strip,left_cheek_big,right_cheek_big",,15.912287690305757,1.0,train
BH,'16_1_x0.75,16_1,Dataset/3_ROI/MEGA_AUG/aug_npz/BH_16_1_16_1_x0.75.npz,1201,9,0.0,75.413418,"forehead_strip,left_cheek_big,right_cheek_big",,15.912287690305757,1.0,train
BH,'16_1_x1.2,16_1,Dataset/3_ROI/MEGA_AUG/aug_npz/BH_16_1_16_1_x1.2.npz,751,9,0.0,47.133386,"forehead_strip,left_cheek_big,right_cheek_big",,15.912287690305757,1.0,train
BH,'16_1_x1.4,16_1,Dataset/3_ROI/MEGA_AUG/aug_npz/BH_16_1_16_1_x1.4.npz,644,9,0.0,40.409023,"forehead_strip,left_cheek_big,right_cheek_big",,15.912287690305757,1.0,train
BH,'16_1_x1.6,16_1,Dataset/3_ROI/MEGA_AUG/aug_npz/BH_16_1_16_1_x1.6.npz,563,9,0.0,35.318617,"forehead_strip,left_cheek_big,right_cheek_big",,15.912287690305757,1.0,train
BH,'16_1_x1.8,16_1,Dataset/3_ROI/MEGA_AUG/aug_npz/BH_16_1_16_1_x1.8.npz,501,9,0.0,31.422257,"forehead_strip,left_cheek_big,right_cheek_big",,15.912287690305757,1.0,train
BH,'16_2,16_2,Dataset/3_ROI/BH_RAW/16_2.npz,901,9,0.0,59.93248009681702,"forehead_strip,left_cheek_big,right_cheek_big",,15.910144922038285,1.0,train
BH,'16_2_x0.65,16_2,Dataset/3_ROI/MEGA_AUG/aug_npz/BH_16_2_16_2_x0.65.npz,1386,9,0.0,87.051376,"forehead_strip,left_cheek_big,right_cheek_big",,15.910144922038285,1.0,train
BH,'16_2_x0.75,16_2,Dataset/3_ROI/MEGA_AUG/aug_npz/BH_16_2_16_2_x0.75.npz,1201,9,0.0,75.423574,"forehead_strip,left_cheek_big,right_cheek_big",,15.910144922038285,1.0,train
BH,'16_2_x1.2,16_2,Dataset/3_ROI/MEGA_AUG/aug_npz/BH_16_2_16_2_x1.2.npz,751,9,0.0,47.139734,"forehead_strip,left_cheek_big,right_cheek_big",,15.910144922038285,1.0,train
BH,'16_2_x1.4,16_2,Dataset/3_ROI/MEGA_AUG/aug_npz/BH_16_2_16_2_x1.4.npz,644,9,0.0,40.414465,"forehead_strip,left_cheek_big,right_cheek_big",,15.910144922038285,1.0,train
BH,'16_2_x1.6,16_2,Dataset/3_ROI/MEGA_AUG/aug_npz/BH_16_2_16_2_x1.6.npz,563,9,0.0,35.323374,"forehead_strip,left_cheek_big,right_cheek_big",,15.910144922038285,1.0,train
BH,'16_2_x1.8,16_2,Dataset/3_ROI/MEGA_AUG/aug_npz/BH_16_2_16_2_x1.8.npz,501,9,0.0,31.426489,"forehead_strip,left_cheek_big,right_cheek_big",,15.910144922038285,1.0,train
BH,'17_0,17_0,Dataset/3_ROI/BH_RAW/17_0.npz,901,9,0.0,60.30886793136597,"forehead_strip,left_cheek_big,right_cheek_big",,15.9126800906728,1.0,train
BH,'17_0_x0.55,17_0,Dataset/3_ROI/MEGA_AUG/aug_npz/BH_17_0_17_0_x0.55.npz,1638,9,0.0,102.873934,"forehead_strip,left_cheek_big,right_cheek_big",,15.9126800906728,1.0,train
BH,'17_0_x0.65,17_0,Dataset/3_ROI/MEGA_AUG/aug_npz/BH_17_0_17_0_x0.65.npz,1386,9,0.0,87.037507,"forehead_strip,left_cheek_big,right_cheek_big",,15.9126800906728,1.0,train
BH,'17_0_x0.75,17_0,Dataset/3_ROI/MEGA_AUG/aug_npz/BH_17_0_17_0_x0.75.npz,1201,9,0.0,75.411558,"forehead_strip,left_cheek_big,right_cheek_big",,15.9126800906728,1.0,train
BH,'17_0_x1.2,17_0,Dataset/3_ROI/MEGA_AUG/aug_npz/BH_17_0_17_0_x1.2.npz,751,9,0.0,47.132224,"forehead_strip,left_cheek_big,right_cheek_big",,15.9126800906728,1.0,train
BH,'17_0_x1.4,17_0,Dataset/3_ROI/MEGA_AUG/aug_npz/BH_17_0_17_0_x1.4.npz,644,9,0.0,40.408027,"forehead_strip,left_cheek_big,right_cheek_big",,15.9126800906728,1.0,train
BH,'17_0_x1.6,17_0,Dataset/3_ROI/MEGA_AUG/aug_npz/BH_17_0_17_0_x1.6.npz,563,9,0.0,35.317746,"forehead_strip,left_cheek_big,right_cheek_big",,15.9126800906728,1.0,train
BH,'17_0_x1.8,17_0,Dataset/3_ROI/MEGA_AUG/aug_npz/BH_17_0_17_0_x1.8.npz,501,9,0.0,31.421483,"forehead_strip,left_cheek_big,right_cheek_big",,15.9126800906728,1.0,train
BH,'17_1,17_1,Dataset/3_ROI/BH_RAW/17_1.npz,901,9,0.0,60.33545184135437,"forehead_strip,left_cheek_big,right_cheek_big",,15.91138222485243,1.0,train
BH,'17_1_x0.55,17_1,Dataset/3_ROI/MEGA_AUG/aug_npz/BH_17_1_17_1_x0.55.npz,1638,9,0.0,102.882325,"forehead_strip,left_cheek_big,right_cheek_big",,15.91138222485243,1.0,train
BH,'17_1_x0.65,17_1,Dataset/3_ROI/MEGA_AUG/aug_npz/BH_17_1_17_1_x0.65.npz,1386,9,0.0,87.044606,"forehead_strip,left_cheek_big,right_cheek_big",,15.91138222485243,1.0,train
BH,'17_1_x0.75,17_1,Dataset/3_ROI/MEGA_AUG/aug_npz/BH_17_1_17_1_x0.75.npz,1201,9,0.0,75.417709,"forehead_strip,left_cheek_big,right_cheek_big",,15.91138222485243,1.0,train
BH,'17_1_x1.2,17_1,Dataset/3_ROI/MEGA_AUG/aug_npz/BH_17_1_17_1_x1.2.npz,751,9,0.0,47.136068,"forehead_strip,left_cheek_big,right_cheek_big",,15.91138222485243,1.0,train
BH,'17_1_x1.4,17_1,Dataset/3_ROI/MEGA_AUG/aug_npz/BH_17_1_17_1_x1.4.npz,644,9,0.0,40.411323,"forehead_strip,left_cheek_big,right_cheek_big",,15.91138222485243,1.0,train
BH,'17_1_x1.6,17_1,Dataset/3_ROI/MEGA_AUG/aug_npz/BH_17_1_17_1_x1.6.npz,563,9,0.0,35.320627,"forehead_strip,left_cheek_big,right_cheek_big",,15.91138222485243,1.0,train
BH,'17_1_x1.8,17_1,Dataset/3_ROI/MEGA_AUG/aug_npz/BH_17_1_17_1_x1.8.npz,501,9,0.0,31.424046,"forehead_strip,left_cheek_big,right_cheek_big",,15.91138222485243,1.0,train
BH,'17_2,17_2,Dataset/3_ROI/BH_RAW/17_2.npz,901,9,0.0,46.124629974365234,"forehead_strip,left_cheek_big,right_cheek_big",,21.32720445225163,1.0,train
BH,'17_2_x0.55,17_2,Dataset/3_ROI/MEGA_AUG/aug_npz/BH_17_2_17_2_x0.55.npz,1638,9,0.0,76.756426,"forehead_strip,left_cheek_big,right_cheek_big",,21.32720445225163,1.0,train
BH,'17_2_x0.65,17_2,Dataset/3_ROI/MEGA_AUG/aug_npz/BH_17_2_17_2_x0.65.npz,1386,9,0.0,64.940532,"forehead_strip,left_cheek_big,right_cheek_big",,21.32720445225163,1.0,train
BH,'17_2_x0.75,17_2,Dataset/3_ROI/MEGA_AUG/aug_npz/BH_17_2_17_2_x0.75.npz,1201,9,0.0,56.266165,"forehead_strip,left_cheek_big,right_cheek_big",,21.32720445225163,1.0,train
BH,'17_2_x1.2,17_2,Dataset/3_ROI/MEGA_AUG/aug_npz/BH_17_2_17_2_x1.2.npz,751,9,0.0,35.166353,"forehead_strip,left_cheek_big,right_cheek_big",,21.32720445225163,1.0,train
BH,'17_2_x1.4,17_2,Dataset/3_ROI/MEGA_AUG/aug_npz/BH_17_2_17_2_x1.4.npz,644,9,0.0,30.149287,"forehead_strip,left_cheek_big,right_cheek_big",,21.32720445225163,1.0,train
BH,'17_2_x1.6,17_2,Dataset/3_ROI/MEGA_AUG/aug_npz/BH_17_2_17_2_x1.6.npz,563,9,0.0,26.351321,"forehead_strip,left_cheek_big,right_cheek_big",,21.32720445225163,1.0,train
BH,'17_2_x1.8,17_2,Dataset/3_ROI/MEGA_AUG/aug_npz/BH_17_2_17_2_x1.8.npz,501,9,0.0,23.444235,"forehead_strip,left_cheek_big,right_cheek_big",,21.32720445225163,1.0,train
BH,'18_0,18_0,Dataset/3_ROI/BH_RAW/18_0.npz,901,9,0.0,60.2577838897705,"forehead_strip,left_cheek_big,right_cheek_big",,15.914098930410043,1.0,train
BH,'18_0_x0.75,18_0,Dataset/3_ROI/MEGA_AUG/aug_npz/BH_18_0_18_0_x0.75.npz,1201,9,0.0,75.404835,"forehead_strip,left_cheek_big,right_cheek_big",,15.914098930410043,1.0,train
BH,'18_0_x1.2,18_0,Dataset/3_ROI/MEGA_AUG/aug_npz/BH_18_0_18_0_x1.2.npz,751,9,0.0,47.128022,"forehead_strip,left_cheek_big,right_cheek_big",,15.914098930410043,1.0,train
BH,'18_0_x1.4,18_0,Dataset/3_ROI/MEGA_AUG/aug_npz/BH_18_0_18_0_x1.4.npz,644,9,0.0,40.404424,"forehead_strip,left_cheek_big,right_cheek_big",,15.914098930410043,1.0,train
BH,'18_0_x1.6,18_0,Dataset/3_ROI/MEGA_AUG/aug_npz/BH_18_0_18_0_x1.6.npz,563,9,0.0,35.314598,"forehead_strip,left_cheek_big,right_cheek_big",,15.914098930410043,1.0,train
BH,'18_0_x1.8,18_0,Dataset/3_ROI/MEGA_AUG/aug_npz/BH_18_0_18_0_x1.8.npz,501,9,0.0,31.418681,"forehead_strip,left_cheek_big,right_cheek_big",,15.914098930410043,1.0,train
BH,'18_1,18_1,Dataset/3_ROI/BH_RAW/18_1.npz,901,9,0.0,60.40424108505249,"forehead_strip,left_cheek_big,right_cheek_big",,15.90999404461608,1.0,train
BH,'18_1_x0.75,18_1,Dataset/3_ROI/MEGA_AUG/aug_npz/BH_18_1_18_1_x0.75.npz,1201,9,0.0,75.424290,"forehead_strip,left_cheek_big,right_cheek_big",,15.90999404461608,1.0,train
BH,'18_1_x1.2,18_1,Dataset/3_ROI/MEGA_AUG/aug_npz/BH_18_1_18_1_x1.2.npz,751,9,0.0,47.140181,"forehead_strip,left_cheek_big,right_cheek_big",,15.90999404461608,1.0,train
BH,'18_1_x1.4,18_1,Dataset/3_ROI/MEGA_AUG/aug_npz/BH_18_1_18_1_x1.4.npz,644,9,0.0,40.414849,"forehead_strip,left_cheek_big,right_cheek_big",,15.90999404461608,1.0,train
BH,'18_1_x1.6,18_1,Dataset/3_ROI/MEGA_AUG/aug_npz/BH_18_1_18_1_x1.6.npz,563,9,0.0,35.323709,"forehead_strip,left_cheek_big,right_cheek_big",,15.90999404461608,1.0,train
BH,'18_1_x1.8,18_1,Dataset/3_ROI/MEGA_AUG/aug_npz/BH_18_1_18_1_x1.8.npz,501,9,0.0,31.426787,"forehead_strip,left_cheek_big,right_cheek_big",,15.90999404461608,1.0,train
BH,'18_2,18_2,Dataset/3_ROI/BH_RAW/18_2.npz,901,9,0.0,60.08440113067626,"forehead_strip,left_cheek_big,right_cheek_big",,15.906705627813016,1.0,train
BH,'18_2_x0.75,18_2,Dataset/3_ROI/MEGA_AUG/aug_npz/BH_18_2_18_2_x0.75.npz,1201,9,0.0,75.439882,"forehead_strip,left_cheek_big,right_cheek_big",,15.906705627813016,1.0,train
BH,'18_2_x1.2,18_2,Dataset/3_ROI/MEGA_AUG/aug_npz/BH_18_2_18_2_x1.2.npz,751,9,0.0,47.149926,"forehead_strip,left_cheek_big,right_cheek_big",,15.906705627813016,1.0,train
BH,'18_2_x1.4,18_2,Dataset/3_ROI/MEGA_AUG/aug_npz/BH_18_2_18_2_x1.4.npz,644,9,0.0,40.423204,"forehead_strip,left_cheek_big,right_cheek_big",,15.906705627813016,1.0,train
BH,'18_2_x1.6,18_2,Dataset/3_ROI/MEGA_AUG/aug_npz/BH_18_2_18_2_x1.6.npz,563,9,0.0,35.331012,"forehead_strip,left_cheek_big,right_cheek_big",,15.906705627813016,1.0,train
BH,'18_2_x1.8,18_2,Dataset/3_ROI/MEGA_AUG/aug_npz/BH_18_2_18_2_x1.8.npz,501,9,0.0,31.433284,"forehead_strip,left_cheek_big,right_cheek_big",,15.906705627813016,1.0,train
BH,'19_0,19_0,Dataset/3_ROI/BH_RAW/19_0.npz,901,9,0.0,60.86209988594055,"forehead_strip,left_cheek_big,right_cheek_big",,15.913706460064232,1.0,train
BH,'19_0_x0.55,19_0,Dataset/3_ROI/MEGA_AUG/aug_npz/BH_19_0_19_0_x0.55.npz,1638,9,0.0,102.867299,"forehead_strip,left_cheek_big,right_cheek_big",,15.913706460064232,1.0,train
BH,'19_0_x0.65,19_0,Dataset/3_ROI/MEGA_AUG/aug_npz/BH_19_0_19_0_x0.65.npz,1386,9,0.0,87.031893,"forehead_strip,left_cheek_big,right_cheek_big",,15.913706460064232,1.0,train
BH,'19_0_x0.75,19_0,Dataset/3_ROI/MEGA_AUG/aug_npz/BH_19_0_19_0_x0.75.npz,1201,9,0.0,75.406694,"forehead_strip,left_cheek_big,right_cheek_big",,15.913706460064232,1.0,train
BH,'19_0_x1.2,19_0,Dataset/3_ROI/MEGA_AUG/aug_npz/BH_19_0_19_0_x1.2.npz,751,9,0.0,47.129184,"forehead_strip,left_cheek_big,right_cheek_big",,15.913706460064232,1.0,train
BH,'19_0_x1.4,19_0,Dataset/3_ROI/MEGA_AUG/aug_npz/BH_19_0_19_0_x1.4.npz,644,9,0.0,40.405420,"forehead_strip,left_cheek_big,right_cheek_big",,15.913706460064232,1.0,train
BH,'19_0_x1.6,19_0,Dataset/3_ROI/MEGA_AUG/aug_npz/BH_19_0_19_0_x1.6.npz,563,9,0.0,35.315469,"forehead_strip,left_cheek_big,right_cheek_big",,15.913706460064232,1.0,train
BH,'19_0_x1.8,19_0,Dataset/3_ROI/MEGA_AUG/aug_npz/BH_19_0_19_0_x1.8.npz,501,9,0.0,31.419456,"forehead_strip,left_cheek_big,right_cheek_big",,15.913706460064232,1.0,train
BH,'19_1,19_1,Dataset/3_ROI/BH_RAW/19_1.npz,901,9,0.0,60.53749704360962,"forehead_strip,left_cheek_big,right_cheek_big",,15.913314009075544,1.0,train
BH,'19_1_x0.55,19_1,Dataset/3_ROI/MEGA_AUG/aug_npz/BH_19_1_19_1_x0.55.npz,1638,9,0.0,102.869836,"forehead_strip,left_cheek_big,right_cheek_big",,15.913314009075544,1.0,train
BH,'19_1_x0.65,19_1,Dataset/3_ROI/MEGA_AUG/aug_npz/BH_19_1_19_1_x0.65.npz,1386,9,0.0,87.034039,"forehead_strip,left_cheek_big,right_cheek_big",,15.913314009075544,1.0,train
BH,'19_1_x0.75,19_1,Dataset/3_ROI/MEGA_AUG/aug_npz/BH_19_1_19_1_x0.75.npz,1201,9,0.0,75.408554,"forehead_strip,left_cheek_big,right_cheek_big",,15.913314009075544,1.0,train
BH,'19_1_x1.2,19_1,Dataset/3_ROI/MEGA_AUG/aug_npz/BH_19_1_19_1_x1.2.npz,751,9,0.0,47.130346,"forehead_strip,left_cheek_big,right_cheek_big",,15.913314009075544,1.0,train
BH,'19_1_x1.4,19_1,Dataset/3_ROI/MEGA_AUG/aug_npz/BH_19_1_19_1_x1.4.npz,644,9,0.0,40.406417,"forehead_strip,left_cheek_big,right_cheek_big",,15.913314009075544,1.0,train
BH,'19_1_x1.6,19_1,Dataset/3_ROI/MEGA_AUG/aug_npz/BH_19_1_19_1_x1.6.npz,563,9,0.0,35.316339,"forehead_strip,left_cheek_big,right_cheek_big",,15.913314009075544,1.0,train
BH,'19_1_x1.8,19_1,Dataset/3_ROI/MEGA_AUG/aug_npz/BH_19_1_19_1_x1.8.npz,501,9,0.0,31.420231,"forehead_strip,left_cheek_big,right_cheek_big",,15.913314009075544,1.0,train
BH,'19_2,19_2,Dataset/3_ROI/BH_RAW/19_2.npz,901,9,0.0,46.63220906257629,"forehead_strip,left_cheek_big,right_cheek_big",,21.319236751415488,1.0,train
BH,'19_2_x0.55,19_2,Dataset/3_ROI/MEGA_AUG/aug_npz/BH_19_2_19_2_x0.55.npz,1638,9,0.0,76.785113,"forehead_strip,left_cheek_big,right_cheek_big",,21.319236751415488,1.0,train
BH,'19_2_x0.65,19_2,Dataset/3_ROI/MEGA_AUG/aug_npz/BH_19_2_19_2_x0.65.npz,1386,9,0.0,64.964802,"forehead_strip,left_cheek_big,right_cheek_big",,21.319236751415488,1.0,train
BH,'19_2_x0.75,19_2,Dataset/3_ROI/MEGA_AUG/aug_npz/BH_19_2_19_2_x0.75.npz,1201,9,0.0,56.287193,"forehead_strip,left_cheek_big,right_cheek_big",,21.319236751415488,1.0,train
BH,'19_2_x1.2,19_2,Dataset/3_ROI/MEGA_AUG/aug_npz/BH_19_2_19_2_x1.2.npz,751,9,0.0,35.179496,"forehead_strip,left_cheek_big,right_cheek_big",,21.319236751415488,1.0,train
BH,'19_2_x1.4,19_2,Dataset/3_ROI/MEGA_AUG/aug_npz/BH_19_2_19_2_x1.4.npz,644,9,0.0,30.160554,"forehead_strip,left_cheek_big,right_cheek_big",,21.319236751415488,1.0,train
BH,'19_2_x1.6,19_2,Dataset/3_ROI/MEGA_AUG/aug_npz/BH_19_2_19_2_x1.6.npz,563,9,0.0,26.361169,"forehead_strip,left_cheek_big,right_cheek_big",,21.319236751415488,1.0,train
BH,'19_2_x1.8,19_2,Dataset/3_ROI/MEGA_AUG/aug_npz/BH_19_2_19_2_x1.8.npz,501,9,0.0,23.452997,"forehead_strip,left_cheek_big,right_cheek_big",,21.319236751415488,1.0,train
BH,'1_0,1_0,Dataset/3_ROI/BH_RAW/1_0.npz,901,9,0.0,61.07023811340332,"forehead_strip,left_cheek_big,right_cheek_big",,15.915910582896,1.0,train
BH,'1_0_x0.55,1_0,Dataset/3_ROI/MEGA_AUG/aug_npz/BH_1_0_1_0_x0.55.npz,1638,9,0.0,102.853053,"forehead_strip,left_cheek_big,right_cheek_big",,15.915910582896,1.0,train
BH,'1_0_x0.65,1_0,Dataset/3_ROI/MEGA_AUG/aug_npz/BH_1_0_1_0_x0.65.npz,1386,9,0.0,87.019840,"forehead_strip,left_cheek_big,right_cheek_big",,15.915910582896,1.0,train
BH,'1_0_x0.75,1_0,Dataset/3_ROI/MEGA_AUG/aug_npz/BH_1_0_1_0_x0.75.npz,1201,9,0.0,75.396252,"forehead_strip,left_cheek_big,right_cheek_big",,15.915910582896,1.0,train
BH,'1_0_x1.2,1_0,Dataset/3_ROI/MEGA_AUG/aug_npz/BH_1_0_1_0_x1.2.npz,751,9,0.0,47.122657,"forehead_strip,left_cheek_big,right_cheek_big",,15.915910582896,1.0,train
BH,'1_0_x1.4,1_0,Dataset/3_ROI/MEGA_AUG/aug_npz/BH_1_0_1_0_x1.4.npz,644,9,0.0,40.399825,"forehead_strip,left_cheek_big,right_cheek_big",,15.915910582896,1.0,train
BH,'1_0_x1.6,1_0,Dataset/3_ROI/MEGA_AUG/aug_npz/BH_1_0_1_0_x1.6.npz,563,9,0.0,35.310578,"forehead_strip,left_cheek_big,right_cheek_big",,15.915910582896,1.0,train
BH,'1_1,1_1,Dataset/3_ROI/BH_RAW/1_1.npz,901,9,0.0,60.27380394935608,"forehead_strip,left_cheek_big,right_cheek_big",,15.913676270839632,1.0,train
BH,'1_1_x0.55,1_1,Dataset/3_ROI/MEGA_AUG/aug_npz/BH_1_1_1_1_x0.55.npz,1638,9,0.0,102.867494,"forehead_strip,left_cheek_big,right_cheek_big",,15.913676270839632,1.0,train
BH,'1_1_x0.65,1_1,Dataset/3_ROI/MEGA_AUG/aug_npz/BH_1_1_1_1_x0.65.npz,1386,9,0.0,87.032058,"forehead_strip,left_cheek_big,right_cheek_big",,15.913676270839632,1.0,train
BH,'1_1_x0.75,1_1,Dataset/3_ROI/MEGA_AUG/aug_npz/BH_1_1_1_1_x0.75.npz,1201,9,0.0,75.406837,"forehead_strip,left_cheek_big,right_cheek_big",,15.913676270839632,1.0,train
BH,'1_1_x1.2,1_1,Dataset/3_ROI/MEGA_AUG/aug_npz/BH_1_1_1_1_x1.2.npz,751,9,0.0,47.129273,"forehead_strip,left_cheek_big,right_cheek_big",,15.913676270839632,1.0,train
BH,'1_1_x1.4,1_1,Dataset/3_ROI/MEGA_AUG/aug_npz/BH_1_1_1_1_x1.4.npz,644,9,0.0,40.405497,"forehead_strip,left_cheek_big,right_cheek_big",,15.913676270839632,1.0,train
BH,'1_1_x1.6,1_1,Dataset/3_ROI/MEGA_AUG/aug_npz/BH_1_1_1_1_x1.6.npz,563,9,0.0,35.315536,"forehead_strip,left_cheek_big,right_cheek_big",,15.913676270839632,1.0,train
BH,'1_2,1_2,Dataset/3_ROI/BH_RAW/1_2.npz,901,9,0.0,60.14516091346741,"forehead_strip,left_cheek_big,right_cheek_big",,15.913706460064796,1.0,train
BH,'1_2_x0.55,1_2,Dataset/3_ROI/MEGA_AUG/aug_npz/BH_1_2_1_2_x0.55.npz,1638,9,0.0,102.867299,"forehead_strip,left_cheek_big,right_cheek_big",,15.913706460064796,1.0,train
BH,'1_2_x0.65,1_2,Dataset/3_ROI/MEGA_AUG/aug_npz/BH_1_2_1_2_x0.65.npz,1386,9,0.0,87.031893,"forehead_strip,left_cheek_big,right_cheek_big",,15.913706460064796,1.0,train
BH,'1_2_x0.75,1_2,Dataset/3_ROI/MEGA_AUG/aug_npz/BH_1_2_1_2_x0.75.npz,1201,9,0.0,75.406694,"forehead_strip,left_cheek_big,right_cheek_big",,15.913706460064796,1.0,train
BH,'1_2_x1.2,1_2,Dataset/3_ROI/MEGA_AUG/aug_npz/BH_1_2_1_2_x1.2.npz,751,9,0.0,47.129184,"forehead_strip,left_cheek_big,right_cheek_big",,15.913706460064796,1.0,train
BH,'1_2_x1.4,1_2,Dataset/3_ROI/MEGA_AUG/aug_npz/BH_1_2_1_2_x1.4.npz,644,9,0.0,40.405420,"forehead_strip,left_cheek_big,right_cheek_big",,15.913706460064796,1.0,train
BH,'1_2_x1.6,1_2,Dataset/3_ROI/MEGA_AUG/aug_npz/BH_1_2_1_2_x1.6.npz,563,9,0.0,35.315469,"forehead_strip,left_cheek_big,right_cheek_big",,15.913706460064796,1.0,train
BH,'20_0,20_0,Dataset/3_ROI/BH_RAW/20_0.npz,901,9,0.0,60.143115997314446,"forehead_strip,left_cheek_big,right_cheek_big",,15.911925491759089,1.0,train
BH,'20_0_x0.75,20_0,Dataset/3_ROI/MEGA_AUG/aug_npz/BH_20_0_20_0_x0.75.npz,1201,9,0.0,75.415134,"forehead_strip,left_cheek_big,right_cheek_big",,15.911925491759089,1.0,train
BH,'20_0_x1.2,20_0,Dataset/3_ROI/MEGA_AUG/aug_npz/BH_20_0_20_0_x1.2.npz,751,9,0.0,47.134459,"forehead_strip,left_cheek_big,right_cheek_big",,15.911925491759089,1.0,train
BH,'20_0_x1.4,20_0,Dataset/3_ROI/MEGA_AUG/aug_npz/BH_20_0_20_0_x1.4.npz,644,9,0.0,40.409943,"forehead_strip,left_cheek_big,right_cheek_big",,15.911925491759089,1.0,train
BH,'20_0_x1.6,20_0,Dataset/3_ROI/MEGA_AUG/aug_npz/BH_20_0_20_0_x1.6.npz,563,9,0.0,35.319421,"forehead_strip,left_cheek_big,right_cheek_big",,15.911925491759089,1.0,train
BH,'20_0_x1.8,20_0,Dataset/3_ROI/MEGA_AUG/aug_npz/BH_20_0_20_0_x1.8.npz,501,9,0.0,31.422973,"forehead_strip,left_cheek_big,right_cheek_big",,15.911925491759089,1.0,train
BH,'20_1,20_1,Dataset/3_ROI/BH_RAW/20_1.npz,901,9,0.0,59.96510696411133,"forehead_strip,left_cheek_big,right_cheek_big",,15.908606106580692,1.0,train
BH,'20_1_x0.75,20_1,Dataset/3_ROI/MEGA_AUG/aug_npz/BH_20_1_20_1_x0.75.npz,1201,9,0.0,75.430870,"forehead_strip,left_cheek_big,right_cheek_big",,15.908606106580692,1.0,train
BH,'20_1_x1.2,20_1,Dataset/3_ROI/MEGA_AUG/aug_npz/BH_20_1_20_1_x1.2.npz,751,9,0.0,47.144294,"forehead_strip,left_cheek_big,right_cheek_big",,15.908606106580692,1.0,train
BH,'20_1_x1.4,20_1,Dataset/3_ROI/MEGA_AUG/aug_npz/BH_20_1_20_1_x1.4.npz,644,9,0.0,40.418375,"forehead_strip,left_cheek_big,right_cheek_big",,15.908606106580692,1.0,train
BH,'20_1_x1.6,20_1,Dataset/3_ROI/MEGA_AUG/aug_npz/BH_20_1_20_1_x1.6.npz,563,9,0.0,35.326791,"forehead_strip,left_cheek_big,right_cheek_big",,15.908606106580692,1.0,train
BH,'20_1_x1.8,20_1,Dataset/3_ROI/MEGA_AUG/aug_npz/BH_20_1_20_1_x1.8.npz,501,9,0.0,31.429529,"forehead_strip,left_cheek_big,right_cheek_big",,15.908606106580692,1.0,train
BH,'20_2,20_2,Dataset/3_ROI/BH_RAW/20_2.npz,901,9,0.0,59.939327001571655,"forehead_strip,left_cheek_big,right_cheek_big",,15.910295802323922,1.0,train
BH,'20_2_x0.75,20_2,Dataset/3_ROI/MEGA_AUG/aug_npz/BH_20_2_20_2_x0.75.npz,1201,9,0.0,75.422859,"forehead_strip,left_cheek_big,right_cheek_big",,15.910295802323922,1.0,train
BH,'20_2_x1.2,20_2,Dataset/3_ROI/MEGA_AUG/aug_npz/BH_20_2_20_2_x1.2.npz,751,9,0.0,47.139287,"forehead_strip,left_cheek_big,right_cheek_big",,15.910295802323922,1.0,train
BH,'20_2_x1.4,20_2,Dataset/3_ROI/MEGA_AUG/aug_npz/BH_20_2_20_2_x1.4.npz,644,9,0.0,40.414082,"forehead_strip,left_cheek_big,right_cheek_big",,15.910295802323922,1.0,train
BH,'20_2_x1.6,20_2,Dataset/3_ROI/MEGA_AUG/aug_npz/BH_20_2_20_2_x1.6.npz,563,9,0.0,35.323039,"forehead_strip,left_cheek_big,right_cheek_big",,15.910295802323922,1.0,train
BH,'20_2_x1.8,20_2,Dataset/3_ROI/MEGA_AUG/aug_npz/BH_20_2_20_2_x1.8.npz,501,9,0.0,31.426191,"forehead_strip,left_cheek_big,right_cheek_big",,15.910295802323922,1.0,train
BH,'21_0,21_0,Dataset/3_ROI/BH_RAW/21_0.npz,901,9,0.0,59.94501495361328,"forehead_strip,left_cheek_big,right_cheek_big",,15.911653853669058,1.0,train
BH,'21_0_x0.65,21_0,Dataset/3_ROI/MEGA_AUG/aug_npz/BH_21_0_21_0_x0.65.npz,1386,9,0.0,87.043120,"forehead_strip,left_cheek_big,right_cheek_big",,15.911653853669058,1.0,train
BH,'21_0_x0.75,21_0,Dataset/3_ROI/MEGA_AUG/aug_npz/BH_21_0_21_0_x0.75.npz,1201,9,0.0,75.416422,"forehead_strip,left_cheek_big,right_cheek_big",,15.911653853669058,1.0,train
BH,'21_0_x1.2,21_0,Dataset/3_ROI/MEGA_AUG/aug_npz/BH_21_0_21_0_x1.2.npz,751,9,0.0,47.135264,"forehead_strip,left_cheek_big,right_cheek_big",,15.911653853669058,1.0,train
BH,'21_0_x1.4,21_0,Dataset/3_ROI/MEGA_AUG/aug_npz/BH_21_0_21_0_x1.4.npz,644,9,0.0,40.410633,"forehead_strip,left_cheek_big,right_cheek_big",,15.911653853669058,1.0,train
BH,'21_0_x1.6,21_0,Dataset/3_ROI/MEGA_AUG/aug_npz/BH_21_0_21_0_x1.6.npz,563,9,0.0,35.320024,"forehead_strip,left_cheek_big,right_cheek_big",,15.911653853669058,1.0,train
BH,'21_0_x1.8,21_0,Dataset/3_ROI/MEGA_AUG/aug_npz/BH_21_0_21_0_x1.8.npz,501,9,0.0,31.423509,"forehead_strip,left_cheek_big,right_cheek_big",,15.911653853669058,1.0,train
BH,'21_1,21_1,Dataset/3_ROI/BH_RAW/21_1.npz,901,9,0.0,60.212197065353394,"forehead_strip,left_cheek_big,right_cheek_big",,15.911684035220164,1.0,train
BH,'21_1_x0.65,21_1,Dataset/3_ROI/MEGA_AUG/aug_npz/BH_21_1_21_1_x0.65.npz,1386,9,0.0,87.042955,"forehead_strip,left_cheek_big,right_cheek_big",,15.911684035220164,1.0,train
BH,'21_1_x0.75,21_1,Dataset/3_ROI/MEGA_AUG/aug_npz/BH_21_1_21_1_x0.75.npz,1201,9,0.0,75.416279,"forehead_strip,left_cheek_big,right_cheek_big",,15.911684035220164,1.0,train
BH,'21_1_x1.2,21_1,Dataset/3_ROI/MEGA_AUG/aug_npz/BH_21_1_21_1_x1.2.npz,751,9,0.0,47.135174,"forehead_strip,left_cheek_big,right_cheek_big",,15.911684035220164,1.0,train
BH,'21_1_x1.4,21_1,Dataset/3_ROI/MEGA_AUG/aug_npz/BH_21_1_21_1_x1.4.npz,644,9,0.0,40.410556,"forehead_strip,left_cheek_big,right_cheek_big",,15.911684035220164,1.0,train
BH,'21_1_x1.6,21_1,Dataset/3_ROI/MEGA_AUG/aug_npz/BH_21_1_21_1_x1.6.npz,563,9,0.0,35.319957,"forehead_strip,left_cheek_big,right_cheek_big",,15.911684035220164,1.0,train
BH,'21_1_x1.8,21_1,Dataset/3_ROI/MEGA_AUG/aug_npz/BH_21_1_21_1_x1.8.npz,501,9,0.0,31.423450,"forehead_strip,left_cheek_big,right_cheek_big",,15.911684035220164,1.0,train
BH,'21_2,21_2,Dataset/3_ROI/BH_RAW/21_2.npz,901,9,0.0,60.12959408760072,"forehead_strip,left_cheek_big,right_cheek_big",,15.914461227911962,1.0,train
BH,'21_2_x0.55,21_2,Dataset/3_ROI/MEGA_AUG/aug_npz/BH_21_2_21_2_x0.55.npz,1638,9,0.0,102.862420,"forehead_strip,left_cheek_big,right_cheek_big",,15.914461227911962,1.0,train
BH,'21_2_x0.65,21_2,Dataset/3_ROI/MEGA_AUG/aug_npz/BH_21_2_21_2_x0.65.npz,1386,9,0.0,87.027766,"forehead_strip,left_cheek_big,right_cheek_big",,15.914461227911962,1.0,train
BH,'21_2_x0.75,21_2,Dataset/3_ROI/MEGA_AUG/aug_npz/BH_21_2_21_2_x0.75.npz,1201,9,0.0,75.403118,"forehead_strip,left_cheek_big,right_cheek_big",,15.914461227911962,1.0,train
BH,'21_2_x1.2,21_2,Dataset/3_ROI/MEGA_AUG/aug_npz/BH_21_2_21_2_x1.2.npz,751,9,0.0,47.126949,"forehead_strip,left_cheek_big,right_cheek_big",,15.914461227911962,1.0,train
BH,'21_2_x1.4,21_2,Dataset/3_ROI/MEGA_AUG/aug_npz/BH_21_2_21_2_x1.4.npz,644,9,0.0,40.403504,"forehead_strip,left_cheek_big,right_cheek_big",,15.914461227911962,1.0,train
BH,'21_2_x1.6,21_2,Dataset/3_ROI/MEGA_AUG/aug_npz/BH_21_2_21_2_x1.6.npz,563,9,0.0,35.313794,"forehead_strip,left_cheek_big,right_cheek_big",,15.914461227911962,1.0,train
BH,'21_2_x1.8,21_2,Dataset/3_ROI/MEGA_AUG/aug_npz/BH_21_2_21_2_x1.8.npz,501,9,0.0,31.417966,"forehead_strip,left_cheek_big,right_cheek_big",,15.914461227911962,1.0,train
BH,'22_0,22_0,Dataset/3_ROI/BH_RAW/22_0.npz,901,9,0.0,60.19574809074402,"forehead_strip,left_cheek_big,right_cheek_big",,15.910507039527811,1.0,train
BH,'22_0_x0.55,22_0,Dataset/3_ROI/MEGA_AUG/aug_npz/BH_22_0_22_0_x0.55.npz,1638,9,0.0,102.887984,"forehead_strip,left_cheek_big,right_cheek_big",,15.910507039527811,1.0,train
BH,'22_0_x0.65,22_0,Dataset/3_ROI/MEGA_AUG/aug_npz/BH_22_0_22_0_x0.65.npz,1386,9,0.0,87.049394,"forehead_strip,left_cheek_big,right_cheek_big",,15.910507039527811,1.0,train
BH,'22_0_x0.75,22_0,Dataset/3_ROI/MEGA_AUG/aug_npz/BH_22_0_22_0_x0.75.npz,1201,9,0.0,75.421858,"forehead_strip,left_cheek_big,right_cheek_big",,15.910507039527811,1.0,train
BH,'22_0_x1.2,22_0,Dataset/3_ROI/MEGA_AUG/aug_npz/BH_22_0_22_0_x1.2.npz,751,9,0.0,47.138661,"forehead_strip,left_cheek_big,right_cheek_big",,15.910507039527811,1.0,train
BH,'22_0_x1.4,22_0,Dataset/3_ROI/MEGA_AUG/aug_npz/BH_22_0_22_0_x1.4.npz,644,9,0.0,40.413545,"forehead_strip,left_cheek_big,right_cheek_big",,15.910507039527811,1.0,train
BH,'22_0_x1.6,22_0,Dataset/3_ROI/MEGA_AUG/aug_npz/BH_22_0_22_0_x1.6.npz,563,9,0.0,35.322570,"forehead_strip,left_cheek_big,right_cheek_big",,15.910507039527811,1.0,train
BH,'22_0_x1.8,22_0,Dataset/3_ROI/MEGA_AUG/aug_npz/BH_22_0_22_0_x1.8.npz,501,9,0.0,31.425774,"forehead_strip,left_cheek_big,right_cheek_big",,15.910507039527811,1.0,train
BH,'22_1,22_1,Dataset/3_ROI/BH_RAW/22_1.npz,901,9,0.0,60.08615589141846,"forehead_strip,left_cheek_big,right_cheek_big",,15.916212565079462,1.0,train
BH,'22_1_x0.55,22_1,Dataset/3_ROI/MEGA_AUG/aug_npz/BH_22_1_22_1_x0.55.npz,1638,9,0.0,102.851102,"forehead_strip,left_cheek_big,right_cheek_big",,15.916212565079462,1.0,train
BH,'22_1_x0.65,22_1,Dataset/3_ROI/MEGA_AUG/aug_npz/BH_22_1_22_1_x0.65.npz,1386,9,0.0,87.018189,"forehead_strip,left_cheek_big,right_cheek_big",,15.916212565079462,1.0,train
BH,'22_1_x0.75,22_1,Dataset/3_ROI/MEGA_AUG/aug_npz/BH_22_1_22_1_x0.75.npz,1201,9,0.0,75.394821,"forehead_strip,left_cheek_big,right_cheek_big",,15.916212565079462,1.0,train
BH,'22_1_x1.2,22_1,Dataset/3_ROI/MEGA_AUG/aug_npz/BH_22_1_22_1_x1.2.npz,751,9,0.0,47.121763,"forehead_strip,left_cheek_big,right_cheek_big",,15.916212565079462,1.0,train
BH,'22_1_x1.4,22_1,Dataset/3_ROI/MEGA_AUG/aug_npz/BH_22_1_22_1_x1.4.npz,644,9,0.0,40.399058,"forehead_strip,left_cheek_big,right_cheek_big",,15.916212565079462,1.0,train
BH,'22_1_x1.6,22_1,Dataset/3_ROI/MEGA_AUG/aug_npz/BH_22_1_22_1_x1.6.npz,563,9,0.0,35.309908,"forehead_strip,left_cheek_big,right_cheek_big",,15.916212565079462,1.0,train
BH,'22_1_x1.8,22_1,Dataset/3_ROI/MEGA_AUG/aug_npz/BH_22_1_22_1_x1.8.npz,501,9,0.0,31.414509,"forehead_strip,left_cheek_big,right_cheek_big",,15.916212565079462,1.0,train
BH,'22_2,22_2,Dataset/3_ROI/BH_RAW/22_2.npz,901,9,0.0,59.877745151519775,"forehead_strip,left_cheek_big,right_cheek_big",,15.912559350038553,1.0,train
BH,'22_2_x0.55,22_2,Dataset/3_ROI/MEGA_AUG/aug_npz/BH_22_2_22_2_x0.55.npz,1638,9,0.0,102.874714,"forehead_strip,left_cheek_big,right_cheek_big",,15.912559350038553,1.0,train
BH,'22_2_x0.65,22_2,Dataset/3_ROI/MEGA_AUG/aug_npz/BH_22_2_22_2_x0.65.npz,1386,9,0.0,87.038167,"forehead_strip,left_cheek_big,right_cheek_big",,15.912559350038553,1.0,train
BH,'22_2_x0.75,22_2,Dataset/3_ROI/MEGA_AUG/aug_npz/BH_22_2_22_2_x0.75.npz,1201,9,0.0,75.412130,"forehead_strip,left_cheek_big,right_cheek_big",,15.912559350038553,1.0,train
BH,'22_2_x1.2,22_2,Dataset/3_ROI/MEGA_AUG/aug_npz/BH_22_2_22_2_x1.2.npz,751,9,0.0,47.132581,"forehead_strip,left_cheek_big,right_cheek_big",,15.912559350038553,1.0,train
BH,'22_2_x1.4,22_2,Dataset/3_ROI/MEGA_AUG/aug_npz/BH_22_2_22_2_x1.4.npz,644,9,0.0,40.408333,"forehead_strip,left_cheek_big,right_cheek_big",,15.912559350038553,1.0,train
BH,'22_2_x1.6,22_2,Dataset/3_ROI/MEGA_AUG/aug_npz/BH_22_2_22_2_x1.6.npz,563,9,0.0,35.318014,"forehead_strip,left_cheek_big,right_cheek_big",,15.912559350038553,1.0,train
BH,'22_2_x1.8,22_2,Dataset/3_ROI/MEGA_AUG/aug_npz/BH_22_2_22_2_x1.8.npz,501,9,0.0,31.421721,"forehead_strip,left_cheek_big,right_cheek_big",,15.912559350038553,1.0,train
BH,'23_0,23_0,Dataset/3_ROI/BH_RAW/23_0.npz,901,9,0.0,60.35147500038146,"forehead_strip,left_cheek_big,right_cheek_big",,15.912921577442772,1.0,train
BH,'23_0_x0.55,23_0,Dataset/3_ROI/MEGA_AUG/aug_npz/BH_23_0_23_0_x0.55.npz,1638,9,0.0,102.872373,"forehead_strip,left_cheek_big,right_cheek_big",,15.912921577442772,1.0,train
BH,'23_0_x0.65,23_0,Dataset/3_ROI/MEGA_AUG/aug_npz/BH_23_0_23_0_x0.65.npz,1386,9,0.0,87.036186,"forehead_strip,left_cheek_big,right_cheek_big",,15.912921577442772,1.0,train
BH,'23_0_x0.75,23_0,Dataset/3_ROI/MEGA_AUG/aug_npz/BH_23_0_23_0_x0.75.npz,1201,9,0.0,75.410414,"forehead_strip,left_cheek_big,right_cheek_big",,15.912921577442772,1.0,train
BH,'23_0_x1.2,23_0,Dataset/3_ROI/MEGA_AUG/aug_npz/BH_23_0_23_0_x1.2.npz,751,9,0.0,47.131509,"forehead_strip,left_cheek_big,right_cheek_big",,15.912921577442772,1.0,train
BH,'23_0_x1.4,23_0,Dataset/3_ROI/MEGA_AUG/aug_npz/BH_23_0_23_0_x1.4.npz,644,9,0.0,40.407413,"forehead_strip,left_cheek_big,right_cheek_big",,15.912921577442772,1.0,train
BH,'23_0_x1.6,23_0,Dataset/3_ROI/MEGA_AUG/aug_npz/BH_23_0_23_0_x1.6.npz,563,9,0.0,35.317210,"forehead_strip,left_cheek_big,right_cheek_big",,15.912921577442772,1.0,train
BH,'23_0_x1.8,23_0,Dataset/3_ROI/MEGA_AUG/aug_npz/BH_23_0_23_0_x1.8.npz,501,9,0.0,31.421006,"forehead_strip,left_cheek_big,right_cheek_big",,15.912921577442772,1.0,train
BH,'23_1,23_1,Dataset/3_ROI/BH_RAW/23_1.npz,901,9,0.0,60.799846887588494,"forehead_strip,left_cheek_big,right_cheek_big",,15.913042323575665,1.0,train
BH,'23_1_x0.55,23_1,Dataset/3_ROI/MEGA_AUG/aug_npz/BH_23_1_23_1_x0.55.npz,1638,9,0.0,102.871592,"forehead_strip,left_cheek_big,right_cheek_big",,15.913042323575665,1.0,train
BH,'23_1_x0.65,23_1,Dataset/3_ROI/MEGA_AUG/aug_npz/BH_23_1_23_1_x0.65.npz,1386,9,0.0,87.035525,"forehead_strip,left_cheek_big,right_cheek_big",,15.913042323575665,1.0,train
BH,'23_1_x0.75,23_1,Dataset/3_ROI/MEGA_AUG/aug_npz/BH_23_1_23_1_x0.75.npz,1201,9,0.0,75.409842,"forehead_strip,left_cheek_big,right_cheek_big",,15.913042323575665,1.0,train
BH,'23_1_x1.2,23_1,Dataset/3_ROI/MEGA_AUG/aug_npz/BH_23_1_23_1_x1.2.npz,751,9,0.0,47.131151,"forehead_strip,left_cheek_big,right_cheek_big",,15.913042323575665,1.0,train
BH,'23_1_x1.4,23_1,Dataset/3_ROI/MEGA_AUG/aug_npz/BH_23_1_23_1_x1.4.npz,644,9,0.0,40.407107,"forehead_strip,left_cheek_big,right_cheek_big",,15.913042323575665,1.0,train
BH,'23_1_x1.6,23_1,Dataset/3_ROI/MEGA_AUG/aug_npz/BH_23_1_23_1_x1.6.npz,563,9,0.0,35.316942,"forehead_strip,left_cheek_big,right_cheek_big",,15.913042323575665,1.0,train
BH,'23_1_x1.8,23_1,Dataset/3_ROI/MEGA_AUG/aug_npz/BH_23_1_23_1_x1.8.npz,501,9,0.0,31.420767,"forehead_strip,left_cheek_big,right_cheek_big",,15.913042323575665,1.0,train
BH,'23_2,23_2,Dataset/3_ROI/BH_RAW/23_2.npz,901,9,0.0,59.94219422340393,"forehead_strip,left_cheek_big,right_cheek_big",,15.913555515086417,1.0,train
BH,'23_2_x0.55,23_2,Dataset/3_ROI/MEGA_AUG/aug_npz/BH_23_2_23_2_x0.55.npz,1638,9,0.0,102.868275,"forehead_strip,left_cheek_big,right_cheek_big",,15.913555515086417,1.0,train
BH,'23_2_x0.65,23_2,Dataset/3_ROI/MEGA_AUG/aug_npz/BH_23_2_23_2_x0.65.npz,1386,9,0.0,87.032719,"forehead_strip,left_cheek_big,right_cheek_big",,15.913555515086417,1.0,train
BH,'23_2_x0.75,23_2,Dataset/3_ROI/MEGA_AUG/aug_npz/BH_23_2_23_2_x0.75.npz,1201,9,0.0,75.407410,"forehead_strip,left_cheek_big,right_cheek_big",,15.913555515086417,1.0,train
BH,'23_2_x1.2,23_2,Dataset/3_ROI/MEGA_AUG/aug_npz/BH_23_2_23_2_x1.2.npz,751,9,0.0,47.129631,"forehead_strip,left_cheek_big,right_cheek_big",,15.913555515086417,1.0,train
BH,'23_2_x1.4,23_2,Dataset/3_ROI/MEGA_AUG/aug_npz/BH_23_2_23_2_x1.4.npz,644,9,0.0,40.405804,"forehead_strip,left_cheek_big,right_cheek_big",,15.913555515086417,1.0,train
BH,'23_2_x1.6,23_2,Dataset/3_ROI/MEGA_AUG/aug_npz/BH_23_2_23_2_x1.6.npz,563,9,0.0,35.315804,"forehead_strip,left_cheek_big,right_cheek_big",,15.913555515086417,1.0,train
BH,'23_2_x1.8,23_2,Dataset/3_ROI/MEGA_AUG/aug_npz/BH_23_2_23_2_x1.8.npz,501,9,0.0,31.419754,"forehead_strip,left_cheek_big,right_cheek_big",,15.913555515086417,1.0,train
BH,'24_0,24_0,Dataset/3_ROI/BH_RAW/24_0.npz,901,9,0.0,60.214025020599365,"forehead_strip,left_cheek_big,right_cheek_big",,15.907882061123262,1.0,train
BH,'24_0_x0.75,24_0,Dataset/3_ROI/MEGA_AUG/aug_npz/BH_24_0_24_0_x0.75.npz,1201,9,0.0,75.434303,"forehead_strip,left_cheek_big,right_cheek_big",,15.907882061123262,1.0,train
BH,'24_0_x1.2,24_0,Dataset/3_ROI/MEGA_AUG/aug_npz/BH_24_0_24_0_x1.2.npz,751,9,0.0,47.146440,"forehead_strip,left_cheek_big,right_cheek_big",,15.907882061123262,1.0,train
BH,'24_0_x1.4,24_0,Dataset/3_ROI/MEGA_AUG/aug_npz/BH_24_0_24_0_x1.4.npz,644,9,0.0,40.420214,"forehead_strip,left_cheek_big,right_cheek_big",,15.907882061123262,1.0,train
BH,'24_0_x1.6,24_0,Dataset/3_ROI/MEGA_AUG/aug_npz/BH_24_0_24_0_x1.6.npz,563,9,0.0,35.328399,"forehead_strip,left_cheek_big,right_cheek_big",,15.907882061123262,1.0,train
BH,'24_0_x1.8,24_0,Dataset/3_ROI/MEGA_AUG/aug_npz/BH_24_0_24_0_x1.8.npz,501,9,0.0,31.430960,"forehead_strip,left_cheek_big,right_cheek_big",,15.907882061123262,1.0,train
BH,'24_1,24_1,Dataset/3_ROI/BH_RAW/24_1.npz,901,9,0.0,60.083091974258416,"forehead_strip,left_cheek_big,right_cheek_big",,15.91168403522039,1.0,train
BH,'24_1_x0.65,24_1,Dataset/3_ROI/MEGA_AUG/aug_npz/BH_24_1_24_1_x0.65.npz,1386,9,0.0,87.042955,"forehead_strip,left_cheek_big,right_cheek_big",,15.91168403522039,1.0,train
BH,'24_1_x0.75,24_1,Dataset/3_ROI/MEGA_AUG/aug_npz/BH_24_1_24_1_x0.75.npz,1201,9,0.0,75.416279,"forehead_strip,left_cheek_big,right_cheek_big",,15.91168403522039,1.0,train
BH,'24_1_x1.2,24_1,Dataset/3_ROI/MEGA_AUG/aug_npz/BH_24_1_24_1_x1.2.npz,751,9,0.0,47.135174,"forehead_strip,left_cheek_big,right_cheek_big",,15.91168403522039,1.0,train
BH,'24_1_x1.4,24_1,Dataset/3_ROI/MEGA_AUG/aug_npz/BH_24_1_24_1_x1.4.npz,644,9,0.0,40.410556,"forehead_strip,left_cheek_big,right_cheek_big",,15.91168403522039,1.0,train
BH,'24_1_x1.6,24_1,Dataset/3_ROI/MEGA_AUG/aug_npz/BH_24_1_24_1_x1.6.npz,563,9,0.0,35.319957,"forehead_strip,left_cheek_big,right_cheek_big",,15.91168403522039,1.0,train
BH,'24_1_x1.8,24_1,Dataset/3_ROI/MEGA_AUG/aug_npz/BH_24_1_24_1_x1.8.npz,501,9,0.0,31.423450,"forehead_strip,left_cheek_big,right_cheek_big",,15.91168403522039,1.0,train
BH,'24_2,24_2,Dataset/3_ROI/BH_RAW/24_2.npz,901,9,0.0,60.20950102806091,"forehead_strip,left_cheek_big,right_cheek_big",,15.910144922038732,1.0,train
BH,'24_2_x0.65,24_2,Dataset/3_ROI/MEGA_AUG/aug_npz/BH_24_2_24_2_x0.65.npz,1386,9,0.0,87.051376,"forehead_strip,left_cheek_big,right_cheek_big",,15.910144922038732,1.0,train
BH,'24_2_x0.75,24_2,Dataset/3_ROI/MEGA_AUG/aug_npz/BH_24_2_24_2_x0.75.npz,1201,9,0.0,75.423574,"forehead_strip,left_cheek_big,right_cheek_big",,15.910144922038732,1.0,train
BH,'24_2_x1.2,24_2,Dataset/3_ROI/MEGA_AUG/aug_npz/BH_24_2_24_2_x1.2.npz,751,9,0.0,47.139734,"forehead_strip,left_cheek_big,right_cheek_big",,15.910144922038732,1.0,train
BH,'24_2_x1.4,24_2,Dataset/3_ROI/MEGA_AUG/aug_npz/BH_24_2_24_2_x1.4.npz,644,9,0.0,40.414465,"forehead_strip,left_cheek_big,right_cheek_big",,15.910144922038732,1.0,train
BH,'24_2_x1.6,24_2,Dataset/3_ROI/MEGA_AUG/aug_npz/BH_24_2_24_2_x1.6.npz,563,9,0.0,35.323374,"forehead_strip,left_cheek_big,right_cheek_big",,15.910144922038732,1.0,train
BH,'24_2_x1.8,24_2,Dataset/3_ROI/MEGA_AUG/aug_npz/BH_24_2_24_2_x1.8.npz,501,9,0.0,31.426489,"forehead_strip,left_cheek_big,right_cheek_big",,15.910144922038732,1.0,train
BH,'25_0,25_0,Dataset/3_ROI/BH_RAW/25_0.npz,901,9,0.0,60.15288805961609,"forehead_strip,left_cheek_big,right_cheek_big",,15.91458199741204,1.0,train
BH,'25_0_x0.55,25_0,Dataset/3_ROI/MEGA_AUG/aug_npz/BH_25_0_25_0_x0.55.npz,1638,9,0.0,102.861640,"forehead_strip,left_cheek_big,right_cheek_big",,15.91458199741204,1.0,train
BH,'25_0_x0.65,25_0,Dataset/3_ROI/MEGA_AUG/aug_npz/BH_25_0_25_0_x0.65.npz,1386,9,0.0,87.027105,"forehead_strip,left_cheek_big,right_cheek_big",,15.91458199741204,1.0,train
BH,'25_0_x0.75,25_0,Dataset/3_ROI/MEGA_AUG/aug_npz/BH_25_0_25_0_x0.75.npz,1201,9,0.0,75.402546,"forehead_strip,left_cheek_big,right_cheek_big",,15.91458199741204,1.0,train
BH,'25_0_x1.2,25_0,Dataset/3_ROI/MEGA_AUG/aug_npz/BH_25_0_25_0_x1.2.npz,751,9,0.0,47.126591,"forehead_strip,left_cheek_big,right_cheek_big",,15.91458199741204,1.0,train
BH,'25_0_x1.4,25_0,Dataset/3_ROI/MEGA_AUG/aug_npz/BH_25_0_25_0_x1.4.npz,644,9,0.0,40.403198,"forehead_strip,left_cheek_big,right_cheek_big",,15.91458199741204,1.0,train
BH,'25_0_x1.6,25_0,Dataset/3_ROI/MEGA_AUG/aug_npz/BH_25_0_25_0_x1.6.npz,563,9,0.0,35.313526,"forehead_strip,left_cheek_big,right_cheek_big",,15.91458199741204,1.0,train
BH,'25_0_x1.8,25_0,Dataset/3_ROI/MEGA_AUG/aug_npz/BH_25_0_25_0_x1.8.npz,501,9,0.0,31.417727,"forehead_strip,left_cheek_big,right_cheek_big",,15.91458199741204,1.0,train
BH,'25_1,25_1,Dataset/3_ROI/BH_RAW/25_1.npz,901,9,0.0,60.00370907783508,"forehead_strip,left_cheek_big,right_cheek_big",,15.91062774902178,1.0,train
BH,'25_1_x0.55,25_1,Dataset/3_ROI/MEGA_AUG/aug_npz/BH_25_1_25_1_x0.55.npz,1638,9,0.0,102.887204,"forehead_strip,left_cheek_big,right_cheek_big",,15.91062774902178,1.0,train
BH,'25_1_x0.65,25_1,Dataset/3_ROI/MEGA_AUG/aug_npz/BH_25_1_25_1_x0.65.npz,1386,9,0.0,87.048734,"forehead_strip,left_cheek_big,right_cheek_big",,15.91062774902178,1.0,train
BH,'25_1_x0.75,25_1,Dataset/3_ROI/MEGA_AUG/aug_npz/BH_25_1_25_1_x0.75.npz,1201,9,0.0,75.421286,"forehead_strip,left_cheek_big,right_cheek_big",,15.91062774902178,1.0,train
BH,'25_1_x1.2,25_1,Dataset/3_ROI/MEGA_AUG/aug_npz/BH_25_1_25_1_x1.2.npz,751,9,0.0,47.138304,"forehead_strip,left_cheek_big,right_cheek_big",,15.91062774902178,1.0,train
BH,'25_1_x1.4,25_1,Dataset/3_ROI/MEGA_AUG/aug_npz/BH_25_1_25_1_x1.4.npz,644,9,0.0,40.413239,"forehead_strip,left_cheek_big,right_cheek_big",,15.91062774902178,1.0,train
BH,'25_1_x1.6,25_1,Dataset/3_ROI/MEGA_AUG/aug_npz/BH_25_1_25_1_x1.6.npz,563,9,0.0,35.322302,"forehead_strip,left_cheek_big,right_cheek_big",,15.91062774902178,1.0,train
BH,'25_1_x1.8,25_1,Dataset/3_ROI/MEGA_AUG/aug_npz/BH_25_1_25_1_x1.8.npz,501,9,0.0,31.425536,"forehead_strip,left_cheek_big,right_cheek_big",,15.91062774902178,1.0,train
BH,'25_2,25_2,Dataset/3_ROI/BH_RAW/25_2.npz,901,9,0.0,60.02511405944824,"forehead_strip,left_cheek_big,right_cheek_big",,15.90721841068338,1.0,train
BH,'25_2_x0.55,25_2,Dataset/3_ROI/MEGA_AUG/aug_npz/BH_25_2_25_2_x0.55.npz,1638,9,0.0,102.909255,"forehead_strip,left_cheek_big,right_cheek_big",,15.90721841068338,1.0,train
BH,'25_2_x0.65,25_2,Dataset/3_ROI/MEGA_AUG/aug_npz/BH_25_2_25_2_x0.65.npz,1386,9,0.0,87.067391,"forehead_strip,left_cheek_big,right_cheek_big",,15.90721841068338,1.0,train
BH,'25_2_x0.75,25_2,Dataset/3_ROI/MEGA_AUG/aug_npz/BH_25_2_25_2_x0.75.npz,1201,9,0.0,75.437450,"forehead_strip,left_cheek_big,right_cheek_big",,15.90721841068338,1.0,train
BH,'25_2_x1.2,25_2,Dataset/3_ROI/MEGA_AUG/aug_npz/BH_25_2_25_2_x1.2.npz,751,9,0.0,47.148407,"forehead_strip,left_cheek_big,right_cheek_big",,15.90721841068338,1.0,train
BH,'25_2_x1.4,25_2,Dataset/3_ROI/MEGA_AUG/aug_npz/BH_25_2_25_2_x1.4.npz,644,9,0.0,40.421901,"forehead_strip,left_cheek_big,right_cheek_big",,15.90721841068338,1.0,train
BH,'25_2_x1.6,25_2,Dataset/3_ROI/MEGA_AUG/aug_npz/BH_25_2_25_2_x1.6.npz,563,9,0.0,35.329873,"forehead_strip,left_cheek_big,right_cheek_big",,15.90721841068338,1.0,train
BH,'25_2_x1.8,25_2,Dataset/3_ROI/MEGA_AUG/aug_npz/BH_25_2_25_2_x1.8.npz,501,9,0.0,31.432271,"forehead_strip,left_cheek_big,right_cheek_big",,15.90721841068338,1.0,train
BH,'26_0,26_0,Dataset/3_ROI/BH_RAW/26_0.npz,901,9,0.0,60.358078956604,"forehead_strip,left_cheek_big,right_cheek_big",,15.908998325390158,1.0,train
BH,'26_0_x0.65,26_0,Dataset/3_ROI/MEGA_AUG/aug_npz/BH_26_0_26_0_x0.65.npz,1386,9,0.0,87.057649,"forehead_strip,left_cheek_big,right_cheek_big",,15.908998325390158,1.0,train
BH,'26_0_x0.75,26_0,Dataset/3_ROI/MEGA_AUG/aug_npz/BH_26_0_26_0_x0.75.npz,1201,9,0.0,75.429010,"forehead_strip,left_cheek_big,right_cheek_big",,15.908998325390158,1.0,train
BH,'26_0_x1.2,26_0,Dataset/3_ROI/MEGA_AUG/aug_npz/BH_26_0_26_0_x1.2.npz,751,9,0.0,47.143131,"forehead_strip,left_cheek_big,right_cheek_big",,15.908998325390158,1.0,train
BH,'26_0_x1.4,26_0,Dataset/3_ROI/MEGA_AUG/aug_npz/BH_26_0_26_0_x1.4.npz,644,9,0.0,40.417378,"forehead_strip,left_cheek_big,right_cheek_big",,15.908998325390158,1.0,train
BH,'26_0_x1.6,26_0,Dataset/3_ROI/MEGA_AUG/aug_npz/BH_26_0_26_0_x1.6.npz,563,9,0.0,35.325920,"forehead_strip,left_cheek_big,right_cheek_big",,15.908998325390158,1.0,train
BH,'26_0_x1.8,26_0,Dataset/3_ROI/MEGA_AUG/aug_npz/BH_26_0_26_0_x1.8.npz,501,9,0.0,31.428754,"forehead_strip,left_cheek_big,right_cheek_big",,15.908998325390158,1.0,train
BH,'26_1,26_1,Dataset/3_ROI/BH_RAW/26_1.npz,901,9,0.0,59.938157081604,"forehead_strip,left_cheek_big,right_cheek_big",,15.912891391195808,1.0,train
BH,'26_1_x0.55,26_1,Dataset/3_ROI/MEGA_AUG/aug_npz/BH_26_1_26_1_x0.55.npz,1638,9,0.0,102.872568,"forehead_strip,left_cheek_big,right_cheek_big",,15.912891391195808,1.0,train
BH,'26_1_x0.65,26_1,Dataset/3_ROI/MEGA_AUG/aug_npz/BH_26_1_26_1_x0.65.npz,1386,9,0.0,87.036351,"forehead_strip,left_cheek_big,right_cheek_big",,15.912891391195808,1.0,train
BH,'26_1_x0.75,26_1,Dataset/3_ROI/MEGA_AUG/aug_npz/BH_26_1_26_1_x0.75.npz,1201,9,0.0,75.410557,"forehead_strip,left_cheek_big,right_cheek_big",,15.912891391195808,1.0,train
BH,'26_1_x1.2,26_1,Dataset/3_ROI/MEGA_AUG/aug_npz/BH_26_1_26_1_x1.2.npz,751,9,0.0,47.131598,"forehead_strip,left_cheek_big,right_cheek_big",,15.912891391195808,1.0,train
BH,'26_1_x1.4,26_1,Dataset/3_ROI/MEGA_AUG/aug_npz/BH_26_1_26_1_x1.4.npz,644,9,0.0,40.407490,"forehead_strip,left_cheek_big,right_cheek_big",,15.912891391195808,1.0,train
BH,'26_1_x1.6,26_1,Dataset/3_ROI/MEGA_AUG/aug_npz/BH_26_1_26_1_x1.6.npz,563,9,0.0,35.317277,"forehead_strip,left_cheek_big,right_cheek_big",,15.912891391195808,1.0,train
BH,'26_1_x1.8,26_1,Dataset/3_ROI/MEGA_AUG/aug_npz/BH_26_1_26_1_x1.8.npz,501,9,0.0,31.421065,"forehead_strip,left_cheek_big,right_cheek_big",,15.912891391195808,1.0,train
BH,'26_2,26_2,Dataset/3_ROI/BH_RAW/26_2.npz,901,9,0.0,60.15061712265016,"forehead_strip,left_cheek_big,right_cheek_big",,15.91301213687037,1.0,train
BH,'26_2_x0.55,26_2,Dataset/3_ROI/MEGA_AUG/aug_npz/BH_26_2_26_2_x0.55.npz,1638,9,0.0,102.871787,"forehead_strip,left_cheek_big,right_cheek_big",,15.91301213687037,1.0,train
BH,'26_2_x0.65,26_2,Dataset/3_ROI/MEGA_AUG/aug_npz/BH_26_2_26_2_x0.65.npz,1386,9,0.0,87.035691,"forehead_strip,left_cheek_big,right_cheek_big",,15.91301213687037,1.0,train
BH,'26_2_x0.75,26_2,Dataset/3_ROI/MEGA_AUG/aug_npz/BH_26_2_26_2_x0.75.npz,1201,9,0.0,75.409985,"forehead_strip,left_cheek_big,right_cheek_big",,15.91301213687037,1.0,train
BH,'26_2_x1.2,26_2,Dataset/3_ROI/MEGA_AUG/aug_npz/BH_26_2_26_2_x1.2.npz,751,9,0.0,47.131240,"forehead_strip,left_cheek_big,right_cheek_big",,15.91301213687037,1.0,train
BH,'26_2_x1.4,26_2,Dataset/3_ROI/MEGA_AUG/aug_npz/BH_26_2_26_2_x1.4.npz,644,9,0.0,40.407183,"forehead_strip,left_cheek_big,right_cheek_big",,15.91301213687037,1.0,train
BH,'26_2_x1.6,26_2,Dataset/3_ROI/MEGA_AUG/aug_npz/BH_26_2_26_2_x1.6.npz,563,9,0.0,35.317009,"forehead_strip,left_cheek_big,right_cheek_big",,15.91301213687037,1.0,train
BH,'26_2_x1.8,26_2,Dataset/3_ROI/MEGA_AUG/aug_npz/BH_26_2_26_2_x1.8.npz,501,9,0.0,31.420827,"forehead_strip,left_cheek_big,right_cheek_big",,15.91301213687037,1.0,train
BH,'27_0,27_0,Dataset/3_ROI/BH_RAW/27_0.npz,901,9,0.0,61.80711579322815,"forehead_strip,left_cheek_big,right_cheek_big",,15.912166955623531,1.0,train
BH,'27_0_x0.65,27_0,Dataset/3_ROI/MEGA_AUG/aug_npz/BH_27_0_27_0_x0.65.npz,1386,9,0.0,87.040313,"forehead_strip,left_cheek_big,right_cheek_big",,15.912166955623531,1.0,train
BH,'27_0_x0.75,27_0,Dataset/3_ROI/MEGA_AUG/aug_npz/BH_27_0_27_0_x0.75.npz,1201,9,0.0,75.413990,"forehead_strip,left_cheek_big,right_cheek_big",,15.912166955623531,1.0,train
BH,'27_0_x1.2,27_0,Dataset/3_ROI/MEGA_AUG/aug_npz/BH_27_0_27_0_x1.2.npz,751,9,0.0,47.133744,"forehead_strip,left_cheek_big,right_cheek_big",,15.912166955623531,1.0,train
BH,'27_0_x1.4,27_0,Dataset/3_ROI/MEGA_AUG/aug_npz/BH_27_0_27_0_x1.4.npz,644,9,0.0,40.409330,"forehead_strip,left_cheek_big,right_cheek_big",,15.912166955623531,1.0,train
BH,'27_0_x1.6,27_0,Dataset/3_ROI/MEGA_AUG/aug_npz/BH_27_0_27_0_x1.6.npz,563,9,0.0,35.318885,"forehead_strip,left_cheek_big,right_cheek_big",,15.912166955623531,1.0,train
BH,'27_0_x1.8,27_0,Dataset/3_ROI/MEGA_AUG/aug_npz/BH_27_0_27_0_x1.8.npz,501,9,0.0,31.422496,"forehead_strip,left_cheek_big,right_cheek_big",,15.912166955623531,1.0,train
BH,'27_1,27_1,Dataset/3_ROI/BH_RAW/27_1.npz,901,9,0.0,60.023536920547485,"forehead_strip,left_cheek_big,right_cheek_big",,15.909873344739148,1.0,train
BH,'27_1_x0.75,27_1,Dataset/3_ROI/MEGA_AUG/aug_npz/BH_27_1_27_1_x0.75.npz,1201,9,0.0,75.424862,"forehead_strip,left_cheek_big,right_cheek_big",,15.909873344739148,1.0,train
BH,'27_1_x1.2,27_1,Dataset/3_ROI/MEGA_AUG/aug_npz/BH_27_1_27_1_x1.2.npz,751,9,0.0,47.140539,"forehead_strip,left_cheek_big,right_cheek_big",,15.909873344739148,1.0,train
BH,'27_1_x1.4,27_1,Dataset/3_ROI/MEGA_AUG/aug_npz/BH_27_1_27_1_x1.4.npz,644,9,0.0,40.415155,"forehead_strip,left_cheek_big,right_cheek_big",,15.909873344739148,1.0,train
BH,'27_1_x1.6,27_1,Dataset/3_ROI/MEGA_AUG/aug_npz/BH_27_1_27_1_x1.6.npz,563,9,0.0,35.323977,"forehead_strip,left_cheek_big,right_cheek_big",,15.909873344739148,1.0,train
BH,'27_1_x1.8,27_1,Dataset/3_ROI/MEGA_AUG/aug_npz/BH_27_1_27_1_x1.8.npz,501,9,0.0,31.427026,"forehead_strip,left_cheek_big,right_cheek_big",,15.909873344739148,1.0,train
BH,'27_2,27_2,Dataset/3_ROI/BH_RAW/27_2.npz,901,9,0.0,60.002936840057366,"forehead_strip,left_cheek_big,right_cheek_big",,15.917722647902886,1.0,train
BH,'27_2_x0.75,27_2,Dataset/3_ROI/MEGA_AUG/aug_npz/BH_27_2_27_2_x0.75.npz,1201,9,0.0,75.387669,"forehead_strip,left_cheek_big,right_cheek_big",,15.917722647902886,1.0,train
BH,'27_2_x1.2,27_2,Dataset/3_ROI/MEGA_AUG/aug_npz/BH_27_2_27_2_x1.2.npz,751,9,0.0,47.117293,"forehead_strip,left_cheek_big,right_cheek_big",,15.917722647902886,1.0,train
BH,'27_2_x1.4,27_2,Dataset/3_ROI/MEGA_AUG/aug_npz/BH_27_2_27_2_x1.4.npz,644,9,0.0,40.395226,"forehead_strip,left_cheek_big,right_cheek_big",,15.917722647902886,1.0,train
BH,'27_2_x1.6,27_2,Dataset/3_ROI/MEGA_AUG/aug_npz/BH_27_2_27_2_x1.6.npz,563,9,0.0,35.306558,"forehead_strip,left_cheek_big,right_cheek_big",,15.917722647902886,1.0,train
BH,'27_2_x1.8,27_2,Dataset/3_ROI/MEGA_AUG/aug_npz/BH_27_2_27_2_x1.8.npz,501,9,0.0,31.411529,"forehead_strip,left_cheek_big,right_cheek_big",,15.917722647902886,1.0,train
BH,'28_0,28_0,Dataset/3_ROI/BH_RAW/28_0.npz,901,9,0.0,60.40514302253723,"forehead_strip,left_cheek_big,right_cheek_big",,15.90887764061992,1.0,val
BH,'28_1,28_1,Dataset/3_ROI/BH_RAW/28_1.npz,901,9,0.0,60.08078217506409,"forehead_strip,left_cheek_big,right_cheek_big",,15.911140784803472,1.0,val
BH,'28_2,28_2,Dataset/3_ROI/BH_RAW/28_2.npz,901,9,0.0,60.02434301376344,"forehead_strip,left_cheek_big,right_cheek_big",,15.908364750770946,1.0,val
BH,'29_0,29_0,Dataset/3_ROI/BH_RAW/29_0.npz,901,9,0.0,60.79718589782714,"forehead_strip,left_cheek_big,right_cheek_big",,15.91041650861088,1.0,val
BH,'29_1,29_1,Dataset/3_ROI/BH_RAW/29_1.npz,901,9,0.0,60.48700189590454,"forehead_strip,left_cheek_big,right_cheek_big",,15.90875695768046,1.0,val
BH,'29_2,29_2,Dataset/3_ROI/BH_RAW/29_2.npz,901,9,0.0,60.19655990600586,"forehead_strip,left_cheek_big,right_cheek_big",,15.912166955624434,1.0,val
BH,'2_0,2_0,Dataset/3_ROI/BH_RAW/2_0.npz,901,9,0.0,60.35657405853272,"forehead_strip,left_cheek_big,right_cheek_big",,15.913042323576787,1.0,train
BH,'2_0_x0.55,2_0,Dataset/3_ROI/MEGA_AUG/aug_npz/BH_2_0_2_0_x0.55.npz,1638,9,0.0,102.871592,"forehead_strip,left_cheek_big,right_cheek_big",,15.913042323576787,1.0,train
BH,'2_0_x0.65,2_0,Dataset/3_ROI/MEGA_AUG/aug_npz/BH_2_0_2_0_x0.65.npz,1386,9,0.0,87.035525,"forehead_strip,left_cheek_big,right_cheek_big",,15.913042323576787,1.0,train
BH,'2_0_x0.75,2_0,Dataset/3_ROI/MEGA_AUG/aug_npz/BH_2_0_2_0_x0.75.npz,1201,9,0.0,75.409842,"forehead_strip,left_cheek_big,right_cheek_big",,15.913042323576787,1.0,train
BH,'2_0_x1.2,2_0,Dataset/3_ROI/MEGA_AUG/aug_npz/BH_2_0_2_0_x1.2.npz,751,9,0.0,47.131151,"forehead_strip,left_cheek_big,right_cheek_big",,15.913042323576787,1.0,train
BH,'2_0_x1.4,2_0,Dataset/3_ROI/MEGA_AUG/aug_npz/BH_2_0_2_0_x1.4.npz,644,9,0.0,40.407107,"forehead_strip,left_cheek_big,right_cheek_big",,15.913042323576787,1.0,train
BH,'2_0_x1.6,2_0,Dataset/3_ROI/MEGA_AUG/aug_npz/BH_2_0_2_0_x1.6.npz,563,9,0.0,35.316942,"forehead_strip,left_cheek_big,right_cheek_big",,15.913042323576787,1.0,train
BH,'2_0_x1.8,2_0,Dataset/3_ROI/MEGA_AUG/aug_npz/BH_2_0_2_0_x1.8.npz,501,9,0.0,31.420767,"forehead_strip,left_cheek_big,right_cheek_big",,15.913042323576787,1.0,train
BH,'2_1,2_1,Dataset/3_ROI/BH_RAW/2_1.npz,901,9,0.0,60.282796144485474,"forehead_strip,left_cheek_big,right_cheek_big",,15.909994044616967,1.0,train
BH,'2_1_x0.65,2_1,Dataset/3_ROI/MEGA_AUG/aug_npz/BH_2_1_2_1_x0.65.npz,1386,9,0.0,87.052201,"forehead_strip,left_cheek_big,right_cheek_big",,15.909994044616967,1.0,train
BH,'2_1_x0.75,2_1,Dataset/3_ROI/MEGA_AUG/aug_npz/BH_2_1_2_1_x0.75.npz,1201,9,0.0,75.424290,"forehead_strip,left_cheek_big,right_cheek_big",,15.909994044616967,1.0,train
BH,'2_1_x1.2,2_1,Dataset/3_ROI/MEGA_AUG/aug_npz/BH_2_1_2_1_x1.2.npz,751,9,0.0,47.140181,"forehead_strip,left_cheek_big,right_cheek_big",,15.909994044616967,1.0,train
BH,'2_1_x1.4,2_1,Dataset/3_ROI/MEGA_AUG/aug_npz/BH_2_1_2_1_x1.4.npz,644,9,0.0,40.414849,"forehead_strip,left_cheek_big,right_cheek_big",,15.909994044616967,1.0,train
BH,'2_1_x1.6,2_1,Dataset/3_ROI/MEGA_AUG/aug_npz/BH_2_1_2_1_x1.6.npz,563,9,0.0,35.323709,"forehead_strip,left_cheek_big,right_cheek_big",,15.909994044616967,1.0,train
BH,'2_1_x1.8,2_1,Dataset/3_ROI/MEGA_AUG/aug_npz/BH_2_1_2_1_x1.8.npz,501,9,0.0,31.426787,"forehead_strip,left_cheek_big,right_cheek_big",,15.909994044616967,1.0,train
BH,'2_2,2_2,Dataset/3_ROI/BH_RAW/2_2.npz,901,9,0.0,60.210099935531616,"forehead_strip,left_cheek_big,right_cheek_big",,15.90824407561368,1.0,train
BH,'2_2_x0.65,2_2,Dataset/3_ROI/MEGA_AUG/aug_npz/BH_2_2_2_2_x0.65.npz,1386,9,0.0,87.061777,"forehead_strip,left_cheek_big,right_cheek_big",,15.90824407561368,1.0,train
BH,'2_2_x0.75,2_2,Dataset/3_ROI/MEGA_AUG/aug_npz/BH_2_2_2_2_x0.75.npz,1201,9,0.0,75.432587,"forehead_strip,left_cheek_big,right_cheek_big",,15.90824407561368,1.0,train
BH,'2_2_x1.2,2_2,Dataset/3_ROI/MEGA_AUG/aug_npz/BH_2_2_2_2_x1.2.npz,751,9,0.0,47.145367,"forehead_strip,left_cheek_big,right_cheek_big",,15.90824407561368,1.0,train
BH,'2_2_x1.4,2_2,Dataset/3_ROI/MEGA_AUG/aug_npz/BH_2_2_2_2_x1.4.npz,644,9,0.0,40.419294,"forehead_strip,left_cheek_big,right_cheek_big",,15.90824407561368,1.0,train
BH,'2_2_x1.6,2_2,Dataset/3_ROI/MEGA_AUG/aug_npz/BH_2_2_2_2_x1.6.npz,563,9,0.0,35.327595,"forehead_strip,left_cheek_big,right_cheek_big",,15.90824407561368,1.0,train
BH,'2_2_x1.8,2_2,Dataset/3_ROI/MEGA_AUG/aug_npz/BH_2_2_2_2_x1.8.npz,501,9,0.0,31.430244,"forehead_strip,left_cheek_big,right_cheek_big",,15.90824407561368,1.0,train
BH,'30_0,30_0,Dataset/3_ROI/BH_RAW/30_0.npz,901,9,0.0,60.0742027759552,"forehead_strip,left_cheek_big,right_cheek_big",,15.91053721672982,1.0,val
BH,'30_1,30_1,Dataset/3_ROI/BH_RAW/30_1.npz,901,9,0.0,60.27789187431336,"forehead_strip,left_cheek_big,right_cheek_big",,15.9098733447378,1.0,val
BH,'30_2,30_2,Dataset/3_ROI/BH_RAW/30_2.npz,901,9,0.0,60.282753944396966,"forehead_strip,left_cheek_big,right_cheek_big",,15.909269872818513,1.0,val
BH,'31_0,31_0,Dataset/3_ROI/BH_RAW/31_0.npz,901,9,0.0,60.00839114189148,"forehead_strip,left_cheek_big,right_cheek_big",,15.910235449867706,1.0,val
BH,'31_1,31_1,Dataset/3_ROI/BH_RAW/31_1.npz,901,9,0.0,60.131552934646606,"forehead_strip,left_cheek_big,right_cheek_big",,15.907610561069072,1.0,val
BH,'31_2,31_2,Dataset/3_ROI/BH_RAW/31_2.npz,901,9,0.0,60.28607511520386,"forehead_strip,left_cheek_big,right_cheek_big",,15.90824407561368,1.0,val
BH,'32_0,32_0,Dataset/3_ROI/BH_RAW/32_0.npz,901,9,0.0,60.5382969379425,"forehead_strip,left_cheek_big,right_cheek_big",,15.911563309698227,1.0,val
BH,'32_1,32_1,Dataset/3_ROI/BH_RAW/32_1.npz,901,9,0.0,60.41064715385437,"forehead_strip,left_cheek_big,right_cheek_big",,15.909149183927246,1.0,val
BH,'32_2,32_2,Dataset/3_ROI/BH_RAW/32_2.npz,901,9,0.0,59.94207406044006,"forehead_strip,left_cheek_big,right_cheek_big",,15.913042323576787,1.0,val
BH,'33_0,33_0,Dataset/3_ROI/BH_RAW/33_0.npz,901,9,0.0,60.148797035217285,"forehead_strip,left_cheek_big,right_cheek_big",,15.91355551508484,1.0,val
BH,'33_1,33_1,Dataset/3_ROI/BH_RAW/33_1.npz,901,9,0.0,60.080815076828,"forehead_strip,left_cheek_big,right_cheek_big",,15.909631950478408,1.0,val
BH,'33_2,33_2,Dataset/3_ROI/BH_RAW/33_2.npz,901,9,0.0,60.06585001945496,"forehead_strip,left_cheek_big,right_cheek_big",,15.916333361161495,1.0,val
BH,'34_0,34_0,Dataset/3_ROI/BH_RAW/34_0.npz,901,9,0.0,60.14700984954833,"forehead_strip,left_cheek_big,right_cheek_big",,15.911442586010924,1.0,val
BH,'34_1,34_1,Dataset/3_ROI/BH_RAW/34_1.npz,901,9,0.0,59.946555852890015,"forehead_strip,left_cheek_big,right_cheek_big",,15.914219694410557,1.0,val
BH,'34_2,34_2,Dataset/3_ROI/BH_RAW/34_2.npz,901,9,0.0,59.84963297843933,"forehead_strip,left_cheek_big,right_cheek_big",,15.90721841068293,1.0,val
BH,'3_0,3_0,Dataset/3_ROI/BH_RAW/3_0.npz,901,9,0.0,60.62099695205688,"forehead_strip,left_cheek_big,right_cheek_big",,15.910899352078951,1.0,train
BH,'3_0_x0.55,3_0,Dataset/3_ROI/MEGA_AUG/aug_npz/BH_3_0_3_0_x0.55.npz,1638,9,0.0,102.885448,"forehead_strip,left_cheek_big,right_cheek_big",,15.910899352078951,1.0,train
BH,'3_0_x0.65,3_0,Dataset/3_ROI/MEGA_AUG/aug_npz/BH_3_0_3_0_x0.65.npz,1386,9,0.0,87.047248,"forehead_strip,left_cheek_big,right_cheek_big",,15.910899352078951,1.0,train
BH,'3_0_x0.75,3_0,Dataset/3_ROI/MEGA_AUG/aug_npz/BH_3_0_3_0_x0.75.npz,1201,9,0.0,75.419998,"forehead_strip,left_cheek_big,right_cheek_big",,15.910899352078951,1.0,train
BH,'3_0_x1.2,3_0,Dataset/3_ROI/MEGA_AUG/aug_npz/BH_3_0_3_0_x1.2.npz,751,9,0.0,47.137499,"forehead_strip,left_cheek_big,right_cheek_big",,15.910899352078951,1.0,train
BH,'3_0_x1.4,3_0,Dataset/3_ROI/MEGA_AUG/aug_npz/BH_3_0_3_0_x1.4.npz,644,9,0.0,40.412549,"forehead_strip,left_cheek_big,right_cheek_big",,15.910899352078951,1.0,train
BH,'3_0_x1.6,3_0,Dataset/3_ROI/MEGA_AUG/aug_npz/BH_3_0_3_0_x1.6.npz,563,9,0.0,35.321699,"forehead_strip,left_cheek_big,right_cheek_big",,15.910899352078951,1.0,train
BH,'3_0_x1.8,3_0,Dataset/3_ROI/MEGA_AUG/aug_npz/BH_3_0_3_0_x1.8.npz,501,9,0.0,31.424999,"forehead_strip,left_cheek_big,right_cheek_big",,15.910899352078951,1.0,train
BH,'3_1,3_1,Dataset/3_ROI/BH_RAW/3_1.npz,901,9,0.0,60.01187801361084,"forehead_strip,left_cheek_big,right_cheek_big",,15.912831019044551,1.0,train
BH,'3_1_x0.55,3_1,Dataset/3_ROI/MEGA_AUG/aug_npz/BH_3_1_3_1_x0.55.npz,1638,9,0.0,102.872958,"forehead_strip,left_cheek_big,right_cheek_big",,15.912831019044551,1.0,train
BH,'3_1_x0.65,3_1,Dataset/3_ROI/MEGA_AUG/aug_npz/BH_3_1_3_1_x0.65.npz,1386,9,0.0,87.036681,"forehead_strip,left_cheek_big,right_cheek_big",,15.912831019044551,1.0,train
BH,'3_1_x0.75,3_1,Dataset/3_ROI/MEGA_AUG/aug_npz/BH_3_1_3_1_x0.75.npz,1201,9,0.0,75.410843,"forehead_strip,left_cheek_big,right_cheek_big",,15.912831019044551,1.0,train
BH,'3_1_x1.2,3_1,Dataset/3_ROI/MEGA_AUG/aug_npz/BH_3_1_3_1_x1.2.npz,751,9,0.0,47.131777,"forehead_strip,left_cheek_big,right_cheek_big",,15.912831019044551,1.0,train
BH,'3_1_x1.4,3_1,Dataset/3_ROI/MEGA_AUG/aug_npz/BH_3_1_3_1_x1.4.npz,644,9,0.0,40.407643,"forehead_strip,left_cheek_big,right_cheek_big",,15.912831019044551,1.0,train
BH,'3_1_x1.6,3_1,Dataset/3_ROI/MEGA_AUG/aug_npz/BH_3_1_3_1_x1.6.npz,563,9,0.0,35.317411,"forehead_strip,left_cheek_big,right_cheek_big",,15.912831019044551,1.0,train
BH,'3_1_x1.8,3_1,Dataset/3_ROI/MEGA_AUG/aug_npz/BH_3_1_3_1_x1.8.npz,501,9,0.0,31.421185,"forehead_strip,left_cheek_big,right_cheek_big",,15.912831019044551,1.0,train
BH,'3_2,3_2,Dataset/3_ROI/BH_RAW/3_2.npz,901,9,0.0,60.08144402503967,"forehead_strip,left_cheek_big,right_cheek_big",,15.912408426819228,1.0,train
BH,'3_2_x0.55,3_2,Dataset/3_ROI/MEGA_AUG/aug_npz/BH_3_2_3_2_x0.55.npz,1638,9,0.0,102.875690,"forehead_strip,left_cheek_big,right_cheek_big",,15.912408426819228,1.0,train
BH,'3_2_x0.65,3_2,Dataset/3_ROI/MEGA_AUG/aug_npz/BH_3_2_3_2_x0.65.npz,1386,9,0.0,87.038993,"forehead_strip,left_cheek_big,right_cheek_big",,15.912408426819228,1.0,train
BH,'3_2_x0.75,3_2,Dataset/3_ROI/MEGA_AUG/aug_npz/BH_3_2_3_2_x0.75.npz,1201,9,0.0,75.412846,"forehead_strip,left_cheek_big,right_cheek_big",,15.912408426819228,1.0,train
BH,'3_2_x1.2,3_2,Dataset/3_ROI/MEGA_AUG/aug_npz/BH_3_2_3_2_x1.2.npz,751,9,0.0,47.133029,"forehead_strip,left_cheek_big,right_cheek_big",,15.912408426819228,1.0,train
BH,'3_2_x1.4,3_2,Dataset/3_ROI/MEGA_AUG/aug_npz/BH_3_2_3_2_x1.4.npz,644,9,0.0,40.408716,"forehead_strip,left_cheek_big,right_cheek_big",,15.912408426819228,1.0,train
BH,'3_2_x1.6,3_2,Dataset/3_ROI/MEGA_AUG/aug_npz/BH_3_2_3_2_x1.6.npz,563,9,0.0,35.318349,"forehead_strip,left_cheek_big,right_cheek_big",,15.912408426819228,1.0,train
BH,'3_2_x1.8,3_2,Dataset/3_ROI/MEGA_AUG/aug_npz/BH_3_2_3_2_x1.8.npz,501,9,0.0,31.422019,"forehead_strip,left_cheek_big,right_cheek_big",,15.912408426819228,1.0,train
BH,'4_0,4_0,Dataset/3_ROI/BH_RAW/4_0.npz,901,9,0.0,60.53122401237488,"forehead_strip,left_cheek_big,right_cheek_big",,15.91382721810693,1.0,train
BH,'4_0_x0.55,4_0,Dataset/3_ROI/MEGA_AUG/aug_npz/BH_4_0_4_0_x0.55.npz,1638,9,0.0,102.866518,"forehead_strip,left_cheek_big,right_cheek_big",,15.91382721810693,1.0,train
BH,'4_0_x0.65,4_0,Dataset/3_ROI/MEGA_AUG/aug_npz/BH_4_0_4_0_x0.65.npz,1386,9,0.0,87.031233,"forehead_strip,left_cheek_big,right_cheek_big",,15.91382721810693,1.0,train
BH,'4_0_x0.75,4_0,Dataset/3_ROI/MEGA_AUG/aug_npz/BH_4_0_4_0_x0.75.npz,1201,9,0.0,75.406122,"forehead_strip,left_cheek_big,right_cheek_big",,15.91382721810693,1.0,train
BH,'4_0_x1.2,4_0,Dataset/3_ROI/MEGA_AUG/aug_npz/BH_4_0_4_0_x1.2.npz,751,9,0.0,47.128826,"forehead_strip,left_cheek_big,right_cheek_big",,15.91382721810693,1.0,train
BH,'4_0_x1.4,4_0,Dataset/3_ROI/MEGA_AUG/aug_npz/BH_4_0_4_0_x1.4.npz,644,9,0.0,40.405114,"forehead_strip,left_cheek_big,right_cheek_big",,15.91382721810693,1.0,train
BH,'4_0_x1.6,4_0,Dataset/3_ROI/MEGA_AUG/aug_npz/BH_4_0_4_0_x1.6.npz,563,9,0.0,35.315201,"forehead_strip,left_cheek_big,right_cheek_big",,15.91382721810693,1.0,train
BH,'4_0_x1.8,4_0,Dataset/3_ROI/MEGA_AUG/aug_npz/BH_4_0_4_0_x1.8.npz,501,9,0.0,31.419218,"forehead_strip,left_cheek_big,right_cheek_big",,15.91382721810693,1.0,train
BH,'4_1,4_1,Dataset/3_ROI/BH_RAW/4_1.npz,901,9,0.0,60.365890979766846,"forehead_strip,left_cheek_big,right_cheek_big",,15.913555515085742,1.0,train
BH,'4_1_x0.55,4_1,Dataset/3_ROI/MEGA_AUG/aug_npz/BH_4_1_4_1_x0.55.npz,1638,9,0.0,102.868275,"forehead_strip,left_cheek_big,right_cheek_big",,15.913555515085742,1.0,train
BH,'4_1_x0.65,4_1,Dataset/3_ROI/MEGA_AUG/aug_npz/BH_4_1_4_1_x0.65.npz,1386,9,0.0,87.032719,"forehead_strip,left_cheek_big,right_cheek_big",,15.913555515085742,1.0,train
BH,'4_1_x0.75,4_1,Dataset/3_ROI/MEGA_AUG/aug_npz/BH_4_1_4_1_x0.75.npz,1201,9,0.0,75.407410,"forehead_strip,left_cheek_big,right_cheek_big",,15.913555515085742,1.0,train
BH,'4_1_x1.2,4_1,Dataset/3_ROI/MEGA_AUG/aug_npz/BH_4_1_4_1_x1.2.npz,751,9,0.0,47.129631,"forehead_strip,left_cheek_big,right_cheek_big",,15.913555515085742,1.0,train
BH,'4_1_x1.4,4_1,Dataset/3_ROI/MEGA_AUG/aug_npz/BH_4_1_4_1_x1.4.npz,644,9,0.0,40.405804,"forehead_strip,left_cheek_big,right_cheek_big",,15.913555515085742,1.0,train
BH,'4_1_x1.6,4_1,Dataset/3_ROI/MEGA_AUG/aug_npz/BH_4_1_4_1_x1.6.npz,563,9,0.0,35.315804,"forehead_strip,left_cheek_big,right_cheek_big",,15.913555515085742,1.0,train
BH,'4_1_x1.8,4_1,Dataset/3_ROI/MEGA_AUG/aug_npz/BH_4_1_4_1_x1.8.npz,501,9,0.0,31.419754,"forehead_strip,left_cheek_big,right_cheek_big",,15.913555515085742,1.0,train
BH,'4_2,4_2,Dataset/3_ROI/BH_RAW/4_2.npz,901,9,0.0,60.20388412475586,"forehead_strip,left_cheek_big,right_cheek_big",,15.91038633186766,1.0,train
BH,'4_2_x0.55,4_2,Dataset/3_ROI/MEGA_AUG/aug_npz/BH_4_2_4_2_x0.55.npz,1638,9,0.0,102.888765,"forehead_strip,left_cheek_big,right_cheek_big",,15.91038633186766,1.0,train
BH,'4_2_x0.65,4_2,Dataset/3_ROI/MEGA_AUG/aug_npz/BH_4_2_4_2_x0.65.npz,1386,9,0.0,87.050055,"forehead_strip,left_cheek_big,right_cheek_big",,15.91038633186766,1.0,train
BH,'4_2_x0.75,4_2,Dataset/3_ROI/MEGA_AUG/aug_npz/BH_4_2_4_2_x0.75.npz,1201,9,0.0,75.422430,"forehead_strip,left_cheek_big,right_cheek_big",,15.91038633186766,1.0,train
BH,'4_2_x1.2,4_2,Dataset/3_ROI/MEGA_AUG/aug_npz/BH_4_2_4_2_x1.2.npz,751,9,0.0,47.139019,"forehead_strip,left_cheek_big,right_cheek_big",,15.91038633186766,1.0,train
BH,'4_2_x1.4,4_2,Dataset/3_ROI/MEGA_AUG/aug_npz/BH_4_2_4_2_x1.4.npz,644,9,0.0,40.413852,"forehead_strip,left_cheek_big,right_cheek_big",,15.91038633186766,1.0,train
BH,'4_2_x1.6,4_2,Dataset/3_ROI/MEGA_AUG/aug_npz/BH_4_2_4_2_x1.6.npz,563,9,0.0,35.322838,"forehead_strip,left_cheek_big,right_cheek_big",,15.91038633186766,1.0,train
BH,'4_2_x1.8,4_2,Dataset/3_ROI/MEGA_AUG/aug_npz/BH_4_2_4_2_x1.8.npz,501,9,0.0,31.426013,"forehead_strip,left_cheek_big,right_cheek_big",,15.91038633186766,1.0,train
BH,'5_0,5_0,Dataset/3_ROI/BH_RAW/5_0.npz,901,9,0.0,60.4008059501648,"forehead_strip,left_cheek_big,right_cheek_big",,15.91313288437916,1.0,train
BH,'5_0_x0.55,5_0,Dataset/3_ROI/MEGA_AUG/aug_npz/BH_5_0_5_0_x0.55.npz,1638,9,0.0,102.871007,"forehead_strip,left_cheek_big,right_cheek_big",,15.91313288437916,1.0,train
BH,'5_0_x0.65,5_0,Dataset/3_ROI/MEGA_AUG/aug_npz/BH_5_0_5_0_x0.65.npz,1386,9,0.0,87.035030,"forehead_strip,left_cheek_big,right_cheek_big",,15.91313288437916,1.0,train
BH,'5_0_x0.75,5_0,Dataset/3_ROI/MEGA_AUG/aug_npz/BH_5_0_5_0_x0.75.npz,1201,9,0.0,75.409412,"forehead_strip,left_cheek_big,right_cheek_big",,15.91313288437916,1.0,train
BH,'5_0_x1.2,5_0,Dataset/3_ROI/MEGA_AUG/aug_npz/BH_5_0_5_0_x1.2.npz,751,9,0.0,47.130883,"forehead_strip,left_cheek_big,right_cheek_big",,15.91313288437916,1.0,train
BH,'5_0_x1.4,5_0,Dataset/3_ROI/MEGA_AUG/aug_npz/BH_5_0_5_0_x1.4.npz,644,9,0.0,40.406877,"forehead_strip,left_cheek_big,right_cheek_big",,15.91313288437916,1.0,train
BH,'5_0_x1.6,5_0,Dataset/3_ROI/MEGA_AUG/aug_npz/BH_5_0_5_0_x1.6.npz,563,9,0.0,35.316741,"forehead_strip,left_cheek_big,right_cheek_big",,15.91313288437916,1.0,train
BH,'5_0_x1.8,5_0,Dataset/3_ROI/MEGA_AUG/aug_npz/BH_5_0_5_0_x1.8.npz,501,9,0.0,31.420588,"forehead_strip,left_cheek_big,right_cheek_big",,15.91313288437916,1.0,train
BH,'5_1,5_1,Dataset/3_ROI/BH_RAW/5_1.npz,901,9,0.0,59.87457203865051,"forehead_strip,left_cheek_big,right_cheek_big",,15.910627749022678,1.0,train
BH,'5_1_x0.55,5_1,Dataset/3_ROI/MEGA_AUG/aug_npz/BH_5_1_5_1_x0.55.npz,1638,9,0.0,102.887204,"forehead_strip,left_cheek_big,right_cheek_big",,15.910627749022678,1.0,train
BH,'5_1_x0.65,5_1,Dataset/3_ROI/MEGA_AUG/aug_npz/BH_5_1_5_1_x0.65.npz,1386,9,0.0,87.048734,"forehead_strip,left_cheek_big,right_cheek_big",,15.910627749022678,1.0,train
BH,'5_1_x0.75,5_1,Dataset/3_ROI/MEGA_AUG/aug_npz/BH_5_1_5_1_x0.75.npz,1201,9,0.0,75.421286,"forehead_strip,left_cheek_big,right_cheek_big",,15.910627749022678,1.0,train
BH,'5_1_x1.2,5_1,Dataset/3_ROI/MEGA_AUG/aug_npz/BH_5_1_5_1_x1.2.npz,751,9,0.0,47.138304,"forehead_strip,left_cheek_big,right_cheek_big",,15.910627749022678,1.0,train
BH,'5_1_x1.4,5_1,Dataset/3_ROI/MEGA_AUG/aug_npz/BH_5_1_5_1_x1.4.npz,644,9,0.0,40.413239,"forehead_strip,left_cheek_big,right_cheek_big",,15.910627749022678,1.0,train
BH,'5_1_x1.6,5_1,Dataset/3_ROI/MEGA_AUG/aug_npz/BH_5_1_5_1_x1.6.npz,563,9,0.0,35.322302,"forehead_strip,left_cheek_big,right_cheek_big",,15.910627749022678,1.0,train
BH,'5_1_x1.8,5_1,Dataset/3_ROI/MEGA_AUG/aug_npz/BH_5_1_5_1_x1.8.npz,501,9,0.0,31.425536,"forehead_strip,left_cheek_big,right_cheek_big",,15.910627749022678,1.0,train
BH,'5_2,5_2,Dataset/3_ROI/BH_RAW/5_2.npz,901,9,0.0,59.80966091156006,"forehead_strip,left_cheek_big,right_cheek_big",,15.907882061122812,1.0,train
BH,'5_2_x0.55,5_2,Dataset/3_ROI/MEGA_AUG/aug_npz/BH_5_2_5_2_x0.55.npz,1638,9,0.0,102.904962,"forehead_strip,left_cheek_big,right_cheek_big",,15.907882061122812,1.0,train
BH,'5_2_x0.65,5_2,Dataset/3_ROI/MEGA_AUG/aug_npz/BH_5_2_5_2_x0.65.npz,1386,9,0.0,87.063758,"forehead_strip,left_cheek_big,right_cheek_big",,15.907882061122812,1.0,train
BH,'5_2_x0.75,5_2,Dataset/3_ROI/MEGA_AUG/aug_npz/BH_5_2_5_2_x0.75.npz,1201,9,0.0,75.434303,"forehead_strip,left_cheek_big,right_cheek_big",,15.907882061122812,1.0,train
BH,'5_2_x1.2,5_2,Dataset/3_ROI/MEGA_AUG/aug_npz/BH_5_2_5_2_x1.2.npz,751,9,0.0,47.146440,"forehead_strip,left_cheek_big,right_cheek_big",,15.907882061122812,1.0,train
BH,'5_2_x1.4,5_2,Dataset/3_ROI/MEGA_AUG/aug_npz/BH_5_2_5_2_x1.4.npz,644,9,0.0,40.420214,"forehead_strip,left_cheek_big,right_cheek_big",,15.907882061122812,1.0,train
BH,'5_2_x1.6,5_2,Dataset/3_ROI/MEGA_AUG/aug_npz/BH_5_2_5_2_x1.6.npz,563,9,0.0,35.328399,"forehead_strip,left_cheek_big,right_cheek_big",,15.907882061122812,1.0,train
BH,'6_0,6_0,Dataset/3_ROI/BH_RAW/6_0.npz,901,9,0.0,60.339215993881226,"forehead_strip,left_cheek_big,right_cheek_big",,15.90824407561368,1.0,train
BH,'6_0_x0.55,6_0,Dataset/3_ROI/MEGA_AUG/aug_npz/BH_6_0_6_0_x0.55.npz,1638,9,0.0,102.902620,"forehead_strip,left_cheek_big,right_cheek_big",,15.90824407561368,1.0,train
BH,'6_0_x0.65,6_0,Dataset/3_ROI/MEGA_AUG/aug_npz/BH_6_0_6_0_x0.65.npz,1386,9,0.0,87.061777,"forehead_strip,left_cheek_big,right_cheek_big",,15.90824407561368,1.0,train
BH,'6_0_x0.75,6_0,Dataset/3_ROI/MEGA_AUG/aug_npz/BH_6_0_6_0_x0.75.npz,1201,9,0.0,75.432587,"forehead_strip,left_cheek_big,right_cheek_big",,15.90824407561368,1.0,train
BH,'6_0_x1.2,6_0,Dataset/3_ROI/MEGA_AUG/aug_npz/BH_6_0_6_0_x1.2.npz,751,9,0.0,47.145367,"forehead_strip,left_cheek_big,right_cheek_big",,15.90824407561368,1.0,train
BH,'6_0_x1.4,6_0,Dataset/3_ROI/MEGA_AUG/aug_npz/BH_6_0_6_0_x1.4.npz,644,9,0.0,40.419294,"forehead_strip,left_cheek_big,right_cheek_big",,15.90824407561368,1.0,train
BH,'6_0_x1.6,6_0,Dataset/3_ROI/MEGA_AUG/aug_npz/BH_6_0_6_0_x1.6.npz,563,9,0.0,35.327595,"forehead_strip,left_cheek_big,right_cheek_big",,15.90824407561368,1.0,train
BH,'6_0_x1.8,6_0,Dataset/3_ROI/MEGA_AUG/aug_npz/BH_6_0_6_0_x1.8.npz,501,9,0.0,31.430244,"forehead_strip,left_cheek_big,right_cheek_big",,15.90824407561368,1.0,train
BH,'6_1,6_1,Dataset/3_ROI/BH_RAW/6_1.npz,901,9,0.0,60.13302612304688,"forehead_strip,left_cheek_big,right_cheek_big",,15.909390563539567,1.0,train
BH,'6_1_x0.55,6_1,Dataset/3_ROI/MEGA_AUG/aug_npz/BH_6_1_6_1_x0.55.npz,1638,9,0.0,102.895205,"forehead_strip,left_cheek_big,right_cheek_big",,15.909390563539567,1.0,train
BH,'6_1_x0.65,6_1,Dataset/3_ROI/MEGA_AUG/aug_npz/BH_6_1_6_1_x0.65.npz,1386,9,0.0,87.055503,"forehead_strip,left_cheek_big,right_cheek_big",,15.909390563539567,1.0,train
BH,'6_1_x0.75,6_1,Dataset/3_ROI/MEGA_AUG/aug_npz/BH_6_1_6_1_x0.75.npz,1201,9,0.0,75.427151,"forehead_strip,left_cheek_big,right_cheek_big",,15.909390563539567,1.0,train
BH,'6_1_x1.2,6_1,Dataset/3_ROI/MEGA_AUG/aug_npz/BH_6_1_6_1_x1.2.npz,751,9,0.0,47.141969,"forehead_strip,left_cheek_big,right_cheek_big",,15.909390563539567,1.0,train
BH,'6_1_x1.4,6_1,Dataset/3_ROI/MEGA_AUG/aug_npz/BH_6_1_6_1_x1.4.npz,644,9,0.0,40.416382,"forehead_strip,left_cheek_big,right_cheek_big",,15.909390563539567,1.0,train
BH,'6_1_x1.6,6_1,Dataset/3_ROI/MEGA_AUG/aug_npz/BH_6_1_6_1_x1.6.npz,563,9,0.0,35.325049,"forehead_strip,left_cheek_big,right_cheek_big",,15.909390563539567,1.0,train
BH,'6_1_x1.8,6_1,Dataset/3_ROI/MEGA_AUG/aug_npz/BH_6_1_6_1_x1.8.npz,501,9,0.0,31.427979,"forehead_strip,left_cheek_big,right_cheek_big",,15.909390563539567,1.0,train
BH,'6_2,6_2,Dataset/3_ROI/BH_RAW/6_2.npz,901,9,0.0,59.73765206336975,"forehead_strip,left_cheek_big,right_cheek_big",,15.911020067523994,1.0,train
BH,'6_2_x0.55,6_2,Dataset/3_ROI/MEGA_AUG/aug_npz/BH_6_2_6_2_x0.55.npz,1638,9,0.0,102.884667,"forehead_strip,left_cheek_big,right_cheek_big",,15.911020067523994,1.0,train
BH,'6_2_x0.65,6_2,Dataset/3_ROI/MEGA_AUG/aug_npz/BH_6_2_6_2_x0.65.npz,1386,9,0.0,87.046587,"forehead_strip,left_cheek_big,right_cheek_big",,15.911020067523994,1.0,train
BH,'6_2_x0.75,6_2,Dataset/3_ROI/MEGA_AUG/aug_npz/BH_6_2_6_2_x0.75.npz,1201,9,0.0,75.419426,"forehead_strip,left_cheek_big,right_cheek_big",,15.911020067523994,1.0,train
BH,'6_2_x1.2,6_2,Dataset/3_ROI/MEGA_AUG/aug_npz/BH_6_2_6_2_x1.2.npz,751,9,0.0,47.137141,"forehead_strip,left_cheek_big,right_cheek_big",,15.911020067523994,1.0,train
BH,'6_2_x1.4,6_2,Dataset/3_ROI/MEGA_AUG/aug_npz/BH_6_2_6_2_x1.4.npz,644,9,0.0,40.412242,"forehead_strip,left_cheek_big,right_cheek_big",,15.911020067523994,1.0,train
BH,'6_2_x1.6,6_2,Dataset/3_ROI/MEGA_AUG/aug_npz/BH_6_2_6_2_x1.6.npz,563,9,0.0,35.321431,"forehead_strip,left_cheek_big,right_cheek_big",,15.911020067523994,1.0,train
BH,'6_2_x1.8,6_2,Dataset/3_ROI/MEGA_AUG/aug_npz/BH_6_2_6_2_x1.8.npz,501,9,0.0,31.424761,"forehead_strip,left_cheek_big,right_cheek_big",,15.911020067523994,1.0,train
BH,'7_0,7_0,Dataset/3_ROI/BH_RAW/7_0.npz,901,9,0.0,62.005479097366326,"forehead_strip,left_cheek_big,right_cheek_big",,15.90824407561278,1.0,train
BH,'7_0_x0.55,7_0,Dataset/3_ROI/MEGA_AUG/aug_npz/BH_7_0_7_0_x0.55.npz,1638,9,0.0,102.902620,"forehead_strip,left_cheek_big,right_cheek_big",,15.90824407561278,1.0,train
BH,'7_0_x0.65,7_0,Dataset/3_ROI/MEGA_AUG/aug_npz/BH_7_0_7_0_x0.65.npz,1386,9,0.0,87.061777,"forehead_strip,left_cheek_big,right_cheek_big",,15.90824407561278,1.0,train
BH,'7_0_x0.75,7_0,Dataset/3_ROI/MEGA_AUG/aug_npz/BH_7_0_7_0_x0.75.npz,1201,9,0.0,75.432587,"forehead_strip,left_cheek_big,right_cheek_big",,15.90824407561278,1.0,train
BH,'7_0_x1.2,7_0,Dataset/3_ROI/MEGA_AUG/aug_npz/BH_7_0_7_0_x1.2.npz,751,9,0.0,47.145367,"forehead_strip,left_cheek_big,right_cheek_big",,15.90824407561278,1.0,train
BH,'7_0_x1.4,7_0,Dataset/3_ROI/MEGA_AUG/aug_npz/BH_7_0_7_0_x1.4.npz,644,9,0.0,40.419294,"forehead_strip,left_cheek_big,right_cheek_big",,15.90824407561278,1.0,train
BH,'7_0_x1.6,7_0,Dataset/3_ROI/MEGA_AUG/aug_npz/BH_7_0_7_0_x1.6.npz,563,9,0.0,35.327595,"forehead_strip,left_cheek_big,right_cheek_big",,15.90824407561278,1.0,train
BH,'7_0_x1.8,7_0,Dataset/3_ROI/MEGA_AUG/aug_npz/BH_7_0_7_0_x1.8.npz,501,9,0.0,31.430244,"forehead_strip,left_cheek_big,right_cheek_big",,15.90824407561278,1.0,train
BH,'7_1,7_1,Dataset/3_ROI/BH_RAW/7_1.npz,901,9,0.0,61.673434972763054,"forehead_strip,left_cheek_big,right_cheek_big",,15.913676270840082,1.0,train
BH,'7_1_x0.55,7_1,Dataset/3_ROI/MEGA_AUG/aug_npz/BH_7_1_7_1_x0.55.npz,1638,9,0.0,102.867494,"forehead_strip,left_cheek_big,right_cheek_big",,15.913676270840082,1.0,train
BH,'7_1_x0.65,7_1,Dataset/3_ROI/MEGA_AUG/aug_npz/BH_7_1_7_1_x0.65.npz,1386,9,0.0,87.032058,"forehead_strip,left_cheek_big,right_cheek_big",,15.913676270840082,1.0,train
BH,'7_1_x0.75,7_1,Dataset/3_ROI/MEGA_AUG/aug_npz/BH_7_1_7_1_x0.75.npz,1201,9,0.0,75.406837,"forehead_strip,left_cheek_big,right_cheek_big",,15.913676270840082,1.0,train
BH,'7_1_x1.2,7_1,Dataset/3_ROI/MEGA_AUG/aug_npz/BH_7_1_7_1_x1.2.npz,751,9,0.0,47.129273,"forehead_strip,left_cheek_big,right_cheek_big",,15.913676270840082,1.0,train
BH,'7_1_x1.4,7_1,Dataset/3_ROI/MEGA_AUG/aug_npz/BH_7_1_7_1_x1.4.npz,644,9,0.0,40.405497,"forehead_strip,left_cheek_big,right_cheek_big",,15.913676270840082,1.0,train
BH,'7_1_x1.6,7_1,Dataset/3_ROI/MEGA_AUG/aug_npz/BH_7_1_7_1_x1.6.npz,563,9,0.0,35.315536,"forehead_strip,left_cheek_big,right_cheek_big",,15.913676270840082,1.0,train
BH,'7_1_x1.8,7_1,Dataset/3_ROI/MEGA_AUG/aug_npz/BH_7_1_7_1_x1.8.npz,501,9,0.0,31.419516,"forehead_strip,left_cheek_big,right_cheek_big",,15.913676270840082,1.0,train
BH,'7_2,7_2,Dataset/3_ROI/BH_RAW/7_2.npz,901,9,0.0,61.28672099113464,"forehead_strip,left_cheek_big,right_cheek_big",,15.91026562603903,1.0,train
BH,'7_2_x0.55,7_2,Dataset/3_ROI/MEGA_AUG/aug_npz/BH_7_2_7_2_x0.55.npz,1638,9,0.0,102.889546,"forehead_strip,left_cheek_big,right_cheek_big",,15.91026562603903,1.0,train
BH,'7_2_x0.65,7_2,Dataset/3_ROI/MEGA_AUG/aug_npz/BH_7_2_7_2_x0.65.npz,1386,9,0.0,87.050715,"forehead_strip,left_cheek_big,right_cheek_big",,15.91026562603903,1.0,train
BH,'7_2_x0.75,7_2,Dataset/3_ROI/MEGA_AUG/aug_npz/BH_7_2_7_2_x0.75.npz,1201,9,0.0,75.423002,"forehead_strip,left_cheek_big,right_cheek_big",,15.91026562603903,1.0,train
BH,'7_2_x1.2,7_2,Dataset/3_ROI/MEGA_AUG/aug_npz/BH_7_2_7_2_x1.2.npz,751,9,0.0,47.139376,"forehead_strip,left_cheek_big,right_cheek_big",,15.91026562603903,1.0,train
BH,'7_2_x1.4,7_2,Dataset/3_ROI/MEGA_AUG/aug_npz/BH_7_2_7_2_x1.4.npz,644,9,0.0,40.414159,"forehead_strip,left_cheek_big,right_cheek_big",,15.91026562603903,1.0,train
BH,'7_2_x1.6,7_2,Dataset/3_ROI/MEGA_AUG/aug_npz/BH_7_2_7_2_x1.6.npz,563,9,0.0,35.323106,"forehead_strip,left_cheek_big,right_cheek_big",,15.91026562603903,1.0,train
BH,'7_2_x1.8,7_2,Dataset/3_ROI/MEGA_AUG/aug_npz/BH_7_2_7_2_x1.8.npz,501,9,0.0,31.426251,"forehead_strip,left_cheek_big,right_cheek_big",,15.91026562603903,1.0,train
BH,'8_0,8_0,Dataset/3_ROI/BH_RAW/8_0.npz,901,9,0.0,60.80847191810608,"forehead_strip,left_cheek_big,right_cheek_big",,15.90872678723236,1.0,train
BH,'8_0_x0.55,8_0,Dataset/3_ROI/MEGA_AUG/aug_npz/BH_8_0_8_0_x0.55.npz,1638,9,0.0,102.899498,"forehead_strip,left_cheek_big,right_cheek_big",,15.90872678723236,1.0,train
BH,'8_0_x0.65,8_0,Dataset/3_ROI/MEGA_AUG/aug_npz/BH_8_0_8_0_x0.65.npz,1386,9,0.0,87.059135,"forehead_strip,left_cheek_big,right_cheek_big",,15.90872678723236,1.0,train
BH,'8_0_x0.75,8_0,Dataset/3_ROI/MEGA_AUG/aug_npz/BH_8_0_8_0_x0.75.npz,1201,9,0.0,75.430298,"forehead_strip,left_cheek_big,right_cheek_big",,15.90872678723236,1.0,train
BH,'8_0_x1.2,8_0,Dataset/3_ROI/MEGA_AUG/aug_npz/BH_8_0_8_0_x1.2.npz,751,9,0.0,47.143936,"forehead_strip,left_cheek_big,right_cheek_big",,15.90872678723236,1.0,train
BH,'8_0_x1.4,8_0,Dataset/3_ROI/MEGA_AUG/aug_npz/BH_8_0_8_0_x1.4.npz,644,9,0.0,40.418068,"forehead_strip,left_cheek_big,right_cheek_big",,15.90872678723236,1.0,train
BH,'8_0_x1.6,8_0,Dataset/3_ROI/MEGA_AUG/aug_npz/BH_8_0_8_0_x1.6.npz,563,9,0.0,35.326523,"forehead_strip,left_cheek_big,right_cheek_big",,15.90872678723236,1.0,train
BH,'8_0_x1.8,8_0,Dataset/3_ROI/MEGA_AUG/aug_npz/BH_8_0_8_0_x1.8.npz,501,9,0.0,31.429291,"forehead_strip,left_cheek_big,right_cheek_big",,15.90872678723236,1.0,train
BH,'8_1,8_1,Dataset/3_ROI/BH_RAW/8_1.npz,901,9,0.0,61.28157687187194,"forehead_strip,left_cheek_big,right_cheek_big",,15.911140784801676,1.0,train
BH,'8_1_x0.55,8_1,Dataset/3_ROI/MEGA_AUG/aug_npz/BH_8_1_8_1_x0.55.npz,1638,9,0.0,102.883886,"forehead_strip,left_cheek_big,right_cheek_big",,15.911140784801676,1.0,train
BH,'8_1_x0.65,8_1,Dataset/3_ROI/MEGA_AUG/aug_npz/BH_8_1_8_1_x0.65.npz,1386,9,0.0,87.045927,"forehead_strip,left_cheek_big,right_cheek_big",,15.911140784801676,1.0,train
BH,'8_1_x0.75,8_1,Dataset/3_ROI/MEGA_AUG/aug_npz/BH_8_1_8_1_x0.75.npz,1201,9,0.0,75.418854,"forehead_strip,left_cheek_big,right_cheek_big",,15.911140784801676,1.0,train
BH,'8_1_x1.2,8_1,Dataset/3_ROI/MEGA_AUG/aug_npz/BH_8_1_8_1_x1.2.npz,751,9,0.0,47.136784,"forehead_strip,left_cheek_big,right_cheek_big",,15.911140784801676,1.0,train
BH,'8_1_x1.4,8_1,Dataset/3_ROI/MEGA_AUG/aug_npz/BH_8_1_8_1_x1.4.npz,644,9,0.0,40.411936,"forehead_strip,left_cheek_big,right_cheek_big",,15.911140784801676,1.0,train
BH,'8_1_x1.6,8_1,Dataset/3_ROI/MEGA_AUG/aug_npz/BH_8_1_8_1_x1.6.npz,563,9,0.0,35.321163,"forehead_strip,left_cheek_big,right_cheek_big",,15.911140784801676,1.0,train
BH,'8_1_x1.8,8_1,Dataset/3_ROI/MEGA_AUG/aug_npz/BH_8_1_8_1_x1.8.npz,501,9,0.0,31.424522,"forehead_strip,left_cheek_big,right_cheek_big",,15.911140784801676,1.0,train
BH,'8_2,8_2,Dataset/3_ROI/BH_RAW/8_2.npz,901,9,0.0,60.53264307975769,"forehead_strip,left_cheek_big,right_cheek_big",,15.909511256092705,1.0,train
BH,'8_2_x0.55,8_2,Dataset/3_ROI/MEGA_AUG/aug_npz/BH_8_2_8_2_x0.55.npz,1638,9,0.0,102.894424,"forehead_strip,left_cheek_big,right_cheek_big",,15.909511256092705,1.0,train
BH,'8_2_x0.65,8_2,Dataset/3_ROI/MEGA_AUG/aug_npz/BH_8_2_8_2_x0.65.npz,1386,9,0.0,87.054843,"forehead_strip,left_cheek_big,right_cheek_big",,15.909511256092705,1.0,train
BH,'8_2_x0.75,8_2,Dataset/3_ROI/MEGA_AUG/aug_npz/BH_8_2_8_2_x0.75.npz,1201,9,0.0,75.426579,"forehead_strip,left_cheek_big,right_cheek_big",,15.909511256092705,1.0,train
BH,'8_2_x1.2,8_2,Dataset/3_ROI/MEGA_AUG/aug_npz/BH_8_2_8_2_x1.2.npz,751,9,0.0,47.141612,"forehead_strip,left_cheek_big,right_cheek_big",,15.909511256092705,1.0,train
BH,'8_2_x1.4,8_2,Dataset/3_ROI/MEGA_AUG/aug_npz/BH_8_2_8_2_x1.4.npz,644,9,0.0,40.416075,"forehead_strip,left_cheek_big,right_cheek_big",,15.909511256092705,1.0,train
BH,'8_2_x1.6,8_2,Dataset/3_ROI/MEGA_AUG/aug_npz/BH_8_2_8_2_x1.6.npz,563,9,0.0,35.324781,"forehead_strip,left_cheek_big,right_cheek_big",,15.909511256092705,1.0,train
BH,'8_2_x1.8,8_2,Dataset/3_ROI/MEGA_AUG/aug_npz/BH_8_2_8_2_x1.8.npz,501,9,0.0,31.427741,"forehead_strip,left_cheek_big,right_cheek_big",,15.909511256092705,1.0,train
BH,'9_0,9_0,Dataset/3_ROI/BH_RAW/9_0.npz,901,9,0.0,62.072678089141846,"forehead_strip,left_cheek_big,right_cheek_big",,15.908606106579796,1.0,train
BH,'9_0_x0.55,9_0,Dataset/3_ROI/MEGA_AUG/aug_npz/BH_9_0_9_0_x0.55.npz,1638,9,0.0,102.900279,"forehead_strip,left_cheek_big,right_cheek_big",,15.908606106579796,1.0,train
BH,'9_0_x0.65,9_0,Dataset/3_ROI/MEGA_AUG/aug_npz/BH_9_0_9_0_x0.65.npz,1386,9,0.0,87.059796,"forehead_strip,left_cheek_big,right_cheek_big",,15.908606106579796,1.0,train
BH,'9_0_x0.75,9_0,Dataset/3_ROI/MEGA_AUG/aug_npz/BH_9_0_9_0_x0.75.npz,1201,9,0.0,75.430870,"forehead_strip,left_cheek_big,right_cheek_big",,15.908606106579796,1.0,train
BH,'9_0_x1.2,9_0,Dataset/3_ROI/MEGA_AUG/aug_npz/BH_9_0_9_0_x1.2.npz,751,9,0.0,47.144294,"forehead_strip,left_cheek_big,right_cheek_big",,15.908606106579796,1.0,train
BH,'9_0_x1.4,9_0,Dataset/3_ROI/MEGA_AUG/aug_npz/BH_9_0_9_0_x1.4.npz,644,9,0.0,40.418375,"forehead_strip,left_cheek_big,right_cheek_big",,15.908606106579796,1.0,train
BH,'9_0_x1.6,9_0,Dataset/3_ROI/MEGA_AUG/aug_npz/BH_9_0_9_0_x1.6.npz,563,9,0.0,35.326791,"forehead_strip,left_cheek_big,right_cheek_big",,15.908606106579796,1.0,train
BH,'9_0_x1.8,9_0,Dataset/3_ROI/MEGA_AUG/aug_npz/BH_9_0_9_0_x1.8.npz,501,9,0.0,31.429529,"forehead_strip,left_cheek_big,right_cheek_big",,15.908606106579796,1.0,train
BH,'9_1,9_1,Dataset/3_ROI/BH_RAW/9_1.npz,901,9,0.0,61.00385999679565,"forehead_strip,left_cheek_big,right_cheek_big",,15.906494491534245,1.0,train
BH,'9_1_x0.55,9_1,Dataset/3_ROI/MEGA_AUG/aug_npz/BH_9_1_9_1_x0.55.npz,1638,9,0.0,102.913939,"forehead_strip,left_cheek_big,right_cheek_big",,15.906494491534245,1.0,train
BH,'9_1_x0.65,9_1,Dataset/3_ROI/MEGA_AUG/aug_npz/BH_9_1_9_1_x0.65.npz,1386,9,0.0,87.071353,"forehead_strip,left_cheek_big,right_cheek_big",,15.906494491534245,1.0,train
BH,'9_1_x0.75,9_1,Dataset/3_ROI/MEGA_AUG/aug_npz/BH_9_1_9_1_x0.75.npz,1201,9,0.0,75.440884,"forehead_strip,left_cheek_big,right_cheek_big",,15.906494491534245,1.0,train
BH,'9_1_x1.2,9_1,Dataset/3_ROI/MEGA_AUG/aug_npz/BH_9_1_9_1_x1.2.npz,751,9,0.0,47.150552,"forehead_strip,left_cheek_big,right_cheek_big",,15.906494491534245,1.0,train
BH,'9_1_x1.4,9_1,Dataset/3_ROI/MEGA_AUG/aug_npz/BH_9_1_9_1_x1.4.npz,644,9,0.0,40.423740,"forehead_strip,left_cheek_big,right_cheek_big",,15.906494491534245,1.0,train
BH,'9_1_x1.6,9_1,Dataset/3_ROI/MEGA_AUG/aug_npz/BH_9_1_9_1_x1.6.npz,563,9,0.0,35.331481,"forehead_strip,left_cheek_big,right_cheek_big",,15.906494491534245,1.0,train
BH,'9_1_x1.8,9_1,Dataset/3_ROI/MEGA_AUG/aug_npz/BH_9_1_9_1_x1.8.npz,501,9,0.0,31.433702,"forehead_strip,left_cheek_big,right_cheek_big",,15.906494491534245,1.0,train
BH,'9_2,9_2,Dataset/3_ROI/BH_RAW/9_2.npz,901,9,0.0,60.68206191062927,"forehead_strip,left_cheek_big,right_cheek_big",,15.91041650861088,1.0,train
BH,'9_2_x0.55,9_2,Dataset/3_ROI/MEGA_AUG/aug_npz/BH_9_2_9_2_x0.55.npz,1638,9,0.0,102.888570,"forehead_strip,left_cheek_big,right_cheek_big",,15.91041650861088,1.0,train
BH,'9_2_x0.65,9_2,Dataset/3_ROI/MEGA_AUG/aug_npz/BH_9_2_9_2_x0.65.npz,1386,9,0.0,87.049890,"forehead_strip,left_cheek_big,right_cheek_big",,15.91041650861088,1.0,train
BH,'9_2_x0.75,9_2,Dataset/3_ROI/MEGA_AUG/aug_npz/BH_9_2_9_2_x0.75.npz,1201,9,0.0,75.422287,"forehead_strip,left_cheek_big,right_cheek_big",,15.91041650861088,1.0,train
BH,'9_2_x1.2,9_2,Dataset/3_ROI/MEGA_AUG/aug_npz/BH_9_2_9_2_x1.2.npz,751,9,0.0,47.138929,"forehead_strip,left_cheek_big,right_cheek_big",,15.91041650861088,1.0,train
BH,'9_2_x1.4,9_2,Dataset/3_ROI/MEGA_AUG/aug_npz/BH_9_2_9_2_x1.4.npz,644,9,0.0,40.413775,"forehead_strip,left_cheek_big,right_cheek_big",,15.91041650861088,1.0,train
BH,'9_2_x1.6,9_2,Dataset/3_ROI/MEGA_AUG/aug_npz/BH_9_2_9_2_x1.6.npz,563,9,0.0,35.322771,"forehead_strip,left_cheek_big,right_cheek_big",,15.91041650861088,1.0,train
BH,'9_2_x1.8,9_2,Dataset/3_ROI/MEGA_AUG/aug_npz/BH_9_2_9_2_x1.8.npz,501,9,0.0,31.425953,"forehead_strip,left_cheek_big,right_cheek_big",,15.91041650861088,1.0,train
COHFACE,'Subj_10_0,Subj_10_0,Dataset/3_ROI/COHFACE_RAW/Subj_10_0.npz,1227,9,0.0,61.3,"forehead_strip,left_cheek_big,right_cheek_big",,20.0,1.0021793433931483,train
COHFACE,'Subj_10_0_x0.55,Subj_10_0,Dataset/3_ROI/MEGA_AUG/aug_npz/COHFACE_Subj_10_0_Subj_10_0_x0.55.npz,2231,9,0.0,111.500000,"forehead_strip,left_cheek_big,right_cheek_big",,20.0,1.0021793433931483,train
COHFACE,'Subj_10_0_x0.65,Subj_10_0,Dataset/3_ROI/MEGA_AUG/aug_npz/COHFACE_Subj_10_0_Subj_10_0_x0.65.npz,1888,9,0.0,94.350000,"forehead_strip,left_cheek_big,right_cheek_big",,20.0,1.0021793433931483,train
COHFACE,'Subj_10_0_x0.75,Subj_10_0,Dataset/3_ROI/MEGA_AUG/aug_npz/COHFACE_Subj_10_0_Subj_10_0_x0.75.npz,1636,9,0.0,81.750000,"forehead_strip,left_cheek_big,right_cheek_big",,20.0,1.0021793433931483,train
COHFACE,'Subj_10_0_x1.2,Subj_10_0,Dataset/3_ROI/MEGA_AUG/aug_npz/COHFACE_Subj_10_0_Subj_10_0_x1.2.npz,1022,9,0.0,51.050000,"forehead_strip,left_cheek_big,right_cheek_big",,20.0,1.0021793433931483,train
COHFACE,'Subj_10_0_x1.4,Subj_10_0,Dataset/3_ROI/MEGA_AUG/aug_npz/COHFACE_Subj_10_0_Subj_10_0_x1.4.npz,876,9,0.0,43.750000,"forehead_strip,left_cheek_big,right_cheek_big",,20.0,1.0021793433931483,train
COHFACE,'Subj_10_0_x1.6,Subj_10_0,Dataset/3_ROI/MEGA_AUG/aug_npz/COHFACE_Subj_10_0_Subj_10_0_x1.6.npz,767,9,0.0,38.300000,"forehead_strip,left_cheek_big,right_cheek_big",,20.0,1.0021793433931483,train
COHFACE,'Subj_10_0_x1.8,Subj_10_0,Dataset/3_ROI/MEGA_AUG/aug_npz/COHFACE_Subj_10_0_Subj_10_0_x1.8.npz,682,9,0.0,34.050000,"forehead_strip,left_cheek_big,right_cheek_big",,20.0,1.0021793433931483,train
COHFACE,'Subj_10_1,Subj_10_1,Dataset/3_ROI/COHFACE_RAW/Subj_10_1.npz,1227,9,0.0,61.3,"forehead_strip,left_cheek_big,right_cheek_big",,20.0,1.0021793433931483,train
COHFACE,'Subj_10_1_x0.55,Subj_10_1,Dataset/3_ROI/MEGA_AUG/aug_npz/COHFACE_Subj_10_1_Subj_10_1_x0.55.npz,2231,9,0.0,111.500000,"forehead_strip,left_cheek_big,right_cheek_big",,20.0,1.0021793433931483,train
COHFACE,'Subj_10_1_x0.65,Subj_10_1,Dataset/3_ROI/MEGA_AUG/aug_npz/COHFACE_Subj_10_1_Subj_10_1_x0.65.npz,1888,9,0.0,94.350000,"forehead_strip,left_cheek_big,right_cheek_big",,20.0,1.0021793433931483,train
COHFACE,'Subj_10_1_x0.75,Subj_10_1,Dataset/3_ROI/MEGA_AUG/aug_npz/COHFACE_Subj_10_1_Subj_10_1_x0.75.npz,1636,9,0.0,81.750000,"forehead_strip,left_cheek_big,right_cheek_big",,20.0,1.0021793433931483,train
COHFACE,'Subj_10_1_x1.2,Subj_10_1,Dataset/3_ROI/MEGA_AUG/aug_npz/COHFACE_Subj_10_1_Subj_10_1_x1.2.npz,1022,9,0.0,51.050000,"forehead_strip,left_cheek_big,right_cheek_big",,20.0,1.0021793433931483,train
COHFACE,'Subj_10_1_x1.4,Subj_10_1,Dataset/3_ROI/MEGA_AUG/aug_npz/COHFACE_Subj_10_1_Subj_10_1_x1.4.npz,876,9,0.0,43.750000,"forehead_strip,left_cheek_big,right_cheek_big",,20.0,1.0021793433931483,train
COHFACE,'Subj_10_1_x1.6,Subj_10_1,Dataset/3_ROI/MEGA_AUG/aug_npz/COHFACE_Subj_10_1_Subj_10_1_x1.6.npz,767,9,0.0,38.300000,"forehead_strip,left_cheek_big,right_cheek_big",,20.0,1.0021793433931483,train
COHFACE,'Subj_10_1_x1.8,Subj_10_1,Dataset/3_ROI/MEGA_AUG/aug_npz/COHFACE_Subj_10_1_Subj_10_1_x1.8.npz,682,9,0.0,34.050000,"forehead_strip,left_cheek_big,right_cheek_big",,20.0,1.0021793433931483,train
COHFACE,'Subj_10_2,Subj_10_2,Dataset/3_ROI/COHFACE_RAW/Subj_10_2.npz,1221,9,0.0,61.0,"forehead_strip,left_cheek_big,right_cheek_big",,20.0,1.001985143442623,train
COHFACE,'Subj_10_2_x0.55,Subj_10_2,Dataset/3_ROI/MEGA_AUG/aug_npz/COHFACE_Subj_10_2_Subj_10_2_x0.55.npz,2220,9,0.0,110.950000,"forehead_strip,left_cheek_big,right_cheek_big",,20.0,1.001985143442623,train
COHFACE,'Subj_10_2_x0.65,Subj_10_2,Dataset/3_ROI/MEGA_AUG/aug_npz/COHFACE_Subj_10_2_Subj_10_2_x0.65.npz,1878,9,0.0,93.850000,"forehead_strip,left_cheek_big,right_cheek_big",,20.0,1.001985143442623,train
COHFACE,'Subj_10_2_x0.75,Subj_10_2,Dataset/3_ROI/MEGA_AUG/aug_npz/COHFACE_Subj_10_2_Subj_10_2_x0.75.npz,1628,9,0.0,81.350000,"forehead_strip,left_cheek_big,right_cheek_big",,20.0,1.001985143442623,train
COHFACE,'Subj_10_2_x1.2,Subj_10_2,Dataset/3_ROI/MEGA_AUG/aug_npz/COHFACE_Subj_10_2_Subj_10_2_x1.2.npz,1018,9,0.0,50.850000,"forehead_strip,left_cheek_big,right_cheek_big",,20.0,1.001985143442623,train
COHFACE,'Subj_10_2_x1.4,Subj_10_2,Dataset/3_ROI/MEGA_AUG/aug_npz/COHFACE_Subj_10_2_Subj_10_2_x1.4.npz,872,9,0.0,43.550000,"forehead_strip,left_cheek_big,right_cheek_big",,20.0,1.001985143442623,train
COHFACE,'Subj_10_2_x1.6,Subj_10_2,Dataset/3_ROI/MEGA_AUG/aug_npz/COHFACE_Subj_10_2_Subj_10_2_x1.6.npz,763,9,0.0,38.100000,"forehead_strip,left_cheek_big,right_cheek_big",,20.0,1.001985143442623,train
COHFACE,'Subj_10_2_x1.8,Subj_10_2,Dataset/3_ROI/MEGA_AUG/aug_npz/COHFACE_Subj_10_2_Subj_10_2_x1.8.npz,678,9,0.0,33.850000,"forehead_strip,left_cheek_big,right_cheek_big",,20.0,1.001985143442623,train
COHFACE,'Subj_10_3,Subj_10_3,Dataset/3_ROI/COHFACE_RAW/Subj_10_3.npz,1228,9,0.0,61.35,"forehead_strip,left_cheek_big,right_cheek_big",,20.0,1.0013625713121437,train
COHFACE,'Subj_10_3_x0.55,Subj_10_3,Dataset/3_ROI/MEGA_AUG/aug_npz/COHFACE_Subj_10_3_Subj_10_3_x0.55.npz,2233,9,0.0,111.600000,"forehead_strip,left_cheek_big,right_cheek_big",,20.0,1.0013625713121437,train
COHFACE,'Subj_10_3_x0.65,Subj_10_3,Dataset/3_ROI/MEGA_AUG/aug_npz/COHFACE_Subj_10_3_Subj_10_3_x0.65.npz,1889,9,0.0,94.400000,"forehead_strip,left_cheek_big,right_cheek_big",,20.0,1.0013625713121437,train
COHFACE,'Subj_10_3_x0.75,Subj_10_3,Dataset/3_ROI/MEGA_AUG/aug_npz/COHFACE_Subj_10_3_Subj_10_3_x0.75.npz,1637,9,0.0,81.800000,"forehead_strip,left_cheek_big,right_cheek_big",,20.0,1.0013625713121437,train
COHFACE,'Subj_10_3_x1.2,Subj_10_3,Dataset/3_ROI/MEGA_AUG/aug_npz/COHFACE_Subj_10_3_Subj_10_3_x1.2.npz,1023,9,0.0,51.100000,"forehead_strip,left_cheek_big,right_cheek_big",,20.0,1.0013625713121437,train
COHFACE,'Subj_10_3_x1.4,Subj_10_3,Dataset/3_ROI/MEGA_AUG/aug_npz/COHFACE_Subj_10_3_Subj_10_3_x1.4.npz,877,9,0.0,43.800000,"forehead_strip,left_cheek_big,right_cheek_big",,20.0,1.0013625713121437,train
COHFACE,'Subj_10_3_x1.6,Subj_10_3,Dataset/3_ROI/MEGA_AUG/aug_npz/COHFACE_Subj_10_3_Subj_10_3_x1.6.npz,768,9,0.0,38.350000,"forehead_strip,left_cheek_big,right_cheek_big",,20.0,1.0013625713121437,train
COHFACE,'Subj_10_3_x1.8,Subj_10_3,Dataset/3_ROI/MEGA_AUG/aug_npz/COHFACE_Subj_10_3_Subj_10_3_x1.8.npz,682,9,0.0,34.050000,"forehead_strip,left_cheek_big,right_cheek_big",,20.0,1.0013625713121437,train
COHFACE,'Subj_11_0,Subj_11_0,Dataset/3_ROI/COHFACE_RAW/Subj_11_0.npz,1226,9,0.0,61.25,"forehead_strip,left_cheek_big,right_cheek_big",,20.0,1.0009566326530612,train
COHFACE,'Subj_11_0_x0.65,Subj_11_0,Dataset/3_ROI/MEGA_AUG/aug_npz/COHFACE_Subj_11_0_Subj_11_0_x0.65.npz,1886,9,0.0,94.250000,"forehead_strip,left_cheek_big,right_cheek_big",,20.0,1.0009566326530612,train
COHFACE,'Subj_11_0_x0.75,Subj_11_0,Dataset/3_ROI/MEGA_AUG/aug_npz/COHFACE_Subj_11_0_Subj_11_0_x0.75.npz,1635,9,0.0,81.700000,"forehead_strip,left_cheek_big,right_cheek_big",,20.0,1.0009566326530612,train
COHFACE,'Subj_11_0_x1.2,Subj_11_0,Dataset/3_ROI/MEGA_AUG/aug_npz/COHFACE_Subj_11_0_Subj_11_0_x1.2.npz,1022,9,0.0,51.050000,"forehead_strip,left_cheek_big,right_cheek_big",,20.0,1.0009566326530612,train
COHFACE,'Subj_11_0_x1.4,Subj_11_0,Dataset/3_ROI/MEGA_AUG/aug_npz/COHFACE_Subj_11_0_Subj_11_0_x1.4.npz,876,9,0.0,43.750000,"forehead_strip,left_cheek_big,right_cheek_big",,20.0,1.0009566326530612,train
COHFACE,'Subj_11_0_x1.6,Subj_11_0,Dataset/3_ROI/MEGA_AUG/aug_npz/COHFACE_Subj_11_0_Subj_11_0_x1.6.npz,766,9,0.0,38.250000,"forehead_strip,left_cheek_big,right_cheek_big",,20.0,1.0009566326530612,train
COHFACE,'Subj_11_0_x1.8,Subj_11_0,Dataset/3_ROI/MEGA_AUG/aug_npz/COHFACE_Subj_11_0_Subj_11_0_x1.8.npz,681,9,0.0,34.000000,"forehead_strip,left_cheek_big,right_cheek_big",,20.0,1.0009566326530612,train
COHFACE,'Subj_11_1,Subj_11_1,Dataset/3_ROI/COHFACE_RAW/Subj_11_1.npz,1265,9,0.0,63.2,"forehead_strip,left_cheek_big,right_cheek_big",,20.0,1.0017182555379749,train
COHFACE,'Subj_11_1_x0.65,Subj_11_1,Dataset/3_ROI/MEGA_AUG/aug_npz/COHFACE_Subj_11_1_Subj_11_1_x0.65.npz,1946,9,0.0,97.250000,"forehead_strip,left_cheek_big,right_cheek_big",,20.0,1.0017182555379749,train
COHFACE,'Subj_11_1_x0.75,Subj_11_1,Dataset/3_ROI/MEGA_AUG/aug_npz/COHFACE_Subj_11_1_Subj_11_1_x0.75.npz,1687,9,0.0,84.300000,"forehead_strip,left_cheek_big,right_cheek_big",,20.0,1.0017182555379749,train
COHFACE,'Subj_11_1_x1.2,Subj_11_1,Dataset/3_ROI/MEGA_AUG/aug_npz/COHFACE_Subj_11_1_Subj_11_1_x1.2.npz,1054,9,0.0,52.650000,"forehead_strip,left_cheek_big,right_cheek_big",,20.0,1.0017182555379749,train
COHFACE,'Subj_11_1_x1.4,Subj_11_1,Dataset/3_ROI/MEGA_AUG/aug_npz/COHFACE_Subj_11_1_Subj_11_1_x1.4.npz,904,9,0.0,45.150000,"forehead_strip,left_cheek_big,right_cheek_big",,20.0,1.0017182555379749,train
COHFACE,'Subj_11_1_x1.6,Subj_11_1,Dataset/3_ROI/MEGA_AUG/aug_npz/COHFACE_Subj_11_1_Subj_11_1_x1.6.npz,791,9,0.0,39.500000,"forehead_strip,left_cheek_big,right_cheek_big",,20.0,1.0017182555379749,train
COHFACE,'Subj_11_1_x1.8,Subj_11_1,Dataset/3_ROI/MEGA_AUG/aug_npz/COHFACE_Subj_11_1_Subj_11_1_x1.8.npz,703,9,0.0,35.100000,"forehead_strip,left_cheek_big,right_cheek_big",,20.0,1.0017182555379749,train
COHFACE,'Subj_11_2,Subj_11_2,Dataset/3_ROI/COHFACE_RAW/Subj_11_2.npz,1226,9,0.0,61.25,"forehead_strip,left_cheek_big,right_cheek_big",,20.0,1.0009566326530612,train
COHFACE,'Subj_11_2_x0.65,Subj_11_2,Dataset/3_ROI/MEGA_AUG/aug_npz/COHFACE_Subj_11_2_Subj_11_2_x0.65.npz,1886,9,0.0,94.250000,"forehead_strip,left_cheek_big,right_cheek_big",,20.0,1.0009566326530612,train
COHFACE,'Subj_11_2_x0.75,Subj_11_2,Dataset/3_ROI/MEGA_AUG/aug_npz/COHFACE_Subj_11_2_Subj_11_2_x0.75.npz,1635,9,0.0,81.700000,"forehead_strip,left_cheek_big,right_cheek_big",,20.0,1.0009566326530612,train
COHFACE,'Subj_11_2_x1.2,Subj_11_2,Dataset/3_ROI/MEGA_AUG/aug_npz/COHFACE_Subj_11_2_Subj_11_2_x1.2.npz,1022,9,0.0,51.050000,"forehead_strip,left_cheek_big,right_cheek_big",,20.0,1.0009566326530612,train
COHFACE,'Subj_11_2_x1.4,Subj_11_2,Dataset/3_ROI/MEGA_AUG/aug_npz/COHFACE_Subj_11_2_Subj_11_2_x1.4.npz,876,9,0.0,43.750000,"forehead_strip,left_cheek_big,right_cheek_big",,20.0,1.0009566326530612,train
COHFACE,'Subj_11_2_x1.6,Subj_11_2,Dataset/3_ROI/MEGA_AUG/aug_npz/COHFACE_Subj_11_2_Subj_11_2_x1.6.npz,766,9,0.0,38.250000,"forehead_strip,left_cheek_big,right_cheek_big",,20.0,1.0009566326530612,train
COHFACE,'Subj_11_2_x1.8,Subj_11_2,Dataset/3_ROI/MEGA_AUG/aug_npz/COHFACE_Subj_11_2_Subj_11_2_x1.8.npz,681,9,0.0,34.000000,"forehead_strip,left_cheek_big,right_cheek_big",,20.0,1.0009566326530612,train
COHFACE,'Subj_11_3,Subj_11_3,Dataset/3_ROI/COHFACE_RAW/Subj_11_3.npz,1227,9,0.0,61.3,"forehead_strip,left_cheek_big,right_cheek_big",,20.0,1.0021793433931483,train
COHFACE,'Subj_11_3_x0.65,Subj_11_3,Dataset/3_ROI/MEGA_AUG/aug_npz/COHFACE_Subj_11_3_Subj_11_3_x0.65.npz,1888,9,0.0,94.350000,"forehead_strip,left_cheek_big,right_cheek_big",,20.0,1.0021793433931483,train
COHFACE,'Subj_11_3_x0.75,Subj_11_3,Dataset/3_ROI/MEGA_AUG/aug_npz/COHFACE_Subj_11_3_Subj_11_3_x0.75.npz,1636,9,0.0,81.750000,"forehead_strip,left_cheek_big,right_cheek_big",,20.0,1.0021793433931483,train
COHFACE,'Subj_11_3_x1.2,Subj_11_3,Dataset/3_ROI/MEGA_AUG/aug_npz/COHFACE_Subj_11_3_Subj_11_3_x1.2.npz,1022,9,0.0,51.050000,"forehead_strip,left_cheek_big,right_cheek_big",,20.0,1.0021793433931483,train
COHFACE,'Subj_11_3_x1.4,Subj_11_3,Dataset/3_ROI/MEGA_AUG/aug_npz/COHFACE_Subj_11_3_Subj_11_3_x1.4.npz,876,9,0.0,43.750000,"forehead_strip,left_cheek_big,right_cheek_big",,20.0,1.0021793433931483,train
COHFACE,'Subj_11_3_x1.6,Subj_11_3,Dataset/3_ROI/MEGA_AUG/aug_npz/COHFACE_Subj_11_3_Subj_11_3_x1.6.npz,767,9,0.0,38.300000,"forehead_strip,left_cheek_big,right_cheek_big",,20.0,1.0021793433931483,train
COHFACE,'Subj_11_3_x1.8,Subj_11_3,Dataset/3_ROI/MEGA_AUG/aug_npz/COHFACE_Subj_11_3_Subj_11_3_x1.8.npz,682,9,0.0,34.050000,"forehead_strip,left_cheek_big,right_cheek_big",,20.0,1.0021793433931483,train
COHFACE,'Subj_12_0,Subj_12_0,Dataset/3_ROI/COHFACE_RAW/Subj_12_0.npz,1577,9,0.0,78.8,"forehead_strip,left_cheek_big,right_cheek_big",,20.0,1.0016953521573604,train
COHFACE,'Subj_12_0_x1.2,Subj_12_0,Dataset/3_ROI/MEGA_AUG/aug_npz/COHFACE_Subj_12_0_Subj_12_0_x1.2.npz,1314,9,0.0,65.650000,"forehead_strip,left_cheek_big,right_cheek_big",,20.0,1.0016953521573604,train
COHFACE,'Subj_12_0_x1.4,Subj_12_0,Dataset/3_ROI/MEGA_AUG/aug_npz/COHFACE_Subj_12_0_Subj_12_0_x1.4.npz,1126,9,0.0,56.250000,"forehead_strip,left_cheek_big,right_cheek_big",,20.0,1.0016953521573604,train
COHFACE,'Subj_12_0_x1.6,Subj_12_0,Dataset/3_ROI/MEGA_AUG/aug_npz/COHFACE_Subj_12_0_Subj_12_0_x1.6.npz,986,9,0.0,49.250000,"forehead_strip,left_cheek_big,right_cheek_big",,20.0,1.0016953521573604,train
COHFACE,'Subj_12_0_x1.8,Subj_12_0,Dataset/3_ROI/MEGA_AUG/aug_npz/COHFACE_Subj_12_0_Subj_12_0_x1.8.npz,876,9,0.0,43.750000,"forehead_strip,left_cheek_big,right_cheek_big",,20.0,1.0016953521573604,train
COHFACE,'Subj_12_1,Subj_12_1,Dataset/3_ROI/COHFACE_RAW/Subj_12_1.npz,1224,9,0.0,61.15,"forehead_strip,left_cheek_big,right_cheek_big",,20.0,1.0025935200327063,train
COHFACE,'Subj_12_1_x1.2,Subj_12_1,Dataset/3_ROI/MEGA_AUG/aug_npz/COHFACE_Subj_12_1_Subj_12_1_x1.2.npz,1020,9,0.0,50.950000,"forehead_strip,left_cheek_big,right_cheek_big",,20.0,1.0025935200327063,train
COHFACE,'Subj_12_1_x1.4,Subj_12_1,Dataset/3_ROI/MEGA_AUG/aug_npz/COHFACE_Subj_12_1_Subj_12_1_x1.4.npz,874,9,0.0,43.650000,"forehead_strip,left_cheek_big,right_cheek_big",,20.0,1.0025935200327063,train
COHFACE,'Subj_12_1_x1.6,Subj_12_1,Dataset/3_ROI/MEGA_AUG/aug_npz/COHFACE_Subj_12_1_Subj_12_1_x1.6.npz,765,9,0.0,38.200000,"forehead_strip,left_cheek_big,right_cheek_big",,20.0,1.0025935200327063,train
COHFACE,'Subj_12_1_x1.8,Subj_12_1,Dataset/3_ROI/MEGA_AUG/aug_npz/COHFACE_Subj_12_1_Subj_12_1_x1.8.npz,680,9,0.0,33.950000,"forehead_strip,left_cheek_big,right_cheek_big",,20.0,1.0025935200327063,train
COHFACE,'Subj_12_2,Subj_12_2,Dataset/3_ROI/COHFACE_RAW/Subj_12_2.npz,1285,9,0.0,64.2,"forehead_strip,left_cheek_big,right_cheek_big",,20.0,1.0016914914330215,train
COHFACE,'Subj_12_2_x1.2,Subj_12_2,Dataset/3_ROI/MEGA_AUG/aug_npz/COHFACE_Subj_12_2_Subj_12_2_x1.2.npz,1071,9,0.0,53.500000,"forehead_strip,left_cheek_big,right_cheek_big",,20.0,1.0016914914330215,train
COHFACE,'Subj_12_2_x1.4,Subj_12_2,Dataset/3_ROI/MEGA_AUG/aug_npz/COHFACE_Subj_12_2_Subj_12_2_x1.4.npz,918,9,0.0,45.850000,"forehead_strip,left_cheek_big,right_cheek_big",,20.0,1.0016914914330215,train
COHFACE,'Subj_12_2_x1.6,Subj_12_2,Dataset/3_ROI/MEGA_AUG/aug_npz/COHFACE_Subj_12_2_Subj_12_2_x1.6.npz,803,9,0.0,40.100000,"forehead_strip,left_cheek_big,right_cheek_big",,20.0,1.0016914914330215,train
COHFACE,'Subj_12_2_x1.8,Subj_12_2,Dataset/3_ROI/MEGA_AUG/aug_npz/COHFACE_Subj_12_2_Subj_12_2_x1.8.npz,714,9,0.0,35.650000,"forehead_strip,left_cheek_big,right_cheek_big",,20.0,1.0016914914330215,train
COHFACE,'Subj_12_3,Subj_12_3,Dataset/3_ROI/COHFACE_RAW/Subj_12_3.npz,1233,9,0.0,61.6,"forehead_strip,left_cheek_big,right_cheek_big",,20.0,1.001357041396104,train
COHFACE,'Subj_12_3_x1.2,Subj_12_3,Dataset/3_ROI/MEGA_AUG/aug_npz/COHFACE_Subj_12_3_Subj_12_3_x1.2.npz,1028,9,0.0,51.350000,"forehead_strip,left_cheek_big,right_cheek_big",,20.0,1.001357041396104,train
COHFACE,'Subj_12_3_x1.4,Subj_12_3,Dataset/3_ROI/MEGA_AUG/aug_npz/COHFACE_Subj_12_3_Subj_12_3_x1.4.npz,881,9,0.0,44.000000,"forehead_strip,left_cheek_big,right_cheek_big",,20.0,1.001357041396104,train
COHFACE,'Subj_12_3_x1.6,Subj_12_3,Dataset/3_ROI/MEGA_AUG/aug_npz/COHFACE_Subj_12_3_Subj_12_3_x1.6.npz,771,9,0.0,38.500000,"forehead_strip,left_cheek_big,right_cheek_big",,20.0,1.001357041396104,train
COHFACE,'Subj_12_3_x1.8,Subj_12_3,Dataset/3_ROI/MEGA_AUG/aug_npz/COHFACE_Subj_12_3_Subj_12_3_x1.8.npz,685,9,0.0,34.200000,"forehead_strip,left_cheek_big,right_cheek_big",,20.0,1.001357041396104,train
COHFACE,'Subj_13_0,Subj_13_0,Dataset/3_ROI/COHFACE_RAW/Subj_13_0.npz,1221,9,0.0,61.0,"forehead_strip,left_cheek_big,right_cheek_big",,20.0,1.001985143442623,train
COHFACE,'Subj_13_0_x0.65,Subj_13_0,Dataset/3_ROI/MEGA_AUG/aug_npz/COHFACE_Subj_13_0_Subj_13_0_x0.65.npz,1878,9,0.0,93.850000,"forehead_strip,left_cheek_big,right_cheek_big",,20.0,1.001985143442623,train
COHFACE,'Subj_13_0_x0.75,Subj_13_0,Dataset/3_ROI/MEGA_AUG/aug_npz/COHFACE_Subj_13_0_Subj_13_0_x0.75.npz,1628,9,0.0,81.350000,"forehead_strip,left_cheek_big,right_cheek_big",,20.0,1.001985143442623,train
COHFACE,'Subj_13_0_x1.2,Subj_13_0,Dataset/3_ROI/MEGA_AUG/aug_npz/COHFACE_Subj_13_0_Subj_13_0_x1.2.npz,1018,9,0.0,50.850000,"forehead_strip,left_cheek_big,right_cheek_big",,20.0,1.001985143442623,train
COHFACE,'Subj_13_0_x1.4,Subj_13_0,Dataset/3_ROI/MEGA_AUG/aug_npz/COHFACE_Subj_13_0_Subj_13_0_x1.4.npz,872,9,0.0,43.550000,"forehead_strip,left_cheek_big,right_cheek_big",,20.0,1.001985143442623,train
COHFACE,'Subj_13_0_x1.6,Subj_13_0,Dataset/3_ROI/MEGA_AUG/aug_npz/COHFACE_Subj_13_0_Subj_13_0_x1.6.npz,763,9,0.0,38.100000,"forehead_strip,left_cheek_big,right_cheek_big",,20.0,1.001985143442623,train
COHFACE,'Subj_13_0_x1.8,Subj_13_0,Dataset/3_ROI/MEGA_AUG/aug_npz/COHFACE_Subj_13_0_Subj_13_0_x1.8.npz,678,9,0.0,33.850000,"forehead_strip,left_cheek_big,right_cheek_big",,20.0,1.001985143442623,train
COHFACE,'Subj_13_1,Subj_13_1,Dataset/3_ROI/COHFACE_RAW/Subj_13_1.npz,1228,9,0.0,61.35,"forehead_strip,left_cheek_big,right_cheek_big",,20.0,1.0013625713121437,train
COHFACE,'Subj_13_1_x0.65,Subj_13_1,Dataset/3_ROI/MEGA_AUG/aug_npz/COHFACE_Subj_13_1_Subj_13_1_x0.65.npz,1889,9,0.0,94.400000,"forehead_strip,left_cheek_big,right_cheek_big",,20.0,1.0013625713121437,train
COHFACE,'Subj_13_1_x0.75,Subj_13_1,Dataset/3_ROI/MEGA_AUG/aug_npz/COHFACE_Subj_13_1_Subj_13_1_x0.75.npz,1637,9,0.0,81.800000,"forehead_strip,left_cheek_big,right_cheek_big",,20.0,1.0013625713121437,train
COHFACE,'Subj_13_1_x1.2,Subj_13_1,Dataset/3_ROI/MEGA_AUG/aug_npz/COHFACE_Subj_13_1_Subj_13_1_x1.2.npz,1023,9,0.0,51.100000,"forehead_strip,left_cheek_big,right_cheek_big",,20.0,1.0013625713121437,train
COHFACE,'Subj_13_1_x1.4,Subj_13_1,Dataset/3_ROI/MEGA_AUG/aug_npz/COHFACE_Subj_13_1_Subj_13_1_x1.4.npz,877,9,0.0,43.800000,"forehead_strip,left_cheek_big,right_cheek_big",,20.0,1.0013625713121437,train
COHFACE,'Subj_13_1_x1.6,Subj_13_1,Dataset/3_ROI/MEGA_AUG/aug_npz/COHFACE_Subj_13_1_Subj_13_1_x1.6.npz,768,9,0.0,38.350000,"forehead_strip,left_cheek_big,right_cheek_big",,20.0,1.0013625713121437,train
COHFACE,'Subj_13_1_x1.8,Subj_13_1,Dataset/3_ROI/MEGA_AUG/aug_npz/COHFACE_Subj_13_1_Subj_13_1_x1.8.npz,682,9,0.0,34.050000,"forehead_strip,left_cheek_big,right_cheek_big",,20.0,1.0013625713121437,train
COHFACE,'Subj_13_2,Subj_13_2,Dataset/3_ROI/COHFACE_RAW/Subj_13_2.npz,1243,9,0.0,62.1,"forehead_strip,left_cheek_big,right_cheek_big",,20.0,1.001346115136876,train
COHFACE,'Subj_13_2_x0.65,Subj_13_2,Dataset/3_ROI/MEGA_AUG/aug_npz/COHFACE_Subj_13_2_Subj_13_2_x0.65.npz,1912,9,0.0,95.550000,"forehead_strip,left_cheek_big,right_cheek_big",,20.0,1.001346115136876,train
COHFACE,'Subj_13_2_x0.75,Subj_13_2,Dataset/3_ROI/MEGA_AUG/aug_npz/COHFACE_Subj_13_2_Subj_13_2_x0.75.npz,1657,9,0.0,82.800000,"forehead_strip,left_cheek_big,right_cheek_big",,20.0,1.001346115136876,train
COHFACE,'Subj_13_2_x1.2,Subj_13_2,Dataset/3_ROI/MEGA_AUG/aug_npz/COHFACE_Subj_13_2_Subj_13_2_x1.2.npz,1036,9,0.0,51.750000,"forehead_strip,left_cheek_big,right_cheek_big",,20.0,1.001346115136876,train
COHFACE,'Subj_13_2_x1.4,Subj_13_2,Dataset/3_ROI/MEGA_AUG/aug_npz/COHFACE_Subj_13_2_Subj_13_2_x1.4.npz,888,9,0.0,44.350000,"forehead_strip,left_cheek_big,right_cheek_big",,20.0,1.001346115136876,train
COHFACE,'Subj_13_2_x1.6,Subj_13_2,Dataset/3_ROI/MEGA_AUG/aug_npz/COHFACE_Subj_13_2_Subj_13_2_x1.6.npz,777,9,0.0,38.800000,"forehead_strip,left_cheek_big,right_cheek_big",,20.0,1.001346115136876,train
COHFACE,'Subj_13_2_x1.8,Subj_13_2,Dataset/3_ROI/MEGA_AUG/aug_npz/COHFACE_Subj_13_2_Subj_13_2_x1.8.npz,691,9,0.0,34.500000,"forehead_strip,left_cheek_big,right_cheek_big",,20.0,1.001346115136876,train
COHFACE,'Subj_13_3,Subj_13_3,Dataset/3_ROI/COHFACE_RAW/Subj_13_3.npz,1225,9,0.0,61.2,"forehead_strip,left_cheek_big,right_cheek_big",,20.0,1.0017744076797386,train
COHFACE,'Subj_13_3_x0.65,Subj_13_3,Dataset/3_ROI/MEGA_AUG/aug_npz/COHFACE_Subj_13_3_Subj_13_3_x0.65.npz,1885,9,0.0,94.200000,"forehead_strip,left_cheek_big,right_cheek_big",,20.0,1.0017744076797386,train
COHFACE,'Subj_13_3_x0.75,Subj_13_3,Dataset/3_ROI/MEGA_AUG/aug_npz/COHFACE_Subj_13_3_Subj_13_3_x0.75.npz,1633,9,0.0,81.600000,"forehead_strip,left_cheek_big,right_cheek_big",,20.0,1.0017744076797386,train
COHFACE,'Subj_13_3_x1.2,Subj_13_3,Dataset/3_ROI/MEGA_AUG/aug_npz/COHFACE_Subj_13_3_Subj_13_3_x1.2.npz,1021,9,0.0,51.000000,"forehead_strip,left_cheek_big,right_cheek_big",,20.0,1.0017744076797386,train
COHFACE,'Subj_13_3_x1.4,Subj_13_3,Dataset/3_ROI/MEGA_AUG/aug_npz/COHFACE_Subj_13_3_Subj_13_3_x1.4.npz,875,9,0.0,43.700000,"forehead_strip,left_cheek_big,right_cheek_big",,20.0,1.0017744076797386,train
COHFACE,'Subj_13_3_x1.6,Subj_13_3,Dataset/3_ROI/MEGA_AUG/aug_npz/COHFACE_Subj_13_3_Subj_13_3_x1.6.npz,766,9,0.0,38.250000,"forehead_strip,left_cheek_big,right_cheek_big",,20.0,1.0017744076797386,train
COHFACE,'Subj_13_3_x1.8,Subj_13_3,Dataset/3_ROI/MEGA_AUG/aug_npz/COHFACE_Subj_13_3_Subj_13_3_x1.8.npz,681,9,0.0,34.000000,"forehead_strip,left_cheek_big,right_cheek_big",,20.0,1.0017744076797386,train
COHFACE,'Subj_14_0,Subj_14_0,Dataset/3_ROI/COHFACE_RAW/Subj_14_0.npz,1248,9,0.0,62.35,"forehead_strip,left_cheek_big,right_cheek_big",,20.0,1.001340717722534,train
COHFACE,'Subj_14_0_x0.55,Subj_14_0,Dataset/3_ROI/MEGA_AUG/aug_npz/COHFACE_Subj_14_0_Subj_14_0_x0.55.npz,2269,9,0.0,113.400000,"forehead_strip,left_cheek_big,right_cheek_big",,20.0,1.001340717722534,train
COHFACE,'Subj_14_0_x0.65,Subj_14_0,Dataset/3_ROI/MEGA_AUG/aug_npz/COHFACE_Subj_14_0_Subj_14_0_x0.65.npz,1920,9,0.0,95.950000,"forehead_strip,left_cheek_big,right_cheek_big",,20.0,1.001340717722534,train
COHFACE,'Subj_14_0_x0.75,Subj_14_0,Dataset/3_ROI/MEGA_AUG/aug_npz/COHFACE_Subj_14_0_Subj_14_0_x0.75.npz,1664,9,0.0,83.150000,"forehead_strip,left_cheek_big,right_cheek_big",,20.0,1.001340717722534,train
COHFACE,'Subj_14_0_x1.2,Subj_14_0,Dataset/3_ROI/MEGA_AUG/aug_npz/COHFACE_Subj_14_0_Subj_14_0_x1.2.npz,1040,9,0.0,51.950000,"forehead_strip,left_cheek_big,right_cheek_big",,20.0,1.001340717722534,train
COHFACE,'Subj_14_0_x1.4,Subj_14_0,Dataset/3_ROI/MEGA_AUG/aug_npz/COHFACE_Subj_14_0_Subj_14_0_x1.4.npz,891,9,0.0,44.500000,"forehead_strip,left_cheek_big,right_cheek_big",,20.0,1.001340717722534,train
COHFACE,'Subj_14_0_x1.6,Subj_14_0,Dataset/3_ROI/MEGA_AUG/aug_npz/COHFACE_Subj_14_0_Subj_14_0_x1.6.npz,780,9,0.0,38.950000,"forehead_strip,left_cheek_big,right_cheek_big",,20.0,1.001340717722534,train
COHFACE,'Subj_14_0_x1.8,Subj_14_0,Dataset/3_ROI/MEGA_AUG/aug_npz/COHFACE_Subj_14_0_Subj_14_0_x1.8.npz,693,9,0.0,34.600000,"forehead_strip,left_cheek_big,right_cheek_big",,20.0,1.001340717722534,train
COHFACE,'Subj_14_1,Subj_14_1,Dataset/3_ROI/COHFACE_RAW/Subj_14_1.npz,1234,9,0.0,61.65,"forehead_strip,left_cheek_big,right_cheek_big",,20.0,1.001558698296837,train
COHFACE,'Subj_14_1_x0.55,Subj_14_1,Dataset/3_ROI/MEGA_AUG/aug_npz/COHFACE_Subj_14_1_Subj_14_1_x0.55.npz,2244,9,0.0,112.150000,"forehead_strip,left_cheek_big,right_cheek_big",,20.0,1.001558698296837,train
COHFACE,'Subj_14_1_x0.65,Subj_14_1,Dataset/3_ROI/MEGA_AUG/aug_npz/COHFACE_Subj_14_1_Subj_14_1_x0.65.npz,1898,9,0.0,94.850000,"forehead_strip,left_cheek_big,right_cheek_big",,20.0,1.001558698296837,train
COHFACE,'Subj_14_1_x0.75,Subj_14_1,Dataset/3_ROI/MEGA_AUG/aug_npz/COHFACE_Subj_14_1_Subj_14_1_x0.75.npz,1645,9,0.0,82.200000,"forehead_strip,left_cheek_big,right_cheek_big",,20.0,1.001558698296837,train
COHFACE,'Subj_14_1_x1.2,Subj_14_1,Dataset/3_ROI/MEGA_AUG/aug_npz/COHFACE_Subj_14_1_Subj_14_1_x1.2.npz,1028,9,0.0,51.350000,"forehead_strip,left_cheek_big,right_cheek_big",,20.0,1.001558698296837,train
COHFACE,'Subj_14_1_x1.4,Subj_14_1,Dataset/3_ROI/MEGA_AUG/aug_npz/COHFACE_Subj_14_1_Subj_14_1_x1.4.npz,881,9,0.0,44.000000,"forehead_strip,left_cheek_big,right_cheek_big",,20.0,1.001558698296837,train
COHFACE,'Subj_14_1_x1.6,Subj_14_1,Dataset/3_ROI/MEGA_AUG/aug_npz/COHFACE_Subj_14_1_Subj_14_1_x1.6.npz,771,9,0.0,38.500000,"forehead_strip,left_cheek_big,right_cheek_big",,20.0,1.001558698296837,train
COHFACE,'Subj_14_1_x1.8,Subj_14_1,Dataset/3_ROI/MEGA_AUG/aug_npz/COHFACE_Subj_14_1_Subj_14_1_x1.8.npz,686,9,0.0,34.250000,"forehead_strip,left_cheek_big,right_cheek_big",,20.0,1.001558698296837,train
COHFACE,'Subj_14_2,Subj_14_2,Dataset/3_ROI/COHFACE_RAW/Subj_14_2.npz,1244,9,0.0,62.15,"forehead_strip,left_cheek_big,right_cheek_big",,20.0,1.0015461584875305,train
COHFACE,'Subj_14_2_x0.55,Subj_14_2,Dataset/3_ROI/MEGA_AUG/aug_npz/COHFACE_Subj_14_2_Subj_14_2_x0.55.npz,2262,9,0.0,113.050000,"forehead_strip,left_cheek_big,right_cheek_big",,20.0,1.0015461584875305,train
COHFACE,'Subj_14_2_x0.65,Subj_14_2,Dataset/3_ROI/MEGA_AUG/aug_npz/COHFACE_Subj_14_2_Subj_14_2_x0.65.npz,1914,9,0.0,95.650000,"forehead_strip,left_cheek_big,right_cheek_big",,20.0,1.0015461584875305,train
COHFACE,'Subj_14_2_x0.75,Subj_14_2,Dataset/3_ROI/MEGA_AUG/aug_npz/COHFACE_Subj_14_2_Subj_14_2_x0.75.npz,1659,9,0.0,82.900000,"forehead_strip,left_cheek_big,right_cheek_big",,20.0,1.0015461584875305,train
COHFACE,'Subj_14_2_x1.2,Subj_14_2,Dataset/3_ROI/MEGA_AUG/aug_npz/COHFACE_Subj_14_2_Subj_14_2_x1.2.npz,1037,9,0.0,51.800000,"forehead_strip,left_cheek_big,right_cheek_big",,20.0,1.0015461584875305,train
COHFACE,'Subj_14_2_x1.4,Subj_14_2,Dataset/3_ROI/MEGA_AUG/aug_npz/COHFACE_Subj_14_2_Subj_14_2_x1.4.npz,889,9,0.0,44.400000,"forehead_strip,left_cheek_big,right_cheek_big",,20.0,1.0015461584875305,train
COHFACE,'Subj_14_2_x1.6,Subj_14_2,Dataset/3_ROI/MEGA_AUG/aug_npz/COHFACE_Subj_14_2_Subj_14_2_x1.6.npz,778,9,0.0,38.850000,"forehead_strip,left_cheek_big,right_cheek_big",,20.0,1.0015461584875305,train
COHFACE,'Subj_14_2_x1.8,Subj_14_2,Dataset/3_ROI/MEGA_AUG/aug_npz/COHFACE_Subj_14_2_Subj_14_2_x1.8.npz,691,9,0.0,34.500000,"forehead_strip,left_cheek_big,right_cheek_big",,20.0,1.0015461584875305,train
COHFACE,'Subj_14_3,Subj_14_3,Dataset/3_ROI/COHFACE_RAW/Subj_14_3.npz,1235,9,0.0,61.7,"forehead_strip,left_cheek_big,right_cheek_big",,20.0,1.001760028363047,train
COHFACE,'Subj_14_3_x0.55,Subj_14_3,Dataset/3_ROI/MEGA_AUG/aug_npz/COHFACE_Subj_14_3_Subj_14_3_x0.55.npz,2245,9,0.0,112.200000,"forehead_strip,left_cheek_big,right_cheek_big",,20.0,1.001760028363047,train
COHFACE,'Subj_14_3_x0.65,Subj_14_3,Dataset/3_ROI/MEGA_AUG/aug_npz/COHFACE_Subj_14_3_Subj_14_3_x0.65.npz,1900,9,0.0,94.950000,"forehead_strip,left_cheek_big,right_cheek_big",,20.0,1.001760028363047,train
COHFACE,'Subj_14_3_x0.75,Subj_14_3,Dataset/3_ROI/MEGA_AUG/aug_npz/COHFACE_Subj_14_3_Subj_14_3_x0.75.npz,1647,9,0.0,82.300000,"forehead_strip,left_cheek_big,right_cheek_big",,20.0,1.001760028363047,train
COHFACE,'Subj_14_3_x1.2,Subj_14_3,Dataset/3_ROI/MEGA_AUG/aug_npz/COHFACE_Subj_14_3_Subj_14_3_x1.2.npz,1029,9,0.0,51.400000,"forehead_strip,left_cheek_big,right_cheek_big",,20.0,1.001760028363047,train
COHFACE,'Subj_14_3_x1.4,Subj_14_3,Dataset/3_ROI/MEGA_AUG/aug_npz/COHFACE_Subj_14_3_Subj_14_3_x1.4.npz,882,9,0.0,44.050000,"forehead_strip,left_cheek_big,right_cheek_big",,20.0,1.001760028363047,train
COHFACE,'Subj_14_3_x1.6,Subj_14_3,Dataset/3_ROI/MEGA_AUG/aug_npz/COHFACE_Subj_14_3_Subj_14_3_x1.6.npz,772,9,0.0,38.550000,"forehead_strip,left_cheek_big,right_cheek_big",,20.0,1.001760028363047,train
COHFACE,'Subj_14_3_x1.8,Subj_14_3,Dataset/3_ROI/MEGA_AUG/aug_npz/COHFACE_Subj_14_3_Subj_14_3_x1.8.npz,686,9,0.0,34.250000,"forehead_strip,left_cheek_big,right_cheek_big",,20.0,1.001760028363047,train
COHFACE,'Subj_15_0,Subj_15_0,Dataset/3_ROI/COHFACE_RAW/Subj_15_0.npz,1298,9,0.0,64.85,"forehead_strip,left_cheek_big,right_cheek_big",,20.0,1.002252794911334,train
COHFACE,'Subj_15_0_x0.55,Subj_15_0,Dataset/3_ROI/MEGA_AUG/aug_npz/COHFACE_Subj_15_0_Subj_15_0_x0.55.npz,2360,9,0.0,117.950000,"forehead_strip,left_cheek_big,right_cheek_big",,20.0,1.002252794911334,train
COHFACE,'Subj_15_0_x0.65,Subj_15_0,Dataset/3_ROI/MEGA_AUG/aug_npz/COHFACE_Subj_15_0_Subj_15_0_x0.65.npz,1997,9,0.0,99.800000,"forehead_strip,left_cheek_big,right_cheek_big",,20.0,1.002252794911334,train
COHFACE,'Subj_15_0_x0.75,Subj_15_0,Dataset/3_ROI/MEGA_AUG/aug_npz/COHFACE_Subj_15_0_Subj_15_0_x0.75.npz,1731,9,0.0,86.500000,"forehead_strip,left_cheek_big,right_cheek_big",,20.0,1.002252794911334,train
COHFACE,'Subj_15_0_x1.2,Subj_15_0,Dataset/3_ROI/MEGA_AUG/aug_npz/COHFACE_Subj_15_0_Subj_15_0_x1.2.npz,1082,9,0.0,54.050000,"forehead_strip,left_cheek_big,right_cheek_big",,20.0,1.002252794911334,train
COHFACE,'Subj_15_0_x1.4,Subj_15_0,Dataset/3_ROI/MEGA_AUG/aug_npz/COHFACE_Subj_15_0_Subj_15_0_x1.4.npz,927,9,0.0,46.300000,"forehead_strip,left_cheek_big,right_cheek_big",,20.0,1.002252794911334,train
COHFACE,'Subj_15_0_x1.6,Subj_15_0,Dataset/3_ROI/MEGA_AUG/aug_npz/COHFACE_Subj_15_0_Subj_15_0_x1.6.npz,811,9,0.0,40.500000,"forehead_strip,left_cheek_big,right_cheek_big",,20.0,1.002252794911334,train
COHFACE,'Subj_15_0_x1.8,Subj_15_0,Dataset/3_ROI/MEGA_AUG/aug_npz/COHFACE_Subj_15_0_Subj_15_0_x1.8.npz,721,9,0.0,36.000000,"forehead_strip,left_cheek_big,right_cheek_big",,20.0,1.002252794911334,train
COHFACE,'Subj_15_1,Subj_15_1,Dataset/3_ROI/COHFACE_RAW/Subj_15_1.npz,1223,9,0.0,61.1,"forehead_strip,left_cheek_big,right_cheek_big",,20.0,1.0013681464811783,train
COHFACE,'Subj_15_1_x0.55,Subj_15_1,Dataset/3_ROI/MEGA_AUG/aug_npz/COHFACE_Subj_15_1_Subj_15_1_x0.55.npz,2224,9,0.0,111.150000,"forehead_strip,left_cheek_big,right_cheek_big",,20.0,1.0013681464811783,train
COHFACE,'Subj_15_1_x0.65,Subj_15_1,Dataset/3_ROI/MEGA_AUG/aug_npz/COHFACE_Subj_15_1_Subj_15_1_x0.65.npz,1882,9,0.0,94.050000,"forehead_strip,left_cheek_big,right_cheek_big",,20.0,1.0013681464811783,train
COHFACE,'Subj_15_1_x0.75,Subj_15_1,Dataset/3_ROI/MEGA_AUG/aug_npz/COHFACE_Subj_15_1_Subj_15_1_x0.75.npz,1631,9,0.0,81.500000,"forehead_strip,left_cheek_big,right_cheek_big",,20.0,1.0013681464811783,train
COHFACE,'Subj_15_1_x1.2,Subj_15_1,Dataset/3_ROI/MEGA_AUG/aug_npz/COHFACE_Subj_15_1_Subj_15_1_x1.2.npz,1019,9,0.0,50.900000,"forehead_strip,left_cheek_big,right_cheek_big",,20.0,1.0013681464811783,train
COHFACE,'Subj_15_1_x1.4,Subj_15_1,Dataset/3_ROI/MEGA_AUG/aug_npz/COHFACE_Subj_15_1_Subj_15_1_x1.4.npz,874,9,0.0,43.650000,"forehead_strip,left_cheek_big,right_cheek_big",,20.0,1.0013681464811783,train
COHFACE,'Subj_15_1_x1.6,Subj_15_1,Dataset/3_ROI/MEGA_AUG/aug_npz/COHFACE_Subj_15_1_Subj_15_1_x1.6.npz,764,9,0.0,38.150000,"forehead_strip,left_cheek_big,right_cheek_big",,20.0,1.0013681464811783,train
COHFACE,'Subj_15_1_x1.8,Subj_15_1,Dataset/3_ROI/MEGA_AUG/aug_npz/COHFACE_Subj_15_1_Subj_15_1_x1.8.npz,679,9,0.0,33.900000,"forehead_strip,left_cheek_big,right_cheek_big",,20.0,1.0013681464811783,train
COHFACE,'Subj_15_2,Subj_15_2,Dataset/3_ROI/COHFACE_RAW/Subj_15_2.npz,1227,9,0.0,61.3,"forehead_strip,left_cheek_big,right_cheek_big",,20.0,1.0011597675367048,train
COHFACE,'Subj_15_2_x0.55,Subj_15_2,Dataset/3_ROI/MEGA_AUG/aug_npz/COHFACE_Subj_15_2_Subj_15_2_x0.55.npz,2231,9,0.0,111.500000,"forehead_strip,left_cheek_big,right_cheek_big",,20.0,1.0011597675367048,train
COHFACE,'Subj_15_2_x0.65,Subj_15_2,Dataset/3_ROI/MEGA_AUG/aug_npz/COHFACE_Subj_15_2_Subj_15_2_x0.65.npz,1888,9,0.0,94.350000,"forehead_strip,left_cheek_big,right_cheek_big",,20.0,1.0011597675367048,train
COHFACE,'Subj_15_2_x0.75,Subj_15_2,Dataset/3_ROI/MEGA_AUG/aug_npz/COHFACE_Subj_15_2_Subj_15_2_x0.75.npz,1636,9,0.0,81.750000,"forehead_strip,left_cheek_big,right_cheek_big",,20.0,1.0011597675367048,train
COHFACE,'Subj_15_2_x1.2,Subj_15_2,Dataset/3_ROI/MEGA_AUG/aug_npz/COHFACE_Subj_15_2_Subj_15_2_x1.2.npz,1022,9,0.0,51.050000,"forehead_strip,left_cheek_big,right_cheek_big",,20.0,1.0011597675367048,train
COHFACE,'Subj_15_2_x1.4,Subj_15_2,Dataset/3_ROI/MEGA_AUG/aug_npz/COHFACE_Subj_15_2_Subj_15_2_x1.4.npz,876,9,0.0,43.750000,"forehead_strip,left_cheek_big,right_cheek_big",,20.0,1.0011597675367048,train
COHFACE,'Subj_15_2_x1.6,Subj_15_2,Dataset/3_ROI/MEGA_AUG/aug_npz/COHFACE_Subj_15_2_Subj_15_2_x1.6.npz,767,9,0.0,38.300000,"forehead_strip,left_cheek_big,right_cheek_big",,20.0,1.0011597675367048,train
COHFACE,'Subj_15_2_x1.8,Subj_15_2,Dataset/3_ROI/MEGA_AUG/aug_npz/COHFACE_Subj_15_2_Subj_15_2_x1.8.npz,682,9,0.0,34.050000,"forehead_strip,left_cheek_big,right_cheek_big",,20.0,1.0011597675367048,train
COHFACE,'Subj_15_3,Subj_15_3,Dataset/3_ROI/COHFACE_RAW/Subj_15_3.npz,1255,9,0.0,62.7,"forehead_strip,left_cheek_big,right_cheek_big",,20.0,1.0017319577352473,train
COHFACE,'Subj_15_3_x0.55,Subj_15_3,Dataset/3_ROI/MEGA_AUG/aug_npz/COHFACE_Subj_15_3_Subj_15_3_x0.55.npz,2282,9,0.0,114.050000,"forehead_strip,left_cheek_big,right_cheek_big",,20.0,1.0017319577352473,train
COHFACE,'Subj_15_3_x0.65,Subj_15_3,Dataset/3_ROI/MEGA_AUG/aug_npz/COHFACE_Subj_15_3_Subj_15_3_x0.65.npz,1931,9,0.0,96.500000,"forehead_strip,left_cheek_big,right_cheek_big",,20.0,1.0017319577352473,train
COHFACE,'Subj_15_3_x0.75,Subj_15_3,Dataset/3_ROI/MEGA_AUG/aug_npz/COHFACE_Subj_15_3_Subj_15_3_x0.75.npz,1673,9,0.0,83.600000,"forehead_strip,left_cheek_big,right_cheek_big",,20.0,1.0017319577352473,train
COHFACE,'Subj_15_3_x1.2,Subj_15_3,Dataset/3_ROI/MEGA_AUG/aug_npz/COHFACE_Subj_15_3_Subj_15_3_x1.2.npz,1046,9,0.0,52.250000,"forehead_strip,left_cheek_big,right_cheek_big",,20.0,1.0017319577352473,train
COHFACE,'Subj_15_3_x1.4,Subj_15_3,Dataset/3_ROI/MEGA_AUG/aug_npz/COHFACE_Subj_15_3_Subj_15_3_x1.4.npz,896,9,0.0,44.750000,"forehead_strip,left_cheek_big,right_cheek_big",,20.0,1.0017319577352473,train
COHFACE,'Subj_15_3_x1.6,Subj_15_3,Dataset/3_ROI/MEGA_AUG/aug_npz/COHFACE_Subj_15_3_Subj_15_3_x1.6.npz,784,9,0.0,39.150000,"forehead_strip,left_cheek_big,right_cheek_big",,20.0,1.0017319577352473,train
COHFACE,'Subj_15_3_x1.8,Subj_15_3,Dataset/3_ROI/MEGA_AUG/aug_npz/COHFACE_Subj_15_3_Subj_15_3_x1.8.npz,697,9,0.0,34.800000,"forehead_strip,left_cheek_big,right_cheek_big",,20.0,1.0017319577352473,train
COHFACE,'Subj_16_0,Subj_16_0,Dataset/3_ROI/COHFACE_RAW/Subj_16_0.npz,1232,9,0.0,61.55,"forehead_strip,left_cheek_big,right_cheek_big",,20.0,1.002170491470349,train
COHFACE,'Subj_16_0_x0.75,Subj_16_0,Dataset/3_ROI/MEGA_AUG/aug_npz/COHFACE_Subj_16_0_Subj_16_0_x0.75.npz,1643,9,0.0,82.100000,"forehead_strip,left_cheek_big,right_cheek_big",,20.0,1.002170491470349,train
COHFACE,'Subj_16_0_x1.2,Subj_16_0,Dataset/3_ROI/MEGA_AUG/aug_npz/COHFACE_Subj_16_0_Subj_16_0_x1.2.npz,1027,9,0.0,51.300000,"forehead_strip,left_cheek_big,right_cheek_big",,20.0,1.002170491470349,train
COHFACE,'Subj_16_0_x1.4,Subj_16_0,Dataset/3_ROI/MEGA_AUG/aug_npz/COHFACE_Subj_16_0_Subj_16_0_x1.4.npz,880,9,0.0,43.950000,"forehead_strip,left_cheek_big,right_cheek_big",,20.0,1.002170491470349,train
COHFACE,'Subj_16_0_x1.6,Subj_16_0,Dataset/3_ROI/MEGA_AUG/aug_npz/COHFACE_Subj_16_0_Subj_16_0_x1.6.npz,770,9,0.0,38.450000,"forehead_strip,left_cheek_big,right_cheek_big",,20.0,1.002170491470349,train
COHFACE,'Subj_16_0_x1.8,Subj_16_0,Dataset/3_ROI/MEGA_AUG/aug_npz/COHFACE_Subj_16_0_Subj_16_0_x1.8.npz,684,9,0.0,34.150000,"forehead_strip,left_cheek_big,right_cheek_big",,20.0,1.002170491470349,train
COHFACE,'Subj_16_1,Subj_16_1,Dataset/3_ROI/COHFACE_RAW/Subj_16_1.npz,1238,9,0.0,61.85,"forehead_strip,left_cheek_big,right_cheek_big",,20.0,1.0023620654810024,train
COHFACE,'Subj_16_1_x0.75,Subj_16_1,Dataset/3_ROI/MEGA_AUG/aug_npz/COHFACE_Subj_16_1_Subj_16_1_x0.75.npz,1651,9,0.0,82.500000,"forehead_strip,left_cheek_big,right_cheek_big",,20.0,1.0023620654810024,train
COHFACE,'Subj_16_1_x1.2,Subj_16_1,Dataset/3_ROI/MEGA_AUG/aug_npz/COHFACE_Subj_16_1_Subj_16_1_x1.2.npz,1032,9,0.0,51.550000,"forehead_strip,left_cheek_big,right_cheek_big",,20.0,1.0023620654810024,train
COHFACE,'Subj_16_1_x1.4,Subj_16_1,Dataset/3_ROI/MEGA_AUG/aug_npz/COHFACE_Subj_16_1_Subj_16_1_x1.4.npz,884,9,0.0,44.150000,"forehead_strip,left_cheek_big,right_cheek_big",,20.0,1.0023620654810024,train
COHFACE,'Subj_16_1_x1.6,Subj_16_1,Dataset/3_ROI/MEGA_AUG/aug_npz/COHFACE_Subj_16_1_Subj_16_1_x1.6.npz,774,9,0.0,38.650000,"forehead_strip,left_cheek_big,right_cheek_big",,20.0,1.0023620654810024,train
COHFACE,'Subj_16_1_x1.8,Subj_16_1,Dataset/3_ROI/MEGA_AUG/aug_npz/COHFACE_Subj_16_1_Subj_16_1_x1.8.npz,688,9,0.0,34.350000,"forehead_strip,left_cheek_big,right_cheek_big",,20.0,1.0023620654810024,train
COHFACE,'Subj_16_2,Subj_16_2,Dataset/3_ROI/COHFACE_RAW/Subj_16_2.npz,1232,9,0.0,61.55,"forehead_strip,left_cheek_big,right_cheek_big",,20.0,1.001155056864338,train
COHFACE,'Subj_16_2_x0.75,Subj_16_2,Dataset/3_ROI/MEGA_AUG/aug_npz/COHFACE_Subj_16_2_Subj_16_2_x0.75.npz,1643,9,0.0,82.100000,"forehead_strip,left_cheek_big,right_cheek_big",,20.0,1.001155056864338,train
COHFACE,'Subj_16_2_x1.2,Subj_16_2,Dataset/3_ROI/MEGA_AUG/aug_npz/COHFACE_Subj_16_2_Subj_16_2_x1.2.npz,1027,9,0.0,51.300000,"forehead_strip,left_cheek_big,right_cheek_big",,20.0,1.001155056864338,train
COHFACE,'Subj_16_2_x1.4,Subj_16_2,Dataset/3_ROI/MEGA_AUG/aug_npz/COHFACE_Subj_16_2_Subj_16_2_x1.4.npz,880,9,0.0,43.950000,"forehead_strip,left_cheek_big,right_cheek_big",,20.0,1.001155056864338,train
COHFACE,'Subj_16_2_x1.6,Subj_16_2,Dataset/3_ROI/MEGA_AUG/aug_npz/COHFACE_Subj_16_2_Subj_16_2_x1.6.npz,770,9,0.0,38.450000,"forehead_strip,left_cheek_big,right_cheek_big",,20.0,1.001155056864338,train
COHFACE,'Subj_16_2_x1.8,Subj_16_2,Dataset/3_ROI/MEGA_AUG/aug_npz/COHFACE_Subj_16_2_Subj_16_2_x1.8.npz,684,9,0.0,34.150000,"forehead_strip,left_cheek_big,right_cheek_big",,20.0,1.001155056864338,train
COHFACE,'Subj_16_3,Subj_16_3,Dataset/3_ROI/COHFACE_RAW/Subj_16_3.npz,1228,9,0.0,61.35,"forehead_strip,left_cheek_big,right_cheek_big",,20.0,1.0013625713121437,train
COHFACE,'Subj_16_3_x0.75,Subj_16_3,Dataset/3_ROI/MEGA_AUG/aug_npz/COHFACE_Subj_16_3_Subj_16_3_x0.75.npz,1637,9,0.0,81.800000,"forehead_strip,left_cheek_big,right_cheek_big",,20.0,1.0013625713121437,train
COHFACE,'Subj_16_3_x1.2,Subj_16_3,Dataset/3_ROI/MEGA_AUG/aug_npz/COHFACE_Subj_16_3_Subj_16_3_x1.2.npz,1023,9,0.0,51.100000,"forehead_strip,left_cheek_big,right_cheek_big",,20.0,1.0013625713121437,train
COHFACE,'Subj_16_3_x1.4,Subj_16_3,Dataset/3_ROI/MEGA_AUG/aug_npz/COHFACE_Subj_16_3_Subj_16_3_x1.4.npz,877,9,0.0,43.800000,"forehead_strip,left_cheek_big,right_cheek_big",,20.0,1.0013625713121437,train
COHFACE,'Subj_16_3_x1.6,Subj_16_3,Dataset/3_ROI/MEGA_AUG/aug_npz/COHFACE_Subj_16_3_Subj_16_3_x1.6.npz,768,9,0.0,38.350000,"forehead_strip,left_cheek_big,right_cheek_big",,20.0,1.0013625713121437,train
COHFACE,'Subj_16_3_x1.8,Subj_16_3,Dataset/3_ROI/MEGA_AUG/aug_npz/COHFACE_Subj_16_3_Subj_16_3_x1.8.npz,682,9,0.0,34.050000,"forehead_strip,left_cheek_big,right_cheek_big",,20.0,1.0013625713121437,train
COHFACE,'Subj_17_0,Subj_17_0,Dataset/3_ROI/COHFACE_RAW/Subj_17_0.npz,1226,9,0.0,61.25,"forehead_strip,left_cheek_big,right_cheek_big",,20.0,1.0019770408163264,train
COHFACE,'Subj_17_0_x0.75,Subj_17_0,Dataset/3_ROI/MEGA_AUG/aug_npz/COHFACE_Subj_17_0_Subj_17_0_x0.75.npz,1635,9,0.0,81.700000,"forehead_strip,left_cheek_big,right_cheek_big",,20.0,1.0019770408163264,train
COHFACE,'Subj_17_0_x1.2,Subj_17_0,Dataset/3_ROI/MEGA_AUG/aug_npz/COHFACE_Subj_17_0_Subj_17_0_x1.2.npz,1022,9,0.0,51.050000,"forehead_strip,left_cheek_big,right_cheek_big",,20.0,1.0019770408163264,train
COHFACE,'Subj_17_0_x1.4,Subj_17_0,Dataset/3_ROI/MEGA_AUG/aug_npz/COHFACE_Subj_17_0_Subj_17_0_x1.4.npz,876,9,0.0,43.750000,"forehead_strip,left_cheek_big,right_cheek_big",,20.0,1.0019770408163264,train
COHFACE,'Subj_17_0_x1.6,Subj_17_0,Dataset/3_ROI/MEGA_AUG/aug_npz/COHFACE_Subj_17_0_Subj_17_0_x1.6.npz,766,9,0.0,38.250000,"forehead_strip,left_cheek_big,right_cheek_big",,20.0,1.0019770408163264,train
COHFACE,'Subj_17_0_x1.8,Subj_17_0,Dataset/3_ROI/MEGA_AUG/aug_npz/COHFACE_Subj_17_0_Subj_17_0_x1.8.npz,681,9,0.0,34.000000,"forehead_strip,left_cheek_big,right_cheek_big",,20.0,1.0019770408163264,train
COHFACE,'Subj_17_1,Subj_17_1,Dataset/3_ROI/COHFACE_RAW/Subj_17_1.npz,1219,9,0.0,60.9,"forehead_strip,left_cheek_big,right_cheek_big",,20.0,1.00157789408867,train
COHFACE,'Subj_17_1_x0.75,Subj_17_1,Dataset/3_ROI/MEGA_AUG/aug_npz/COHFACE_Subj_17_1_Subj_17_1_x0.75.npz,1625,9,0.0,81.200000,"forehead_strip,left_cheek_big,right_cheek_big",,20.0,1.00157789408867,train
COHFACE,'Subj_17_1_x1.2,Subj_17_1,Dataset/3_ROI/MEGA_AUG/aug_npz/COHFACE_Subj_17_1_Subj_17_1_x1.2.npz,1016,9,0.0,50.750000,"forehead_strip,left_cheek_big,right_cheek_big",,20.0,1.00157789408867,train
COHFACE,'Subj_17_1_x1.4,Subj_17_1,Dataset/3_ROI/MEGA_AUG/aug_npz/COHFACE_Subj_17_1_Subj_17_1_x1.4.npz,871,9,0.0,43.500000,"forehead_strip,left_cheek_big,right_cheek_big",,20.0,1.00157789408867,train
COHFACE,'Subj_17_1_x1.6,Subj_17_1,Dataset/3_ROI/MEGA_AUG/aug_npz/COHFACE_Subj_17_1_Subj_17_1_x1.6.npz,762,9,0.0,38.050000,"forehead_strip,left_cheek_big,right_cheek_big",,20.0,1.00157789408867,train
COHFACE,'Subj_17_1_x1.8,Subj_17_1,Dataset/3_ROI/MEGA_AUG/aug_npz/COHFACE_Subj_17_1_Subj_17_1_x1.8.npz,677,9,0.0,33.800000,"forehead_strip,left_cheek_big,right_cheek_big",,20.0,1.00157789408867,train
COHFACE,'Subj_17_2,Subj_17_2,Dataset/3_ROI/COHFACE_RAW/Subj_17_2.npz,1218,9,0.0,60.85,"forehead_strip,left_cheek_big,right_cheek_big",,20.0,1.0024008833196385,train
COHFACE,'Subj_17_2_x0.75,Subj_17_2,Dataset/3_ROI/MEGA_AUG/aug_npz/COHFACE_Subj_17_2_Subj_17_2_x0.75.npz,1624,9,0.0,81.150000,"forehead_strip,left_cheek_big,right_cheek_big",,20.0,1.0024008833196385,train
COHFACE,'Subj_17_2_x1.2,Subj_17_2,Dataset/3_ROI/MEGA_AUG/aug_npz/COHFACE_Subj_17_2_Subj_17_2_x1.2.npz,1015,9,0.0,50.700000,"forehead_strip,left_cheek_big,right_cheek_big",,20.0,1.0024008833196385,train
COHFACE,'Subj_17_2_x1.4,Subj_17_2,Dataset/3_ROI/MEGA_AUG/aug_npz/COHFACE_Subj_17_2_Subj_17_2_x1.4.npz,870,9,0.0,43.450000,"forehead_strip,left_cheek_big,right_cheek_big",,20.0,1.0024008833196385,train
COHFACE,'Subj_17_2_x1.6,Subj_17_2,Dataset/3_ROI/MEGA_AUG/aug_npz/COHFACE_Subj_17_2_Subj_17_2_x1.6.npz,761,9,0.0,38.000000,"forehead_strip,left_cheek_big,right_cheek_big",,20.0,1.0024008833196385,train
COHFACE,'Subj_17_2_x1.8,Subj_17_2,Dataset/3_ROI/MEGA_AUG/aug_npz/COHFACE_Subj_17_2_Subj_17_2_x1.8.npz,677,9,0.0,33.800000,"forehead_strip,left_cheek_big,right_cheek_big",,20.0,1.0024008833196385,train
COHFACE,'Subj_17_3,Subj_17_3,Dataset/3_ROI/COHFACE_RAW/Subj_17_3.npz,1239,9,0.0,61.9,"forehead_strip,left_cheek_big,right_cheek_big",,20.0,1.001552403069467,train
COHFACE,'Subj_17_3_x0.75,Subj_17_3,Dataset/3_ROI/MEGA_AUG/aug_npz/COHFACE_Subj_17_3_Subj_17_3_x0.75.npz,1652,9,0.0,82.550000,"forehead_strip,left_cheek_big,right_cheek_big",,20.0,1.001552403069467,train
COHFACE,'Subj_17_3_x1.2,Subj_17_3,Dataset/3_ROI/MEGA_AUG/aug_npz/COHFACE_Subj_17_3_Subj_17_3_x1.2.npz,1032,9,0.0,51.550000,"forehead_strip,left_cheek_big,right_cheek_big",,20.0,1.001552403069467,train
COHFACE,'Subj_17_3_x1.4,Subj_17_3,Dataset/3_ROI/MEGA_AUG/aug_npz/COHFACE_Subj_17_3_Subj_17_3_x1.4.npz,885,9,0.0,44.200000,"forehead_strip,left_cheek_big,right_cheek_big",,20.0,1.001552403069467,train
COHFACE,'Subj_17_3_x1.6,Subj_17_3,Dataset/3_ROI/MEGA_AUG/aug_npz/COHFACE_Subj_17_3_Subj_17_3_x1.6.npz,774,9,0.0,38.650000,"forehead_strip,left_cheek_big,right_cheek_big",,20.0,1.001552403069467,train
COHFACE,'Subj_17_3_x1.8,Subj_17_3,Dataset/3_ROI/MEGA_AUG/aug_npz/COHFACE_Subj_17_3_Subj_17_3_x1.8.npz,688,9,0.0,34.350000,"forehead_strip,left_cheek_big,right_cheek_big",,20.0,1.001552403069467,train
COHFACE,'Subj_18_0,Subj_18_0,Dataset/3_ROI/COHFACE_RAW/Subj_18_0.npz,1243,9,0.0,62.1,"forehead_strip,left_cheek_big,right_cheek_big",,20.0,1.001346115136876,train
COHFACE,'Subj_18_0_x0.55,Subj_18_0,Dataset/3_ROI/MEGA_AUG/aug_npz/COHFACE_Subj_18_0_Subj_18_0_x0.55.npz,2260,9,0.0,112.950000,"forehead_strip,left_cheek_big,right_cheek_big",,20.0,1.001346115136876,train
COHFACE,'Subj_18_0_x0.65,Subj_18_0,Dataset/3_ROI/MEGA_AUG/aug_npz/COHFACE_Subj_18_0_Subj_18_0_x0.65.npz,1912,9,0.0,95.550000,"forehead_strip,left_cheek_big,right_cheek_big",,20.0,1.001346115136876,train
COHFACE,'Subj_18_0_x0.75,Subj_18_0,Dataset/3_ROI/MEGA_AUG/aug_npz/COHFACE_Subj_18_0_Subj_18_0_x0.75.npz,1657,9,0.0,82.800000,"forehead_strip,left_cheek_big,right_cheek_big",,20.0,1.001346115136876,train
COHFACE,'Subj_18_0_x1.2,Subj_18_0,Dataset/3_ROI/MEGA_AUG/aug_npz/COHFACE_Subj_18_0_Subj_18_0_x1.2.npz,1036,9,0.0,51.750000,"forehead_strip,left_cheek_big,right_cheek_big",,20.0,1.001346115136876,train
COHFACE,'Subj_18_0_x1.4,Subj_18_0,Dataset/3_ROI/MEGA_AUG/aug_npz/COHFACE_Subj_18_0_Subj_18_0_x1.4.npz,888,9,0.0,44.350000,"forehead_strip,left_cheek_big,right_cheek_big",,20.0,1.001346115136876,train
COHFACE,'Subj_18_0_x1.6,Subj_18_0,Dataset/3_ROI/MEGA_AUG/aug_npz/COHFACE_Subj_18_0_Subj_18_0_x1.6.npz,777,9,0.0,38.800000,"forehead_strip,left_cheek_big,right_cheek_big",,20.0,1.001346115136876,train
COHFACE,'Subj_18_0_x1.8,Subj_18_0,Dataset/3_ROI/MEGA_AUG/aug_npz/COHFACE_Subj_18_0_Subj_18_0_x1.8.npz,691,9,0.0,34.500000,"forehead_strip,left_cheek_big,right_cheek_big",,20.0,1.001346115136876,train
COHFACE,'Subj_18_1,Subj_18_1,Dataset/3_ROI/COHFACE_RAW/Subj_18_1.npz,1239,9,0.0,61.9,"forehead_strip,left_cheek_big,right_cheek_big",,20.0,1.001552403069467,train
COHFACE,'Subj_18_1_x0.55,Subj_18_1,Dataset/3_ROI/MEGA_AUG/aug_npz/COHFACE_Subj_18_1_Subj_18_1_x0.55.npz,2253,9,0.0,112.600000,"forehead_strip,left_cheek_big,right_cheek_big",,20.0,1.001552403069467,train
COHFACE,'Subj_18_1_x0.65,Subj_18_1,Dataset/3_ROI/MEGA_AUG/aug_npz/COHFACE_Subj_18_1_Subj_18_1_x0.65.npz,1906,9,0.0,95.250000,"forehead_strip,left_cheek_big,right_cheek_big",,20.0,1.001552403069467,train
COHFACE,'Subj_18_1_x0.75,Subj_18_1,Dataset/3_ROI/MEGA_AUG/aug_npz/COHFACE_Subj_18_1_Subj_18_1_x0.75.npz,1652,9,0.0,82.550000,"forehead_strip,left_cheek_big,right_cheek_big",,20.0,1.001552403069467,train
COHFACE,'Subj_18_1_x1.2,Subj_18_1,Dataset/3_ROI/MEGA_AUG/aug_npz/COHFACE_Subj_18_1_Subj_18_1_x1.2.npz,1032,9,0.0,51.550000,"forehead_strip,left_cheek_big,right_cheek_big",,20.0,1.001552403069467,train
COHFACE,'Subj_18_1_x1.4,Subj_18_1,Dataset/3_ROI/MEGA_AUG/aug_npz/COHFACE_Subj_18_1_Subj_18_1_x1.4.npz,885,9,0.0,44.200000,"forehead_strip,left_cheek_big,right_cheek_big",,20.0,1.001552403069467,train
COHFACE,'Subj_18_1_x1.6,Subj_18_1,Dataset/3_ROI/MEGA_AUG/aug_npz/COHFACE_Subj_18_1_Subj_18_1_x1.6.npz,774,9,0.0,38.650000,"forehead_strip,left_cheek_big,right_cheek_big",,20.0,1.001552403069467,train
COHFACE,'Subj_18_1_x1.8,Subj_18_1,Dataset/3_ROI/MEGA_AUG/aug_npz/COHFACE_Subj_18_1_Subj_18_1_x1.8.npz,688,9,0.0,34.350000,"forehead_strip,left_cheek_big,right_cheek_big",,20.0,1.001552403069467,train
COHFACE,'Subj_18_2,Subj_18_2,Dataset/3_ROI/COHFACE_RAW/Subj_18_2.npz,1226,9,0.0,61.25,"forehead_strip,left_cheek_big,right_cheek_big",,20.0,1.0019770408163264,train
COHFACE,'Subj_18_2_x0.55,Subj_18_2,Dataset/3_ROI/MEGA_AUG/aug_npz/COHFACE_Subj_18_2_Subj_18_2_x0.55.npz,2229,9,0.0,111.400000,"forehead_strip,left_cheek_big,right_cheek_big",,20.0,1.0019770408163264,train
COHFACE,'Subj_18_2_x0.65,Subj_18_2,Dataset/3_ROI/MEGA_AUG/aug_npz/COHFACE_Subj_18_2_Subj_18_2_x0.65.npz,1886,9,0.0,94.250000,"forehead_strip,left_cheek_big,right_cheek_big",,20.0,1.0019770408163264,train
COHFACE,'Subj_18_2_x0.75,Subj_18_2,Dataset/3_ROI/MEGA_AUG/aug_npz/COHFACE_Subj_18_2_Subj_18_2_x0.75.npz,1635,9,0.0,81.700000,"forehead_strip,left_cheek_big,right_cheek_big",,20.0,1.0019770408163264,train
COHFACE,'Subj_18_2_x1.2,Subj_18_2,Dataset/3_ROI/MEGA_AUG/aug_npz/COHFACE_Subj_18_2_Subj_18_2_x1.2.npz,1022,9,0.0,51.050000,"forehead_strip,left_cheek_big,right_cheek_big",,20.0,1.0019770408163264,train
COHFACE,'Subj_18_2_x1.4,Subj_18_2,Dataset/3_ROI/MEGA_AUG/aug_npz/COHFACE_Subj_18_2_Subj_18_2_x1.4.npz,876,9,0.0,43.750000,"forehead_strip,left_cheek_big,right_cheek_big",,20.0,1.0019770408163264,train
COHFACE,'Subj_18_2_x1.6,Subj_18_2,Dataset/3_ROI/MEGA_AUG/aug_npz/COHFACE_Subj_18_2_Subj_18_2_x1.6.npz,766,9,0.0,38.250000,"forehead_strip,left_cheek_big,right_cheek_big",,20.0,1.0019770408163264,train
COHFACE,'Subj_18_2_x1.8,Subj_18_2,Dataset/3_ROI/MEGA_AUG/aug_npz/COHFACE_Subj_18_2_Subj_18_2_x1.8.npz,681,9,0.0,34.000000,"forehead_strip,left_cheek_big,right_cheek_big",,20.0,1.0019770408163264,train
COHFACE,'Subj_18_3,Subj_18_3,Dataset/3_ROI/COHFACE_RAW/Subj_18_3.npz,1244,9,0.0,62.15,"forehead_strip,left_cheek_big,right_cheek_big",,20.0,1.0015461584875305,train
COHFACE,'Subj_18_3_x0.55,Subj_18_3,Dataset/3_ROI/MEGA_AUG/aug_npz/COHFACE_Subj_18_3_Subj_18_3_x0.55.npz,2262,9,0.0,113.050000,"forehead_strip,left_cheek_big,right_cheek_big",,20.0,1.0015461584875305,train
COHFACE,'Subj_18_3_x0.65,Subj_18_3,Dataset/3_ROI/MEGA_AUG/aug_npz/COHFACE_Subj_18_3_Subj_18_3_x0.65.npz,1914,9,0.0,95.650000,"forehead_strip,left_cheek_big,right_cheek_big",,20.0,1.0015461584875305,train
COHFACE,'Subj_18_3_x0.75,Subj_18_3,Dataset/3_ROI/MEGA_AUG/aug_npz/COHFACE_Subj_18_3_Subj_18_3_x0.75.npz,1659,9,0.0,82.900000,"forehead_strip,left_cheek_big,right_cheek_big",,20.0,1.0015461584875305,train
COHFACE,'Subj_18_3_x1.2,Subj_18_3,Dataset/3_ROI/MEGA_AUG/aug_npz/COHFACE_Subj_18_3_Subj_18_3_x1.2.npz,1037,9,0.0,51.800000,"forehead_strip,left_cheek_big,right_cheek_big",,20.0,1.0015461584875305,train
COHFACE,'Subj_18_3_x1.4,Subj_18_3,Dataset/3_ROI/MEGA_AUG/aug_npz/COHFACE_Subj_18_3_Subj_18_3_x1.4.npz,889,9,0.0,44.400000,"forehead_strip,left_cheek_big,right_cheek_big",,20.0,1.0015461584875305,train
COHFACE,'Subj_18_3_x1.6,Subj_18_3,Dataset/3_ROI/MEGA_AUG/aug_npz/COHFACE_Subj_18_3_Subj_18_3_x1.6.npz,778,9,0.0,38.850000,"forehead_strip,left_cheek_big,right_cheek_big",,20.0,1.0015461584875305,train
COHFACE,'Subj_18_3_x1.8,Subj_18_3,Dataset/3_ROI/MEGA_AUG/aug_npz/COHFACE_Subj_18_3_Subj_18_3_x1.8.npz,691,9,0.0,34.500000,"forehead_strip,left_cheek_big,right_cheek_big",,20.0,1.0015461584875305,train
COHFACE,'Subj_19_0,Subj_19_0,Dataset/3_ROI/COHFACE_RAW/Subj_19_0.npz,1209,9,0.0,60.4,"forehead_strip,left_cheek_big,right_cheek_big",,20.0,1.0015909561258278,train
COHFACE,'Subj_19_0_x0.65,Subj_19_0,Dataset/3_ROI/MEGA_AUG/aug_npz/COHFACE_Subj_19_0_Subj_19_0_x0.65.npz,1860,9,0.0,92.950000,"forehead_strip,left_cheek_big,right_cheek_big",,20.0,1.0015909561258278,train
COHFACE,'Subj_19_0_x0.75,Subj_19_0,Dataset/3_ROI/MEGA_AUG/aug_npz/COHFACE_Subj_19_0_Subj_19_0_x0.75.npz,1612,9,0.0,80.550000,"forehead_strip,left_cheek_big,right_cheek_big",,20.0,1.0015909561258278,train
COHFACE,'Subj_19_0_x1.2,Subj_19_0,Dataset/3_ROI/MEGA_AUG/aug_npz/COHFACE_Subj_19_0_Subj_19_0_x1.2.npz,1008,9,0.0,50.350000,"forehead_strip,left_cheek_big,right_cheek_big",,20.0,1.0015909561258278,train
COHFACE,'Subj_19_0_x1.4,Subj_19_0,Dataset/3_ROI/MEGA_AUG/aug_npz/COHFACE_Subj_19_0_Subj_19_0_x1.4.npz,864,9,0.0,43.150000,"forehead_strip,left_cheek_big,right_cheek_big",,20.0,1.0015909561258278,train
COHFACE,'Subj_19_0_x1.6,Subj_19_0,Dataset/3_ROI/MEGA_AUG/aug_npz/COHFACE_Subj_19_0_Subj_19_0_x1.6.npz,756,9,0.0,37.750000,"forehead_strip,left_cheek_big,right_cheek_big",,20.0,1.0015909561258278,train
COHFACE,'Subj_19_0_x1.8,Subj_19_0,Dataset/3_ROI/MEGA_AUG/aug_npz/COHFACE_Subj_19_0_Subj_19_0_x1.8.npz,672,9,0.0,33.550000,"forehead_strip,left_cheek_big,right_cheek_big",,20.0,1.0015909561258278,train
COHFACE,'Subj_19_1,Subj_19_1,Dataset/3_ROI/COHFACE_RAW/Subj_19_1.npz,1209,9,0.0,60.4,"forehead_strip,left_cheek_big,right_cheek_big",,20.0,1.0015909561258278,train
COHFACE,'Subj_19_1_x0.65,Subj_19_1,Dataset/3_ROI/MEGA_AUG/aug_npz/COHFACE_Subj_19_1_Subj_19_1_x0.65.npz,1860,9,0.0,92.950000,"forehead_strip,left_cheek_big,right_cheek_big",,20.0,1.0015909561258278,train
COHFACE,'Subj_19_1_x0.75,Subj_19_1,Dataset/3_ROI/MEGA_AUG/aug_npz/COHFACE_Subj_19_1_Subj_19_1_x0.75.npz,1612,9,0.0,80.550000,"forehead_strip,left_cheek_big,right_cheek_big",,20.0,1.0015909561258278,train
COHFACE,'Subj_19_1_x1.2,Subj_19_1,Dataset/3_ROI/MEGA_AUG/aug_npz/COHFACE_Subj_19_1_Subj_19_1_x1.2.npz,1008,9,0.0,50.350000,"forehead_strip,left_cheek_big,right_cheek_big",,20.0,1.0015909561258278,train
COHFACE,'Subj_19_1_x1.4,Subj_19_1,Dataset/3_ROI/MEGA_AUG/aug_npz/COHFACE_Subj_19_1_Subj_19_1_x1.4.npz,864,9,0.0,43.150000,"forehead_strip,left_cheek_big,right_cheek_big",,20.0,1.0015909561258278,train
COHFACE,'Subj_19_1_x1.6,Subj_19_1,Dataset/3_ROI/MEGA_AUG/aug_npz/COHFACE_Subj_19_1_Subj_19_1_x1.6.npz,756,9,0.0,37.750000,"forehead_strip,left_cheek_big,right_cheek_big",,20.0,1.0015909561258278,train
COHFACE,'Subj_19_1_x1.8,Subj_19_1,Dataset/3_ROI/MEGA_AUG/aug_npz/COHFACE_Subj_19_1_Subj_19_1_x1.8.npz,672,9,0.0,33.550000,"forehead_strip,left_cheek_big,right_cheek_big",,20.0,1.0015909561258278,train
COHFACE,'Subj_19_2,Subj_19_2,Dataset/3_ROI/COHFACE_RAW/Subj_19_2.npz,1211,9,0.0,60.5,"forehead_strip,left_cheek_big,right_cheek_big",,20.0,1.002001549586777,train
COHFACE,'Subj_19_2_x0.65,Subj_19_2,Dataset/3_ROI/MEGA_AUG/aug_npz/COHFACE_Subj_19_2_Subj_19_2_x0.65.npz,1863,9,0.0,93.100000,"forehead_strip,left_cheek_big,right_cheek_big",,20.0,1.002001549586777,train
COHFACE,'Subj_19_2_x0.75,Subj_19_2,Dataset/3_ROI/MEGA_AUG/aug_npz/COHFACE_Subj_19_2_Subj_19_2_x0.75.npz,1615,9,0.0,80.700000,"forehead_strip,left_cheek_big,right_cheek_big",,20.0,1.002001549586777,train
COHFACE,'Subj_19_2_x1.2,Subj_19_2,Dataset/3_ROI/MEGA_AUG/aug_npz/COHFACE_Subj_19_2_Subj_19_2_x1.2.npz,1009,9,0.0,50.400000,"forehead_strip,left_cheek_big,right_cheek_big",,20.0,1.002001549586777,train
COHFACE,'Subj_19_2_x1.4,Subj_19_2,Dataset/3_ROI/MEGA_AUG/aug_npz/COHFACE_Subj_19_2_Subj_19_2_x1.4.npz,865,9,0.0,43.200000,"forehead_strip,left_cheek_big,right_cheek_big",,20.0,1.002001549586777,train
COHFACE,'Subj_19_2_x1.6,Subj_19_2,Dataset/3_ROI/MEGA_AUG/aug_npz/COHFACE_Subj_19_2_Subj_19_2_x1.6.npz,757,9,0.0,37.800000,"forehead_strip,left_cheek_big,right_cheek_big",,20.0,1.002001549586777,train
COHFACE,'Subj_19_2_x1.8,Subj_19_2,Dataset/3_ROI/MEGA_AUG/aug_npz/COHFACE_Subj_19_2_Subj_19_2_x1.8.npz,673,9,0.0,33.600000,"forehead_strip,left_cheek_big,right_cheek_big",,20.0,1.002001549586777,train
COHFACE,'Subj_19_3,Subj_19_3,Dataset/3_ROI/COHFACE_RAW/Subj_19_3.npz,1210,9,0.0,60.45,"forehead_strip,left_cheek_big,right_cheek_big",,20.0,1.001796422663358,train
COHFACE,'Subj_19_3_x0.65,Subj_19_3,Dataset/3_ROI/MEGA_AUG/aug_npz/COHFACE_Subj_19_3_Subj_19_3_x0.65.npz,1862,9,0.0,93.050000,"forehead_strip,left_cheek_big,right_cheek_big",,20.0,1.001796422663358,train
COHFACE,'Subj_19_3_x0.75,Subj_19_3,Dataset/3_ROI/MEGA_AUG/aug_npz/COHFACE_Subj_19_3_Subj_19_3_x0.75.npz,1613,9,0.0,80.600000,"forehead_strip,left_cheek_big,right_cheek_big",,20.0,1.001796422663358,train
COHFACE,'Subj_19_3_x1.2,Subj_19_3,Dataset/3_ROI/MEGA_AUG/aug_npz/COHFACE_Subj_19_3_Subj_19_3_x1.2.npz,1008,9,0.0,50.350000,"forehead_strip,left_cheek_big,right_cheek_big",,20.0,1.001796422663358,train
COHFACE,'Subj_19_3_x1.4,Subj_19_3,Dataset/3_ROI/MEGA_AUG/aug_npz/COHFACE_Subj_19_3_Subj_19_3_x1.4.npz,864,9,0.0,43.150000,"forehead_strip,left_cheek_big,right_cheek_big",,20.0,1.001796422663358,train
COHFACE,'Subj_19_3_x1.6,Subj_19_3,Dataset/3_ROI/MEGA_AUG/aug_npz/COHFACE_Subj_19_3_Subj_19_3_x1.6.npz,756,9,0.0,37.750000,"forehead_strip,left_cheek_big,right_cheek_big",,20.0,1.001796422663358,train
COHFACE,'Subj_19_3_x1.8,Subj_19_3,Dataset/3_ROI/MEGA_AUG/aug_npz/COHFACE_Subj_19_3_Subj_19_3_x1.8.npz,672,9,0.0,33.550000,"forehead_strip,left_cheek_big,right_cheek_big",,20.0,1.001796422663358,train
COHFACE,'Subj_1_0,Subj_1_0,Dataset/3_ROI/COHFACE_RAW/Subj_1_0.npz,1205,9,0.0,60.2,"forehead_strip,left_cheek_big,right_cheek_big",,20.0,1.0018038828903657,train
COHFACE,'Subj_1_0_x0.55,Subj_1_0,Dataset/3_ROI/MEGA_AUG/aug_npz/COHFACE_Subj_1_0_Subj_1_0_x0.55.npz,2191,9,0.0,109.500000,"forehead_strip,left_cheek_big,right_cheek_big",,20.0,1.0018038828903657,train
COHFACE,'Subj_1_0_x0.65,Subj_1_0,Dataset/3_ROI/MEGA_AUG/aug_npz/COHFACE_Subj_1_0_Subj_1_0_x0.65.npz,1854,9,0.0,92.650000,"forehead_strip,left_cheek_big,right_cheek_big",,20.0,1.0018038828903657,train
COHFACE,'Subj_1_0_x0.75,Subj_1_0,Dataset/3_ROI/MEGA_AUG/aug_npz/COHFACE_Subj_1_0_Subj_1_0_x0.75.npz,1607,9,0.0,80.300000,"forehead_strip,left_cheek_big,right_cheek_big",,20.0,1.0018038828903657,train
COHFACE,'Subj_1_0_x1.2,Subj_1_0,Dataset/3_ROI/MEGA_AUG/aug_npz/COHFACE_Subj_1_0_Subj_1_0_x1.2.npz,1004,9,0.0,50.150000,"forehead_strip,left_cheek_big,right_cheek_big",,20.0,1.0018038828903657,train
COHFACE,'Subj_1_0_x1.4,Subj_1_0,Dataset/3_ROI/MEGA_AUG/aug_npz/COHFACE_Subj_1_0_Subj_1_0_x1.4.npz,861,9,0.0,43.000000,"forehead_strip,left_cheek_big,right_cheek_big",,20.0,1.0018038828903657,train
COHFACE,'Subj_1_0_x1.6,Subj_1_0,Dataset/3_ROI/MEGA_AUG/aug_npz/COHFACE_Subj_1_0_Subj_1_0_x1.6.npz,753,9,0.0,37.600000,"forehead_strip,left_cheek_big,right_cheek_big",,20.0,1.0018038828903657,train
COHFACE,'Subj_1_0_x1.8,Subj_1_0,Dataset/3_ROI/MEGA_AUG/aug_npz/COHFACE_Subj_1_0_Subj_1_0_x1.8.npz,669,9,0.0,33.400000,"forehead_strip,left_cheek_big,right_cheek_big",,20.0,1.0018038828903657,train
COHFACE,'Subj_1_1,Subj_1_1,Dataset/3_ROI/COHFACE_RAW/Subj_1_1.npz,1207,9,0.0,60.3,"forehead_strip,left_cheek_big,right_cheek_big",,20.0,1.0011790008291874,train
COHFACE,'Subj_1_1_x0.55,Subj_1_1,Dataset/3_ROI/MEGA_AUG/aug_npz/COHFACE_Subj_1_1_Subj_1_1_x0.55.npz,2195,9,0.0,109.700000,"forehead_strip,left_cheek_big,right_cheek_big",,20.0,1.0011790008291874,train
COHFACE,'Subj_1_1_x0.65,Subj_1_1,Dataset/3_ROI/MEGA_AUG/aug_npz/COHFACE_Subj_1_1_Subj_1_1_x0.65.npz,1857,9,0.0,92.800000,"forehead_strip,left_cheek_big,right_cheek_big",,20.0,1.0011790008291874,train
COHFACE,'Subj_1_1_x0.75,Subj_1_1,Dataset/3_ROI/MEGA_AUG/aug_npz/COHFACE_Subj_1_1_Subj_1_1_x0.75.npz,1609,9,0.0,80.400000,"forehead_strip,left_cheek_big,right_cheek_big",,20.0,1.0011790008291874,train
COHFACE,'Subj_1_1_x1.2,Subj_1_1,Dataset/3_ROI/MEGA_AUG/aug_npz/COHFACE_Subj_1_1_Subj_1_1_x1.2.npz,1006,9,0.0,50.250000,"forehead_strip,left_cheek_big,right_cheek_big",,20.0,1.0011790008291874,train
COHFACE,'Subj_1_1_x1.4,Subj_1_1,Dataset/3_ROI/MEGA_AUG/aug_npz/COHFACE_Subj_1_1_Subj_1_1_x1.4.npz,862,9,0.0,43.050000,"forehead_strip,left_cheek_big,right_cheek_big",,20.0,1.0011790008291874,train
COHFACE,'Subj_1_1_x1.6,Subj_1_1,Dataset/3_ROI/MEGA_AUG/aug_npz/COHFACE_Subj_1_1_Subj_1_1_x1.6.npz,754,9,0.0,37.650000,"forehead_strip,left_cheek_big,right_cheek_big",,20.0,1.0011790008291874,train
COHFACE,'Subj_1_1_x1.8,Subj_1_1,Dataset/3_ROI/MEGA_AUG/aug_npz/COHFACE_Subj_1_1_Subj_1_1_x1.8.npz,671,9,0.0,33.500000,"forehead_strip,left_cheek_big,right_cheek_big",,20.0,1.0011790008291874,train
COHFACE,'Subj_1_2,Subj_1_2,Dataset/3_ROI/COHFACE_RAW/Subj_1_2.npz,1208,9,0.0,60.35,"forehead_strip,left_cheek_big,right_cheek_big",,20.0,1.0003495236122617,train
COHFACE,'Subj_1_2_x0.55,Subj_1_2,Dataset/3_ROI/MEGA_AUG/aug_npz/COHFACE_Subj_1_2_Subj_1_2_x0.55.npz,2196,9,0.0,109.750000,"forehead_strip,left_cheek_big,right_cheek_big",,20.0,1.0003495236122617,train
COHFACE,'Subj_1_2_x0.65,Subj_1_2,Dataset/3_ROI/MEGA_AUG/aug_npz/COHFACE_Subj_1_2_Subj_1_2_x0.65.npz,1858,9,0.0,92.850000,"forehead_strip,left_cheek_big,right_cheek_big",,20.0,1.0003495236122617,train
COHFACE,'Subj_1_2_x0.75,Subj_1_2,Dataset/3_ROI/MEGA_AUG/aug_npz/COHFACE_Subj_1_2_Subj_1_2_x0.75.npz,1611,9,0.0,80.500000,"forehead_strip,left_cheek_big,right_cheek_big",,20.0,1.0003495236122617,train
COHFACE,'Subj_1_2_x1.2,Subj_1_2,Dataset/3_ROI/MEGA_AUG/aug_npz/COHFACE_Subj_1_2_Subj_1_2_x1.2.npz,1007,9,0.0,50.300000,"forehead_strip,left_cheek_big,right_cheek_big",,20.0,1.0003495236122617,train
COHFACE,'Subj_1_2_x1.4,Subj_1_2,Dataset/3_ROI/MEGA_AUG/aug_npz/COHFACE_Subj_1_2_Subj_1_2_x1.4.npz,863,9,0.0,43.100000,"forehead_strip,left_cheek_big,right_cheek_big",,20.0,1.0003495236122617,train
COHFACE,'Subj_1_2_x1.6,Subj_1_2,Dataset/3_ROI/MEGA_AUG/aug_npz/COHFACE_Subj_1_2_Subj_1_2_x1.6.npz,755,9,0.0,37.700000,"forehead_strip,left_cheek_big,right_cheek_big",,20.0,1.0003495236122617,train
COHFACE,'Subj_1_2_x1.8,Subj_1_2,Dataset/3_ROI/MEGA_AUG/aug_npz/COHFACE_Subj_1_2_Subj_1_2_x1.8.npz,671,9,0.0,33.500000,"forehead_strip,left_cheek_big,right_cheek_big",,20.0,1.0003495236122617,train
COHFACE,'Subj_1_3,Subj_1_3,Dataset/3_ROI/COHFACE_RAW/Subj_1_3.npz,1207,9,0.0,60.3,"forehead_strip,left_cheek_big,right_cheek_big",,20.0,1.0011790008291874,train
COHFACE,'Subj_1_3_x0.55,Subj_1_3,Dataset/3_ROI/MEGA_AUG/aug_npz/COHFACE_Subj_1_3_Subj_1_3_x0.55.npz,2195,9,0.0,109.700000,"forehead_strip,left_cheek_big,right_cheek_big",,20.0,1.0011790008291874,train
COHFACE,'Subj_1_3_x0.65,Subj_1_3,Dataset/3_ROI/MEGA_AUG/aug_npz/COHFACE_Subj_1_3_Subj_1_3_x0.65.npz,1857,9,0.0,92.800000,"forehead_strip,left_cheek_big,right_cheek_big",,20.0,1.0011790008291874,train
COHFACE,'Subj_1_3_x0.75,Subj_1_3,Dataset/3_ROI/MEGA_AUG/aug_npz/COHFACE_Subj_1_3_Subj_1_3_x0.75.npz,1609,9,0.0,80.400000,"forehead_strip,left_cheek_big,right_cheek_big",,20.0,1.0011790008291874,train
COHFACE,'Subj_1_3_x1.2,Subj_1_3,Dataset/3_ROI/MEGA_AUG/aug_npz/COHFACE_Subj_1_3_Subj_1_3_x1.2.npz,1006,9,0.0,50.250000,"forehead_strip,left_cheek_big,right_cheek_big",,20.0,1.0011790008291874,train
COHFACE,'Subj_1_3_x1.4,Subj_1_3,Dataset/3_ROI/MEGA_AUG/aug_npz/COHFACE_Subj_1_3_Subj_1_3_x1.4.npz,862,9,0.0,43.050000,"forehead_strip,left_cheek_big,right_cheek_big",,20.0,1.0011790008291874,train
COHFACE,'Subj_1_3_x1.6,Subj_1_3,Dataset/3_ROI/MEGA_AUG/aug_npz/COHFACE_Subj_1_3_Subj_1_3_x1.6.npz,754,9,0.0,37.650000,"forehead_strip,left_cheek_big,right_cheek_big",,20.0,1.0011790008291874,train
COHFACE,'Subj_1_3_x1.8,Subj_1_3,Dataset/3_ROI/MEGA_AUG/aug_npz/COHFACE_Subj_1_3_Subj_1_3_x1.8.npz,671,9,0.0,33.500000,"forehead_strip,left_cheek_big,right_cheek_big",,20.0,1.0011790008291874,train
COHFACE,'Subj_20_0,Subj_20_0,Dataset/3_ROI/COHFACE_RAW/Subj_20_0.npz,1209,9,0.0,60.4,"forehead_strip,left_cheek_big,right_cheek_big",,20.0,1.0015909561258278,train
COHFACE,'Subj_20_0_x0.55,Subj_20_0,Dataset/3_ROI/MEGA_AUG/aug_npz/COHFACE_Subj_20_0_Subj_20_0_x0.55.npz,2198,9,0.0,109.850000,"forehead_strip,left_cheek_big,right_cheek_big",,20.0,1.0015909561258278,train
COHFACE,'Subj_20_0_x0.65,Subj_20_0,Dataset/3_ROI/MEGA_AUG/aug_npz/COHFACE_Subj_20_0_Subj_20_0_x0.65.npz,1860,9,0.0,92.950000,"forehead_strip,left_cheek_big,right_cheek_big",,20.0,1.0015909561258278,train
COHFACE,'Subj_20_0_x0.75,Subj_20_0,Dataset/3_ROI/MEGA_AUG/aug_npz/COHFACE_Subj_20_0_Subj_20_0_x0.75.npz,1612,9,0.0,80.550000,"forehead_strip,left_cheek_big,right_cheek_big",,20.0,1.0015909561258278,train
COHFACE,'Subj_20_0_x1.2,Subj_20_0,Dataset/3_ROI/MEGA_AUG/aug_npz/COHFACE_Subj_20_0_Subj_20_0_x1.2.npz,1008,9,0.0,50.350000,"forehead_strip,left_cheek_big,right_cheek_big",,20.0,1.0015909561258278,train
COHFACE,'Subj_20_0_x1.4,Subj_20_0,Dataset/3_ROI/MEGA_AUG/aug_npz/COHFACE_Subj_20_0_Subj_20_0_x1.4.npz,864,9,0.0,43.150000,"forehead_strip,left_cheek_big,right_cheek_big",,20.0,1.0015909561258278,train
COHFACE,'Subj_20_0_x1.6,Subj_20_0,Dataset/3_ROI/MEGA_AUG/aug_npz/COHFACE_Subj_20_0_Subj_20_0_x1.6.npz,756,9,0.0,37.750000,"forehead_strip,left_cheek_big,right_cheek_big",,20.0,1.0015909561258278,train
COHFACE,'Subj_20_0_x1.8,Subj_20_0,Dataset/3_ROI/MEGA_AUG/aug_npz/COHFACE_Subj_20_0_Subj_20_0_x1.8.npz,672,9,0.0,33.550000,"forehead_strip,left_cheek_big,right_cheek_big",,20.0,1.0015909561258278,train
COHFACE,'Subj_20_1,Subj_20_1,Dataset/3_ROI/COHFACE_RAW/Subj_20_1.npz,1209,9,0.0,60.4,"forehead_strip,left_cheek_big,right_cheek_big",,20.0,1.0015909561258278,train
COHFACE,'Subj_20_1_x0.55,Subj_20_1,Dataset/3_ROI/MEGA_AUG/aug_npz/COHFACE_Subj_20_1_Subj_20_1_x0.55.npz,2198,9,0.0,109.850000,"forehead_strip,left_cheek_big,right_cheek_big",,20.0,1.0015909561258278,train
COHFACE,'Subj_20_1_x0.65,Subj_20_1,Dataset/3_ROI/MEGA_AUG/aug_npz/COHFACE_Subj_20_1_Subj_20_1_x0.65.npz,1860,9,0.0,92.950000,"forehead_strip,left_cheek_big,right_cheek_big",,20.0,1.0015909561258278,train
COHFACE,'Subj_20_1_x0.75,Subj_20_1,Dataset/3_ROI/MEGA_AUG/aug_npz/COHFACE_Subj_20_1_Subj_20_1_x0.75.npz,1612,9,0.0,80.550000,"forehead_strip,left_cheek_big,right_cheek_big",,20.0,1.0015909561258278,train
COHFACE,'Subj_20_1_x1.2,Subj_20_1,Dataset/3_ROI/MEGA_AUG/aug_npz/COHFACE_Subj_20_1_Subj_20_1_x1.2.npz,1008,9,0.0,50.350000,"forehead_strip,left_cheek_big,right_cheek_big",,20.0,1.0015909561258278,train
COHFACE,'Subj_20_1_x1.4,Subj_20_1,Dataset/3_ROI/MEGA_AUG/aug_npz/COHFACE_Subj_20_1_Subj_20_1_x1.4.npz,864,9,0.0,43.150000,"forehead_strip,left_cheek_big,right_cheek_big",,20.0,1.0015909561258278,train
COHFACE,'Subj_20_1_x1.6,Subj_20_1,Dataset/3_ROI/MEGA_AUG/aug_npz/COHFACE_Subj_20_1_Subj_20_1_x1.6.npz,756,9,0.0,37.750000,"forehead_strip,left_cheek_big,right_cheek_big",,20.0,1.0015909561258278,train
COHFACE,'Subj_20_1_x1.8,Subj_20_1,Dataset/3_ROI/MEGA_AUG/aug_npz/COHFACE_Subj_20_1_Subj_20_1_x1.8.npz,672,9,0.0,33.550000,"forehead_strip,left_cheek_big,right_cheek_big",,20.0,1.0015909561258278,train
COHFACE,'Subj_20_2,Subj_20_2,Dataset/3_ROI/COHFACE_RAW/Subj_20_2.npz,1210,9,0.0,60.45,"forehead_strip,left_cheek_big,right_cheek_big",,20.0,1.001796422663358,train
COHFACE,'Subj_20_2_x0.55,Subj_20_2,Dataset/3_ROI/MEGA_AUG/aug_npz/COHFACE_Subj_20_2_Subj_20_2_x0.55.npz,2200,9,0.0,109.950000,"forehead_strip,left_cheek_big,right_cheek_big",,20.0,1.001796422663358,train
COHFACE,'Subj_20_2_x0.65,Subj_20_2,Dataset/3_ROI/MEGA_AUG/aug_npz/COHFACE_Subj_20_2_Subj_20_2_x0.65.npz,1862,9,0.0,93.050000,"forehead_strip,left_cheek_big,right_cheek_big",,20.0,1.001796422663358,train
COHFACE,'Subj_20_2_x0.75,Subj_20_2,Dataset/3_ROI/MEGA_AUG/aug_npz/COHFACE_Subj_20_2_Subj_20_2_x0.75.npz,1613,9,0.0,80.600000,"forehead_strip,left_cheek_big,right_cheek_big",,20.0,1.001796422663358,train
COHFACE,'Subj_20_2_x1.2,Subj_20_2,Dataset/3_ROI/MEGA_AUG/aug_npz/COHFACE_Subj_20_2_Subj_20_2_x1.2.npz,1008,9,0.0,50.350000,"forehead_strip,left_cheek_big,right_cheek_big",,20.0,1.001796422663358,train
COHFACE,'Subj_20_2_x1.4,Subj_20_2,Dataset/3_ROI/MEGA_AUG/aug_npz/COHFACE_Subj_20_2_Subj_20_2_x1.4.npz,864,9,0.0,43.150000,"forehead_strip,left_cheek_big,right_cheek_big",,20.0,1.001796422663358,train
COHFACE,'Subj_20_2_x1.6,Subj_20_2,Dataset/3_ROI/MEGA_AUG/aug_npz/COHFACE_Subj_20_2_Subj_20_2_x1.6.npz,756,9,0.0,37.750000,"forehead_strip,left_cheek_big,right_cheek_big",,20.0,1.001796422663358,train
COHFACE,'Subj_20_2_x1.8,Subj_20_2,Dataset/3_ROI/MEGA_AUG/aug_npz/COHFACE_Subj_20_2_Subj_20_2_x1.8.npz,672,9,0.0,33.550000,"forehead_strip,left_cheek_big,right_cheek_big",,20.0,1.001796422663358,train
COHFACE,'Subj_20_3,Subj_20_3,Dataset/3_ROI/COHFACE_RAW/Subj_20_3.npz,1209,9,0.0,60.4,"forehead_strip,left_cheek_big,right_cheek_big",,20.0,1.0015909561258278,train
COHFACE,'Subj_20_3_x0.55,Subj_20_3,Dataset/3_ROI/MEGA_AUG/aug_npz/COHFACE_Subj_20_3_Subj_20_3_x0.55.npz,2198,9,0.0,109.850000,"forehead_strip,left_cheek_big,right_cheek_big",,20.0,1.0015909561258278,train
COHFACE,'Subj_20_3_x0.65,Subj_20_3,Dataset/3_ROI/MEGA_AUG/aug_npz/COHFACE_Subj_20_3_Subj_20_3_x0.65.npz,1860,9,0.0,92.950000,"forehead_strip,left_cheek_big,right_cheek_big",,20.0,1.0015909561258278,train
COHFACE,'Subj_20_3_x0.75,Subj_20_3,Dataset/3_ROI/MEGA_AUG/aug_npz/COHFACE_Subj_20_3_Subj_20_3_x0.75.npz,1612,9,0.0,80.550000,"forehead_strip,left_cheek_big,right_cheek_big",,20.0,1.0015909561258278,train
COHFACE,'Subj_20_3_x1.2,Subj_20_3,Dataset/3_ROI/MEGA_AUG/aug_npz/COHFACE_Subj_20_3_Subj_20_3_x1.2.npz,1008,9,0.0,50.350000,"forehead_strip,left_cheek_big,right_cheek_big",,20.0,1.0015909561258278,train
COHFACE,'Subj_20_3_x1.4,Subj_20_3,Dataset/3_ROI/MEGA_AUG/aug_npz/COHFACE_Subj_20_3_Subj_20_3_x1.4.npz,864,9,0.0,43.150000,"forehead_strip,left_cheek_big,right_cheek_big",,20.0,1.0015909561258278,train
COHFACE,'Subj_20_3_x1.6,Subj_20_3,Dataset/3_ROI/MEGA_AUG/aug_npz/COHFACE_Subj_20_3_Subj_20_3_x1.6.npz,756,9,0.0,37.750000,"forehead_strip,left_cheek_big,right_cheek_big",,20.0,1.0015909561258278,train
COHFACE,'Subj_20_3_x1.8,Subj_20_3,Dataset/3_ROI/MEGA_AUG/aug_npz/COHFACE_Subj_20_3_Subj_20_3_x1.8.npz,672,9,0.0,33.550000,"forehead_strip,left_cheek_big,right_cheek_big",,20.0,1.0015909561258278,train
COHFACE,'Subj_21_0,Subj_21_0,Dataset/3_ROI/COHFACE_RAW/Subj_21_0.npz,1208,9,0.0,60.35,"forehead_strip,left_cheek_big,right_cheek_big",,20.0,1.0024207746478873,train
COHFACE,'Subj_21_0_x0.55,Subj_21_0,Dataset/3_ROI/MEGA_AUG/aug_npz/COHFACE_Subj_21_0_Subj_21_0_x0.55.npz,2196,9,0.0,109.750000,"forehead_strip,left_cheek_big,right_cheek_big",,20.0,1.0024207746478873,train
COHFACE,'Subj_21_0_x0.65,Subj_21_0,Dataset/3_ROI/MEGA_AUG/aug_npz/COHFACE_Subj_21_0_Subj_21_0_x0.65.npz,1858,9,0.0,92.850000,"forehead_strip,left_cheek_big,right_cheek_big",,20.0,1.0024207746478873,train
COHFACE,'Subj_21_0_x0.75,Subj_21_0,Dataset/3_ROI/MEGA_AUG/aug_npz/COHFACE_Subj_21_0_Subj_21_0_x0.75.npz,1611,9,0.0,80.500000,"forehead_strip,left_cheek_big,right_cheek_big",,20.0,1.0024207746478873,train
COHFACE,'Subj_21_0_x1.2,Subj_21_0,Dataset/3_ROI/MEGA_AUG/aug_npz/COHFACE_Subj_21_0_Subj_21_0_x1.2.npz,1007,9,0.0,50.300000,"forehead_strip,left_cheek_big,right_cheek_big",,20.0,1.0024207746478873,train
COHFACE,'Subj_21_0_x1.4,Subj_21_0,Dataset/3_ROI/MEGA_AUG/aug_npz/COHFACE_Subj_21_0_Subj_21_0_x1.4.npz,863,9,0.0,43.100000,"forehead_strip,left_cheek_big,right_cheek_big",,20.0,1.0024207746478873,train
COHFACE,'Subj_21_0_x1.6,Subj_21_0,Dataset/3_ROI/MEGA_AUG/aug_npz/COHFACE_Subj_21_0_Subj_21_0_x1.6.npz,755,9,0.0,37.700000,"forehead_strip,left_cheek_big,right_cheek_big",,20.0,1.0024207746478873,train
COHFACE,'Subj_21_0_x1.8,Subj_21_0,Dataset/3_ROI/MEGA_AUG/aug_npz/COHFACE_Subj_21_0_Subj_21_0_x1.8.npz,671,9,0.0,33.500000,"forehead_strip,left_cheek_big,right_cheek_big",,20.0,1.0024207746478873,train
COHFACE,'Subj_21_1,Subj_21_1,Dataset/3_ROI/COHFACE_RAW/Subj_21_1.npz,1208,9,0.0,60.35,"forehead_strip,left_cheek_big,right_cheek_big",,20.0,1.0024207746478873,train
COHFACE,'Subj_21_1_x0.55,Subj_21_1,Dataset/3_ROI/MEGA_AUG/aug_npz/COHFACE_Subj_21_1_Subj_21_1_x0.55.npz,2196,9,0.0,109.750000,"forehead_strip,left_cheek_big,right_cheek_big",,20.0,1.0024207746478873,train
COHFACE,'Subj_21_1_x0.65,Subj_21_1,Dataset/3_ROI/MEGA_AUG/aug_npz/COHFACE_Subj_21_1_Subj_21_1_x0.65.npz,1858,9,0.0,92.850000,"forehead_strip,left_cheek_big,right_cheek_big",,20.0,1.0024207746478873,train
COHFACE,'Subj_21_1_x0.75,Subj_21_1,Dataset/3_ROI/MEGA_AUG/aug_npz/COHFACE_Subj_21_1_Subj_21_1_x0.75.npz,1611,9,0.0,80.500000,"forehead_strip,left_cheek_big,right_cheek_big",,20.0,1.0024207746478873,train
COHFACE,'Subj_21_1_x1.2,Subj_21_1,Dataset/3_ROI/MEGA_AUG/aug_npz/COHFACE_Subj_21_1_Subj_21_1_x1.2.npz,1007,9,0.0,50.300000,"forehead_strip,left_cheek_big,right_cheek_big",,20.0,1.0024207746478873,train
COHFACE,'Subj_21_1_x1.4,Subj_21_1,Dataset/3_ROI/MEGA_AUG/aug_npz/COHFACE_Subj_21_1_Subj_21_1_x1.4.npz,863,9,0.0,43.100000,"forehead_strip,left_cheek_big,right_cheek_big",,20.0,1.0024207746478873,train
COHFACE,'Subj_21_1_x1.6,Subj_21_1,Dataset/3_ROI/MEGA_AUG/aug_npz/COHFACE_Subj_21_1_Subj_21_1_x1.6.npz,755,9,0.0,37.700000,"forehead_strip,left_cheek_big,right_cheek_big",,20.0,1.0024207746478873,train
COHFACE,'Subj_21_1_x1.8,Subj_21_1,Dataset/3_ROI/MEGA_AUG/aug_npz/COHFACE_Subj_21_1_Subj_21_1_x1.8.npz,671,9,0.0,33.500000,"forehead_strip,left_cheek_big,right_cheek_big",,20.0,1.0024207746478873,train
COHFACE,'Subj_21_2,Subj_21_2,Dataset/3_ROI/COHFACE_RAW/Subj_21_2.npz,1207,9,0.0,60.3,"forehead_strip,left_cheek_big,right_cheek_big",,20.0,1.002215485074627,train
COHFACE,'Subj_21_2_x0.55,Subj_21_2,Dataset/3_ROI/MEGA_AUG/aug_npz/COHFACE_Subj_21_2_Subj_21_2_x0.55.npz,2195,9,0.0,109.700000,"forehead_strip,left_cheek_big,right_cheek_big",,20.0,1.002215485074627,train
COHFACE,'Subj_21_2_x0.65,Subj_21_2,Dataset/3_ROI/MEGA_AUG/aug_npz/COHFACE_Subj_21_2_Subj_21_2_x0.65.npz,1857,9,0.0,92.800000,"forehead_strip,left_cheek_big,right_cheek_big",,20.0,1.002215485074627,train
COHFACE,'Subj_21_2_x0.75,Subj_21_2,Dataset/3_ROI/MEGA_AUG/aug_npz/COHFACE_Subj_21_2_Subj_21_2_x0.75.npz,1609,9,0.0,80.400000,"forehead_strip,left_cheek_big,right_cheek_big",,20.0,1.002215485074627,train
COHFACE,'Subj_21_2_x1.2,Subj_21_2,Dataset/3_ROI/MEGA_AUG/aug_npz/COHFACE_Subj_21_2_Subj_21_2_x1.2.npz,1006,9,0.0,50.250000,"forehead_strip,left_cheek_big,right_cheek_big",,20.0,1.002215485074627,train
COHFACE,'Subj_21_2_x1.4,Subj_21_2,Dataset/3_ROI/MEGA_AUG/aug_npz/COHFACE_Subj_21_2_Subj_21_2_x1.4.npz,862,9,0.0,43.050000,"forehead_strip,left_cheek_big,right_cheek_big",,20.0,1.002215485074627,train
COHFACE,'Subj_21_2_x1.6,Subj_21_2,Dataset/3_ROI/MEGA_AUG/aug_npz/COHFACE_Subj_21_2_Subj_21_2_x1.6.npz,754,9,0.0,37.650000,"forehead_strip,left_cheek_big,right_cheek_big",,20.0,1.002215485074627,train
COHFACE,'Subj_21_2_x1.8,Subj_21_2,Dataset/3_ROI/MEGA_AUG/aug_npz/COHFACE_Subj_21_2_Subj_21_2_x1.8.npz,671,9,0.0,33.500000,"forehead_strip,left_cheek_big,right_cheek_big",,20.0,1.002215485074627,train
COHFACE,'Subj_21_3,Subj_21_3,Dataset/3_ROI/COHFACE_RAW/Subj_21_3.npz,1213,9,0.0,60.6,"forehead_strip,left_cheek_big,right_cheek_big",,20.0,1.001379434818482,train
COHFACE,'Subj_21_3_x0.55,Subj_21_3,Dataset/3_ROI/MEGA_AUG/aug_npz/COHFACE_Subj_21_3_Subj_21_3_x0.55.npz,2205,9,0.0,110.200000,"forehead_strip,left_cheek_big,right_cheek_big",,20.0,1.001379434818482,train
COHFACE,'Subj_21_3_x0.65,Subj_21_3,Dataset/3_ROI/MEGA_AUG/aug_npz/COHFACE_Subj_21_3_Subj_21_3_x0.65.npz,1866,9,0.0,93.250000,"forehead_strip,left_cheek_big,right_cheek_big",,20.0,1.001379434818482,train
COHFACE,'Subj_21_3_x0.75,Subj_21_3,Dataset/3_ROI/MEGA_AUG/aug_npz/COHFACE_Subj_21_3_Subj_21_3_x0.75.npz,1617,9,0.0,80.800000,"forehead_strip,left_cheek_big,right_cheek_big",,20.0,1.001379434818482,train
COHFACE,'Subj_21_3_x1.2,Subj_21_3,Dataset/3_ROI/MEGA_AUG/aug_npz/COHFACE_Subj_21_3_Subj_21_3_x1.2.npz,1011,9,0.0,50.500000,"forehead_strip,left_cheek_big,right_cheek_big",,20.0,1.001379434818482,train
COHFACE,'Subj_21_3_x1.4,Subj_21_3,Dataset/3_ROI/MEGA_AUG/aug_npz/COHFACE_Subj_21_3_Subj_21_3_x1.4.npz,866,9,0.0,43.250000,"forehead_strip,left_cheek_big,right_cheek_big",,20.0,1.001379434818482,train
COHFACE,'Subj_21_3_x1.6,Subj_21_3,Dataset/3_ROI/MEGA_AUG/aug_npz/COHFACE_Subj_21_3_Subj_21_3_x1.6.npz,758,9,0.0,37.850000,"forehead_strip,left_cheek_big,right_cheek_big",,20.0,1.001379434818482,train
COHFACE,'Subj_21_3_x1.8,Subj_21_3,Dataset/3_ROI/MEGA_AUG/aug_npz/COHFACE_Subj_21_3_Subj_21_3_x1.8.npz,674,9,0.0,33.650000,"forehead_strip,left_cheek_big,right_cheek_big",,20.0,1.001379434818482,train
COHFACE,'Subj_22_0,Subj_22_0,Dataset/3_ROI/COHFACE_RAW/Subj_22_0.npz,1209,9,0.0,60.4,"forehead_strip,left_cheek_big,right_cheek_big",,20.0,1.0015909561258278,train
COHFACE,'Subj_22_0_x0.75,Subj_22_0,Dataset/3_ROI/MEGA_AUG/aug_npz/COHFACE_Subj_22_0_Subj_22_0_x0.75.npz,1612,9,0.0,80.550000,"forehead_strip,left_cheek_big,right_cheek_big",,20.0,1.0015909561258278,train
COHFACE,'Subj_22_0_x1.2,Subj_22_0,Dataset/3_ROI/MEGA_AUG/aug_npz/COHFACE_Subj_22_0_Subj_22_0_x1.2.npz,1008,9,0.0,50.350000,"forehead_strip,left_cheek_big,right_cheek_big",,20.0,1.0015909561258278,train
COHFACE,'Subj_22_0_x1.4,Subj_22_0,Dataset/3_ROI/MEGA_AUG/aug_npz/COHFACE_Subj_22_0_Subj_22_0_x1.4.npz,864,9,0.0,43.150000,"forehead_strip,left_cheek_big,right_cheek_big",,20.0,1.0015909561258278,train
COHFACE,'Subj_22_0_x1.6,Subj_22_0,Dataset/3_ROI/MEGA_AUG/aug_npz/COHFACE_Subj_22_0_Subj_22_0_x1.6.npz,756,9,0.0,37.750000,"forehead_strip,left_cheek_big,right_cheek_big",,20.0,1.0015909561258278,train
COHFACE,'Subj_22_0_x1.8,Subj_22_0,Dataset/3_ROI/MEGA_AUG/aug_npz/COHFACE_Subj_22_0_Subj_22_0_x1.8.npz,672,9,0.0,33.550000,"forehead_strip,left_cheek_big,right_cheek_big",,20.0,1.0015909561258278,train
COHFACE,'Subj_22_1,Subj_22_1,Dataset/3_ROI/COHFACE_RAW/Subj_22_1.npz,1210,9,0.0,60.45,"forehead_strip,left_cheek_big,right_cheek_big",,20.0,1.001796422663358,train
COHFACE,'Subj_22_1_x0.75,Subj_22_1,Dataset/3_ROI/MEGA_AUG/aug_npz/COHFACE_Subj_22_1_Subj_22_1_x0.75.npz,1613,9,0.0,80.600000,"forehead_strip,left_cheek_big,right_cheek_big",,20.0,1.001796422663358,train
COHFACE,'Subj_22_1_x1.2,Subj_22_1,Dataset/3_ROI/MEGA_AUG/aug_npz/COHFACE_Subj_22_1_Subj_22_1_x1.2.npz,1008,9,0.0,50.350000,"forehead_strip,left_cheek_big,right_cheek_big",,20.0,1.001796422663358,train
COHFACE,'Subj_22_1_x1.4,Subj_22_1,Dataset/3_ROI/MEGA_AUG/aug_npz/COHFACE_Subj_22_1_Subj_22_1_x1.4.npz,864,9,0.0,43.150000,"forehead_strip,left_cheek_big,right_cheek_big",,20.0,1.001796422663358,train
COHFACE,'Subj_22_1_x1.6,Subj_22_1,Dataset/3_ROI/MEGA_AUG/aug_npz/COHFACE_Subj_22_1_Subj_22_1_x1.6.npz,756,9,0.0,37.750000,"forehead_strip,left_cheek_big,right_cheek_big",,20.0,1.001796422663358,train
COHFACE,'Subj_22_1_x1.8,Subj_22_1,Dataset/3_ROI/MEGA_AUG/aug_npz/COHFACE_Subj_22_1_Subj_22_1_x1.8.npz,672,9,0.0,33.550000,"forehead_strip,left_cheek_big,right_cheek_big",,20.0,1.001796422663358,train
COHFACE,'Subj_22_2,Subj_22_2,Dataset/3_ROI/COHFACE_RAW/Subj_22_2.npz,1210,9,0.0,60.45,"forehead_strip,left_cheek_big,right_cheek_big",,20.0,1.001796422663358,train
COHFACE,'Subj_22_2_x0.75,Subj_22_2,Dataset/3_ROI/MEGA_AUG/aug_npz/COHFACE_Subj_22_2_Subj_22_2_x0.75.npz,1613,9,0.0,80.600000,"forehead_strip,left_cheek_big,right_cheek_big",,20.0,1.001796422663358,train
COHFACE,'Subj_22_2_x1.2,Subj_22_2,Dataset/3_ROI/MEGA_AUG/aug_npz/COHFACE_Subj_22_2_Subj_22_2_x1.2.npz,1008,9,0.0,50.350000,"forehead_strip,left_cheek_big,right_cheek_big",,20.0,1.001796422663358,train
COHFACE,'Subj_22_2_x1.4,Subj_22_2,Dataset/3_ROI/MEGA_AUG/aug_npz/COHFACE_Subj_22_2_Subj_22_2_x1.4.npz,864,9,0.0,43.150000,"forehead_strip,left_cheek_big,right_cheek_big",,20.0,1.001796422663358,train
COHFACE,'Subj_22_2_x1.6,Subj_22_2,Dataset/3_ROI/MEGA_AUG/aug_npz/COHFACE_Subj_22_2_Subj_22_2_x1.6.npz,756,9,0.0,37.750000,"forehead_strip,left_cheek_big,right_cheek_big",,20.0,1.001796422663358,train
COHFACE,'Subj_22_2_x1.8,Subj_22_2,Dataset/3_ROI/MEGA_AUG/aug_npz/COHFACE_Subj_22_2_Subj_22_2_x1.8.npz,672,9,0.0,33.550000,"forehead_strip,left_cheek_big,right_cheek_big",,20.0,1.001796422663358,train
COHFACE,'Subj_22_3,Subj_22_3,Dataset/3_ROI/COHFACE_RAW/Subj_22_3.npz,1211,9,0.0,60.5,"forehead_strip,left_cheek_big,right_cheek_big",,20.0,1.002001549586777,train
COHFACE,'Subj_22_3_x0.75,Subj_22_3,Dataset/3_ROI/MEGA_AUG/aug_npz/COHFACE_Subj_22_3_Subj_22_3_x0.75.npz,1615,9,0.0,80.700000,"forehead_strip,left_cheek_big,right_cheek_big",,20.0,1.002001549586777,train
COHFACE,'Subj_22_3_x1.2,Subj_22_3,Dataset/3_ROI/MEGA_AUG/aug_npz/COHFACE_Subj_22_3_Subj_22_3_x1.2.npz,1009,9,0.0,50.400000,"forehead_strip,left_cheek_big,right_cheek_big",,20.0,1.002001549586777,train
COHFACE,'Subj_22_3_x1.4,Subj_22_3,Dataset/3_ROI/MEGA_AUG/aug_npz/COHFACE_Subj_22_3_Subj_22_3_x1.4.npz,865,9,0.0,43.200000,"forehead_strip,left_cheek_big,right_cheek_big",,20.0,1.002001549586777,train
COHFACE,'Subj_22_3_x1.6,Subj_22_3,Dataset/3_ROI/MEGA_AUG/aug_npz/COHFACE_Subj_22_3_Subj_22_3_x1.6.npz,757,9,0.0,37.800000,"forehead_strip,left_cheek_big,right_cheek_big",,20.0,1.002001549586777,train
COHFACE,'Subj_22_3_x1.8,Subj_22_3,Dataset/3_ROI/MEGA_AUG/aug_npz/COHFACE_Subj_22_3_Subj_22_3_x1.8.npz,673,9,0.0,33.600000,"forehead_strip,left_cheek_big,right_cheek_big",,20.0,1.002001549586777,train
COHFACE,'Subj_23_0,Subj_23_0,Dataset/3_ROI/COHFACE_RAW/Subj_23_0.npz,1208,9,0.0,60.35,"forehead_strip,left_cheek_big,right_cheek_big",,20.0,1.0013851491300745,train
COHFACE,'Subj_23_0_x0.55,Subj_23_0,Dataset/3_ROI/MEGA_AUG/aug_npz/COHFACE_Subj_23_0_Subj_23_0_x0.55.npz,2196,9,0.0,109.750000,"forehead_strip,left_cheek_big,right_cheek_big",,20.0,1.0013851491300745,train
COHFACE,'Subj_23_0_x0.65,Subj_23_0,Dataset/3_ROI/MEGA_AUG/aug_npz/COHFACE_Subj_23_0_Subj_23_0_x0.65.npz,1858,9,0.0,92.850000,"forehead_strip,left_cheek_big,right_cheek_big",,20.0,1.0013851491300745,train
COHFACE,'Subj_23_0_x0.75,Subj_23_0,Dataset/3_ROI/MEGA_AUG/aug_npz/COHFACE_Subj_23_0_Subj_23_0_x0.75.npz,1611,9,0.0,80.500000,"forehead_strip,left_cheek_big,right_cheek_big",,20.0,1.0013851491300745,train
COHFACE,'Subj_23_0_x1.2,Subj_23_0,Dataset/3_ROI/MEGA_AUG/aug_npz/COHFACE_Subj_23_0_Subj_23_0_x1.2.npz,1007,9,0.0,50.300000,"forehead_strip,left_cheek_big,right_cheek_big",,20.0,1.0013851491300745,train
COHFACE,'Subj_23_0_x1.4,Subj_23_0,Dataset/3_ROI/MEGA_AUG/aug_npz/COHFACE_Subj_23_0_Subj_23_0_x1.4.npz,863,9,0.0,43.100000,"forehead_strip,left_cheek_big,right_cheek_big",,20.0,1.0013851491300745,train
COHFACE,'Subj_23_0_x1.6,Subj_23_0,Dataset/3_ROI/MEGA_AUG/aug_npz/COHFACE_Subj_23_0_Subj_23_0_x1.6.npz,755,9,0.0,37.700000,"forehead_strip,left_cheek_big,right_cheek_big",,20.0,1.0013851491300745,train
COHFACE,'Subj_23_0_x1.8,Subj_23_0,Dataset/3_ROI/MEGA_AUG/aug_npz/COHFACE_Subj_23_0_Subj_23_0_x1.8.npz,671,9,0.0,33.500000,"forehead_strip,left_cheek_big,right_cheek_big",,20.0,1.0013851491300745,train
COHFACE,'Subj_23_1,Subj_23_1,Dataset/3_ROI/COHFACE_RAW/Subj_23_1.npz,1210,9,0.0,60.45,"forehead_strip,left_cheek_big,right_cheek_big",,20.0,1.001796422663358,train
COHFACE,'Subj_23_1_x0.55,Subj_23_1,Dataset/3_ROI/MEGA_AUG/aug_npz/COHFACE_Subj_23_1_Subj_23_1_x0.55.npz,2200,9,0.0,109.950000,"forehead_strip,left_cheek_big,right_cheek_big",,20.0,1.001796422663358,train
COHFACE,'Subj_23_1_x0.65,Subj_23_1,Dataset/3_ROI/MEGA_AUG/aug_npz/COHFACE_Subj_23_1_Subj_23_1_x0.65.npz,1862,9,0.0,93.050000,"forehead_strip,left_cheek_big,right_cheek_big",,20.0,1.001796422663358,train
COHFACE,'Subj_23_1_x0.75,Subj_23_1,Dataset/3_ROI/MEGA_AUG/aug_npz/COHFACE_Subj_23_1_Subj_23_1_x0.75.npz,1613,9,0.0,80.600000,"forehead_strip,left_cheek_big,right_cheek_big",,20.0,1.001796422663358,train
COHFACE,'Subj_23_1_x1.2,Subj_23_1,Dataset/3_ROI/MEGA_AUG/aug_npz/COHFACE_Subj_23_1_Subj_23_1_x1.2.npz,1008,9,0.0,50.350000,"forehead_strip,left_cheek_big,right_cheek_big",,20.0,1.001796422663358,train
COHFACE,'Subj_23_1_x1.4,Subj_23_1,Dataset/3_ROI/MEGA_AUG/aug_npz/COHFACE_Subj_23_1_Subj_23_1_x1.4.npz,864,9,0.0,43.150000,"forehead_strip,left_cheek_big,right_cheek_big",,20.0,1.001796422663358,train
COHFACE,'Subj_23_1_x1.6,Subj_23_1,Dataset/3_ROI/MEGA_AUG/aug_npz/COHFACE_Subj_23_1_Subj_23_1_x1.6.npz,756,9,0.0,37.750000,"forehead_strip,left_cheek_big,right_cheek_big",,20.0,1.001796422663358,train
COHFACE,'Subj_23_1_x1.8,Subj_23_1,Dataset/3_ROI/MEGA_AUG/aug_npz/COHFACE_Subj_23_1_Subj_23_1_x1.8.npz,672,9,0.0,33.550000,"forehead_strip,left_cheek_big,right_cheek_big",,20.0,1.001796422663358,train
COHFACE,'Subj_23_2,Subj_23_2,Dataset/3_ROI/COHFACE_RAW/Subj_23_2.npz,1208,9,0.0,60.35,"forehead_strip,left_cheek_big,right_cheek_big",,20.0,1.0013851491300745,train
COHFACE,'Subj_23_2_x0.55,Subj_23_2,Dataset/3_ROI/MEGA_AUG/aug_npz/COHFACE_Subj_23_2_Subj_23_2_x0.55.npz,2196,9,0.0,109.750000,"forehead_strip,left_cheek_big,right_cheek_big",,20.0,1.0013851491300745,train
COHFACE,'Subj_23_2_x0.65,Subj_23_2,Dataset/3_ROI/MEGA_AUG/aug_npz/COHFACE_Subj_23_2_Subj_23_2_x0.65.npz,1858,9,0.0,92.850000,"forehead_strip,left_cheek_big,right_cheek_big",,20.0,1.0013851491300745,train
COHFACE,'Subj_23_2_x0.75,Subj_23_2,Dataset/3_ROI/MEGA_AUG/aug_npz/COHFACE_Subj_23_2_Subj_23_2_x0.75.npz,1611,9,0.0,80.500000,"forehead_strip,left_cheek_big,right_cheek_big",,20.0,1.0013851491300745,train
COHFACE,'Subj_23_2_x1.2,Subj_23_2,Dataset/3_ROI/MEGA_AUG/aug_npz/COHFACE_Subj_23_2_Subj_23_2_x1.2.npz,1007,9,0.0,50.300000,"forehead_strip,left_cheek_big,right_cheek_big",,20.0,1.0013851491300745,train
COHFACE,'Subj_23_2_x1.4,Subj_23_2,Dataset/3_ROI/MEGA_AUG/aug_npz/COHFACE_Subj_23_2_Subj_23_2_x1.4.npz,863,9,0.0,43.100000,"forehead_strip,left_cheek_big,right_cheek_big",,20.0,1.0013851491300745,train
COHFACE,'Subj_23_2_x1.6,Subj_23_2,Dataset/3_ROI/MEGA_AUG/aug_npz/COHFACE_Subj_23_2_Subj_23_2_x1.6.npz,755,9,0.0,37.700000,"forehead_strip,left_cheek_big,right_cheek_big",,20.0,1.0013851491300745,train
COHFACE,'Subj_23_2_x1.8,Subj_23_2,Dataset/3_ROI/MEGA_AUG/aug_npz/COHFACE_Subj_23_2_Subj_23_2_x1.8.npz,671,9,0.0,33.500000,"forehead_strip,left_cheek_big,right_cheek_big",,20.0,1.0013851491300745,train
COHFACE,'Subj_23_3,Subj_23_3,Dataset/3_ROI/COHFACE_RAW/Subj_23_3.npz,1207,9,0.0,60.3,"forehead_strip,left_cheek_big,right_cheek_big",,20.0,1.002215485074627,train
COHFACE,'Subj_23_3_x0.55,Subj_23_3,Dataset/3_ROI/MEGA_AUG/aug_npz/COHFACE_Subj_23_3_Subj_23_3_x0.55.npz,2195,9,0.0,109.700000,"forehead_strip,left_cheek_big,right_cheek_big",,20.0,1.002215485074627,train
COHFACE,'Subj_23_3_x0.65,Subj_23_3,Dataset/3_ROI/MEGA_AUG/aug_npz/COHFACE_Subj_23_3_Subj_23_3_x0.65.npz,1857,9,0.0,92.800000,"forehead_strip,left_cheek_big,right_cheek_big",,20.0,1.002215485074627,train
COHFACE,'Subj_23_3_x0.75,Subj_23_3,Dataset/3_ROI/MEGA_AUG/aug_npz/COHFACE_Subj_23_3_Subj_23_3_x0.75.npz,1609,9,0.0,80.400000,"forehead_strip,left_cheek_big,right_cheek_big",,20.0,1.002215485074627,train
COHFACE,'Subj_23_3_x1.2,Subj_23_3,Dataset/3_ROI/MEGA_AUG/aug_npz/COHFACE_Subj_23_3_Subj_23_3_x1.2.npz,1006,9,0.0,50.250000,"forehead_strip,left_cheek_big,right_cheek_big",,20.0,1.002215485074627,train
COHFACE,'Subj_23_3_x1.4,Subj_23_3,Dataset/3_ROI/MEGA_AUG/aug_npz/COHFACE_Subj_23_3_Subj_23_3_x1.4.npz,862,9,0.0,43.050000,"forehead_strip,left_cheek_big,right_cheek_big",,20.0,1.002215485074627,train
COHFACE,'Subj_23_3_x1.6,Subj_23_3,Dataset/3_ROI/MEGA_AUG/aug_npz/COHFACE_Subj_23_3_Subj_23_3_x1.6.npz,754,9,0.0,37.650000,"forehead_strip,left_cheek_big,right_cheek_big",,20.0,1.002215485074627,train
COHFACE,'Subj_23_3_x1.8,Subj_23_3,Dataset/3_ROI/MEGA_AUG/aug_npz/COHFACE_Subj_23_3_Subj_23_3_x1.8.npz,671,9,0.0,33.500000,"forehead_strip,left_cheek_big,right_cheek_big",,20.0,1.002215485074627,train
COHFACE,'Subj_24_0,Subj_24_0,Dataset/3_ROI/COHFACE_RAW/Subj_24_0.npz,1209,9,0.0,60.4,"forehead_strip,left_cheek_big,right_cheek_big",,20.0,1.0015909561258278,train
COHFACE,'Subj_24_0_x0.55,Subj_24_0,Dataset/3_ROI/MEGA_AUG/aug_npz/COHFACE_Subj_24_0_Subj_24_0_x0.55.npz,2198,9,0.0,109.850000,"forehead_strip,left_cheek_big,right_cheek_big",,20.0,1.0015909561258278,train
COHFACE,'Subj_24_0_x0.65,Subj_24_0,Dataset/3_ROI/MEGA_AUG/aug_npz/COHFACE_Subj_24_0_Subj_24_0_x0.65.npz,1860,9,0.0,92.950000,"forehead_strip,left_cheek_big,right_cheek_big",,20.0,1.0015909561258278,train
COHFACE,'Subj_24_0_x0.75,Subj_24_0,Dataset/3_ROI/MEGA_AUG/aug_npz/COHFACE_Subj_24_0_Subj_24_0_x0.75.npz,1612,9,0.0,80.550000,"forehead_strip,left_cheek_big,right_cheek_big",,20.0,1.0015909561258278,train
COHFACE,'Subj_24_0_x1.2,Subj_24_0,Dataset/3_ROI/MEGA_AUG/aug_npz/COHFACE_Subj_24_0_Subj_24_0_x1.2.npz,1008,9,0.0,50.350000,"forehead_strip,left_cheek_big,right_cheek_big",,20.0,1.0015909561258278,train
COHFACE,'Subj_24_0_x1.4,Subj_24_0,Dataset/3_ROI/MEGA_AUG/aug_npz/COHFACE_Subj_24_0_Subj_24_0_x1.4.npz,864,9,0.0,43.150000,"forehead_strip,left_cheek_big,right_cheek_big",,20.0,1.0015909561258278,train
COHFACE,'Subj_24_0_x1.6,Subj_24_0,Dataset/3_ROI/MEGA_AUG/aug_npz/COHFACE_Subj_24_0_Subj_24_0_x1.6.npz,756,9,0.0,37.750000,"forehead_strip,left_cheek_big,right_cheek_big",,20.0,1.0015909561258278,train
COHFACE,'Subj_24_0_x1.8,Subj_24_0,Dataset/3_ROI/MEGA_AUG/aug_npz/COHFACE_Subj_24_0_Subj_24_0_x1.8.npz,672,9,0.0,33.550000,"forehead_strip,left_cheek_big,right_cheek_big",,20.0,1.0015909561258278,train
COHFACE,'Subj_24_1,Subj_24_1,Dataset/3_ROI/COHFACE_RAW/Subj_24_1.npz,1207,9,0.0,60.3,"forehead_strip,left_cheek_big,right_cheek_big",,20.0,1.002215485074627,train
COHFACE,'Subj_24_1_x0.55,Subj_24_1,Dataset/3_ROI/MEGA_AUG/aug_npz/COHFACE_Subj_24_1_Subj_24_1_x0.55.npz,2195,9,0.0,109.700000,"forehead_strip,left_cheek_big,right_cheek_big",,20.0,1.002215485074627,train
COHFACE,'Subj_24_1_x0.65,Subj_24_1,Dataset/3_ROI/MEGA_AUG/aug_npz/COHFACE_Subj_24_1_Subj_24_1_x0.65.npz,1857,9,0.0,92.800000,"forehead_strip,left_cheek_big,right_cheek_big",,20.0,1.002215485074627,train
COHFACE,'Subj_24_1_x0.75,Subj_24_1,Dataset/3_ROI/MEGA_AUG/aug_npz/COHFACE_Subj_24_1_Subj_24_1_x0.75.npz,1609,9,0.0,80.400000,"forehead_strip,left_cheek_big,right_cheek_big",,20.0,1.002215485074627,train
COHFACE,'Subj_24_1_x1.2,Subj_24_1,Dataset/3_ROI/MEGA_AUG/aug_npz/COHFACE_Subj_24_1_Subj_24_1_x1.2.npz,1006,9,0.0,50.250000,"forehead_strip,left_cheek_big,right_cheek_big",,20.0,1.002215485074627,train
COHFACE,'Subj_24_1_x1.4,Subj_24_1,Dataset/3_ROI/MEGA_AUG/aug_npz/COHFACE_Subj_24_1_Subj_24_1_x1.4.npz,862,9,0.0,43.050000,"forehead_strip,left_cheek_big,right_cheek_big",,20.0,1.002215485074627,train
COHFACE,'Subj_24_1_x1.6,Subj_24_1,Dataset/3_ROI/MEGA_AUG/aug_npz/COHFACE_Subj_24_1_Subj_24_1_x1.6.npz,754,9,0.0,37.650000,"forehead_strip,left_cheek_big,right_cheek_big",,20.0,1.002215485074627,train
COHFACE,'Subj_24_1_x1.8,Subj_24_1,Dataset/3_ROI/MEGA_AUG/aug_npz/COHFACE_Subj_24_1_Subj_24_1_x1.8.npz,671,9,0.0,33.500000,"forehead_strip,left_cheek_big,right_cheek_big",,20.0,1.002215485074627,train
COHFACE,'Subj_24_2,Subj_24_2,Dataset/3_ROI/COHFACE_RAW/Subj_24_2.npz,1212,9,0.0,60.55,"forehead_strip,left_cheek_big,right_cheek_big",,20.0,1.002206337737407,train
COHFACE,'Subj_24_2_x0.55,Subj_24_2,Dataset/3_ROI/MEGA_AUG/aug_npz/COHFACE_Subj_24_2_Subj_24_2_x0.55.npz,2204,9,0.0,110.150000,"forehead_strip,left_cheek_big,right_cheek_big",,20.0,1.002206337737407,train
COHFACE,'Subj_24_2_x0.65,Subj_24_2,Dataset/3_ROI/MEGA_AUG/aug_npz/COHFACE_Subj_24_2_Subj_24_2_x0.65.npz,1865,9,0.0,93.200000,"forehead_strip,left_cheek_big,right_cheek_big",,20.0,1.002206337737407,train
COHFACE,'Subj_24_2_x0.75,Subj_24_2,Dataset/3_ROI/MEGA_AUG/aug_npz/COHFACE_Subj_24_2_Subj_24_2_x0.75.npz,1616,9,0.0,80.750000,"forehead_strip,left_cheek_big,right_cheek_big",,20.0,1.002206337737407,train
COHFACE,'Subj_24_2_x1.2,Subj_24_2,Dataset/3_ROI/MEGA_AUG/aug_npz/COHFACE_Subj_24_2_Subj_24_2_x1.2.npz,1010,9,0.0,50.450000,"forehead_strip,left_cheek_big,right_cheek_big",,20.0,1.002206337737407,train
COHFACE,'Subj_24_2_x1.4,Subj_24_2,Dataset/3_ROI/MEGA_AUG/aug_npz/COHFACE_Subj_24_2_Subj_24_2_x1.4.npz,866,9,0.0,43.250000,"forehead_strip,left_cheek_big,right_cheek_big",,20.0,1.002206337737407,train
COHFACE,'Subj_24_2_x1.6,Subj_24_2,Dataset/3_ROI/MEGA_AUG/aug_npz/COHFACE_Subj_24_2_Subj_24_2_x1.6.npz,758,9,0.0,37.850000,"forehead_strip,left_cheek_big,right_cheek_big",,20.0,1.002206337737407,train
COHFACE,'Subj_24_2_x1.8,Subj_24_2,Dataset/3_ROI/MEGA_AUG/aug_npz/COHFACE_Subj_24_2_Subj_24_2_x1.8.npz,673,9,0.0,33.600000,"forehead_strip,left_cheek_big,right_cheek_big",,20.0,1.002206337737407,train
COHFACE,'Subj_24_3,Subj_24_3,Dataset/3_ROI/COHFACE_RAW/Subj_24_3.npz,1208,9,0.0,60.35,"forehead_strip,left_cheek_big,right_cheek_big",,20.0,1.0024207746478873,train
COHFACE,'Subj_24_3_x0.55,Subj_24_3,Dataset/3_ROI/MEGA_AUG/aug_npz/COHFACE_Subj_24_3_Subj_24_3_x0.55.npz,2196,9,0.0,109.750000,"forehead_strip,left_cheek_big,right_cheek_big",,20.0,1.0024207746478873,train
COHFACE,'Subj_24_3_x0.65,Subj_24_3,Dataset/3_ROI/MEGA_AUG/aug_npz/COHFACE_Subj_24_3_Subj_24_3_x0.65.npz,1858,9,0.0,92.850000,"forehead_strip,left_cheek_big,right_cheek_big",,20.0,1.0024207746478873,train
COHFACE,'Subj_24_3_x0.75,Subj_24_3,Dataset/3_ROI/MEGA_AUG/aug_npz/COHFACE_Subj_24_3_Subj_24_3_x0.75.npz,1611,9,0.0,80.500000,"forehead_strip,left_cheek_big,right_cheek_big",,20.0,1.0024207746478873,train
COHFACE,'Subj_24_3_x1.2,Subj_24_3,Dataset/3_ROI/MEGA_AUG/aug_npz/COHFACE_Subj_24_3_Subj_24_3_x1.2.npz,1007,9,0.0,50.300000,"forehead_strip,left_cheek_big,right_cheek_big",,20.0,1.0024207746478873,train
COHFACE,'Subj_24_3_x1.4,Subj_24_3,Dataset/3_ROI/MEGA_AUG/aug_npz/COHFACE_Subj_24_3_Subj_24_3_x1.4.npz,863,9,0.0,43.100000,"forehead_strip,left_cheek_big,right_cheek_big",,20.0,1.0024207746478873,train
COHFACE,'Subj_24_3_x1.6,Subj_24_3,Dataset/3_ROI/MEGA_AUG/aug_npz/COHFACE_Subj_24_3_Subj_24_3_x1.6.npz,755,9,0.0,37.700000,"forehead_strip,left_cheek_big,right_cheek_big",,20.0,1.0024207746478873,train
COHFACE,'Subj_24_3_x1.8,Subj_24_3,Dataset/3_ROI/MEGA_AUG/aug_npz/COHFACE_Subj_24_3_Subj_24_3_x1.8.npz,671,9,0.0,33.500000,"forehead_strip,left_cheek_big,right_cheek_big",,20.0,1.0024207746478873,train
COHFACE,'Subj_25_0,Subj_25_0,Dataset/3_ROI/COHFACE_RAW/Subj_25_0.npz,1233,9,0.0,61.6,"forehead_strip,left_cheek_big,right_cheek_big",,20.0,1.001357041396104,train
COHFACE,'Subj_25_0_x0.55,Subj_25_0,Dataset/3_ROI/MEGA_AUG/aug_npz/COHFACE_Subj_25_0_Subj_25_0_x0.55.npz,2242,9,0.0,112.050000,"forehead_strip,left_cheek_big,right_cheek_big",,20.0,1.001357041396104,train
COHFACE,'Subj_25_0_x0.65,Subj_25_0,Dataset/3_ROI/MEGA_AUG/aug_npz/COHFACE_Subj_25_0_Subj_25_0_x0.65.npz,1897,9,0.0,94.800000,"forehead_strip,left_cheek_big,right_cheek_big",,20.0,1.001357041396104,train
COHFACE,'Subj_25_0_x0.75,Subj_25_0,Dataset/3_ROI/MEGA_AUG/aug_npz/COHFACE_Subj_25_0_Subj_25_0_x0.75.npz,1644,9,0.0,82.150000,"forehead_strip,left_cheek_big,right_cheek_big",,20.0,1.001357041396104,train
COHFACE,'Subj_25_0_x1.2,Subj_25_0,Dataset/3_ROI/MEGA_AUG/aug_npz/COHFACE_Subj_25_0_Subj_25_0_x1.2.npz,1028,9,0.0,51.350000,"forehead_strip,left_cheek_big,right_cheek_big",,20.0,1.001357041396104,train
COHFACE,'Subj_25_0_x1.4,Subj_25_0,Dataset/3_ROI/MEGA_AUG/aug_npz/COHFACE_Subj_25_0_Subj_25_0_x1.4.npz,881,9,0.0,44.000000,"forehead_strip,left_cheek_big,right_cheek_big",,20.0,1.001357041396104,train
COHFACE,'Subj_25_0_x1.6,Subj_25_0,Dataset/3_ROI/MEGA_AUG/aug_npz/COHFACE_Subj_25_0_Subj_25_0_x1.6.npz,771,9,0.0,38.500000,"forehead_strip,left_cheek_big,right_cheek_big",,20.0,1.001357041396104,train
COHFACE,'Subj_25_0_x1.8,Subj_25_0,Dataset/3_ROI/MEGA_AUG/aug_npz/COHFACE_Subj_25_0_Subj_25_0_x1.8.npz,685,9,0.0,34.200000,"forehead_strip,left_cheek_big,right_cheek_big",,20.0,1.001357041396104,train
COHFACE,'Subj_25_1,Subj_25_1,Dataset/3_ROI/COHFACE_RAW/Subj_25_1.npz,1218,9,0.0,60.85,"forehead_strip,left_cheek_big,right_cheek_big",,20.0,1.0024008833196385,train
COHFACE,'Subj_25_1_x0.55,Subj_25_1,Dataset/3_ROI/MEGA_AUG/aug_npz/COHFACE_Subj_25_1_Subj_25_1_x0.55.npz,2215,9,0.0,110.700000,"forehead_strip,left_cheek_big,right_cheek_big",,20.0,1.0024008833196385,train
COHFACE,'Subj_25_1_x0.65,Subj_25_1,Dataset/3_ROI/MEGA_AUG/aug_npz/COHFACE_Subj_25_1_Subj_25_1_x0.65.npz,1874,9,0.0,93.650000,"forehead_strip,left_cheek_big,right_cheek_big",,20.0,1.0024008833196385,train
COHFACE,'Subj_25_1_x0.75,Subj_25_1,Dataset/3_ROI/MEGA_AUG/aug_npz/COHFACE_Subj_25_1_Subj_25_1_x0.75.npz,1624,9,0.0,81.150000,"forehead_strip,left_cheek_big,right_cheek_big",,20.0,1.0024008833196385,train
COHFACE,'Subj_25_1_x1.2,Subj_25_1,Dataset/3_ROI/MEGA_AUG/aug_npz/COHFACE_Subj_25_1_Subj_25_1_x1.2.npz,1015,9,0.0,50.700000,"forehead_strip,left_cheek_big,right_cheek_big",,20.0,1.0024008833196385,train
COHFACE,'Subj_25_1_x1.4,Subj_25_1,Dataset/3_ROI/MEGA_AUG/aug_npz/COHFACE_Subj_25_1_Subj_25_1_x1.4.npz,870,9,0.0,43.450000,"forehead_strip,left_cheek_big,right_cheek_big",,20.0,1.0024008833196385,train
COHFACE,'Subj_25_1_x1.6,Subj_25_1,Dataset/3_ROI/MEGA_AUG/aug_npz/COHFACE_Subj_25_1_Subj_25_1_x1.6.npz,761,9,0.0,38.000000,"forehead_strip,left_cheek_big,right_cheek_big",,20.0,1.0024008833196385,train
COHFACE,'Subj_25_1_x1.8,Subj_25_1,Dataset/3_ROI/MEGA_AUG/aug_npz/COHFACE_Subj_25_1_Subj_25_1_x1.8.npz,677,9,0.0,33.800000,"forehead_strip,left_cheek_big,right_cheek_big",,20.0,1.0024008833196385,train
COHFACE,'Subj_25_2,Subj_25_2,Dataset/3_ROI/COHFACE_RAW/Subj_25_2.npz,1240,9,0.0,61.95,"forehead_strip,left_cheek_big,right_cheek_big",,20.0,1.0007440476190477,train
COHFACE,'Subj_25_2_x0.55,Subj_25_2,Dataset/3_ROI/MEGA_AUG/aug_npz/COHFACE_Subj_25_2_Subj_25_2_x0.55.npz,2255,9,0.0,112.700000,"forehead_strip,left_cheek_big,right_cheek_big",,20.0,1.0007440476190477,train
COHFACE,'Subj_25_2_x0.65,Subj_25_2,Dataset/3_ROI/MEGA_AUG/aug_npz/COHFACE_Subj_25_2_Subj_25_2_x0.65.npz,1908,9,0.0,95.350000,"forehead_strip,left_cheek_big,right_cheek_big",,20.0,1.0007440476190477,train
COHFACE,'Subj_25_2_x0.75,Subj_25_2,Dataset/3_ROI/MEGA_AUG/aug_npz/COHFACE_Subj_25_2_Subj_25_2_x0.75.npz,1653,9,0.0,82.600000,"forehead_strip,left_cheek_big,right_cheek_big",,20.0,1.0007440476190477,train
COHFACE,'Subj_25_2_x1.2,Subj_25_2,Dataset/3_ROI/MEGA_AUG/aug_npz/COHFACE_Subj_25_2_Subj_25_2_x1.2.npz,1033,9,0.0,51.600000,"forehead_strip,left_cheek_big,right_cheek_big",,20.0,1.0007440476190477,train
COHFACE,'Subj_25_2_x1.4,Subj_25_2,Dataset/3_ROI/MEGA_AUG/aug_npz/COHFACE_Subj_25_2_Subj_25_2_x1.4.npz,886,9,0.0,44.250000,"forehead_strip,left_cheek_big,right_cheek_big",,20.0,1.0007440476190477,train
COHFACE,'Subj_25_2_x1.6,Subj_25_2,Dataset/3_ROI/MEGA_AUG/aug_npz/COHFACE_Subj_25_2_Subj_25_2_x1.6.npz,775,9,0.0,38.700000,"forehead_strip,left_cheek_big,right_cheek_big",,20.0,1.0007440476190477,train
COHFACE,'Subj_25_2_x1.8,Subj_25_2,Dataset/3_ROI/MEGA_AUG/aug_npz/COHFACE_Subj_25_2_Subj_25_2_x1.8.npz,689,9,0.0,34.400000,"forehead_strip,left_cheek_big,right_cheek_big",,20.0,1.0007440476190477,train
COHFACE,'Subj_25_3,Subj_25_3,Dataset/3_ROI/COHFACE_RAW/Subj_25_3.npz,1227,9,0.0,61.3,"forehead_strip,left_cheek_big,right_cheek_big",,20.0,1.0021793433931483,train
COHFACE,'Subj_25_3_x0.55,Subj_25_3,Dataset/3_ROI/MEGA_AUG/aug_npz/COHFACE_Subj_25_3_Subj_25_3_x0.55.npz,2231,9,0.0,111.500000,"forehead_strip,left_cheek_big,right_cheek_big",,20.0,1.0021793433931483,train
COHFACE,'Subj_25_3_x0.65,Subj_25_3,Dataset/3_ROI/MEGA_AUG/aug_npz/COHFACE_Subj_25_3_Subj_25_3_x0.65.npz,1888,9,0.0,94.350000,"forehead_strip,left_cheek_big,right_cheek_big",,20.0,1.0021793433931483,train
COHFACE,'Subj_25_3_x0.75,Subj_25_3,Dataset/3_ROI/MEGA_AUG/aug_npz/COHFACE_Subj_25_3_Subj_25_3_x0.75.npz,1636,9,0.0,81.750000,"forehead_strip,left_cheek_big,right_cheek_big",,20.0,1.0021793433931483,train
COHFACE,'Subj_25_3_x1.2,Subj_25_3,Dataset/3_ROI/MEGA_AUG/aug_npz/COHFACE_Subj_25_3_Subj_25_3_x1.2.npz,1022,9,0.0,51.050000,"forehead_strip,left_cheek_big,right_cheek_big",,20.0,1.0021793433931483,train
COHFACE,'Subj_25_3_x1.4,Subj_25_3,Dataset/3_ROI/MEGA_AUG/aug_npz/COHFACE_Subj_25_3_Subj_25_3_x1.4.npz,876,9,0.0,43.750000,"forehead_strip,left_cheek_big,right_cheek_big",,20.0,1.0021793433931483,train
COHFACE,'Subj_25_3_x1.6,Subj_25_3,Dataset/3_ROI/MEGA_AUG/aug_npz/COHFACE_Subj_25_3_Subj_25_3_x1.6.npz,767,9,0.0,38.300000,"forehead_strip,left_cheek_big,right_cheek_big",,20.0,1.0021793433931483,train
COHFACE,'Subj_25_3_x1.8,Subj_25_3,Dataset/3_ROI/MEGA_AUG/aug_npz/COHFACE_Subj_25_3_Subj_25_3_x1.8.npz,682,9,0.0,34.050000,"forehead_strip,left_cheek_big,right_cheek_big",,20.0,1.0021793433931483,train
COHFACE,'Subj_26_0,Subj_26_0,Dataset/3_ROI/COHFACE_RAW/Subj_26_0.npz,1230,9,0.0,61.45,"forehead_strip,left_cheek_big,right_cheek_big",,20.0,1.0017671887713588,train
COHFACE,'Subj_26_0_x0.55,Subj_26_0,Dataset/3_ROI/MEGA_AUG/aug_npz/COHFACE_Subj_26_0_Subj_26_0_x0.55.npz,2236,9,0.0,111.750000,"forehead_strip,left_cheek_big,right_cheek_big",,20.0,1.0017671887713588,train
COHFACE,'Subj_26_0_x0.65,Subj_26_0,Dataset/3_ROI/MEGA_AUG/aug_npz/COHFACE_Subj_26_0_Subj_26_0_x0.65.npz,1892,9,0.0,94.550000,"forehead_strip,left_cheek_big,right_cheek_big",,20.0,1.0017671887713588,train
COHFACE,'Subj_26_0_x0.75,Subj_26_0,Dataset/3_ROI/MEGA_AUG/aug_npz/COHFACE_Subj_26_0_Subj_26_0_x0.75.npz,1640,9,0.0,81.950000,"forehead_strip,left_cheek_big,right_cheek_big",,20.0,1.0017671887713588,train
COHFACE,'Subj_26_0_x1.2,Subj_26_0,Dataset/3_ROI/MEGA_AUG/aug_npz/COHFACE_Subj_26_0_Subj_26_0_x1.2.npz,1025,9,0.0,51.200000,"forehead_strip,left_cheek_big,right_cheek_big",,20.0,1.0017671887713588,train
COHFACE,'Subj_26_0_x1.4,Subj_26_0,Dataset/3_ROI/MEGA_AUG/aug_npz/COHFACE_Subj_26_0_Subj_26_0_x1.4.npz,879,9,0.0,43.900000,"forehead_strip,left_cheek_big,right_cheek_big",,20.0,1.0017671887713588,train
COHFACE,'Subj_26_0_x1.6,Subj_26_0,Dataset/3_ROI/MEGA_AUG/aug_npz/COHFACE_Subj_26_0_Subj_26_0_x1.6.npz,769,9,0.0,38.400000,"forehead_strip,left_cheek_big,right_cheek_big",,20.0,1.0017671887713588,train
COHFACE,'Subj_26_0_x1.8,Subj_26_0,Dataset/3_ROI/MEGA_AUG/aug_npz/COHFACE_Subj_26_0_Subj_26_0_x1.8.npz,683,9,0.0,34.100000,"forehead_strip,left_cheek_big,right_cheek_big",,20.0,1.0017671887713588,train
COHFACE,'Subj_26_1,Subj_26_1,Dataset/3_ROI/COHFACE_RAW/Subj_26_1.npz,1227,9,0.0,61.3,"forehead_strip,left_cheek_big,right_cheek_big",,20.0,1.0021793433931483,train
COHFACE,'Subj_26_1_x0.55,Subj_26_1,Dataset/3_ROI/MEGA_AUG/aug_npz/COHFACE_Subj_26_1_Subj_26_1_x0.55.npz,2231,9,0.0,111.500000,"forehead_strip,left_cheek_big,right_cheek_big",,20.0,1.0021793433931483,train
COHFACE,'Subj_26_1_x0.65,Subj_26_1,Dataset/3_ROI/MEGA_AUG/aug_npz/COHFACE_Subj_26_1_Subj_26_1_x0.65.npz,1888,9,0.0,94.350000,"forehead_strip,left_cheek_big,right_cheek_big",,20.0,1.0021793433931483,train
COHFACE,'Subj_26_1_x0.75,Subj_26_1,Dataset/3_ROI/MEGA_AUG/aug_npz/COHFACE_Subj_26_1_Subj_26_1_x0.75.npz,1636,9,0.0,81.750000,"forehead_strip,left_cheek_big,right_cheek_big",,20.0,1.0021793433931483,train
COHFACE,'Subj_26_1_x1.2,Subj_26_1,Dataset/3_ROI/MEGA_AUG/aug_npz/COHFACE_Subj_26_1_Subj_26_1_x1.2.npz,1022,9,0.0,51.050000,"forehead_strip,left_cheek_big,right_cheek_big",,20.0,1.0021793433931483,train
COHFACE,'Subj_26_1_x1.4,Subj_26_1,Dataset/3_ROI/MEGA_AUG/aug_npz/COHFACE_Subj_26_1_Subj_26_1_x1.4.npz,876,9,0.0,43.750000,"forehead_strip,left_cheek_big,right_cheek_big",,20.0,1.0021793433931483,train
COHFACE,'Subj_26_1_x1.6,Subj_26_1,Dataset/3_ROI/MEGA_AUG/aug_npz/COHFACE_Subj_26_1_Subj_26_1_x1.6.npz,767,9,0.0,38.300000,"forehead_strip,left_cheek_big,right_cheek_big",,20.0,1.0021793433931483,train
COHFACE,'Subj_26_1_x1.8,Subj_26_1,Dataset/3_ROI/MEGA_AUG/aug_npz/COHFACE_Subj_26_1_Subj_26_1_x1.8.npz,682,9,0.0,34.050000,"forehead_strip,left_cheek_big,right_cheek_big",,20.0,1.0021793433931483,train
COHFACE,'Subj_26_2,Subj_26_2,Dataset/3_ROI/COHFACE_RAW/Subj_26_2.npz,1249,9,0.0,62.4,"forehead_strip,left_cheek_big,right_cheek_big",,20.0,1.0015399639423077,train
COHFACE,'Subj_26_2_x0.55,Subj_26_2,Dataset/3_ROI/MEGA_AUG/aug_npz/COHFACE_Subj_26_2_Subj_26_2_x0.55.npz,2271,9,0.0,113.500000,"forehead_strip,left_cheek_big,right_cheek_big",,20.0,1.0015399639423077,train
COHFACE,'Subj_26_2_x0.65,Subj_26_2,Dataset/3_ROI/MEGA_AUG/aug_npz/COHFACE_Subj_26_2_Subj_26_2_x0.65.npz,1922,9,0.0,96.050000,"forehead_strip,left_cheek_big,right_cheek_big",,20.0,1.0015399639423077,train
COHFACE,'Subj_26_2_x0.75,Subj_26_2,Dataset/3_ROI/MEGA_AUG/aug_npz/COHFACE_Subj_26_2_Subj_26_2_x0.75.npz,1665,9,0.0,83.200000,"forehead_strip,left_cheek_big,right_cheek_big",,20.0,1.0015399639423077,train
COHFACE,'Subj_26_2_x1.2,Subj_26_2,Dataset/3_ROI/MEGA_AUG/aug_npz/COHFACE_Subj_26_2_Subj_26_2_x1.2.npz,1041,9,0.0,52.000000,"forehead_strip,left_cheek_big,right_cheek_big",,20.0,1.0015399639423077,train
COHFACE,'Subj_26_2_x1.4,Subj_26_2,Dataset/3_ROI/MEGA_AUG/aug_npz/COHFACE_Subj_26_2_Subj_26_2_x1.4.npz,892,9,0.0,44.550000,"forehead_strip,left_cheek_big,right_cheek_big",,20.0,1.0015399639423077,train
COHFACE,'Subj_26_2_x1.6,Subj_26_2,Dataset/3_ROI/MEGA_AUG/aug_npz/COHFACE_Subj_26_2_Subj_26_2_x1.6.npz,781,9,0.0,39.000000,"forehead_strip,left_cheek_big,right_cheek_big",,20.0,1.0015399639423077,train
COHFACE,'Subj_26_2_x1.8,Subj_26_2,Dataset/3_ROI/MEGA_AUG/aug_npz/COHFACE_Subj_26_2_Subj_26_2_x1.8.npz,694,9,0.0,34.650000,"forehead_strip,left_cheek_big,right_cheek_big",,20.0,1.0015399639423077,train
COHFACE,'Subj_26_3,Subj_26_3,Dataset/3_ROI/COHFACE_RAW/Subj_26_3.npz,1227,9,0.0,61.3,"forehead_strip,left_cheek_big,right_cheek_big",,20.0,1.0021793433931483,train
COHFACE,'Subj_26_3_x0.55,Subj_26_3,Dataset/3_ROI/MEGA_AUG/aug_npz/COHFACE_Subj_26_3_Subj_26_3_x0.55.npz,2231,9,0.0,111.500000,"forehead_strip,left_cheek_big,right_cheek_big",,20.0,1.0021793433931483,train
COHFACE,'Subj_26_3_x0.65,Subj_26_3,Dataset/3_ROI/MEGA_AUG/aug_npz/COHFACE_Subj_26_3_Subj_26_3_x0.65.npz,1888,9,0.0,94.350000,"forehead_strip,left_cheek_big,right_cheek_big",,20.0,1.0021793433931483,train
COHFACE,'Subj_26_3_x0.75,Subj_26_3,Dataset/3_ROI/MEGA_AUG/aug_npz/COHFACE_Subj_26_3_Subj_26_3_x0.75.npz,1636,9,0.0,81.750000,"forehead_strip,left_cheek_big,right_cheek_big",,20.0,1.0021793433931483,train
COHFACE,'Subj_26_3_x1.2,Subj_26_3,Dataset/3_ROI/MEGA_AUG/aug_npz/COHFACE_Subj_26_3_Subj_26_3_x1.2.npz,1022,9,0.0,51.050000,"forehead_strip,left_cheek_big,right_cheek_big",,20.0,1.0021793433931483,train
COHFACE,'Subj_26_3_x1.4,Subj_26_3,Dataset/3_ROI/MEGA_AUG/aug_npz/COHFACE_Subj_26_3_Subj_26_3_x1.4.npz,876,9,0.0,43.750000,"forehead_strip,left_cheek_big,right_cheek_big",,20.0,1.0021793433931483,train
COHFACE,'Subj_26_3_x1.6,Subj_26_3,Dataset/3_ROI/MEGA_AUG/aug_npz/COHFACE_Subj_26_3_Subj_26_3_x1.6.npz,767,9,0.0,38.300000,"forehead_strip,left_cheek_big,right_cheek_big",,20.0,1.0021793433931483,train
COHFACE,'Subj_26_3_x1.8,Subj_26_3,Dataset/3_ROI/MEGA_AUG/aug_npz/COHFACE_Subj_26_3_Subj_26_3_x1.8.npz,682,9,0.0,34.050000,"forehead_strip,left_cheek_big,right_cheek_big",,20.0,1.0021793433931483,train
COHFACE,'Subj_27_0,Subj_27_0,Dataset/3_ROI/COHFACE_RAW/Subj_27_0.npz,1227,9,0.0,61.3,"forehead_strip,left_cheek_big,right_cheek_big",,20.0,1.0021793433931483,train
COHFACE,'Subj_27_0_x0.65,Subj_27_0,Dataset/3_ROI/MEGA_AUG/aug_npz/COHFACE_Subj_27_0_Subj_27_0_x0.65.npz,1888,9,0.0,94.350000,"forehead_strip,left_cheek_big,right_cheek_big",,20.0,1.0021793433931483,train
COHFACE,'Subj_27_0_x0.75,Subj_27_0,Dataset/3_ROI/MEGA_AUG/aug_npz/COHFACE_Subj_27_0_Subj_27_0_x0.75.npz,1636,9,0.0,81.750000,"forehead_strip,left_cheek_big,right_cheek_big",,20.0,1.0021793433931483,train
COHFACE,'Subj_27_0_x1.2,Subj_27_0,Dataset/3_ROI/MEGA_AUG/aug_npz/COHFACE_Subj_27_0_Subj_27_0_x1.2.npz,1022,9,0.0,51.050000,"forehead_strip,left_cheek_big,right_cheek_big",,20.0,1.0021793433931483,train
COHFACE,'Subj_27_0_x1.4,Subj_27_0,Dataset/3_ROI/MEGA_AUG/aug_npz/COHFACE_Subj_27_0_Subj_27_0_x1.4.npz,876,9,0.0,43.750000,"forehead_strip,left_cheek_big,right_cheek_big",,20.0,1.0021793433931483,train
COHFACE,'Subj_27_0_x1.6,Subj_27_0,Dataset/3_ROI/MEGA_AUG/aug_npz/COHFACE_Subj_27_0_Subj_27_0_x1.6.npz,767,9,0.0,38.300000,"forehead_strip,left_cheek_big,right_cheek_big",,20.0,1.0021793433931483,train
COHFACE,'Subj_27_0_x1.8,Subj_27_0,Dataset/3_ROI/MEGA_AUG/aug_npz/COHFACE_Subj_27_0_Subj_27_0_x1.8.npz,682,9,0.0,34.050000,"forehead_strip,left_cheek_big,right_cheek_big",,20.0,1.0021793433931483,train
COHFACE,'Subj_27_1,Subj_27_1,Dataset/3_ROI/COHFACE_RAW/Subj_27_1.npz,1240,9,0.0,61.95,"forehead_strip,left_cheek_big,right_cheek_big",,20.0,1.0017529257465698,train
COHFACE,'Subj_27_1_x0.65,Subj_27_1,Dataset/3_ROI/MEGA_AUG/aug_npz/COHFACE_Subj_27_1_Subj_27_1_x0.65.npz,1908,9,0.0,95.350000,"forehead_strip,left_cheek_big,right_cheek_big",,20.0,1.0017529257465698,train
COHFACE,'Subj_27_1_x0.75,Subj_27_1,Dataset/3_ROI/MEGA_AUG/aug_npz/COHFACE_Subj_27_1_Subj_27_1_x0.75.npz,1653,9,0.0,82.600000,"forehead_strip,left_cheek_big,right_cheek_big",,20.0,1.0017529257465698,train
COHFACE,'Subj_27_1_x1.2,Subj_27_1,Dataset/3_ROI/MEGA_AUG/aug_npz/COHFACE_Subj_27_1_Subj_27_1_x1.2.npz,1033,9,0.0,51.600000,"forehead_strip,left_cheek_big,right_cheek_big",,20.0,1.0017529257465698,train
COHFACE,'Subj_27_1_x1.4,Subj_27_1,Dataset/3_ROI/MEGA_AUG/aug_npz/COHFACE_Subj_27_1_Subj_27_1_x1.4.npz,886,9,0.0,44.250000,"forehead_strip,left_cheek_big,right_cheek_big",,20.0,1.0017529257465698,train
COHFACE,'Subj_27_1_x1.6,Subj_27_1,Dataset/3_ROI/MEGA_AUG/aug_npz/COHFACE_Subj_27_1_Subj_27_1_x1.6.npz,775,9,0.0,38.700000,"forehead_strip,left_cheek_big,right_cheek_big",,20.0,1.0017529257465698,train
COHFACE,'Subj_27_1_x1.8,Subj_27_1,Dataset/3_ROI/MEGA_AUG/aug_npz/COHFACE_Subj_27_1_Subj_27_1_x1.8.npz,689,9,0.0,34.400000,"forehead_strip,left_cheek_big,right_cheek_big",,20.0,1.0017529257465698,train
COHFACE,'Subj_27_2,Subj_27_2,Dataset/3_ROI/COHFACE_RAW/Subj_27_2.npz,1232,9,0.0,61.55,"forehead_strip,left_cheek_big,right_cheek_big",,20.0,1.002170491470349,train
COHFACE,'Subj_27_2_x0.65,Subj_27_2,Dataset/3_ROI/MEGA_AUG/aug_npz/COHFACE_Subj_27_2_Subj_27_2_x0.65.npz,1895,9,0.0,94.700000,"forehead_strip,left_cheek_big,right_cheek_big",,20.0,1.002170491470349,train
COHFACE,'Subj_27_2_x0.75,Subj_27_2,Dataset/3_ROI/MEGA_AUG/aug_npz/COHFACE_Subj_27_2_Subj_27_2_x0.75.npz,1643,9,0.0,82.100000,"forehead_strip,left_cheek_big,right_cheek_big",,20.0,1.002170491470349,train
COHFACE,'Subj_27_2_x1.2,Subj_27_2,Dataset/3_ROI/MEGA_AUG/aug_npz/COHFACE_Subj_27_2_Subj_27_2_x1.2.npz,1027,9,0.0,51.300000,"forehead_strip,left_cheek_big,right_cheek_big",,20.0,1.002170491470349,train
COHFACE,'Subj_27_2_x1.4,Subj_27_2,Dataset/3_ROI/MEGA_AUG/aug_npz/COHFACE_Subj_27_2_Subj_27_2_x1.4.npz,880,9,0.0,43.950000,"forehead_strip,left_cheek_big,right_cheek_big",,20.0,1.002170491470349,train
COHFACE,'Subj_27_2_x1.6,Subj_27_2,Dataset/3_ROI/MEGA_AUG/aug_npz/COHFACE_Subj_27_2_Subj_27_2_x1.6.npz,770,9,0.0,38.450000,"forehead_strip,left_cheek_big,right_cheek_big",,20.0,1.002170491470349,train
COHFACE,'Subj_27_2_x1.8,Subj_27_2,Dataset/3_ROI/MEGA_AUG/aug_npz/COHFACE_Subj_27_2_Subj_27_2_x1.8.npz,684,9,0.0,34.150000,"forehead_strip,left_cheek_big,right_cheek_big",,20.0,1.002170491470349,train
COHFACE,'Subj_27_3,Subj_27_3,Dataset/3_ROI/COHFACE_RAW/Subj_27_3.npz,1235,9,0.0,61.7,"forehead_strip,left_cheek_big,right_cheek_big",,20.0,1.001760028363047,train
COHFACE,'Subj_27_3_x0.65,Subj_27_3,Dataset/3_ROI/MEGA_AUG/aug_npz/COHFACE_Subj_27_3_Subj_27_3_x0.65.npz,1900,9,0.0,94.950000,"forehead_strip,left_cheek_big,right_cheek_big",,20.0,1.001760028363047,train
COHFACE,'Subj_27_3_x0.75,Subj_27_3,Dataset/3_ROI/MEGA_AUG/aug_npz/COHFACE_Subj_27_3_Subj_27_3_x0.75.npz,1647,9,0.0,82.300000,"forehead_strip,left_cheek_big,right_cheek_big",,20.0,1.001760028363047,train
COHFACE,'Subj_27_3_x1.2,Subj_27_3,Dataset/3_ROI/MEGA_AUG/aug_npz/COHFACE_Subj_27_3_Subj_27_3_x1.2.npz,1029,9,0.0,51.400000,"forehead_strip,left_cheek_big,right_cheek_big",,20.0,1.001760028363047,train
COHFACE,'Subj_27_3_x1.4,Subj_27_3,Dataset/3_ROI/MEGA_AUG/aug_npz/COHFACE_Subj_27_3_Subj_27_3_x1.4.npz,882,9,0.0,44.050000,"forehead_strip,left_cheek_big,right_cheek_big",,20.0,1.001760028363047,train
COHFACE,'Subj_27_3_x1.6,Subj_27_3,Dataset/3_ROI/MEGA_AUG/aug_npz/COHFACE_Subj_27_3_Subj_27_3_x1.6.npz,772,9,0.0,38.550000,"forehead_strip,left_cheek_big,right_cheek_big",,20.0,1.001760028363047,train
COHFACE,'Subj_27_3_x1.8,Subj_27_3,Dataset/3_ROI/MEGA_AUG/aug_npz/COHFACE_Subj_27_3_Subj_27_3_x1.8.npz,686,9,0.0,34.250000,"forehead_strip,left_cheek_big,right_cheek_big",,20.0,1.001760028363047,train
COHFACE,'Subj_28_0,Subj_28_0,Dataset/3_ROI/COHFACE_RAW/Subj_28_0.npz,1254,9,0.0,62.65,"forehead_strip,left_cheek_big,right_cheek_big",,20.0,1.0025314245810055,train
COHFACE,'Subj_28_0_x0.65,Subj_28_0,Dataset/3_ROI/MEGA_AUG/aug_npz/COHFACE_Subj_28_0_Subj_28_0_x0.65.npz,1929,9,0.0,96.400000,"forehead_strip,left_cheek_big,right_cheek_big",,20.0,1.0025314245810055,train
COHFACE,'Subj_28_0_x0.75,Subj_28_0,Dataset/3_ROI/MEGA_AUG/aug_npz/COHFACE_Subj_28_0_Subj_28_0_x0.75.npz,1672,9,0.0,83.550000,"forehead_strip,left_cheek_big,right_cheek_big",,20.0,1.0025314245810055,train
COHFACE,'Subj_28_0_x1.2,Subj_28_0,Dataset/3_ROI/MEGA_AUG/aug_npz/COHFACE_Subj_28_0_Subj_28_0_x1.2.npz,1045,9,0.0,52.200000,"forehead_strip,left_cheek_big,right_cheek_big",,20.0,1.0025314245810055,train
COHFACE,'Subj_28_0_x1.4,Subj_28_0,Dataset/3_ROI/MEGA_AUG/aug_npz/COHFACE_Subj_28_0_Subj_28_0_x1.4.npz,896,9,0.0,44.750000,"forehead_strip,left_cheek_big,right_cheek_big",,20.0,1.0025314245810055,train
COHFACE,'Subj_28_0_x1.6,Subj_28_0,Dataset/3_ROI/MEGA_AUG/aug_npz/COHFACE_Subj_28_0_Subj_28_0_x1.6.npz,784,9,0.0,39.150000,"forehead_strip,left_cheek_big,right_cheek_big",,20.0,1.0025314245810055,train
COHFACE,'Subj_28_0_x1.8,Subj_28_0,Dataset/3_ROI/MEGA_AUG/aug_npz/COHFACE_Subj_28_0_Subj_28_0_x1.8.npz,697,9,0.0,34.800000,"forehead_strip,left_cheek_big,right_cheek_big",,20.0,1.0025314245810055,train
COHFACE,'Subj_28_1,Subj_28_1,Dataset/3_ROI/COHFACE_RAW/Subj_28_1.npz,1220,9,0.0,60.95,"forehead_strip,left_cheek_big,right_cheek_big",,20.0,1.0017816858080393,train
COHFACE,'Subj_28_1_x0.65,Subj_28_1,Dataset/3_ROI/MEGA_AUG/aug_npz/COHFACE_Subj_28_1_Subj_28_1_x0.65.npz,1877,9,0.0,93.800000,"forehead_strip,left_cheek_big,right_cheek_big",,20.0,1.0017816858080393,train
COHFACE,'Subj_28_1_x0.75,Subj_28_1,Dataset/3_ROI/MEGA_AUG/aug_npz/COHFACE_Subj_28_1_Subj_28_1_x0.75.npz,1627,9,0.0,81.300000,"forehead_strip,left_cheek_big,right_cheek_big",,20.0,1.0017816858080393,train
COHFACE,'Subj_28_1_x1.2,Subj_28_1,Dataset/3_ROI/MEGA_AUG/aug_npz/COHFACE_Subj_28_1_Subj_28_1_x1.2.npz,1017,9,0.0,50.800000,"forehead_strip,left_cheek_big,right_cheek_big",,20.0,1.0017816858080393,train
COHFACE,'Subj_28_1_x1.4,Subj_28_1,Dataset/3_ROI/MEGA_AUG/aug_npz/COHFACE_Subj_28_1_Subj_28_1_x1.4.npz,871,9,0.0,43.500000,"forehead_strip,left_cheek_big,right_cheek_big",,20.0,1.0017816858080393,train
COHFACE,'Subj_28_1_x1.6,Subj_28_1,Dataset/3_ROI/MEGA_AUG/aug_npz/COHFACE_Subj_28_1_Subj_28_1_x1.6.npz,762,9,0.0,38.050000,"forehead_strip,left_cheek_big,right_cheek_big",,20.0,1.0017816858080393,train
COHFACE,'Subj_28_1_x1.8,Subj_28_1,Dataset/3_ROI/MEGA_AUG/aug_npz/COHFACE_Subj_28_1_Subj_28_1_x1.8.npz,678,9,0.0,33.850000,"forehead_strip,left_cheek_big,right_cheek_big",,20.0,1.0017816858080393,train
COHFACE,'Subj_28_2,Subj_28_2,Dataset/3_ROI/COHFACE_RAW/Subj_28_2.npz,1240,9,0.0,61.95,"forehead_strip,left_cheek_big,right_cheek_big",,20.0,1.002761803874092,train
COHFACE,'Subj_28_2_x0.65,Subj_28_2,Dataset/3_ROI/MEGA_AUG/aug_npz/COHFACE_Subj_28_2_Subj_28_2_x0.65.npz,1908,9,0.0,95.350000,"forehead_strip,left_cheek_big,right_cheek_big",,20.0,1.002761803874092,train
COHFACE,'Subj_28_2_x0.75,Subj_28_2,Dataset/3_ROI/MEGA_AUG/aug_npz/COHFACE_Subj_28_2_Subj_28_2_x0.75.npz,1653,9,0.0,82.600000,"forehead_strip,left_cheek_big,right_cheek_big",,20.0,1.002761803874092,train
COHFACE,'Subj_28_2_x1.2,Subj_28_2,Dataset/3_ROI/MEGA_AUG/aug_npz/COHFACE_Subj_28_2_Subj_28_2_x1.2.npz,1033,9,0.0,51.600000,"forehead_strip,left_cheek_big,right_cheek_big",,20.0,1.002761803874092,train
COHFACE,'Subj_28_2_x1.4,Subj_28_2,Dataset/3_ROI/MEGA_AUG/aug_npz/COHFACE_Subj_28_2_Subj_28_2_x1.4.npz,886,9,0.0,44.250000,"forehead_strip,left_cheek_big,right_cheek_big",,20.0,1.002761803874092,train
COHFACE,'Subj_28_2_x1.6,Subj_28_2,Dataset/3_ROI/MEGA_AUG/aug_npz/COHFACE_Subj_28_2_Subj_28_2_x1.6.npz,775,9,0.0,38.700000,"forehead_strip,left_cheek_big,right_cheek_big",,20.0,1.002761803874092,train
COHFACE,'Subj_28_2_x1.8,Subj_28_2,Dataset/3_ROI/MEGA_AUG/aug_npz/COHFACE_Subj_28_2_Subj_28_2_x1.8.npz,689,9,0.0,34.400000,"forehead_strip,left_cheek_big,right_cheek_big",,20.0,1.002761803874092,train
COHFACE,'Subj_28_3,Subj_28_3,Dataset/3_ROI/COHFACE_RAW/Subj_28_3.npz,1237,9,0.0,61.8,"forehead_strip,left_cheek_big,right_cheek_big",,20.0,1.001150384304207,train
COHFACE,'Subj_28_3_x0.65,Subj_28_3,Dataset/3_ROI/MEGA_AUG/aug_npz/COHFACE_Subj_28_3_Subj_28_3_x0.65.npz,1903,9,0.0,95.100000,"forehead_strip,left_cheek_big,right_cheek_big",,20.0,1.001150384304207,train
COHFACE,'Subj_28_3_x0.75,Subj_28_3,Dataset/3_ROI/MEGA_AUG/aug_npz/COHFACE_Subj_28_3_Subj_28_3_x0.75.npz,1649,9,0.0,82.400000,"forehead_strip,left_cheek_big,right_cheek_big",,20.0,1.001150384304207,train
COHFACE,'Subj_28_3_x1.2,Subj_28_3,Dataset/3_ROI/MEGA_AUG/aug_npz/COHFACE_Subj_28_3_Subj_28_3_x1.2.npz,1031,9,0.0,51.500000,"forehead_strip,left_cheek_big,right_cheek_big",,20.0,1.001150384304207,train
COHFACE,'Subj_28_3_x1.4,Subj_28_3,Dataset/3_ROI/MEGA_AUG/aug_npz/COHFACE_Subj_28_3_Subj_28_3_x1.4.npz,884,9,0.0,44.150000,"forehead_strip,left_cheek_big,right_cheek_big",,20.0,1.001150384304207,train
COHFACE,'Subj_28_3_x1.6,Subj_28_3,Dataset/3_ROI/MEGA_AUG/aug_npz/COHFACE_Subj_28_3_Subj_28_3_x1.6.npz,773,9,0.0,38.600000,"forehead_strip,left_cheek_big,right_cheek_big",,20.0,1.001150384304207,train
COHFACE,'Subj_28_3_x1.8,Subj_28_3,Dataset/3_ROI/MEGA_AUG/aug_npz/COHFACE_Subj_28_3_Subj_28_3_x1.8.npz,687,9,0.0,34.300000,"forehead_strip,left_cheek_big,right_cheek_big",,20.0,1.001150384304207,train
COHFACE,'Subj_29_0,Subj_29_0,Dataset/3_ROI/COHFACE_RAW/Subj_29_0.npz,2154,9,0.0,107.65,"forehead_strip,left_cheek_big,right_cheek_big",,20.0,1.0008926497909894,train
COHFACE,'Subj_29_0_x1.2,Subj_29_0,Dataset/3_ROI/MEGA_AUG/aug_npz/COHFACE_Subj_29_0_Subj_29_0_x1.2.npz,1795,9,0.0,89.700000,"forehead_strip,left_cheek_big,right_cheek_big",,20.0,1.0008926497909894,train
COHFACE,'Subj_29_0_x1.4,Subj_29_0,Dataset/3_ROI/MEGA_AUG/aug_npz/COHFACE_Subj_29_0_Subj_29_0_x1.4.npz,1539,9,0.0,76.900000,"forehead_strip,left_cheek_big,right_cheek_big",,20.0,1.0008926497909894,train
COHFACE,'Subj_29_0_x1.6,Subj_29_0,Dataset/3_ROI/MEGA_AUG/aug_npz/COHFACE_Subj_29_0_Subj_29_0_x1.6.npz,1346,9,0.0,67.250000,"forehead_strip,left_cheek_big,right_cheek_big",,20.0,1.0008926497909894,train
COHFACE,'Subj_29_0_x1.8,Subj_29_0,Dataset/3_ROI/MEGA_AUG/aug_npz/COHFACE_Subj_29_0_Subj_29_0_x1.8.npz,1197,9,0.0,59.800000,"forehead_strip,left_cheek_big,right_cheek_big",,20.0,1.0008926497909894,train
COHFACE,'Subj_29_1,Subj_29_1,Dataset/3_ROI/COHFACE_RAW/Subj_29_1.npz,1225,9,0.0,61.2,"forehead_strip,left_cheek_big,right_cheek_big",,20.0,1.0017744076797386,train
COHFACE,'Subj_29_1_x1.2,Subj_29_1,Dataset/3_ROI/MEGA_AUG/aug_npz/COHFACE_Subj_29_1_Subj_29_1_x1.2.npz,1021,9,0.0,51.000000,"forehead_strip,left_cheek_big,right_cheek_big",,20.0,1.0017744076797386,train
COHFACE,'Subj_29_1_x1.4,Subj_29_1,Dataset/3_ROI/MEGA_AUG/aug_npz/COHFACE_Subj_29_1_Subj_29_1_x1.4.npz,875,9,0.0,43.700000,"forehead_strip,left_cheek_big,right_cheek_big",,20.0,1.0017744076797386,train
COHFACE,'Subj_29_1_x1.6,Subj_29_1,Dataset/3_ROI/MEGA_AUG/aug_npz/COHFACE_Subj_29_1_Subj_29_1_x1.6.npz,766,9,0.0,38.250000,"forehead_strip,left_cheek_big,right_cheek_big",,20.0,1.0017744076797386,train
COHFACE,'Subj_29_1_x1.8,Subj_29_1,Dataset/3_ROI/MEGA_AUG/aug_npz/COHFACE_Subj_29_1_Subj_29_1_x1.8.npz,681,9,0.0,34.000000,"forehead_strip,left_cheek_big,right_cheek_big",,20.0,1.0017744076797386,train
COHFACE,'Subj_29_2,Subj_29_2,Dataset/3_ROI/COHFACE_RAW/Subj_29_2.npz,1226,9,0.0,61.25,"forehead_strip,left_cheek_big,right_cheek_big",,20.0,1.0019770408163264,train
COHFACE,'Subj_29_2_x1.2,Subj_29_2,Dataset/3_ROI/MEGA_AUG/aug_npz/COHFACE_Subj_29_2_Subj_29_2_x1.2.npz,1022,9,0.0,51.050000,"forehead_strip,left_cheek_big,right_cheek_big",,20.0,1.0019770408163264,train
COHFACE,'Subj_29_2_x1.4,Subj_29_2,Dataset/3_ROI/MEGA_AUG/aug_npz/COHFACE_Subj_29_2_Subj_29_2_x1.4.npz,876,9,0.0,43.750000,"forehead_strip,left_cheek_big,right_cheek_big",,20.0,1.0019770408163264,train
COHFACE,'Subj_29_2_x1.6,Subj_29_2,Dataset/3_ROI/MEGA_AUG/aug_npz/COHFACE_Subj_29_2_Subj_29_2_x1.6.npz,766,9,0.0,38.250000,"forehead_strip,left_cheek_big,right_cheek_big",,20.0,1.0019770408163264,train
COHFACE,'Subj_29_2_x1.8,Subj_29_2,Dataset/3_ROI/MEGA_AUG/aug_npz/COHFACE_Subj_29_2_Subj_29_2_x1.8.npz,681,9,0.0,34.000000,"forehead_strip,left_cheek_big,right_cheek_big",,20.0,1.0019770408163264,train
COHFACE,'Subj_29_3,Subj_29_3,Dataset/3_ROI/COHFACE_RAW/Subj_29_3.npz,1310,9,0.0,65.45,"forehead_strip,left_cheek_big,right_cheek_big",,20.0,1.0016591864018334,train
COHFACE,'Subj_29_3_x1.2,Subj_29_3,Dataset/3_ROI/MEGA_AUG/aug_npz/COHFACE_Subj_29_3_Subj_29_3_x1.2.npz,1092,9,0.0,54.550000,"forehead_strip,left_cheek_big,right_cheek_big",,20.0,1.0016591864018334,train
COHFACE,'Subj_29_3_x1.4,Subj_29_3,Dataset/3_ROI/MEGA_AUG/aug_npz/COHFACE_Subj_29_3_Subj_29_3_x1.4.npz,936,9,0.0,46.750000,"forehead_strip,left_cheek_big,right_cheek_big",,20.0,1.0016591864018334,train
COHFACE,'Subj_29_3_x1.6,Subj_29_3,Dataset/3_ROI/MEGA_AUG/aug_npz/COHFACE_Subj_29_3_Subj_29_3_x1.6.npz,819,9,0.0,40.900000,"forehead_strip,left_cheek_big,right_cheek_big",,20.0,1.0016591864018334,train
COHFACE,'Subj_29_3_x1.8,Subj_29_3,Dataset/3_ROI/MEGA_AUG/aug_npz/COHFACE_Subj_29_3_Subj_29_3_x1.8.npz,728,9,0.0,36.350000,"forehead_strip,left_cheek_big,right_cheek_big",,20.0,1.0016591864018334,train
COHFACE,'Subj_2_0,Subj_2_0,Dataset/3_ROI/COHFACE_RAW/Subj_2_0.npz,1208,9,0.0,60.35,"forehead_strip,left_cheek_big,right_cheek_big",,20.0,1.0013851491300745,train
COHFACE,'Subj_2_0_x0.65,Subj_2_0,Dataset/3_ROI/MEGA_AUG/aug_npz/COHFACE_Subj_2_0_Subj_2_0_x0.65.npz,1858,9,0.0,92.850000,"forehead_strip,left_cheek_big,right_cheek_big",,20.0,1.0013851491300745,train
COHFACE,'Subj_2_0_x0.75,Subj_2_0,Dataset/3_ROI/MEGA_AUG/aug_npz/COHFACE_Subj_2_0_Subj_2_0_x0.75.npz,1611,9,0.0,80.500000,"forehead_strip,left_cheek_big,right_cheek_big",,20.0,1.0013851491300745,train
COHFACE,'Subj_2_0_x1.2,Subj_2_0,Dataset/3_ROI/MEGA_AUG/aug_npz/COHFACE_Subj_2_0_Subj_2_0_x1.2.npz,1007,9,0.0,50.300000,"forehead_strip,left_cheek_big,right_cheek_big",,20.0,1.0013851491300745,train
COHFACE,'Subj_2_0_x1.4,Subj_2_0,Dataset/3_ROI/MEGA_AUG/aug_npz/COHFACE_Subj_2_0_Subj_2_0_x1.4.npz,863,9,0.0,43.100000,"forehead_strip,left_cheek_big,right_cheek_big",,20.0,1.0013851491300745,train
COHFACE,'Subj_2_0_x1.6,Subj_2_0,Dataset/3_ROI/MEGA_AUG/aug_npz/COHFACE_Subj_2_0_Subj_2_0_x1.6.npz,755,9,0.0,37.700000,"forehead_strip,left_cheek_big,right_cheek_big",,20.0,1.0013851491300745,train
COHFACE,'Subj_2_0_x1.8,Subj_2_0,Dataset/3_ROI/MEGA_AUG/aug_npz/COHFACE_Subj_2_0_Subj_2_0_x1.8.npz,671,9,0.0,33.500000,"forehead_strip,left_cheek_big,right_cheek_big",,20.0,1.0013851491300745,train
COHFACE,'Subj_2_1,Subj_2_1,Dataset/3_ROI/COHFACE_RAW/Subj_2_1.npz,1208,9,0.0,60.35,"forehead_strip,left_cheek_big,right_cheek_big",,20.0,1.0024207746478873,train
COHFACE,'Subj_2_1_x0.65,Subj_2_1,Dataset/3_ROI/MEGA_AUG/aug_npz/COHFACE_Subj_2_1_Subj_2_1_x0.65.npz,1858,9,0.0,92.850000,"forehead_strip,left_cheek_big,right_cheek_big",,20.0,1.0024207746478873,train
COHFACE,'Subj_2_1_x0.75,Subj_2_1,Dataset/3_ROI/MEGA_AUG/aug_npz/COHFACE_Subj_2_1_Subj_2_1_x0.75.npz,1611,9,0.0,80.500000,"forehead_strip,left_cheek_big,right_cheek_big",,20.0,1.0024207746478873,train
COHFACE,'Subj_2_1_x1.2,Subj_2_1,Dataset/3_ROI/MEGA_AUG/aug_npz/COHFACE_Subj_2_1_Subj_2_1_x1.2.npz,1007,9,0.0,50.300000,"forehead_strip,left_cheek_big,right_cheek_big",,20.0,1.0024207746478873,train
COHFACE,'Subj_2_1_x1.4,Subj_2_1,Dataset/3_ROI/MEGA_AUG/aug_npz/COHFACE_Subj_2_1_Subj_2_1_x1.4.npz,863,9,0.0,43.100000,"forehead_strip,left_cheek_big,right_cheek_big",,20.0,1.0024207746478873,train
COHFACE,'Subj_2_1_x1.6,Subj_2_1,Dataset/3_ROI/MEGA_AUG/aug_npz/COHFACE_Subj_2_1_Subj_2_1_x1.6.npz,755,9,0.0,37.700000,"forehead_strip,left_cheek_big,right_cheek_big",,20.0,1.0024207746478873,train
COHFACE,'Subj_2_1_x1.8,Subj_2_1,Dataset/3_ROI/MEGA_AUG/aug_npz/COHFACE_Subj_2_1_Subj_2_1_x1.8.npz,671,9,0.0,33.500000,"forehead_strip,left_cheek_big,right_cheek_big",,20.0,1.0024207746478873,train
COHFACE,'Subj_2_2,Subj_2_2,Dataset/3_ROI/COHFACE_RAW/Subj_2_2.npz,1208,9,0.0,60.35,"forehead_strip,left_cheek_big,right_cheek_big",,20.0,1.0013851491300745,train
COHFACE,'Subj_2_2_x0.55,Subj_2_2,Dataset/3_ROI/MEGA_AUG/aug_npz/COHFACE_Subj_2_2_Subj_2_2_x0.55.npz,2196,9,0.0,109.750000,"forehead_strip,left_cheek_big,right_cheek_big",,20.0,1.0013851491300745,train
COHFACE,'Subj_2_2_x0.65,Subj_2_2,Dataset/3_ROI/MEGA_AUG/aug_npz/COHFACE_Subj_2_2_Subj_2_2_x0.65.npz,1858,9,0.0,92.850000,"forehead_strip,left_cheek_big,right_cheek_big",,20.0,1.0013851491300745,train
COHFACE,'Subj_2_2_x0.75,Subj_2_2,Dataset/3_ROI/MEGA_AUG/aug_npz/COHFACE_Subj_2_2_Subj_2_2_x0.75.npz,1611,9,0.0,80.500000,"forehead_strip,left_cheek_big,right_cheek_big",,20.0,1.0013851491300745,train
COHFACE,'Subj_2_2_x1.2,Subj_2_2,Dataset/3_ROI/MEGA_AUG/aug_npz/COHFACE_Subj_2_2_Subj_2_2_x1.2.npz,1007,9,0.0,50.300000,"forehead_strip,left_cheek_big,right_cheek_big",,20.0,1.0013851491300745,train
COHFACE,'Subj_2_2_x1.4,Subj_2_2,Dataset/3_ROI/MEGA_AUG/aug_npz/COHFACE_Subj_2_2_Subj_2_2_x1.4.npz,863,9,0.0,43.100000,"forehead_strip,left_cheek_big,right_cheek_big",,20.0,1.0013851491300745,train
COHFACE,'Subj_2_2_x1.6,Subj_2_2,Dataset/3_ROI/MEGA_AUG/aug_npz/COHFACE_Subj_2_2_Subj_2_2_x1.6.npz,755,9,0.0,37.700000,"forehead_strip,left_cheek_big,right_cheek_big",,20.0,1.0013851491300745,train
COHFACE,'Subj_2_2_x1.8,Subj_2_2,Dataset/3_ROI/MEGA_AUG/aug_npz/COHFACE_Subj_2_2_Subj_2_2_x1.8.npz,671,9,0.0,33.500000,"forehead_strip,left_cheek_big,right_cheek_big",,20.0,1.0013851491300745,train
COHFACE,'Subj_2_3,Subj_2_3,Dataset/3_ROI/COHFACE_RAW/Subj_2_3.npz,1209,9,0.0,60.4,"forehead_strip,left_cheek_big,right_cheek_big",,20.0,1.0015909561258278,train
COHFACE,'Subj_2_3_x0.65,Subj_2_3,Dataset/3_ROI/MEGA_AUG/aug_npz/COHFACE_Subj_2_3_Subj_2_3_x0.65.npz,1860,9,0.0,92.950000,"forehead_strip,left_cheek_big,right_cheek_big",,20.0,1.0015909561258278,train
COHFACE,'Subj_2_3_x0.75,Subj_2_3,Dataset/3_ROI/MEGA_AUG/aug_npz/COHFACE_Subj_2_3_Subj_2_3_x0.75.npz,1612,9,0.0,80.550000,"forehead_strip,left_cheek_big,right_cheek_big",,20.0,1.0015909561258278,train
COHFACE,'Subj_2_3_x1.2,Subj_2_3,Dataset/3_ROI/MEGA_AUG/aug_npz/COHFACE_Subj_2_3_Subj_2_3_x1.2.npz,1008,9,0.0,50.350000,"forehead_strip,left_cheek_big,right_cheek_big",,20.0,1.0015909561258278,train
COHFACE,'Subj_2_3_x1.4,Subj_2_3,Dataset/3_ROI/MEGA_AUG/aug_npz/COHFACE_Subj_2_3_Subj_2_3_x1.4.npz,864,9,0.0,43.150000,"forehead_strip,left_cheek_big,right_cheek_big",,20.0,1.0015909561258278,train
COHFACE,'Subj_2_3_x1.6,Subj_2_3,Dataset/3_ROI/MEGA_AUG/aug_npz/COHFACE_Subj_2_3_Subj_2_3_x1.6.npz,756,9,0.0,37.750000,"forehead_strip,left_cheek_big,right_cheek_big",,20.0,1.0015909561258278,train
COHFACE,'Subj_2_3_x1.8,Subj_2_3,Dataset/3_ROI/MEGA_AUG/aug_npz/COHFACE_Subj_2_3_Subj_2_3_x1.8.npz,672,9,0.0,33.550000,"forehead_strip,left_cheek_big,right_cheek_big",,20.0,1.0015909561258278,train
COHFACE,'Subj_30_0,Subj_30_0,Dataset/3_ROI/COHFACE_RAW/Subj_30_0.npz,1231,9,0.0,61.5,"forehead_strip,left_cheek_big,right_cheek_big",,20.0,1.0019690040650406,train
COHFACE,'Subj_30_0_x0.75,Subj_30_0,Dataset/3_ROI/MEGA_AUG/aug_npz/COHFACE_Subj_30_0_Subj_30_0_x0.75.npz,1641,9,0.0,82.000000,"forehead_strip,left_cheek_big,right_cheek_big",,20.0,1.0019690040650406,train
COHFACE,'Subj_30_0_x1.2,Subj_30_0,Dataset/3_ROI/MEGA_AUG/aug_npz/COHFACE_Subj_30_0_Subj_30_0_x1.2.npz,1026,9,0.0,51.250000,"forehead_strip,left_cheek_big,right_cheek_big",,20.0,1.0019690040650406,train
COHFACE,'Subj_30_0_x1.4,Subj_30_0,Dataset/3_ROI/MEGA_AUG/aug_npz/COHFACE_Subj_30_0_Subj_30_0_x1.4.npz,879,9,0.0,43.900000,"forehead_strip,left_cheek_big,right_cheek_big",,20.0,1.0019690040650406,train
COHFACE,'Subj_30_0_x1.6,Subj_30_0,Dataset/3_ROI/MEGA_AUG/aug_npz/COHFACE_Subj_30_0_Subj_30_0_x1.6.npz,769,9,0.0,38.400000,"forehead_strip,left_cheek_big,right_cheek_big",,20.0,1.0019690040650406,train
COHFACE,'Subj_30_0_x1.8,Subj_30_0,Dataset/3_ROI/MEGA_AUG/aug_npz/COHFACE_Subj_30_0_Subj_30_0_x1.8.npz,684,9,0.0,34.150000,"forehead_strip,left_cheek_big,right_cheek_big",,20.0,1.0019690040650406,train
COHFACE,'Subj_30_1,Subj_30_1,Dataset/3_ROI/COHFACE_RAW/Subj_30_1.npz,1213,9,0.0,60.6,"forehead_strip,left_cheek_big,right_cheek_big",,20.0,1.0024107879537951,train
COHFACE,'Subj_30_1_x0.75,Subj_30_1,Dataset/3_ROI/MEGA_AUG/aug_npz/COHFACE_Subj_30_1_Subj_30_1_x0.75.npz,1617,9,0.0,80.800000,"forehead_strip,left_cheek_big,right_cheek_big",,20.0,1.0024107879537951,train
COHFACE,'Subj_30_1_x1.2,Subj_30_1,Dataset/3_ROI/MEGA_AUG/aug_npz/COHFACE_Subj_30_1_Subj_30_1_x1.2.npz,1011,9,0.0,50.500000,"forehead_strip,left_cheek_big,right_cheek_big",,20.0,1.0024107879537951,train
COHFACE,'Subj_30_1_x1.4,Subj_30_1,Dataset/3_ROI/MEGA_AUG/aug_npz/COHFACE_Subj_30_1_Subj_30_1_x1.4.npz,866,9,0.0,43.250000,"forehead_strip,left_cheek_big,right_cheek_big",,20.0,1.0024107879537951,train
COHFACE,'Subj_30_1_x1.6,Subj_30_1,Dataset/3_ROI/MEGA_AUG/aug_npz/COHFACE_Subj_30_1_Subj_30_1_x1.6.npz,758,9,0.0,37.850000,"forehead_strip,left_cheek_big,right_cheek_big",,20.0,1.0024107879537951,train
COHFACE,'Subj_30_1_x1.8,Subj_30_1,Dataset/3_ROI/MEGA_AUG/aug_npz/COHFACE_Subj_30_1_Subj_30_1_x1.8.npz,674,9,0.0,33.650000,"forehead_strip,left_cheek_big,right_cheek_big",,20.0,1.0024107879537951,train
COHFACE,'Subj_30_2,Subj_30_2,Dataset/3_ROI/COHFACE_RAW/Subj_30_2.npz,1232,9,0.0,61.55,"forehead_strip,left_cheek_big,right_cheek_big",,20.0,1.001155056864338,train
COHFACE,'Subj_30_2_x0.75,Subj_30_2,Dataset/3_ROI/MEGA_AUG/aug_npz/COHFACE_Subj_30_2_Subj_30_2_x0.75.npz,1643,9,0.0,82.100000,"forehead_strip,left_cheek_big,right_cheek_big",,20.0,1.001155056864338,train
COHFACE,'Subj_30_2_x1.2,Subj_30_2,Dataset/3_ROI/MEGA_AUG/aug_npz/COHFACE_Subj_30_2_Subj_30_2_x1.2.npz,1027,9,0.0,51.300000,"forehead_strip,left_cheek_big,right_cheek_big",,20.0,1.001155056864338,train
COHFACE,'Subj_30_2_x1.4,Subj_30_2,Dataset/3_ROI/MEGA_AUG/aug_npz/COHFACE_Subj_30_2_Subj_30_2_x1.4.npz,880,9,0.0,43.950000,"forehead_strip,left_cheek_big,right_cheek_big",,20.0,1.001155056864338,train
COHFACE,'Subj_30_2_x1.6,Subj_30_2,Dataset/3_ROI/MEGA_AUG/aug_npz/COHFACE_Subj_30_2_Subj_30_2_x1.6.npz,770,9,0.0,38.450000,"forehead_strip,left_cheek_big,right_cheek_big",,20.0,1.001155056864338,train
COHFACE,'Subj_30_2_x1.8,Subj_30_2,Dataset/3_ROI/MEGA_AUG/aug_npz/COHFACE_Subj_30_2_Subj_30_2_x1.8.npz,684,9,0.0,34.150000,"forehead_strip,left_cheek_big,right_cheek_big",,20.0,1.001155056864338,train
COHFACE,'Subj_30_3,Subj_30_3,Dataset/3_ROI/COHFACE_RAW/Subj_30_3.npz,1229,9,0.0,61.4,"forehead_strip,left_cheek_big,right_cheek_big",,20.0,1.0015650447882736,train
COHFACE,'Subj_30_3_x0.75,Subj_30_3,Dataset/3_ROI/MEGA_AUG/aug_npz/COHFACE_Subj_30_3_Subj_30_3_x0.75.npz,1639,9,0.0,81.900000,"forehead_strip,left_cheek_big,right_cheek_big",,20.0,1.0015650447882736,train
COHFACE,'Subj_30_3_x1.2,Subj_30_3,Dataset/3_ROI/MEGA_AUG/aug_npz/COHFACE_Subj_30_3_Subj_30_3_x1.2.npz,1024,9,0.0,51.150000,"forehead_strip,left_cheek_big,right_cheek_big",,20.0,1.0015650447882736,train
COHFACE,'Subj_30_3_x1.4,Subj_30_3,Dataset/3_ROI/MEGA_AUG/aug_npz/COHFACE_Subj_30_3_Subj_30_3_x1.4.npz,878,9,0.0,43.850000,"forehead_strip,left_cheek_big,right_cheek_big",,20.0,1.0015650447882736,train
COHFACE,'Subj_30_3_x1.6,Subj_30_3,Dataset/3_ROI/MEGA_AUG/aug_npz/COHFACE_Subj_30_3_Subj_30_3_x1.6.npz,768,9,0.0,38.350000,"forehead_strip,left_cheek_big,right_cheek_big",,20.0,1.0015650447882736,train
COHFACE,'Subj_30_3_x1.8,Subj_30_3,Dataset/3_ROI/MEGA_AUG/aug_npz/COHFACE_Subj_30_3_Subj_30_3_x1.8.npz,683,9,0.0,34.100000,"forehead_strip,left_cheek_big,right_cheek_big",,20.0,1.0015650447882736,train
COHFACE,'Subj_31_0,Subj_31_0,Dataset/3_ROI/COHFACE_RAW/Subj_31_0.npz,1245,9,0.0,62.2,"forehead_strip,left_cheek_big,right_cheek_big",,20.0,1.0017458802250805,train
COHFACE,'Subj_31_0_x1.2,Subj_31_0,Dataset/3_ROI/MEGA_AUG/aug_npz/COHFACE_Subj_31_0_Subj_31_0_x1.2.npz,1038,9,0.0,51.850000,"forehead_strip,left_cheek_big,right_cheek_big",,20.0,1.0017458802250805,train
COHFACE,'Subj_31_0_x1.4,Subj_31_0,Dataset/3_ROI/MEGA_AUG/aug_npz/COHFACE_Subj_31_0_Subj_31_0_x1.4.npz,889,9,0.0,44.400000,"forehead_strip,left_cheek_big,right_cheek_big",,20.0,1.0017458802250805,train
COHFACE,'Subj_31_0_x1.6,Subj_31_0,Dataset/3_ROI/MEGA_AUG/aug_npz/COHFACE_Subj_31_0_Subj_31_0_x1.6.npz,778,9,0.0,38.850000,"forehead_strip,left_cheek_big,right_cheek_big",,20.0,1.0017458802250805,train
COHFACE,'Subj_31_0_x1.8,Subj_31_0,Dataset/3_ROI/MEGA_AUG/aug_npz/COHFACE_Subj_31_0_Subj_31_0_x1.8.npz,692,9,0.0,34.550000,"forehead_strip,left_cheek_big,right_cheek_big",,20.0,1.0017458802250805,train
COHFACE,'Subj_31_1,Subj_31_1,Dataset/3_ROI/COHFACE_RAW/Subj_31_1.npz,1246,9,0.0,62.25,"forehead_strip,left_cheek_big,right_cheek_big",,20.0,1.001945281124498,train
COHFACE,'Subj_31_1_x1.2,Subj_31_1,Dataset/3_ROI/MEGA_AUG/aug_npz/COHFACE_Subj_31_1_Subj_31_1_x1.2.npz,1038,9,0.0,51.850000,"forehead_strip,left_cheek_big,right_cheek_big",,20.0,1.001945281124498,train
COHFACE,'Subj_31_1_x1.4,Subj_31_1,Dataset/3_ROI/MEGA_AUG/aug_npz/COHFACE_Subj_31_1_Subj_31_1_x1.4.npz,890,9,0.0,44.450000,"forehead_strip,left_cheek_big,right_cheek_big",,20.0,1.001945281124498,train
COHFACE,'Subj_31_1_x1.6,Subj_31_1,Dataset/3_ROI/MEGA_AUG/aug_npz/COHFACE_Subj_31_1_Subj_31_1_x1.6.npz,779,9,0.0,38.900000,"forehead_strip,left_cheek_big,right_cheek_big",,20.0,1.001945281124498,train
COHFACE,'Subj_31_1_x1.8,Subj_31_1,Dataset/3_ROI/MEGA_AUG/aug_npz/COHFACE_Subj_31_1_Subj_31_1_x1.8.npz,692,9,0.0,34.550000,"forehead_strip,left_cheek_big,right_cheek_big",,20.0,1.001945281124498,train
COHFACE,'Subj_31_2,Subj_31_2,Dataset/3_ROI/COHFACE_RAW/Subj_31_2.npz,1251,9,0.0,62.5,"forehead_strip,left_cheek_big,right_cheek_big",,20.0,1.0019375,train
COHFACE,'Subj_31_2_x1.2,Subj_31_2,Dataset/3_ROI/MEGA_AUG/aug_npz/COHFACE_Subj_31_2_Subj_31_2_x1.2.npz,1042,9,0.0,52.050000,"forehead_strip,left_cheek_big,right_cheek_big",,20.0,1.0019375,train
COHFACE,'Subj_31_2_x1.4,Subj_31_2,Dataset/3_ROI/MEGA_AUG/aug_npz/COHFACE_Subj_31_2_Subj_31_2_x1.4.npz,894,9,0.0,44.650000,"forehead_strip,left_cheek_big,right_cheek_big",,20.0,1.0019375,train
COHFACE,'Subj_31_2_x1.6,Subj_31_2,Dataset/3_ROI/MEGA_AUG/aug_npz/COHFACE_Subj_31_2_Subj_31_2_x1.6.npz,782,9,0.0,39.050000,"forehead_strip,left_cheek_big,right_cheek_big",,20.0,1.0019375,train
COHFACE,'Subj_31_2_x1.8,Subj_31_2,Dataset/3_ROI/MEGA_AUG/aug_npz/COHFACE_Subj_31_2_Subj_31_2_x1.8.npz,695,9,0.0,34.700000,"forehead_strip,left_cheek_big,right_cheek_big",,20.0,1.0019375,train
COHFACE,'Subj_31_3,Subj_31_3,Dataset/3_ROI/COHFACE_RAW/Subj_31_3.npz,1245,9,0.0,62.2,"forehead_strip,left_cheek_big,right_cheek_big",,20.0,1.0017458802250805,train
COHFACE,'Subj_31_3_x1.2,Subj_31_3,Dataset/3_ROI/MEGA_AUG/aug_npz/COHFACE_Subj_31_3_Subj_31_3_x1.2.npz,1038,9,0.0,51.850000,"forehead_strip,left_cheek_big,right_cheek_big",,20.0,1.0017458802250805,train
COHFACE,'Subj_31_3_x1.4,Subj_31_3,Dataset/3_ROI/MEGA_AUG/aug_npz/COHFACE_Subj_31_3_Subj_31_3_x1.4.npz,889,9,0.0,44.400000,"forehead_strip,left_cheek_big,right_cheek_big",,20.0,1.0017458802250805,train
COHFACE,'Subj_31_3_x1.6,Subj_31_3,Dataset/3_ROI/MEGA_AUG/aug_npz/COHFACE_Subj_31_3_Subj_31_3_x1.6.npz,778,9,0.0,38.850000,"forehead_strip,left_cheek_big,right_cheek_big",,20.0,1.0017458802250805,train
COHFACE,'Subj_31_3_x1.8,Subj_31_3,Dataset/3_ROI/MEGA_AUG/aug_npz/COHFACE_Subj_31_3_Subj_31_3_x1.8.npz,692,9,0.0,34.550000,"forehead_strip,left_cheek_big,right_cheek_big",,20.0,1.0017458802250805,train
COHFACE,'Subj_32_0,Subj_32_0,Dataset/3_ROI/COHFACE_RAW/Subj_32_0.npz,1217,9,0.0,60.8,"forehead_strip,left_cheek_big,right_cheek_big",,20.0,1.0011693050986843,train
COHFACE,'Subj_32_0_x0.75,Subj_32_0,Dataset/3_ROI/MEGA_AUG/aug_npz/COHFACE_Subj_32_0_Subj_32_0_x0.75.npz,1623,9,0.0,81.100000,"forehead_strip,left_cheek_big,right_cheek_big",,20.0,1.0011693050986843,train
COHFACE,'Subj_32_0_x1.2,Subj_32_0,Dataset/3_ROI/MEGA_AUG/aug_npz/COHFACE_Subj_32_0_Subj_32_0_x1.2.npz,1014,9,0.0,50.650000,"forehead_strip,left_cheek_big,right_cheek_big",,20.0,1.0011693050986843,train
COHFACE,'Subj_32_0_x1.4,Subj_32_0,Dataset/3_ROI/MEGA_AUG/aug_npz/COHFACE_Subj_32_0_Subj_32_0_x1.4.npz,869,9,0.0,43.400000,"forehead_strip,left_cheek_big,right_cheek_big",,20.0,1.0011693050986843,train
COHFACE,'Subj_32_0_x1.6,Subj_32_0,Dataset/3_ROI/MEGA_AUG/aug_npz/COHFACE_Subj_32_0_Subj_32_0_x1.6.npz,761,9,0.0,38.000000,"forehead_strip,left_cheek_big,right_cheek_big",,20.0,1.0011693050986843,train
COHFACE,'Subj_32_0_x1.8,Subj_32_0,Dataset/3_ROI/MEGA_AUG/aug_npz/COHFACE_Subj_32_0_Subj_32_0_x1.8.npz,676,9,0.0,33.750000,"forehead_strip,left_cheek_big,right_cheek_big",,20.0,1.0011693050986843,train
COHFACE,'Subj_32_1,Subj_32_1,Dataset/3_ROI/COHFACE_RAW/Subj_32_1.npz,1216,9,0.0,60.75,"forehead_strip,left_cheek_big,right_cheek_big",,20.0,1.0019933127572016,train
COHFACE,'Subj_32_1_x0.75,Subj_32_1,Dataset/3_ROI/MEGA_AUG/aug_npz/COHFACE_Subj_32_1_Subj_32_1_x0.75.npz,1621,9,0.0,81.000000,"forehead_strip,left_cheek_big,right_cheek_big",,20.0,1.0019933127572016,train
COHFACE,'Subj_32_1_x1.2,Subj_32_1,Dataset/3_ROI/MEGA_AUG/aug_npz/COHFACE_Subj_32_1_Subj_32_1_x1.2.npz,1013,9,0.0,50.600000,"forehead_strip,left_cheek_big,right_cheek_big",,20.0,1.0019933127572016,train
COHFACE,'Subj_32_1_x1.4,Subj_32_1,Dataset/3_ROI/MEGA_AUG/aug_npz/COHFACE_Subj_32_1_Subj_32_1_x1.4.npz,869,9,0.0,43.400000,"forehead_strip,left_cheek_big,right_cheek_big",,20.0,1.0019933127572016,train
COHFACE,'Subj_32_1_x1.6,Subj_32_1,Dataset/3_ROI/MEGA_AUG/aug_npz/COHFACE_Subj_32_1_Subj_32_1_x1.6.npz,760,9,0.0,37.950000,"forehead_strip,left_cheek_big,right_cheek_big",,20.0,1.0019933127572016,train
COHFACE,'Subj_32_1_x1.8,Subj_32_1,Dataset/3_ROI/MEGA_AUG/aug_npz/COHFACE_Subj_32_1_Subj_32_1_x1.8.npz,676,9,0.0,33.750000,"forehead_strip,left_cheek_big,right_cheek_big",,20.0,1.0019933127572016,train
COHFACE,'Subj_32_2,Subj_32_2,Dataset/3_ROI/COHFACE_RAW/Subj_32_2.npz,1240,9,0.0,61.95,"forehead_strip,left_cheek_big,right_cheek_big",,20.0,1.0007440476190477,train
COHFACE,'Subj_32_2_x0.75,Subj_32_2,Dataset/3_ROI/MEGA_AUG/aug_npz/COHFACE_Subj_32_2_Subj_32_2_x0.75.npz,1653,9,0.0,82.600000,"forehead_strip,left_cheek_big,right_cheek_big",,20.0,1.0007440476190477,train
COHFACE,'Subj_32_2_x1.2,Subj_32_2,Dataset/3_ROI/MEGA_AUG/aug_npz/COHFACE_Subj_32_2_Subj_32_2_x1.2.npz,1033,9,0.0,51.600000,"forehead_strip,left_cheek_big,right_cheek_big",,20.0,1.0007440476190477,train
COHFACE,'Subj_32_2_x1.4,Subj_32_2,Dataset/3_ROI/MEGA_AUG/aug_npz/COHFACE_Subj_32_2_Subj_32_2_x1.4.npz,886,9,0.0,44.250000,"forehead_strip,left_cheek_big,right_cheek_big",,20.0,1.0007440476190477,train
COHFACE,'Subj_32_2_x1.6,Subj_32_2,Dataset/3_ROI/MEGA_AUG/aug_npz/COHFACE_Subj_32_2_Subj_32_2_x1.6.npz,775,9,0.0,38.700000,"forehead_strip,left_cheek_big,right_cheek_big",,20.0,1.0007440476190477,train
COHFACE,'Subj_32_2_x1.8,Subj_32_2,Dataset/3_ROI/MEGA_AUG/aug_npz/COHFACE_Subj_32_2_Subj_32_2_x1.8.npz,689,9,0.0,34.400000,"forehead_strip,left_cheek_big,right_cheek_big",,20.0,1.0007440476190477,train
COHFACE,'Subj_32_3,Subj_32_3,Dataset/3_ROI/COHFACE_RAW/Subj_32_3.npz,1240,9,0.0,61.95,"forehead_strip,left_cheek_big,right_cheek_big",,20.0,1.0017529257465698,train
COHFACE,'Subj_32_3_x0.75,Subj_32_3,Dataset/3_ROI/MEGA_AUG/aug_npz/COHFACE_Subj_32_3_Subj_32_3_x0.75.npz,1653,9,0.0,82.600000,"forehead_strip,left_cheek_big,right_cheek_big",,20.0,1.0017529257465698,train
COHFACE,'Subj_32_3_x1.2,Subj_32_3,Dataset/3_ROI/MEGA_AUG/aug_npz/COHFACE_Subj_32_3_Subj_32_3_x1.2.npz,1033,9,0.0,51.600000,"forehead_strip,left_cheek_big,right_cheek_big",,20.0,1.0017529257465698,train
COHFACE,'Subj_32_3_x1.4,Subj_32_3,Dataset/3_ROI/MEGA_AUG/aug_npz/COHFACE_Subj_32_3_Subj_32_3_x1.4.npz,886,9,0.0,44.250000,"forehead_strip,left_cheek_big,right_cheek_big",,20.0,1.0017529257465698,train
COHFACE,'Subj_32_3_x1.6,Subj_32_3,Dataset/3_ROI/MEGA_AUG/aug_npz/COHFACE_Subj_32_3_Subj_32_3_x1.6.npz,775,9,0.0,38.700000,"forehead_strip,left_cheek_big,right_cheek_big",,20.0,1.0017529257465698,train
COHFACE,'Subj_32_3_x1.8,Subj_32_3,Dataset/3_ROI/MEGA_AUG/aug_npz/COHFACE_Subj_32_3_Subj_32_3_x1.8.npz,689,9,0.0,34.400000,"forehead_strip,left_cheek_big,right_cheek_big",,20.0,1.0017529257465698,train
COHFACE,'Subj_33_0,Subj_33_0,Dataset/3_ROI/COHFACE_RAW/Subj_33_0.npz,1216,9,0.0,60.75,"forehead_strip,left_cheek_big,right_cheek_big",,20.0,1.0019933127572016,val
COHFACE,'Subj_33_1,Subj_33_1,Dataset/3_ROI/COHFACE_RAW/Subj_33_1.npz,1239,9,0.0,61.9,"forehead_strip,left_cheek_big,right_cheek_big",,20.0,1.001552403069467,val
COHFACE,'Subj_33_2,Subj_33_2,Dataset/3_ROI/COHFACE_RAW/Subj_33_2.npz,1233,9,0.0,61.6,"forehead_strip,left_cheek_big,right_cheek_big",,20.0,1.0023716517857142,val
COHFACE,'Subj_33_3,Subj_33_3,Dataset/3_ROI/COHFACE_RAW/Subj_33_3.npz,1219,9,0.0,60.9,"forehead_strip,left_cheek_big,right_cheek_big",,20.0,1.00157789408867,val
COHFACE,'Subj_34_0,Subj_34_0,Dataset/3_ROI/COHFACE_RAW/Subj_34_0.npz,1224,9,0.0,61.15,"forehead_strip,left_cheek_big,right_cheek_big",,20.0,1.0015714431725269,val
COHFACE,'Subj_34_1,Subj_34_1,Dataset/3_ROI/COHFACE_RAW/Subj_34_1.npz,1225,9,0.0,61.2,"forehead_strip,left_cheek_big,right_cheek_big",,20.0,1.0017744076797386,val
COHFACE,'Subj_34_2,Subj_34_2,Dataset/3_ROI/COHFACE_RAW/Subj_34_2.npz,1218,9,0.0,60.85,"forehead_strip,left_cheek_big,right_cheek_big",,20.0,1.0013737674609695,val
COHFACE,'Subj_34_3,Subj_34_3,Dataset/3_ROI/COHFACE_RAW/Subj_34_3.npz,1222,9,0.0,61.05,"forehead_strip,left_cheek_big,right_cheek_big",,20.0,1.002188267813268,val
COHFACE,'Subj_35_0,Subj_35_0,Dataset/3_ROI/COHFACE_RAW/Subj_35_0.npz,1235,9,0.0,61.7,"forehead_strip,left_cheek_big,right_cheek_big",,20.0,1.001760028363047,val
COHFACE,'Subj_35_1,Subj_35_1,Dataset/3_ROI/COHFACE_RAW/Subj_35_1.npz,1224,9,0.0,61.15,"forehead_strip,left_cheek_big,right_cheek_big",,20.0,1.0015714431725269,val
COHFACE,'Subj_35_2,Subj_35_2,Dataset/3_ROI/COHFACE_RAW/Subj_35_2.npz,1227,9,0.0,61.3,"forehead_strip,left_cheek_big,right_cheek_big",,20.0,1.0021793433931483,val
COHFACE,'Subj_35_3,Subj_35_3,Dataset/3_ROI/COHFACE_RAW/Subj_35_3.npz,1228,9,0.0,61.35,"forehead_strip,left_cheek_big,right_cheek_big",,20.0,1.002381316218419,val
COHFACE,'Subj_36_0,Subj_36_0,Dataset/3_ROI/COHFACE_RAW/Subj_36_0.npz,1233,9,0.0,61.6,"forehead_strip,left_cheek_big,right_cheek_big",,20.0,1.0023716517857142,val
COHFACE,'Subj_36_1,Subj_36_1,Dataset/3_ROI/COHFACE_RAW/Subj_36_1.npz,1214,9,0.0,60.65,"forehead_strip,left_cheek_big,right_cheek_big",,20.0,1.0005538953009068,val
COHFACE,'Subj_36_2,Subj_36_2,Dataset/3_ROI/COHFACE_RAW/Subj_36_2.npz,1220,9,0.0,60.95,"forehead_strip,left_cheek_big,right_cheek_big",,20.0,1.0028071164889254,val
COHFACE,'Subj_36_3,Subj_36_3,Dataset/3_ROI/COHFACE_RAW/Subj_36_3.npz,1225,9,0.0,61.2,"forehead_strip,left_cheek_big,right_cheek_big",,20.0,1.0017744076797386,val
COHFACE,'Subj_37_0,Subj_37_0,Dataset/3_ROI/COHFACE_RAW/Subj_37_0.npz,1209,9,0.0,60.4,"forehead_strip,left_cheek_big,right_cheek_big",,20.0,1.0015909561258278,val
COHFACE,'Subj_37_1,Subj_37_1,Dataset/3_ROI/COHFACE_RAW/Subj_37_1.npz,1211,9,0.0,60.5,"forehead_strip,left_cheek_big,right_cheek_big",,20.0,1.0009684917355373,val
COHFACE,'Subj_37_2,Subj_37_2,Dataset/3_ROI/COHFACE_RAW/Subj_37_2.npz,1211,9,0.0,60.5,"forehead_strip,left_cheek_big,right_cheek_big",,20.0,1.0009684917355373,val
COHFACE,'Subj_37_3,Subj_37_3,Dataset/3_ROI/COHFACE_RAW/Subj_37_3.npz,1210,9,0.0,60.45,"forehead_strip,left_cheek_big,right_cheek_big",,20.0,1.001796422663358,val
COHFACE,'Subj_38_0,Subj_38_0,Dataset/3_ROI/COHFACE_RAW/Subj_38_0.npz,1233,9,0.0,61.6,"forehead_strip,left_cheek_big,right_cheek_big",,20.0,1.001357041396104,val
COHFACE,'Subj_38_1,Subj_38_1,Dataset/3_ROI/COHFACE_RAW/Subj_38_1.npz,1230,9,0.0,61.45,"forehead_strip,left_cheek_big,right_cheek_big",,20.0,1.0007501017087062,val
COHFACE,'Subj_38_2,Subj_38_2,Dataset/3_ROI/COHFACE_RAW/Subj_38_2.npz,1184,9,0.0,59.15,"forehead_strip,left_cheek_big,right_cheek_big",,20.0,1.0016245773457313,val
COHFACE,'Subj_38_3,Subj_38_3,Dataset/3_ROI/COHFACE_RAW/Subj_38_3.npz,1221,9,0.0,61.0,"forehead_strip,left_cheek_big,right_cheek_big",,20.0,1.001985143442623,val
COHFACE,'Subj_39_0,Subj_39_0,Dataset/3_ROI/COHFACE_RAW/Subj_39_0.npz,1223,9,0.0,61.1,"forehead_strip,left_cheek_big,right_cheek_big",,20.0,1.0023910597381342,val
COHFACE,'Subj_39_1,Subj_39_1,Dataset/3_ROI/COHFACE_RAW/Subj_39_1.npz,1228,9,0.0,61.35,"forehead_strip,left_cheek_big,right_cheek_big",,20.0,1.0013625713121437,val
COHFACE,'Subj_39_2,Subj_39_2,Dataset/3_ROI/COHFACE_RAW/Subj_39_2.npz,1240,9,0.0,61.95,"forehead_strip,left_cheek_big,right_cheek_big",,20.0,1.0017529257465698,val
COHFACE,'Subj_39_3,Subj_39_3,Dataset/3_ROI/COHFACE_RAW/Subj_39_3.npz,1269,9,0.0,63.4,"forehead_strip,left_cheek_big,right_cheek_big",,20.0,1.001515674290221,val
COHFACE,'Subj_3_0,Subj_3_0,Dataset/3_ROI/COHFACE_RAW/Subj_3_0.npz,1207,9,0.0,60.3,"forehead_strip,left_cheek_big,right_cheek_big",,20.0,1.002215485074627,train
COHFACE,'Subj_3_0_x0.65,Subj_3_0,Dataset/3_ROI/MEGA_AUG/aug_npz/COHFACE_Subj_3_0_Subj_3_0_x0.65.npz,1857,9,0.0,92.800000,"forehead_strip,left_cheek_big,right_cheek_big",,20.0,1.002215485074627,train
COHFACE,'Subj_3_0_x0.75,Subj_3_0,Dataset/3_ROI/MEGA_AUG/aug_npz/COHFACE_Subj_3_0_Subj_3_0_x0.75.npz,1609,9,0.0,80.400000,"forehead_strip,left_cheek_big,right_cheek_big",,20.0,1.002215485074627,train
COHFACE,'Subj_3_0_x1.2,Subj_3_0,Dataset/3_ROI/MEGA_AUG/aug_npz/COHFACE_Subj_3_0_Subj_3_0_x1.2.npz,1006,9,0.0,50.250000,"forehead_strip,left_cheek_big,right_cheek_big",,20.0,1.002215485074627,train
COHFACE,'Subj_3_0_x1.4,Subj_3_0,Dataset/3_ROI/MEGA_AUG/aug_npz/COHFACE_Subj_3_0_Subj_3_0_x1.4.npz,862,9,0.0,43.050000,"forehead_strip,left_cheek_big,right_cheek_big",,20.0,1.002215485074627,train
COHFACE,'Subj_3_0_x1.6,Subj_3_0,Dataset/3_ROI/MEGA_AUG/aug_npz/COHFACE_Subj_3_0_Subj_3_0_x1.6.npz,754,9,0.0,37.650000,"forehead_strip,left_cheek_big,right_cheek_big",,20.0,1.002215485074627,train
COHFACE,'Subj_3_0_x1.8,Subj_3_0,Dataset/3_ROI/MEGA_AUG/aug_npz/COHFACE_Subj_3_0_Subj_3_0_x1.8.npz,671,9,0.0,33.500000,"forehead_strip,left_cheek_big,right_cheek_big",,20.0,1.002215485074627,train
COHFACE,'Subj_3_1,Subj_3_1,Dataset/3_ROI/COHFACE_RAW/Subj_3_1.npz,1212,9,0.0,60.55,"forehead_strip,left_cheek_big,right_cheek_big",,20.0,1.0011741329479769,train
COHFACE,'Subj_3_1_x0.65,Subj_3_1,Dataset/3_ROI/MEGA_AUG/aug_npz/COHFACE_Subj_3_1_Subj_3_1_x0.65.npz,1865,9,0.0,93.200000,"forehead_strip,left_cheek_big,right_cheek_big",,20.0,1.0011741329479769,train
COHFACE,'Subj_3_1_x0.75,Subj_3_1,Dataset/3_ROI/MEGA_AUG/aug_npz/COHFACE_Subj_3_1_Subj_3_1_x0.75.npz,1616,9,0.0,80.750000,"forehead_strip,left_cheek_big,right_cheek_big",,20.0,1.0011741329479769,train
COHFACE,'Subj_3_1_x1.2,Subj_3_1,Dataset/3_ROI/MEGA_AUG/aug_npz/COHFACE_Subj_3_1_Subj_3_1_x1.2.npz,1010,9,0.0,50.450000,"forehead_strip,left_cheek_big,right_cheek_big",,20.0,1.0011741329479769,train
COHFACE,'Subj_3_1_x1.4,Subj_3_1,Dataset/3_ROI/MEGA_AUG/aug_npz/COHFACE_Subj_3_1_Subj_3_1_x1.4.npz,866,9,0.0,43.250000,"forehead_strip,left_cheek_big,right_cheek_big",,20.0,1.0011741329479769,train
COHFACE,'Subj_3_1_x1.6,Subj_3_1,Dataset/3_ROI/MEGA_AUG/aug_npz/COHFACE_Subj_3_1_Subj_3_1_x1.6.npz,758,9,0.0,37.850000,"forehead_strip,left_cheek_big,right_cheek_big",,20.0,1.0011741329479769,train
COHFACE,'Subj_3_1_x1.8,Subj_3_1,Dataset/3_ROI/MEGA_AUG/aug_npz/COHFACE_Subj_3_1_Subj_3_1_x1.8.npz,673,9,0.0,33.600000,"forehead_strip,left_cheek_big,right_cheek_big",,20.0,1.0011741329479769,train
COHFACE,'Subj_3_2,Subj_3_2,Dataset/3_ROI/COHFACE_RAW/Subj_3_2.npz,1208,9,0.0,60.35,"forehead_strip,left_cheek_big,right_cheek_big",,20.0,1.0024207746478873,train
COHFACE,'Subj_3_2_x0.55,Subj_3_2,Dataset/3_ROI/MEGA_AUG/aug_npz/COHFACE_Subj_3_2_Subj_3_2_x0.55.npz,2196,9,0.0,109.750000,"forehead_strip,left_cheek_big,right_cheek_big",,20.0,1.0024207746478873,train
COHFACE,'Subj_3_2_x0.65,Subj_3_2,Dataset/3_ROI/MEGA_AUG/aug_npz/COHFACE_Subj_3_2_Subj_3_2_x0.65.npz,1858,9,0.0,92.850000,"forehead_strip,left_cheek_big,right_cheek_big",,20.0,1.0024207746478873,train
COHFACE,'Subj_3_2_x0.75,Subj_3_2,Dataset/3_ROI/MEGA_AUG/aug_npz/COHFACE_Subj_3_2_Subj_3_2_x0.75.npz,1611,9,0.0,80.500000,"forehead_strip,left_cheek_big,right_cheek_big",,20.0,1.0024207746478873,train
COHFACE,'Subj_3_2_x1.2,Subj_3_2,Dataset/3_ROI/MEGA_AUG/aug_npz/COHFACE_Subj_3_2_Subj_3_2_x1.2.npz,1007,9,0.0,50.300000,"forehead_strip,left_cheek_big,right_cheek_big",,20.0,1.0024207746478873,train
COHFACE,'Subj_3_2_x1.4,Subj_3_2,Dataset/3_ROI/MEGA_AUG/aug_npz/COHFACE_Subj_3_2_Subj_3_2_x1.4.npz,863,9,0.0,43.100000,"forehead_strip,left_cheek_big,right_cheek_big",,20.0,1.0024207746478873,train
COHFACE,'Subj_3_2_x1.6,Subj_3_2,Dataset/3_ROI/MEGA_AUG/aug_npz/COHFACE_Subj_3_2_Subj_3_2_x1.6.npz,755,9,0.0,37.700000,"forehead_strip,left_cheek_big,right_cheek_big",,20.0,1.0024207746478873,train
COHFACE,'Subj_3_2_x1.8,Subj_3_2,Dataset/3_ROI/MEGA_AUG/aug_npz/COHFACE_Subj_3_2_Subj_3_2_x1.8.npz,671,9,0.0,33.500000,"forehead_strip,left_cheek_big,right_cheek_big",,20.0,1.0024207746478873,train
COHFACE,'Subj_3_3,Subj_3_3,Dataset/3_ROI/COHFACE_RAW/Subj_3_3.npz,1208,9,0.0,60.35,"forehead_strip,left_cheek_big,right_cheek_big",,20.0,1.0013851491300745,train
COHFACE,'Subj_3_3_x0.55,Subj_3_3,Dataset/3_ROI/MEGA_AUG/aug_npz/COHFACE_Subj_3_3_Subj_3_3_x0.55.npz,2196,9,0.0,109.750000,"forehead_strip,left_cheek_big,right_cheek_big",,20.0,1.0013851491300745,train
COHFACE,'Subj_3_3_x0.65,Subj_3_3,Dataset/3_ROI/MEGA_AUG/aug_npz/COHFACE_Subj_3_3_Subj_3_3_x0.65.npz,1858,9,0.0,92.850000,"forehead_strip,left_cheek_big,right_cheek_big",,20.0,1.0013851491300745,train
COHFACE,'Subj_3_3_x0.75,Subj_3_3,Dataset/3_ROI/MEGA_AUG/aug_npz/COHFACE_Subj_3_3_Subj_3_3_x0.75.npz,1611,9,0.0,80.500000,"forehead_strip,left_cheek_big,right_cheek_big",,20.0,1.0013851491300745,train
COHFACE,'Subj_3_3_x1.2,Subj_3_3,Dataset/3_ROI/MEGA_AUG/aug_npz/COHFACE_Subj_3_3_Subj_3_3_x1.2.npz,1007,9,0.0,50.300000,"forehead_strip,left_cheek_big,right_cheek_big",,20.0,1.0013851491300745,train
COHFACE,'Subj_3_3_x1.4,Subj_3_3,Dataset/3_ROI/MEGA_AUG/aug_npz/COHFACE_Subj_3_3_Subj_3_3_x1.4.npz,863,9,0.0,43.100000,"forehead_strip,left_cheek_big,right_cheek_big",,20.0,1.0013851491300745,train
COHFACE,'Subj_3_3_x1.6,Subj_3_3,Dataset/3_ROI/MEGA_AUG/aug_npz/COHFACE_Subj_3_3_Subj_3_3_x1.6.npz,755,9,0.0,37.700000,"forehead_strip,left_cheek_big,right_cheek_big",,20.0,1.0013851491300745,train
COHFACE,'Subj_3_3_x1.8,Subj_3_3,Dataset/3_ROI/MEGA_AUG/aug_npz/COHFACE_Subj_3_3_Subj_3_3_x1.8.npz,671,9,0.0,33.500000,"forehead_strip,left_cheek_big,right_cheek_big",,20.0,1.0013851491300745,train
COHFACE,'Subj_40_0,Subj_40_0,Dataset/3_ROI/COHFACE_RAW/Subj_40_0.npz,1250,9,0.0,62.45,"forehead_strip,left_cheek_big,right_cheek_big",,20.0,1.0017388911128902,val
COHFACE,'Subj_40_1,Subj_40_1,Dataset/3_ROI/COHFACE_RAW/Subj_40_1.npz,1232,9,0.0,61.55,"forehead_strip,left_cheek_big,right_cheek_big",,20.0,1.002170491470349,val
COHFACE,'Subj_40_2,Subj_40_2,Dataset/3_ROI/COHFACE_RAW/Subj_40_2.npz,1240,9,0.0,61.95,"forehead_strip,left_cheek_big,right_cheek_big",,20.0,1.0007440476190477,val
COHFACE,'Subj_40_3,Subj_40_3,Dataset/3_ROI/COHFACE_RAW/Subj_40_3.npz,1229,9,0.0,61.4,"forehead_strip,left_cheek_big,right_cheek_big",,20.0,1.0015650447882736,val
COHFACE,'Subj_4_0,Subj_4_0,Dataset/3_ROI/COHFACE_RAW/Subj_4_0.npz,1209,9,0.0,60.4,"forehead_strip,left_cheek_big,right_cheek_big",,20.0,1.0015909561258278,train
COHFACE,'Subj_4_0_x0.75,Subj_4_0,Dataset/3_ROI/MEGA_AUG/aug_npz/COHFACE_Subj_4_0_Subj_4_0_x0.75.npz,1612,9,0.0,80.550000,"forehead_strip,left_cheek_big,right_cheek_big",,20.0,1.0015909561258278,train
COHFACE,'Subj_4_0_x1.2,Subj_4_0,Dataset/3_ROI/MEGA_AUG/aug_npz/COHFACE_Subj_4_0_Subj_4_0_x1.2.npz,1008,9,0.0,50.350000,"forehead_strip,left_cheek_big,right_cheek_big",,20.0,1.0015909561258278,train
COHFACE,'Subj_4_0_x1.4,Subj_4_0,Dataset/3_ROI/MEGA_AUG/aug_npz/COHFACE_Subj_4_0_Subj_4_0_x1.4.npz,864,9,0.0,43.150000,"forehead_strip,left_cheek_big,right_cheek_big",,20.0,1.0015909561258278,train
COHFACE,'Subj_4_0_x1.6,Subj_4_0,Dataset/3_ROI/MEGA_AUG/aug_npz/COHFACE_Subj_4_0_Subj_4_0_x1.6.npz,756,9,0.0,37.750000,"forehead_strip,left_cheek_big,right_cheek_big",,20.0,1.0015909561258278,train
COHFACE,'Subj_4_0_x1.8,Subj_4_0,Dataset/3_ROI/MEGA_AUG/aug_npz/COHFACE_Subj_4_0_Subj_4_0_x1.8.npz,672,9,0.0,33.550000,"forehead_strip,left_cheek_big,right_cheek_big",,20.0,1.0015909561258278,train
COHFACE,'Subj_4_1,Subj_4_1,Dataset/3_ROI/COHFACE_RAW/Subj_4_1.npz,1207,9,0.0,60.3,"forehead_strip,left_cheek_big,right_cheek_big",,20.0,1.002215485074627,train
COHFACE,'Subj_4_1_x1.2,Subj_4_1,Dataset/3_ROI/MEGA_AUG/aug_npz/COHFACE_Subj_4_1_Subj_4_1_x1.2.npz,1006,9,0.0,50.250000,"forehead_strip,left_cheek_big,right_cheek_big",,20.0,1.002215485074627,train
COHFACE,'Subj_4_1_x1.4,Subj_4_1,Dataset/3_ROI/MEGA_AUG/aug_npz/COHFACE_Subj_4_1_Subj_4_1_x1.4.npz,862,9,0.0,43.050000,"forehead_strip,left_cheek_big,right_cheek_big",,20.0,1.002215485074627,train
COHFACE,'Subj_4_1_x1.6,Subj_4_1,Dataset/3_ROI/MEGA_AUG/aug_npz/COHFACE_Subj_4_1_Subj_4_1_x1.6.npz,754,9,0.0,37.650000,"forehead_strip,left_cheek_big,right_cheek_big",,20.0,1.002215485074627,train
COHFACE,'Subj_4_1_x1.8,Subj_4_1,Dataset/3_ROI/MEGA_AUG/aug_npz/COHFACE_Subj_4_1_Subj_4_1_x1.8.npz,671,9,0.0,33.500000,"forehead_strip,left_cheek_big,right_cheek_big",,20.0,1.002215485074627,train
COHFACE,'Subj_4_2,Subj_4_2,Dataset/3_ROI/COHFACE_RAW/Subj_4_2.npz,1208,9,0.0,60.35,"forehead_strip,left_cheek_big,right_cheek_big",,20.0,1.0024207746478873,train
COHFACE,'Subj_4_2_x1.2,Subj_4_2,Dataset/3_ROI/MEGA_AUG/aug_npz/COHFACE_Subj_4_2_Subj_4_2_x1.2.npz,1007,9,0.0,50.300000,"forehead_strip,left_cheek_big,right_cheek_big",,20.0,1.0024207746478873,train
COHFACE,'Subj_4_2_x1.4,Subj_4_2,Dataset/3_ROI/MEGA_AUG/aug_npz/COHFACE_Subj_4_2_Subj_4_2_x1.4.npz,863,9,0.0,43.100000,"forehead_strip,left_cheek_big,right_cheek_big",,20.0,1.0024207746478873,train
COHFACE,'Subj_4_2_x1.6,Subj_4_2,Dataset/3_ROI/MEGA_AUG/aug_npz/COHFACE_Subj_4_2_Subj_4_2_x1.6.npz,755,9,0.0,37.700000,"forehead_strip,left_cheek_big,right_cheek_big",,20.0,1.0024207746478873,train
COHFACE,'Subj_4_2_x1.8,Subj_4_2,Dataset/3_ROI/MEGA_AUG/aug_npz/COHFACE_Subj_4_2_Subj_4_2_x1.8.npz,671,9,0.0,33.500000,"forehead_strip,left_cheek_big,right_cheek_big",,20.0,1.0024207746478873,train
COHFACE,'Subj_4_3,Subj_4_3,Dataset/3_ROI/COHFACE_RAW/Subj_4_3.npz,1210,9,0.0,60.45,"forehead_strip,left_cheek_big,right_cheek_big",,20.0,1.0007625103391231,train
COHFACE,'Subj_4_3_x1.2,Subj_4_3,Dataset/3_ROI/MEGA_AUG/aug_npz/COHFACE_Subj_4_3_Subj_4_3_x1.2.npz,1008,9,0.0,50.350000,"forehead_strip,left_cheek_big,right_cheek_big",,20.0,1.0007625103391231,train
COHFACE,'Subj_4_3_x1.4,Subj_4_3,Dataset/3_ROI/MEGA_AUG/aug_npz/COHFACE_Subj_4_3_Subj_4_3_x1.4.npz,864,9,0.0,43.150000,"forehead_strip,left_cheek_big,right_cheek_big",,20.0,1.0007625103391231,train
COHFACE,'Subj_4_3_x1.6,Subj_4_3,Dataset/3_ROI/MEGA_AUG/aug_npz/COHFACE_Subj_4_3_Subj_4_3_x1.6.npz,756,9,0.0,37.750000,"forehead_strip,left_cheek_big,right_cheek_big",,20.0,1.0007625103391231,train
COHFACE,'Subj_4_3_x1.8,Subj_4_3,Dataset/3_ROI/MEGA_AUG/aug_npz/COHFACE_Subj_4_3_Subj_4_3_x1.8.npz,672,9,0.0,33.550000,"forehead_strip,left_cheek_big,right_cheek_big",,20.0,1.0007625103391231,train
COHFACE,'Subj_5_0,Subj_5_0,Dataset/3_ROI/COHFACE_RAW/Subj_5_0.npz,1210,9,0.0,60.45,"forehead_strip,left_cheek_big,right_cheek_big",,20.0,1.001796422663358,train
COHFACE,'Subj_5_0_x0.55,Subj_5_0,Dataset/3_ROI/MEGA_AUG/aug_npz/COHFACE_Subj_5_0_Subj_5_0_x0.55.npz,2200,9,0.0,109.950000,"forehead_strip,left_cheek_big,right_cheek_big",,20.0,1.001796422663358,train
COHFACE,'Subj_5_0_x0.65,Subj_5_0,Dataset/3_ROI/MEGA_AUG/aug_npz/COHFACE_Subj_5_0_Subj_5_0_x0.65.npz,1862,9,0.0,93.050000,"forehead_strip,left_cheek_big,right_cheek_big",,20.0,1.001796422663358,train
COHFACE,'Subj_5_0_x0.75,Subj_5_0,Dataset/3_ROI/MEGA_AUG/aug_npz/COHFACE_Subj_5_0_Subj_5_0_x0.75.npz,1613,9,0.0,80.600000,"forehead_strip,left_cheek_big,right_cheek_big",,20.0,1.001796422663358,train
COHFACE,'Subj_5_0_x1.2,Subj_5_0,Dataset/3_ROI/MEGA_AUG/aug_npz/COHFACE_Subj_5_0_Subj_5_0_x1.2.npz,1008,9,0.0,50.350000,"forehead_strip,left_cheek_big,right_cheek_big",,20.0,1.001796422663358,train
COHFACE,'Subj_5_0_x1.4,Subj_5_0,Dataset/3_ROI/MEGA_AUG/aug_npz/COHFACE_Subj_5_0_Subj_5_0_x1.4.npz,864,9,0.0,43.150000,"forehead_strip,left_cheek_big,right_cheek_big",,20.0,1.001796422663358,train
COHFACE,'Subj_5_0_x1.6,Subj_5_0,Dataset/3_ROI/MEGA_AUG/aug_npz/COHFACE_Subj_5_0_Subj_5_0_x1.6.npz,756,9,0.0,37.750000,"forehead_strip,left_cheek_big,right_cheek_big",,20.0,1.001796422663358,train
COHFACE,'Subj_5_0_x1.8,Subj_5_0,Dataset/3_ROI/MEGA_AUG/aug_npz/COHFACE_Subj_5_0_Subj_5_0_x1.8.npz,672,9,0.0,33.550000,"forehead_strip,left_cheek_big,right_cheek_big",,20.0,1.001796422663358,train
COHFACE,'Subj_5_1,Subj_5_1,Dataset/3_ROI/COHFACE_RAW/Subj_5_1.npz,1209,9,0.0,60.4,"forehead_strip,left_cheek_big,right_cheek_big",,20.0,1.0015909561258278,train
COHFACE,'Subj_5_1_x0.55,Subj_5_1,Dataset/3_ROI/MEGA_AUG/aug_npz/COHFACE_Subj_5_1_Subj_5_1_x0.55.npz,2198,9,0.0,109.850000,"forehead_strip,left_cheek_big,right_cheek_big",,20.0,1.0015909561258278,train
COHFACE,'Subj_5_1_x0.65,Subj_5_1,Dataset/3_ROI/MEGA_AUG/aug_npz/COHFACE_Subj_5_1_Subj_5_1_x0.65.npz,1860,9,0.0,92.950000,"forehead_strip,left_cheek_big,right_cheek_big",,20.0,1.0015909561258278,train
COHFACE,'Subj_5_1_x0.75,Subj_5_1,Dataset/3_ROI/MEGA_AUG/aug_npz/COHFACE_Subj_5_1_Subj_5_1_x0.75.npz,1612,9,0.0,80.550000,"forehead_strip,left_cheek_big,right_cheek_big",,20.0,1.0015909561258278,train
COHFACE,'Subj_5_1_x1.2,Subj_5_1,Dataset/3_ROI/MEGA_AUG/aug_npz/COHFACE_Subj_5_1_Subj_5_1_x1.2.npz,1008,9,0.0,50.350000,"forehead_strip,left_cheek_big,right_cheek_big",,20.0,1.0015909561258278,train
COHFACE,'Subj_5_1_x1.4,Subj_5_1,Dataset/3_ROI/MEGA_AUG/aug_npz/COHFACE_Subj_5_1_Subj_5_1_x1.4.npz,864,9,0.0,43.150000,"forehead_strip,left_cheek_big,right_cheek_big",,20.0,1.0015909561258278,train
COHFACE,'Subj_5_1_x1.6,Subj_5_1,Dataset/3_ROI/MEGA_AUG/aug_npz/COHFACE_Subj_5_1_Subj_5_1_x1.6.npz,756,9,0.0,37.750000,"forehead_strip,left_cheek_big,right_cheek_big",,20.0,1.0015909561258278,train
COHFACE,'Subj_5_1_x1.8,Subj_5_1,Dataset/3_ROI/MEGA_AUG/aug_npz/COHFACE_Subj_5_1_Subj_5_1_x1.8.npz,672,9,0.0,33.550000,"forehead_strip,left_cheek_big,right_cheek_big",,20.0,1.0015909561258278,train
COHFACE,'Subj_5_2,Subj_5_2,Dataset/3_ROI/COHFACE_RAW/Subj_5_2.npz,1210,9,0.0,60.45,"forehead_strip,left_cheek_big,right_cheek_big",,20.0,1.0007625103391231,train
COHFACE,'Subj_5_2_x0.55,Subj_5_2,Dataset/3_ROI/MEGA_AUG/aug_npz/COHFACE_Subj_5_2_Subj_5_2_x0.55.npz,2200,9,0.0,109.950000,"forehead_strip,left_cheek_big,right_cheek_big",,20.0,1.0007625103391231,train
COHFACE,'Subj_5_2_x0.65,Subj_5_2,Dataset/3_ROI/MEGA_AUG/aug_npz/COHFACE_Subj_5_2_Subj_5_2_x0.65.npz,1862,9,0.0,93.050000,"forehead_strip,left_cheek_big,right_cheek_big",,20.0,1.0007625103391231,train
COHFACE,'Subj_5_2_x0.75,Subj_5_2,Dataset/3_ROI/MEGA_AUG/aug_npz/COHFACE_Subj_5_2_Subj_5_2_x0.75.npz,1613,9,0.0,80.600000,"forehead_strip,left_cheek_big,right_cheek_big",,20.0,1.0007625103391231,train
COHFACE,'Subj_5_2_x1.2,Subj_5_2,Dataset/3_ROI/MEGA_AUG/aug_npz/COHFACE_Subj_5_2_Subj_5_2_x1.2.npz,1008,9,0.0,50.350000,"forehead_strip,left_cheek_big,right_cheek_big",,20.0,1.0007625103391231,train
COHFACE,'Subj_5_2_x1.4,Subj_5_2,Dataset/3_ROI/MEGA_AUG/aug_npz/COHFACE_Subj_5_2_Subj_5_2_x1.4.npz,864,9,0.0,43.150000,"forehead_strip,left_cheek_big,right_cheek_big",,20.0,1.0007625103391231,train
COHFACE,'Subj_5_2_x1.6,Subj_5_2,Dataset/3_ROI/MEGA_AUG/aug_npz/COHFACE_Subj_5_2_Subj_5_2_x1.6.npz,756,9,0.0,37.750000,"forehead_strip,left_cheek_big,right_cheek_big",,20.0,1.0007625103391231,train
COHFACE,'Subj_5_2_x1.8,Subj_5_2,Dataset/3_ROI/MEGA_AUG/aug_npz/COHFACE_Subj_5_2_Subj_5_2_x1.8.npz,672,9,0.0,33.550000,"forehead_strip,left_cheek_big,right_cheek_big",,20.0,1.0007625103391231,train
COHFACE,'Subj_5_3,Subj_5_3,Dataset/3_ROI/COHFACE_RAW/Subj_5_3.npz,1206,9,0.0,60.25,"forehead_strip,left_cheek_big,right_cheek_big",,20.0,1.0020098547717842,train
COHFACE,'Subj_5_3_x0.55,Subj_5_3,Dataset/3_ROI/MEGA_AUG/aug_npz/COHFACE_Subj_5_3_Subj_5_3_x0.55.npz,2193,9,0.0,109.600000,"forehead_strip,left_cheek_big,right_cheek_big",,20.0,1.0020098547717842,train
COHFACE,'Subj_5_3_x0.65,Subj_5_3,Dataset/3_ROI/MEGA_AUG/aug_npz/COHFACE_Subj_5_3_Subj_5_3_x0.65.npz,1855,9,0.0,92.700000,"forehead_strip,left_cheek_big,right_cheek_big",,20.0,1.0020098547717842,train
COHFACE,'Subj_5_3_x0.75,Subj_5_3,Dataset/3_ROI/MEGA_AUG/aug_npz/COHFACE_Subj_5_3_Subj_5_3_x0.75.npz,1608,9,0.0,80.350000,"forehead_strip,left_cheek_big,right_cheek_big",,20.0,1.0020098547717842,train
COHFACE,'Subj_5_3_x1.2,Subj_5_3,Dataset/3_ROI/MEGA_AUG/aug_npz/COHFACE_Subj_5_3_Subj_5_3_x1.2.npz,1005,9,0.0,50.200000,"forehead_strip,left_cheek_big,right_cheek_big",,20.0,1.0020098547717842,train
COHFACE,'Subj_5_3_x1.4,Subj_5_3,Dataset/3_ROI/MEGA_AUG/aug_npz/COHFACE_Subj_5_3_Subj_5_3_x1.4.npz,861,9,0.0,43.000000,"forehead_strip,left_cheek_big,right_cheek_big",,20.0,1.0020098547717842,train
COHFACE,'Subj_5_3_x1.6,Subj_5_3,Dataset/3_ROI/MEGA_AUG/aug_npz/COHFACE_Subj_5_3_Subj_5_3_x1.6.npz,754,9,0.0,37.650000,"forehead_strip,left_cheek_big,right_cheek_big",,20.0,1.0020098547717842,train
COHFACE,'Subj_5_3_x1.8,Subj_5_3,Dataset/3_ROI/MEGA_AUG/aug_npz/COHFACE_Subj_5_3_Subj_5_3_x1.8.npz,670,9,0.0,33.450000,"forehead_strip,left_cheek_big,right_cheek_big",,20.0,1.0020098547717842,train
COHFACE,'Subj_6_0,Subj_6_0,Dataset/3_ROI/COHFACE_RAW/Subj_6_0.npz,1208,9,0.0,60.35,"forehead_strip,left_cheek_big,right_cheek_big",,20.0,1.0013851491300745,train
COHFACE,'Subj_6_0_x0.75,Subj_6_0,Dataset/3_ROI/MEGA_AUG/aug_npz/COHFACE_Subj_6_0_Subj_6_0_x0.75.npz,1611,9,0.0,80.500000,"forehead_strip,left_cheek_big,right_cheek_big",,20.0,1.0013851491300745,train
COHFACE,'Subj_6_0_x1.2,Subj_6_0,Dataset/3_ROI/MEGA_AUG/aug_npz/COHFACE_Subj_6_0_Subj_6_0_x1.2.npz,1007,9,0.0,50.300000,"forehead_strip,left_cheek_big,right_cheek_big",,20.0,1.0013851491300745,train
COHFACE,'Subj_6_0_x1.4,Subj_6_0,Dataset/3_ROI/MEGA_AUG/aug_npz/COHFACE_Subj_6_0_Subj_6_0_x1.4.npz,863,9,0.0,43.100000,"forehead_strip,left_cheek_big,right_cheek_big",,20.0,1.0013851491300745,train
COHFACE,'Subj_6_0_x1.6,Subj_6_0,Dataset/3_ROI/MEGA_AUG/aug_npz/COHFACE_Subj_6_0_Subj_6_0_x1.6.npz,755,9,0.0,37.700000,"forehead_strip,left_cheek_big,right_cheek_big",,20.0,1.0013851491300745,train
COHFACE,'Subj_6_0_x1.8,Subj_6_0,Dataset/3_ROI/MEGA_AUG/aug_npz/COHFACE_Subj_6_0_Subj_6_0_x1.8.npz,671,9,0.0,33.500000,"forehead_strip,left_cheek_big,right_cheek_big",,20.0,1.0013851491300745,train
COHFACE,'Subj_6_1,Subj_6_1,Dataset/3_ROI/COHFACE_RAW/Subj_6_1.npz,1207,9,0.0,60.3,"forehead_strip,left_cheek_big,right_cheek_big",,20.0,1.002215485074627,train
COHFACE,'Subj_6_1_x0.75,Subj_6_1,Dataset/3_ROI/MEGA_AUG/aug_npz/COHFACE_Subj_6_1_Subj_6_1_x0.75.npz,1609,9,0.0,80.400000,"forehead_strip,left_cheek_big,right_cheek_big",,20.0,1.002215485074627,train
COHFACE,'Subj_6_1_x1.2,Subj_6_1,Dataset/3_ROI/MEGA_AUG/aug_npz/COHFACE_Subj_6_1_Subj_6_1_x1.2.npz,1006,9,0.0,50.250000,"forehead_strip,left_cheek_big,right_cheek_big",,20.0,1.002215485074627,train
COHFACE,'Subj_6_1_x1.4,Subj_6_1,Dataset/3_ROI/MEGA_AUG/aug_npz/COHFACE_Subj_6_1_Subj_6_1_x1.4.npz,862,9,0.0,43.050000,"forehead_strip,left_cheek_big,right_cheek_big",,20.0,1.002215485074627,train
COHFACE,'Subj_6_1_x1.6,Subj_6_1,Dataset/3_ROI/MEGA_AUG/aug_npz/COHFACE_Subj_6_1_Subj_6_1_x1.6.npz,754,9,0.0,37.650000,"forehead_strip,left_cheek_big,right_cheek_big",,20.0,1.002215485074627,train
COHFACE,'Subj_6_1_x1.8,Subj_6_1,Dataset/3_ROI/MEGA_AUG/aug_npz/COHFACE_Subj_6_1_Subj_6_1_x1.8.npz,671,9,0.0,33.500000,"forehead_strip,left_cheek_big,right_cheek_big",,20.0,1.002215485074627,train
COHFACE,'Subj_6_2,Subj_6_2,Dataset/3_ROI/COHFACE_RAW/Subj_6_2.npz,1209,9,0.0,60.4,"forehead_strip,left_cheek_big,right_cheek_big",,20.0,1.0015909561258278,train
COHFACE,'Subj_6_2_x0.75,Subj_6_2,Dataset/3_ROI/MEGA_AUG/aug_npz/COHFACE_Subj_6_2_Subj_6_2_x0.75.npz,1612,9,0.0,80.550000,"forehead_strip,left_cheek_big,right_cheek_big",,20.0,1.0015909561258278,train
COHFACE,'Subj_6_2_x1.2,Subj_6_2,Dataset/3_ROI/MEGA_AUG/aug_npz/COHFACE_Subj_6_2_Subj_6_2_x1.2.npz,1008,9,0.0,50.350000,"forehead_strip,left_cheek_big,right_cheek_big",,20.0,1.0015909561258278,train
COHFACE,'Subj_6_2_x1.4,Subj_6_2,Dataset/3_ROI/MEGA_AUG/aug_npz/COHFACE_Subj_6_2_Subj_6_2_x1.4.npz,864,9,0.0,43.150000,"forehead_strip,left_cheek_big,right_cheek_big",,20.0,1.0015909561258278,train
COHFACE,'Subj_6_2_x1.6,Subj_6_2,Dataset/3_ROI/MEGA_AUG/aug_npz/COHFACE_Subj_6_2_Subj_6_2_x1.6.npz,756,9,0.0,37.750000,"forehead_strip,left_cheek_big,right_cheek_big",,20.0,1.0015909561258278,train
COHFACE,'Subj_6_2_x1.8,Subj_6_2,Dataset/3_ROI/MEGA_AUG/aug_npz/COHFACE_Subj_6_2_Subj_6_2_x1.8.npz,672,9,0.0,33.550000,"forehead_strip,left_cheek_big,right_cheek_big",,20.0,1.0015909561258278,train
COHFACE,'Subj_6_3,Subj_6_3,Dataset/3_ROI/COHFACE_RAW/Subj_6_3.npz,1207,9,0.0,60.3,"forehead_strip,left_cheek_big,right_cheek_big",,20.0,1.0011790008291874,train
COHFACE,'Subj_6_3_x0.65,Subj_6_3,Dataset/3_ROI/MEGA_AUG/aug_npz/COHFACE_Subj_6_3_Subj_6_3_x0.65.npz,1857,9,0.0,92.800000,"forehead_strip,left_cheek_big,right_cheek_big",,20.0,1.0011790008291874,train
COHFACE,'Subj_6_3_x0.75,Subj_6_3,Dataset/3_ROI/MEGA_AUG/aug_npz/COHFACE_Subj_6_3_Subj_6_3_x0.75.npz,1609,9,0.0,80.400000,"forehead_strip,left_cheek_big,right_cheek_big",,20.0,1.0011790008291874,train
COHFACE,'Subj_6_3_x1.2,Subj_6_3,Dataset/3_ROI/MEGA_AUG/aug_npz/COHFACE_Subj_6_3_Subj_6_3_x1.2.npz,1006,9,0.0,50.250000,"forehead_strip,left_cheek_big,right_cheek_big",,20.0,1.0011790008291874,train
COHFACE,'Subj_6_3_x1.4,Subj_6_3,Dataset/3_ROI/MEGA_AUG/aug_npz/COHFACE_Subj_6_3_Subj_6_3_x1.4.npz,862,9,0.0,43.050000,"forehead_strip,left_cheek_big,right_cheek_big",,20.0,1.0011790008291874,train
COHFACE,'Subj_6_3_x1.6,Subj_6_3,Dataset/3_ROI/MEGA_AUG/aug_npz/COHFACE_Subj_6_3_Subj_6_3_x1.6.npz,754,9,0.0,37.650000,"forehead_strip,left_cheek_big,right_cheek_big",,20.0,1.0011790008291874,train
COHFACE,'Subj_6_3_x1.8,Subj_6_3,Dataset/3_ROI/MEGA_AUG/aug_npz/COHFACE_Subj_6_3_Subj_6_3_x1.8.npz,671,9,0.0,33.500000,"forehead_strip,left_cheek_big,right_cheek_big",,20.0,1.0011790008291874,train
COHFACE,'Subj_7_0,Subj_7_0,Dataset/3_ROI/COHFACE_RAW/Subj_7_0.npz,1209,9,0.0,60.4,"forehead_strip,left_cheek_big,right_cheek_big",,20.0,1.0015909561258278,train
COHFACE,'Subj_7_0_x0.75,Subj_7_0,Dataset/3_ROI/MEGA_AUG/aug_npz/COHFACE_Subj_7_0_Subj_7_0_x0.75.npz,1612,9,0.0,80.550000,"forehead_strip,left_cheek_big,right_cheek_big",,20.0,1.0015909561258278,train
COHFACE,'Subj_7_0_x1.2,Subj_7_0,Dataset/3_ROI/MEGA_AUG/aug_npz/COHFACE_Subj_7_0_Subj_7_0_x1.2.npz,1008,9,0.0,50.350000,"forehead_strip,left_cheek_big,right_cheek_big",,20.0,1.0015909561258278,train
COHFACE,'Subj_7_0_x1.4,Subj_7_0,Dataset/3_ROI/MEGA_AUG/aug_npz/COHFACE_Subj_7_0_Subj_7_0_x1.4.npz,864,9,0.0,43.150000,"forehead_strip,left_cheek_big,right_cheek_big",,20.0,1.0015909561258278,train
COHFACE,'Subj_7_0_x1.6,Subj_7_0,Dataset/3_ROI/MEGA_AUG/aug_npz/COHFACE_Subj_7_0_Subj_7_0_x1.6.npz,756,9,0.0,37.750000,"forehead_strip,left_cheek_big,right_cheek_big",,20.0,1.0015909561258278,train
COHFACE,'Subj_7_0_x1.8,Subj_7_0,Dataset/3_ROI/MEGA_AUG/aug_npz/COHFACE_Subj_7_0_Subj_7_0_x1.8.npz,672,9,0.0,33.550000,"forehead_strip,left_cheek_big,right_cheek_big",,20.0,1.0015909561258278,train
COHFACE,'Subj_7_1,Subj_7_1,Dataset/3_ROI/COHFACE_RAW/Subj_7_1.npz,1209,9,0.0,60.4,"forehead_strip,left_cheek_big,right_cheek_big",,20.0,1.0015909561258278,train
COHFACE,'Subj_7_1_x0.75,Subj_7_1,Dataset/3_ROI/MEGA_AUG/aug_npz/COHFACE_Subj_7_1_Subj_7_1_x0.75.npz,1612,9,0.0,80.550000,"forehead_strip,left_cheek_big,right_cheek_big",,20.0,1.0015909561258278,train
COHFACE,'Subj_7_1_x1.2,Subj_7_1,Dataset/3_ROI/MEGA_AUG/aug_npz/COHFACE_Subj_7_1_Subj_7_1_x1.2.npz,1008,9,0.0,50.350000,"forehead_strip,left_cheek_big,right_cheek_big",,20.0,1.0015909561258278,train
COHFACE,'Subj_7_1_x1.4,Subj_7_1,Dataset/3_ROI/MEGA_AUG/aug_npz/COHFACE_Subj_7_1_Subj_7_1_x1.4.npz,864,9,0.0,43.150000,"forehead_strip,left_cheek_big,right_cheek_big",,20.0,1.0015909561258278,train
COHFACE,'Subj_7_1_x1.6,Subj_7_1,Dataset/3_ROI/MEGA_AUG/aug_npz/COHFACE_Subj_7_1_Subj_7_1_x1.6.npz,756,9,0.0,37.750000,"forehead_strip,left_cheek_big,right_cheek_big",,20.0,1.0015909561258278,train
COHFACE,'Subj_7_1_x1.8,Subj_7_1,Dataset/3_ROI/MEGA_AUG/aug_npz/COHFACE_Subj_7_1_Subj_7_1_x1.8.npz,672,9,0.0,33.550000,"forehead_strip,left_cheek_big,right_cheek_big",,20.0,1.0015909561258278,train
COHFACE,'Subj_7_2,Subj_7_2,Dataset/3_ROI/COHFACE_RAW/Subj_7_2.npz,1208,9,0.0,60.35,"forehead_strip,left_cheek_big,right_cheek_big",,20.0,1.0013851491300745,train
COHFACE,'Subj_7_2_x0.75,Subj_7_2,Dataset/3_ROI/MEGA_AUG/aug_npz/COHFACE_Subj_7_2_Subj_7_2_x0.75.npz,1611,9,0.0,80.500000,"forehead_strip,left_cheek_big,right_cheek_big",,20.0,1.0013851491300745,train
COHFACE,'Subj_7_2_x1.2,Subj_7_2,Dataset/3_ROI/MEGA_AUG/aug_npz/COHFACE_Subj_7_2_Subj_7_2_x1.2.npz,1007,9,0.0,50.300000,"forehead_strip,left_cheek_big,right_cheek_big",,20.0,1.0013851491300745,train
COHFACE,'Subj_7_2_x1.4,Subj_7_2,Dataset/3_ROI/MEGA_AUG/aug_npz/COHFACE_Subj_7_2_Subj_7_2_x1.4.npz,863,9,0.0,43.100000,"forehead_strip,left_cheek_big,right_cheek_big",,20.0,1.0013851491300745,train
COHFACE,'Subj_7_2_x1.6,Subj_7_2,Dataset/3_ROI/MEGA_AUG/aug_npz/COHFACE_Subj_7_2_Subj_7_2_x1.6.npz,755,9,0.0,37.700000,"forehead_strip,left_cheek_big,right_cheek_big",,20.0,1.0013851491300745,train
COHFACE,'Subj_7_2_x1.8,Subj_7_2,Dataset/3_ROI/MEGA_AUG/aug_npz/COHFACE_Subj_7_2_Subj_7_2_x1.8.npz,671,9,0.0,33.500000,"forehead_strip,left_cheek_big,right_cheek_big",,20.0,1.0013851491300745,train
COHFACE,'Subj_7_3,Subj_7_3,Dataset/3_ROI/COHFACE_RAW/Subj_7_3.npz,1209,9,0.0,60.4,"forehead_strip,left_cheek_big,right_cheek_big",,20.0,1.0015909561258278,train
COHFACE,'Subj_7_3_x0.65,Subj_7_3,Dataset/3_ROI/MEGA_AUG/aug_npz/COHFACE_Subj_7_3_Subj_7_3_x0.65.npz,1860,9,0.0,92.950000,"forehead_strip,left_cheek_big,right_cheek_big",,20.0,1.0015909561258278,train
COHFACE,'Subj_7_3_x0.75,Subj_7_3,Dataset/3_ROI/MEGA_AUG/aug_npz/COHFACE_Subj_7_3_Subj_7_3_x0.75.npz,1612,9,0.0,80.550000,"forehead_strip,left_cheek_big,right_cheek_big",,20.0,1.0015909561258278,train
COHFACE,'Subj_7_3_x1.2,Subj_7_3,Dataset/3_ROI/MEGA_AUG/aug_npz/COHFACE_Subj_7_3_Subj_7_3_x1.2.npz,1008,9,0.0,50.350000,"forehead_strip,left_cheek_big,right_cheek_big",,20.0,1.0015909561258278,train
COHFACE,'Subj_7_3_x1.4,Subj_7_3,Dataset/3_ROI/MEGA_AUG/aug_npz/COHFACE_Subj_7_3_Subj_7_3_x1.4.npz,864,9,0.0,43.150000,"forehead_strip,left_cheek_big,right_cheek_big",,20.0,1.0015909561258278,train
COHFACE,'Subj_7_3_x1.6,Subj_7_3,Dataset/3_ROI/MEGA_AUG/aug_npz/COHFACE_Subj_7_3_Subj_7_3_x1.6.npz,756,9,0.0,37.750000,"forehead_strip,left_cheek_big,right_cheek_big",,20.0,1.0015909561258278,train
COHFACE,'Subj_7_3_x1.8,Subj_7_3,Dataset/3_ROI/MEGA_AUG/aug_npz/COHFACE_Subj_7_3_Subj_7_3_x1.8.npz,672,9,0.0,33.550000,"forehead_strip,left_cheek_big,right_cheek_big",,20.0,1.0015909561258278,train
COHFACE,'Subj_8_0,Subj_8_0,Dataset/3_ROI/COHFACE_RAW/Subj_8_0.npz,1210,9,0.0,60.45,"forehead_strip,left_cheek_big,right_cheek_big",,20.0,1.001796422663358,train
COHFACE,'Subj_8_0_x0.65,Subj_8_0,Dataset/3_ROI/MEGA_AUG/aug_npz/COHFACE_Subj_8_0_Subj_8_0_x0.65.npz,1862,9,0.0,93.050000,"forehead_strip,left_cheek_big,right_cheek_big",,20.0,1.001796422663358,train
COHFACE,'Subj_8_0_x0.75,Subj_8_0,Dataset/3_ROI/MEGA_AUG/aug_npz/COHFACE_Subj_8_0_Subj_8_0_x0.75.npz,1613,9,0.0,80.600000,"forehead_strip,left_cheek_big,right_cheek_big",,20.0,1.001796422663358,train
COHFACE,'Subj_8_0_x1.2,Subj_8_0,Dataset/3_ROI/MEGA_AUG/aug_npz/COHFACE_Subj_8_0_Subj_8_0_x1.2.npz,1008,9,0.0,50.350000,"forehead_strip,left_cheek_big,right_cheek_big",,20.0,1.001796422663358,train
COHFACE,'Subj_8_0_x1.4,Subj_8_0,Dataset/3_ROI/MEGA_AUG/aug_npz/COHFACE_Subj_8_0_Subj_8_0_x1.4.npz,864,9,0.0,43.150000,"forehead_strip,left_cheek_big,right_cheek_big",,20.0,1.001796422663358,train
COHFACE,'Subj_8_0_x1.6,Subj_8_0,Dataset/3_ROI/MEGA_AUG/aug_npz/COHFACE_Subj_8_0_Subj_8_0_x1.6.npz,756,9,0.0,37.750000,"forehead_strip,left_cheek_big,right_cheek_big",,20.0,1.001796422663358,train
COHFACE,'Subj_8_0_x1.8,Subj_8_0,Dataset/3_ROI/MEGA_AUG/aug_npz/COHFACE_Subj_8_0_Subj_8_0_x1.8.npz,672,9,0.0,33.550000,"forehead_strip,left_cheek_big,right_cheek_big",,20.0,1.001796422663358,train
COHFACE,'Subj_8_1,Subj_8_1,Dataset/3_ROI/COHFACE_RAW/Subj_8_1.npz,1209,9,0.0,60.4,"forehead_strip,left_cheek_big,right_cheek_big",,20.0,1.0015909561258278,train
COHFACE,'Subj_8_1_x0.55,Subj_8_1,Dataset/3_ROI/MEGA_AUG/aug_npz/COHFACE_Subj_8_1_Subj_8_1_x0.55.npz,2198,9,0.0,109.850000,"forehead_strip,left_cheek_big,right_cheek_big",,20.0,1.0015909561258278,train
COHFACE,'Subj_8_1_x0.65,Subj_8_1,Dataset/3_ROI/MEGA_AUG/aug_npz/COHFACE_Subj_8_1_Subj_8_1_x0.65.npz,1860,9,0.0,92.950000,"forehead_strip,left_cheek_big,right_cheek_big",,20.0,1.0015909561258278,train
COHFACE,'Subj_8_1_x0.75,Subj_8_1,Dataset/3_ROI/MEGA_AUG/aug_npz/COHFACE_Subj_8_1_Subj_8_1_x0.75.npz,1612,9,0.0,80.550000,"forehead_strip,left_cheek_big,right_cheek_big",,20.0,1.0015909561258278,train
COHFACE,'Subj_8_1_x1.2,Subj_8_1,Dataset/3_ROI/MEGA_AUG/aug_npz/COHFACE_Subj_8_1_Subj_8_1_x1.2.npz,1008,9,0.0,50.350000,"forehead_strip,left_cheek_big,right_cheek_big",,20.0,1.0015909561258278,train
COHFACE,'Subj_8_1_x1.4,Subj_8_1,Dataset/3_ROI/MEGA_AUG/aug_npz/COHFACE_Subj_8_1_Subj_8_1_x1.4.npz,864,9,0.0,43.150000,"forehead_strip,left_cheek_big,right_cheek_big",,20.0,1.0015909561258278,train
COHFACE,'Subj_8_1_x1.6,Subj_8_1,Dataset/3_ROI/MEGA_AUG/aug_npz/COHFACE_Subj_8_1_Subj_8_1_x1.6.npz,756,9,0.0,37.750000,"forehead_strip,left_cheek_big,right_cheek_big",,20.0,1.0015909561258278,train
COHFACE,'Subj_8_1_x1.8,Subj_8_1,Dataset/3_ROI/MEGA_AUG/aug_npz/COHFACE_Subj_8_1_Subj_8_1_x1.8.npz,672,9,0.0,33.550000,"forehead_strip,left_cheek_big,right_cheek_big",,20.0,1.0015909561258278,train
COHFACE,'Subj_8_2,Subj_8_2,Dataset/3_ROI/COHFACE_RAW/Subj_8_2.npz,1209,9,0.0,60.4,"forehead_strip,left_cheek_big,right_cheek_big",,20.0,1.0015909561258278,train
COHFACE,'Subj_8_2_x0.65,Subj_8_2,Dataset/3_ROI/MEGA_AUG/aug_npz/COHFACE_Subj_8_2_Subj_8_2_x0.65.npz,1860,9,0.0,92.950000,"forehead_strip,left_cheek_big,right_cheek_big",,20.0,1.0015909561258278,train
COHFACE,'Subj_8_2_x0.75,Subj_8_2,Dataset/3_ROI/MEGA_AUG/aug_npz/COHFACE_Subj_8_2_Subj_8_2_x0.75.npz,1612,9,0.0,80.550000,"forehead_strip,left_cheek_big,right_cheek_big",,20.0,1.0015909561258278,train
COHFACE,'Subj_8_2_x1.2,Subj_8_2,Dataset/3_ROI/MEGA_AUG/aug_npz/COHFACE_Subj_8_2_Subj_8_2_x1.2.npz,1008,9,0.0,50.350000,"forehead_strip,left_cheek_big,right_cheek_big",,20.0,1.0015909561258278,train
COHFACE,'Subj_8_2_x1.4,Subj_8_2,Dataset/3_ROI/MEGA_AUG/aug_npz/COHFACE_Subj_8_2_Subj_8_2_x1.4.npz,864,9,0.0,43.150000,"forehead_strip,left_cheek_big,right_cheek_big",,20.0,1.0015909561258278,train
COHFACE,'Subj_8_2_x1.6,Subj_8_2,Dataset/3_ROI/MEGA_AUG/aug_npz/COHFACE_Subj_8_2_Subj_8_2_x1.6.npz,756,9,0.0,37.750000,"forehead_strip,left_cheek_big,right_cheek_big",,20.0,1.0015909561258278,train
COHFACE,'Subj_8_2_x1.8,Subj_8_2,Dataset/3_ROI/MEGA_AUG/aug_npz/COHFACE_Subj_8_2_Subj_8_2_x1.8.npz,672,9,0.0,33.550000,"forehead_strip,left_cheek_big,right_cheek_big",,20.0,1.0015909561258278,train
COHFACE,'Subj_8_3,Subj_8_3,Dataset/3_ROI/COHFACE_RAW/Subj_8_3.npz,1208,9,0.0,60.35,"forehead_strip,left_cheek_big,right_cheek_big",,20.0,1.0013851491300745,train
COHFACE,'Subj_8_3_x0.65,Subj_8_3,Dataset/3_ROI/MEGA_AUG/aug_npz/COHFACE_Subj_8_3_Subj_8_3_x0.65.npz,1858,9,0.0,92.850000,"forehead_strip,left_cheek_big,right_cheek_big",,20.0,1.0013851491300745,train
COHFACE,'Subj_8_3_x0.75,Subj_8_3,Dataset/3_ROI/MEGA_AUG/aug_npz/COHFACE_Subj_8_3_Subj_8_3_x0.75.npz,1611,9,0.0,80.500000,"forehead_strip,left_cheek_big,right_cheek_big",,20.0,1.0013851491300745,train
COHFACE,'Subj_8_3_x1.2,Subj_8_3,Dataset/3_ROI/MEGA_AUG/aug_npz/COHFACE_Subj_8_3_Subj_8_3_x1.2.npz,1007,9,0.0,50.300000,"forehead_strip,left_cheek_big,right_cheek_big",,20.0,1.0013851491300745,train
COHFACE,'Subj_8_3_x1.4,Subj_8_3,Dataset/3_ROI/MEGA_AUG/aug_npz/COHFACE_Subj_8_3_Subj_8_3_x1.4.npz,863,9,0.0,43.100000,"forehead_strip,left_cheek_big,right_cheek_big",,20.0,1.0013851491300745,train
COHFACE,'Subj_8_3_x1.6,Subj_8_3,Dataset/3_ROI/MEGA_AUG/aug_npz/COHFACE_Subj_8_3_Subj_8_3_x1.6.npz,755,9,0.0,37.700000,"forehead_strip,left_cheek_big,right_cheek_big",,20.0,1.0013851491300745,train
COHFACE,'Subj_8_3_x1.8,Subj_8_3,Dataset/3_ROI/MEGA_AUG/aug_npz/COHFACE_Subj_8_3_Subj_8_3_x1.8.npz,671,9,0.0,33.500000,"forehead_strip,left_cheek_big,right_cheek_big",,20.0,1.0013851491300745,train
COHFACE,'Subj_9_0,Subj_9_0,Dataset/3_ROI/COHFACE_RAW/Subj_9_0.npz,1225,9,0.0,61.2,"forehead_strip,left_cheek_big,right_cheek_big",,20.0,1.0017744076797386,train
COHFACE,'Subj_9_0_x0.55,Subj_9_0,Dataset/3_ROI/MEGA_AUG/aug_npz/COHFACE_Subj_9_0_Subj_9_0_x0.55.npz,2227,9,0.0,111.300000,"forehead_strip,left_cheek_big,right_cheek_big",,20.0,1.0017744076797386,train
COHFACE,'Subj_9_0_x0.65,Subj_9_0,Dataset/3_ROI/MEGA_AUG/aug_npz/COHFACE_Subj_9_0_Subj_9_0_x0.65.npz,1885,9,0.0,94.200000,"forehead_strip,left_cheek_big,right_cheek_big",,20.0,1.0017744076797386,train
COHFACE,'Subj_9_0_x0.75,Subj_9_0,Dataset/3_ROI/MEGA_AUG/aug_npz/COHFACE_Subj_9_0_Subj_9_0_x0.75.npz,1633,9,0.0,81.600000,"forehead_strip,left_cheek_big,right_cheek_big",,20.0,1.0017744076797386,train
COHFACE,'Subj_9_0_x1.2,Subj_9_0,Dataset/3_ROI/MEGA_AUG/aug_npz/COHFACE_Subj_9_0_Subj_9_0_x1.2.npz,1021,9,0.0,51.000000,"forehead_strip,left_cheek_big,right_cheek_big",,20.0,1.0017744076797386,train
COHFACE,'Subj_9_0_x1.4,Subj_9_0,Dataset/3_ROI/MEGA_AUG/aug_npz/COHFACE_Subj_9_0_Subj_9_0_x1.4.npz,875,9,0.0,43.700000,"forehead_strip,left_cheek_big,right_cheek_big",,20.0,1.0017744076797386,train
COHFACE,'Subj_9_0_x1.6,Subj_9_0,Dataset/3_ROI/MEGA_AUG/aug_npz/COHFACE_Subj_9_0_Subj_9_0_x1.6.npz,766,9,0.0,38.250000,"forehead_strip,left_cheek_big,right_cheek_big",,20.0,1.0017744076797386,train
COHFACE,'Subj_9_0_x1.8,Subj_9_0,Dataset/3_ROI/MEGA_AUG/aug_npz/COHFACE_Subj_9_0_Subj_9_0_x1.8.npz,681,9,0.0,34.000000,"forehead_strip,left_cheek_big,right_cheek_big",,20.0,1.0017744076797386,train
COHFACE,'Subj_9_1,Subj_9_1,Dataset/3_ROI/COHFACE_RAW/Subj_9_1.npz,1242,9,0.0,62.05,"forehead_strip,left_cheek_big,right_cheek_big",,20.0,1.0021530016116036,train
COHFACE,'Subj_9_1_x0.55,Subj_9_1,Dataset/3_ROI/MEGA_AUG/aug_npz/COHFACE_Subj_9_1_Subj_9_1_x0.55.npz,2258,9,0.0,112.850000,"forehead_strip,left_cheek_big,right_cheek_big",,20.0,1.0021530016116036,train
COHFACE,'Subj_9_1_x0.65,Subj_9_1,Dataset/3_ROI/MEGA_AUG/aug_npz/COHFACE_Subj_9_1_Subj_9_1_x0.65.npz,1911,9,0.0,95.500000,"forehead_strip,left_cheek_big,right_cheek_big",,20.0,1.0021530016116036,train
COHFACE,'Subj_9_1_x0.75,Subj_9_1,Dataset/3_ROI/MEGA_AUG/aug_npz/COHFACE_Subj_9_1_Subj_9_1_x0.75.npz,1656,9,0.0,82.750000,"forehead_strip,left_cheek_big,right_cheek_big",,20.0,1.0021530016116036,train
COHFACE,'Subj_9_1_x1.2,Subj_9_1,Dataset/3_ROI/MEGA_AUG/aug_npz/COHFACE_Subj_9_1_Subj_9_1_x1.2.npz,1035,9,0.0,51.700000,"forehead_strip,left_cheek_big,right_cheek_big",,20.0,1.0021530016116036,train
COHFACE,'Subj_9_1_x1.4,Subj_9_1,Dataset/3_ROI/MEGA_AUG/aug_npz/COHFACE_Subj_9_1_Subj_9_1_x1.4.npz,887,9,0.0,44.300000,"forehead_strip,left_cheek_big,right_cheek_big",,20.0,1.0021530016116036,train
COHFACE,'Subj_9_1_x1.6,Subj_9_1,Dataset/3_ROI/MEGA_AUG/aug_npz/COHFACE_Subj_9_1_Subj_9_1_x1.6.npz,776,9,0.0,38.750000,"forehead_strip,left_cheek_big,right_cheek_big",,20.0,1.0021530016116036,train
COHFACE,'Subj_9_1_x1.8,Subj_9_1,Dataset/3_ROI/MEGA_AUG/aug_npz/COHFACE_Subj_9_1_Subj_9_1_x1.8.npz,690,9,0.0,34.450000,"forehead_strip,left_cheek_big,right_cheek_big",,20.0,1.0021530016116036,train
COHFACE,'Subj_9_2,Subj_9_2,Dataset/3_ROI/COHFACE_RAW/Subj_9_2.npz,1229,9,0.0,61.4,"forehead_strip,left_cheek_big,right_cheek_big",,20.0,1.0015650447882736,train
COHFACE,'Subj_9_2_x0.65,Subj_9_2,Dataset/3_ROI/MEGA_AUG/aug_npz/COHFACE_Subj_9_2_Subj_9_2_x0.65.npz,1891,9,0.0,94.500000,"forehead_strip,left_cheek_big,right_cheek_big",,20.0,1.0015650447882736,train
COHFACE,'Subj_9_2_x0.75,Subj_9_2,Dataset/3_ROI/MEGA_AUG/aug_npz/COHFACE_Subj_9_2_Subj_9_2_x0.75.npz,1639,9,0.0,81.900000,"forehead_strip,left_cheek_big,right_cheek_big",,20.0,1.0015650447882736,train
COHFACE,'Subj_9_2_x1.2,Subj_9_2,Dataset/3_ROI/MEGA_AUG/aug_npz/COHFACE_Subj_9_2_Subj_9_2_x1.2.npz,1024,9,0.0,51.150000,"forehead_strip,left_cheek_big,right_cheek_big",,20.0,1.0015650447882736,train
COHFACE,'Subj_9_2_x1.4,Subj_9_2,Dataset/3_ROI/MEGA_AUG/aug_npz/COHFACE_Subj_9_2_Subj_9_2_x1.4.npz,878,9,0.0,43.850000,"forehead_strip,left_cheek_big,right_cheek_big",,20.0,1.0015650447882736,train
COHFACE,'Subj_9_2_x1.6,Subj_9_2,Dataset/3_ROI/MEGA_AUG/aug_npz/COHFACE_Subj_9_2_Subj_9_2_x1.6.npz,768,9,0.0,38.350000,"forehead_strip,left_cheek_big,right_cheek_big",,20.0,1.0015650447882736,train
COHFACE,'Subj_9_2_x1.8,Subj_9_2,Dataset/3_ROI/MEGA_AUG/aug_npz/COHFACE_Subj_9_2_Subj_9_2_x1.8.npz,683,9,0.0,34.100000,"forehead_strip,left_cheek_big,right_cheek_big",,20.0,1.0015650447882736,train
COHFACE,'Subj_9_3,Subj_9_3,Dataset/3_ROI/COHFACE_RAW/Subj_9_3.npz,1265,9,0.0,63.2,"forehead_strip,left_cheek_big,right_cheek_big",,20.0,1.0027071795886076,train
COHFACE,'Subj_9_3_x0.65,Subj_9_3,Dataset/3_ROI/MEGA_AUG/aug_npz/COHFACE_Subj_9_3_Subj_9_3_x0.65.npz,1946,9,0.0,97.250000,"forehead_strip,left_cheek_big,right_cheek_big",,20.0,1.0027071795886076,train
COHFACE,'Subj_9_3_x0.75,Subj_9_3,Dataset/3_ROI/MEGA_AUG/aug_npz/COHFACE_Subj_9_3_Subj_9_3_x0.75.npz,1687,9,0.0,84.300000,"forehead_strip,left_cheek_big,right_cheek_big",,20.0,1.0027071795886076,train
COHFACE,'Subj_9_3_x1.2,Subj_9_3,Dataset/3_ROI/MEGA_AUG/aug_npz/COHFACE_Subj_9_3_Subj_9_3_x1.2.npz,1054,9,0.0,52.650000,"forehead_strip,left_cheek_big,right_cheek_big",,20.0,1.0027071795886076,train
COHFACE,'Subj_9_3_x1.4,Subj_9_3,Dataset/3_ROI/MEGA_AUG/aug_npz/COHFACE_Subj_9_3_Subj_9_3_x1.4.npz,904,9,0.0,45.150000,"forehead_strip,left_cheek_big,right_cheek_big",,20.0,1.0027071795886076,train
COHFACE,'Subj_9_3_x1.6,Subj_9_3,Dataset/3_ROI/MEGA_AUG/aug_npz/COHFACE_Subj_9_3_Subj_9_3_x1.6.npz,791,9,0.0,39.500000,"forehead_strip,left_cheek_big,right_cheek_big",,20.0,1.0027071795886076,train
COHFACE,'Subj_9_3_x1.8,Subj_9_3,Dataset/3_ROI/MEGA_AUG/aug_npz/COHFACE_Subj_9_3_Subj_9_3_x1.8.npz,703,9,0.0,35.100000,"forehead_strip,left_cheek_big,right_cheek_big",,20.0,1.0027071795886076,train
PURE,'01-01,01,Dataset/3_ROI/PURE_RAW/01-01.npz,2026,9,0.0,67.700022,"forehead_strip,left_cheek_big,right_cheek_big",,29.99040307101764,0.99992240770616,train
PURE,'01-01_x0.65,01,Dataset/3_ROI/MEGA_AUG/aug_npz/PURE_01_01-01_x0.65.npz,3117,9,0.0,103.899904,"forehead_strip,left_cheek_big,right_cheek_big",,29.99040307101764,0.99992240770616,train
PURE,'01-01_x0.75,01,Dataset/3_ROI/MEGA_AUG/aug_npz/PURE_01_01-01_x0.75.npz,2701,9,0.0,90.028800,"forehead_strip,left_cheek_big,right_cheek_big",,29.99040307101764,0.99992240770616,train
PURE,'01-01_x1.2,01,Dataset/3_ROI/MEGA_AUG/aug_npz/PURE_01_01-01_x1.2.npz,1688,9,0.0,56.251328,"forehead_strip,left_cheek_big,right_cheek_big",,29.99040307101764,0.99992240770616,train
PURE,'01-01_x1.4,01,Dataset/3_ROI/MEGA_AUG/aug_npz/PURE_01_01-01_x1.4.npz,1447,9,0.0,48.215424,"forehead_strip,left_cheek_big,right_cheek_big",,29.99040307101764,0.99992240770616,train
PURE,'01-01_x1.6,01,Dataset/3_ROI/MEGA_AUG/aug_npz/PURE_01_01-01_x1.6.npz,1266,9,0.0,42.180160,"forehead_strip,left_cheek_big,right_cheek_big",,29.99040307101764,0.99992240770616,train
PURE,'01-01_x1.8,01,Dataset/3_ROI/MEGA_AUG/aug_npz/PURE_01_01-01_x1.8.npz,1126,9,0.0,37.512000,"forehead_strip,left_cheek_big,right_cheek_big",,29.99040307101764,0.99992240770616,train
PURE,'01-02,01,Dataset/3_ROI/PURE_RAW/01-02.npz,2023,9,0.0,67.600019,"forehead_strip,left_cheek_big,right_cheek_big",,29.99040307101764,0.999777263376213,train
PURE,'01-02_x0.55,01,Dataset/3_ROI/MEGA_AUG/aug_npz/PURE_01_01-02_x0.55.npz,3678,9,0.0,122.605888,"forehead_strip,left_cheek_big,right_cheek_big",,29.99040307101764,0.999777263376213,train
PURE,'01-02_x0.65,01,Dataset/3_ROI/MEGA_AUG/aug_npz/PURE_01_01-02_x0.65.npz,3112,9,0.0,103.733184,"forehead_strip,left_cheek_big,right_cheek_big",,29.99040307101764,0.999777263376213,train
PURE,'01-02_x0.75,01,Dataset/3_ROI/MEGA_AUG/aug_npz/PURE_01_01-02_x0.75.npz,2697,9,0.0,89.895424,"forehead_strip,left_cheek_big,right_cheek_big",,29.99040307101764,0.999777263376213,train
PURE,'01-02_x1.2,01,Dataset/3_ROI/MEGA_AUG/aug_npz/PURE_01_01-02_x1.2.npz,1686,9,0.0,56.184640,"forehead_strip,left_cheek_big,right_cheek_big",,29.99040307101764,0.999777263376213,train
PURE,'01-02_x1.4,01,Dataset/3_ROI/MEGA_AUG/aug_npz/PURE_01_01-02_x1.4.npz,1445,9,0.0,48.148736,"forehead_strip,left_cheek_big,right_cheek_big",,29.99040307101764,0.999777263376213,train
PURE,'01-02_x1.6,01,Dataset/3_ROI/MEGA_AUG/aug_npz/PURE_01_01-02_x1.6.npz,1264,9,0.0,42.113472,"forehead_strip,left_cheek_big,right_cheek_big",,29.99040307101764,0.999777263376213,train
PURE,'01-02_x1.8,01,Dataset/3_ROI/MEGA_AUG/aug_npz/PURE_01_01-02_x1.8.npz,1124,9,0.0,37.445312,"forehead_strip,left_cheek_big,right_cheek_big",,29.99040307101764,0.999777263376213,train
PURE,'01-03,01,Dataset/3_ROI/PURE_RAW/01-03.npz,2481,9,0.0,82.700022,"forehead_strip,left_cheek_big,right_cheek_big",,29.99040307101764,1.0002193348872386,train
PURE,'01-03_x0.55,01,Dataset/3_ROI/MEGA_AUG/aug_npz/PURE_01_01-03_x0.55.npz,4511,9,0.0,150.381440,"forehead_strip,left_cheek_big,right_cheek_big",,29.99040307101764,1.0002193348872386,train
PURE,'01-03_x0.65,01,Dataset/3_ROI/MEGA_AUG/aug_npz/PURE_01_01-03_x0.65.npz,3817,9,0.0,127.240704,"forehead_strip,left_cheek_big,right_cheek_big",,29.99040307101764,1.0002193348872386,train
PURE,'01-03_x0.75,01,Dataset/3_ROI/MEGA_AUG/aug_npz/PURE_01_01-03_x0.75.npz,3308,9,0.0,110.268608,"forehead_strip,left_cheek_big,right_cheek_big",,29.99040307101764,1.0002193348872386,train
PURE,'01-03_x1.2,01,Dataset/3_ROI/MEGA_AUG/aug_npz/PURE_01_01-03_x1.2.npz,2068,9,0.0,68.922048,"forehead_strip,left_cheek_big,right_cheek_big",,29.99040307101764,1.0002193348872386,train
PURE,'01-03_x1.4,01,Dataset/3_ROI/MEGA_AUG/aug_npz/PURE_01_01-03_x1.4.npz,1772,9,0.0,59.052224,"forehead_strip,left_cheek_big,right_cheek_big",,29.99040307101764,1.0002193348872386,train
PURE,'01-03_x1.6,01,Dataset/3_ROI/MEGA_AUG/aug_npz/PURE_01_01-03_x1.6.npz,1551,9,0.0,51.683200,"forehead_strip,left_cheek_big,right_cheek_big",,29.99040307101764,1.0002193348872386,train
PURE,'01-03_x1.8,01,Dataset/3_ROI/MEGA_AUG/aug_npz/PURE_01_01-03_x1.8.npz,1378,9,0.0,45.914688,"forehead_strip,left_cheek_big,right_cheek_big",,29.99040307101764,1.0002193348872386,train
PURE,'01-04,01,Dataset/3_ROI/PURE_RAW/01-04.npz,2492,9,0.0,83.03334500000001,"forehead_strip,left_cheek_big,right_cheek_big",,29.99040307101764,0.9998874066798104,train
PURE,'01-04_x0.55,01,Dataset/3_ROI/MEGA_AUG/aug_npz/PURE_01_01-04_x0.55.npz,4531,9,0.0,151.048320,"forehead_strip,left_cheek_big,right_cheek_big",,29.99040307101764,0.9998874066798104,train
PURE,'01-04_x0.65,01,Dataset/3_ROI/MEGA_AUG/aug_npz/PURE_01_01-04_x0.65.npz,3834,9,0.0,127.807552,"forehead_strip,left_cheek_big,right_cheek_big",,29.99040307101764,0.9998874066798104,train
PURE,'01-04_x0.75,01,Dataset/3_ROI/MEGA_AUG/aug_npz/PURE_01_01-04_x0.75.npz,3323,9,0.0,110.768768,"forehead_strip,left_cheek_big,right_cheek_big",,29.99040307101764,0.9998874066798104,train
PURE,'01-04_x1.2,01,Dataset/3_ROI/MEGA_AUG/aug_npz/PURE_01_01-04_x1.2.npz,2077,9,0.0,69.222144,"forehead_strip,left_cheek_big,right_cheek_big",,29.99040307101764,0.9998874066798104,train
PURE,'01-04_x1.4,01,Dataset/3_ROI/MEGA_AUG/aug_npz/PURE_01_01-04_x1.4.npz,1780,9,0.0,59.318976,"forehead_strip,left_cheek_big,right_cheek_big",,29.99040307101764,0.9998874066798104,train
PURE,'01-04_x1.6,01,Dataset/3_ROI/MEGA_AUG/aug_npz/PURE_01_01-04_x1.6.npz,1558,9,0.0,51.916608,"forehead_strip,left_cheek_big,right_cheek_big",,29.99040307101764,0.9998874066798104,train
PURE,'01-04_x1.8,01,Dataset/3_ROI/MEGA_AUG/aug_npz/PURE_01_01-04_x1.8.npz,1384,9,0.0,46.114752,"forehead_strip,left_cheek_big,right_cheek_big",,29.99040307101764,0.9998874066798104,train
PURE,'01-05,01,Dataset/3_ROI/PURE_RAW/01-05.npz,2023,9,0.0,67.566675,"forehead_strip,left_cheek_big,right_cheek_big",,29.99040307101764,0.9998950814140256,train
PURE,'01-05_x0.65,01,Dataset/3_ROI/MEGA_AUG/aug_npz/PURE_01_01-05_x0.65.npz,3112,9,0.0,103.733184,"forehead_strip,left_cheek_big,right_cheek_big",,29.99040307101764,0.9998950814140256,train
PURE,'01-05_x0.75,01,Dataset/3_ROI/MEGA_AUG/aug_npz/PURE_01_01-05_x0.75.npz,2697,9,0.0,89.895424,"forehead_strip,left_cheek_big,right_cheek_big",,29.99040307101764,0.9998950814140256,train
PURE,'01-05_x1.2,01,Dataset/3_ROI/MEGA_AUG/aug_npz/PURE_01_01-05_x1.2.npz,1686,9,0.0,56.184640,"forehead_strip,left_cheek_big,right_cheek_big",,29.99040307101764,0.9998950814140256,train
PURE,'01-05_x1.4,01,Dataset/3_ROI/MEGA_AUG/aug_npz/PURE_01_01-05_x1.4.npz,1445,9,0.0,48.148736,"forehead_strip,left_cheek_big,right_cheek_big",,29.99040307101764,0.9998950814140256,train
PURE,'01-05_x1.6,01,Dataset/3_ROI/MEGA_AUG/aug_npz/PURE_01_01-05_x1.6.npz,1264,9,0.0,42.113472,"forehead_strip,left_cheek_big,right_cheek_big",,29.99040307101764,0.9998950814140256,train
PURE,'01-05_x1.8,01,Dataset/3_ROI/MEGA_AUG/aug_npz/PURE_01_01-05_x1.8.npz,1124,9,0.0,37.445312,"forehead_strip,left_cheek_big,right_cheek_big",,29.99040307101764,0.9998950814140256,train
PURE,'01-06,01,Dataset/3_ROI/PURE_RAW/01-06.npz,2041,9,0.0,68.0,"forehead_strip,left_cheek_big,right_cheek_big",,29.99040307101764,0.9999995147058824,train
PURE,'01-06_x0.65,01,Dataset/3_ROI/MEGA_AUG/aug_npz/PURE_01_01-06_x0.65.npz,3140,9,0.0,104.666816,"forehead_strip,left_cheek_big,right_cheek_big",,29.99040307101764,0.9999995147058824,train
PURE,'01-06_x0.75,01,Dataset/3_ROI/MEGA_AUG/aug_npz/PURE_01_01-06_x0.75.npz,2721,9,0.0,90.695680,"forehead_strip,left_cheek_big,right_cheek_big",,29.99040307101764,0.9999995147058824,train
PURE,'01-06_x1.2,01,Dataset/3_ROI/MEGA_AUG/aug_npz/PURE_01_01-06_x1.2.npz,1701,9,0.0,56.684800,"forehead_strip,left_cheek_big,right_cheek_big",,29.99040307101764,0.9999995147058824,train
PURE,'01-06_x1.4,01,Dataset/3_ROI/MEGA_AUG/aug_npz/PURE_01_01-06_x1.4.npz,1458,9,0.0,48.582208,"forehead_strip,left_cheek_big,right_cheek_big",,29.99040307101764,0.9999995147058824,train
PURE,'01-06_x1.6,01,Dataset/3_ROI/MEGA_AUG/aug_npz/PURE_01_01-06_x1.6.npz,1276,9,0.0,42.513600,"forehead_strip,left_cheek_big,right_cheek_big",,29.99040307101764,0.9999995147058824,train
PURE,'01-06_x1.8,01,Dataset/3_ROI/MEGA_AUG/aug_npz/PURE_01_01-06_x1.8.npz,1134,9,0.0,37.778752,"forehead_strip,left_cheek_big,right_cheek_big",,29.99040307101764,0.9999995147058824,train
PURE,'02-01,02,Dataset/3_ROI/PURE_RAW/02-01.npz,2039,9,0.0,67.93335,"forehead_strip,left_cheek_big,right_cheek_big",,29.995800587917213,0.9995679736094276,train
PURE,'02-01_x0.65,02,Dataset/3_ROI/MEGA_AUG/aug_npz/PURE_02_02-01_x0.65.npz,3137,9,0.0,104.547968,"forehead_strip,left_cheek_big,right_cheek_big",,29.995800587917213,0.9995679736094276,train
PURE,'02-01_x0.75,02,Dataset/3_ROI/MEGA_AUG/aug_npz/PURE_02_02-01_x0.75.npz,2719,9,0.0,90.612684,"forehead_strip,left_cheek_big,right_cheek_big",,29.995800587917213,0.9995679736094276,train
PURE,'02-01_x1.2,02,Dataset/3_ROI/MEGA_AUG/aug_npz/PURE_02_02-01_x1.2.npz,1699,9,0.0,56.607924,"forehead_strip,left_cheek_big,right_cheek_big",,29.995800587917213,0.9995679736094276,train
PURE,'02-01_x1.4,02,Dataset/3_ROI/MEGA_AUG/aug_npz/PURE_02_02-01_x1.4.npz,1456,9,0.0,48.506790,"forehead_strip,left_cheek_big,right_cheek_big",,29.995800587917213,0.9995679736094276,train
PURE,'02-01_x1.6,02,Dataset/3_ROI/MEGA_AUG/aug_npz/PURE_02_02-01_x1.6.npz,1274,9,0.0,42.439274,"forehead_strip,left_cheek_big,right_cheek_big",,29.995800587917213,0.9995679736094276,train
PURE,'02-01_x1.8,02,Dataset/3_ROI/MEGA_AUG/aug_npz/PURE_02_02-01_x1.8.npz,1133,9,0.0,37.738616,"forehead_strip,left_cheek_big,right_cheek_big",,29.995800587917213,0.9995679736094276,train
PURE,'02-02,02,Dataset/3_ROI/PURE_RAW/02-02.npz,1972,9,0.0,65.766683,"forehead_strip,left_cheek_big,right_cheek_big",,29.995800587917213,1.0001454687930666,train
PURE,'02-02_x0.55,02,Dataset/3_ROI/MEGA_AUG/aug_npz/PURE_02_02-02_x0.55.npz,3585,9,0.0,119.483392,"forehead_strip,left_cheek_big,right_cheek_big",,29.995800587917213,1.0001454687930666,train
PURE,'02-02_x0.65,02,Dataset/3_ROI/MEGA_AUG/aug_npz/PURE_02_02-02_x0.65.npz,3034,9,0.0,101.114154,"forehead_strip,left_cheek_big,right_cheek_big",,29.995800587917213,1.0001454687930666,train
PURE,'02-02_x0.75,02,Dataset/3_ROI/MEGA_AUG/aug_npz/PURE_02_02-02_x0.75.npz,2629,9,0.0,87.612264,"forehead_strip,left_cheek_big,right_cheek_big",,29.995800587917213,1.0001454687930666,train
PURE,'02-02_x1.2,02,Dataset/3_ROI/MEGA_AUG/aug_npz/PURE_02_02-02_x1.2.npz,1643,9,0.0,54.740996,"forehead_strip,left_cheek_big,right_cheek_big",,29.995800587917213,1.0001454687930666,train
PURE,'02-02_x1.4,02,Dataset/3_ROI/MEGA_AUG/aug_npz/PURE_02_02-02_x1.4.npz,1409,9,0.0,46.939904,"forehead_strip,left_cheek_big,right_cheek_big",,29.995800587917213,1.0001454687930666,train
PURE,'02-02_x1.6,02,Dataset/3_ROI/MEGA_AUG/aug_npz/PURE_02_02-02_x1.6.npz,1232,9,0.0,41.039078,"forehead_strip,left_cheek_big,right_cheek_big",,29.995800587917213,1.0001454687930666,train
PURE,'02-02_x1.8,02,Dataset/3_ROI/MEGA_AUG/aug_npz/PURE_02_02-02_x1.8.npz,1096,9,0.0,36.505110,"forehead_strip,left_cheek_big,right_cheek_big",,29.995800587917213,1.0001454687930666,train
PURE,'02-03,02,Dataset/3_ROI/PURE_RAW/02-03.npz,2185,9,0.0,72.866686,"forehead_strip,left_cheek_big,right_cheek_big",,29.995800587917213,1.0002609971860117,train
PURE,'02-03_x0.55,02,Dataset/3_ROI/MEGA_AUG/aug_npz/PURE_02_02-03_x0.55.npz,3973,9,0.0,132.418536,"forehead_strip,left_cheek_big,right_cheek_big",,29.995800587917213,1.0002609971860117,train
PURE,'02-03_x0.65,02,Dataset/3_ROI/MEGA_AUG/aug_npz/PURE_02_02-03_x0.65.npz,3362,9,0.0,112.049018,"forehead_strip,left_cheek_big,right_cheek_big",,29.995800587917213,1.0002609971860117,train
PURE,'02-03_x0.75,02,Dataset/3_ROI/MEGA_AUG/aug_npz/PURE_02_02-03_x0.75.npz,2913,9,0.0,97.080256,"forehead_strip,left_cheek_big,right_cheek_big",,29.995800587917213,1.0002609971860117,train
PURE,'02-03_x1.2,02,Dataset/3_ROI/MEGA_AUG/aug_npz/PURE_02_02-03_x1.2.npz,1821,9,0.0,60.675160,"forehead_strip,left_cheek_big,right_cheek_big",,29.995800587917213,1.0002609971860117,train
PURE,'02-03_x1.4,02,Dataset/3_ROI/MEGA_AUG/aug_npz/PURE_02_02-03_x1.4.npz,1561,9,0.0,52.007280,"forehead_strip,left_cheek_big,right_cheek_big",,29.995800587917213,1.0002609971860117,train
PURE,'02-03_x1.6,02,Dataset/3_ROI/MEGA_AUG/aug_npz/PURE_02_02-03_x1.6.npz,1366,9,0.0,45.506370,"forehead_strip,left_cheek_big,right_cheek_big",,29.995800587917213,1.0002609971860117,train
PURE,'02-03_x1.8,02,Dataset/3_ROI/MEGA_AUG/aug_npz/PURE_02_02-03_x1.8.npz,1214,9,0.0,40.438994,"forehead_strip,left_cheek_big,right_cheek_big",,29.995800587917213,1.0002609971860117,train
PURE,'02-04,02,Dataset/3_ROI/PURE_RAW/02-04.npz,2224,9,0.0,74.10002800000001,"forehead_strip,left_cheek_big,right_cheek_big",,29.995800587917213,1.0001614979146836,train
PURE,'02-04_x0.65,02,Dataset/3_ROI/MEGA_AUG/aug_npz/PURE_02_02-04_x0.65.npz,3422,9,0.0,114.049298,"forehead_strip,left_cheek_big,right_cheek_big",,29.995800587917213,1.0001614979146836,train
PURE,'02-04_x0.75,02,Dataset/3_ROI/MEGA_AUG/aug_npz/PURE_02_02-04_x0.75.npz,2965,9,0.0,98.813832,"forehead_strip,left_cheek_big,right_cheek_big",,29.995800587917213,1.0001614979146836,train
PURE,'02-04_x1.2,02,Dataset/3_ROI/MEGA_AUG/aug_npz/PURE_02_02-04_x1.2.npz,1853,9,0.0,61.741976,"forehead_strip,left_cheek_big,right_cheek_big",,29.995800587917213,1.0001614979146836,train
PURE,'02-04_x1.4,02,Dataset/3_ROI/MEGA_AUG/aug_npz/PURE_02_02-04_x1.4.npz,1589,9,0.0,52.940744,"forehead_strip,left_cheek_big,right_cheek_big",,29.995800587917213,1.0001614979146836,train
PURE,'02-04_x1.6,02,Dataset/3_ROI/MEGA_AUG/aug_npz/PURE_02_02-04_x1.6.npz,1390,9,0.0,46.306482,"forehead_strip,left_cheek_big,right_cheek_big",,29.995800587917213,1.0001614979146836,train
PURE,'02-04_x1.8,02,Dataset/3_ROI/MEGA_AUG/aug_npz/PURE_02_02-04_x1.8.npz,1236,9,0.0,41.172430,"forehead_strip,left_cheek_big,right_cheek_big",,29.995800587917213,1.0001614979146836,train
PURE,'02-05,02,Dataset/3_ROI/PURE_RAW/02-05.npz,1920,9,0.0,63.966678,"forehead_strip,left_cheek_big,right_cheek_big",,29.995800587917213,1.000020119850526,train
PURE,'02-05_x0.55,02,Dataset/3_ROI/MEGA_AUG/aug_npz/PURE_02_02-05_x0.55.npz,3491,9,0.0,116.349620,"forehead_strip,left_cheek_big,right_cheek_big",,29.995800587917213,1.000020119850526,train
PURE,'02-05_x0.65,02,Dataset/3_ROI/MEGA_AUG/aug_npz/PURE_02_02-05_x0.65.npz,2954,9,0.0,98.447114,"forehead_strip,left_cheek_big,right_cheek_big",,29.995800587917213,1.000020119850526,train
PURE,'02-05_x0.75,02,Dataset/3_ROI/MEGA_AUG/aug_npz/PURE_02_02-05_x0.75.npz,2560,9,0.0,85.311942,"forehead_strip,left_cheek_big,right_cheek_big",,29.995800587917213,1.000020119850526,train
PURE,'02-05_x1.2,02,Dataset/3_ROI/MEGA_AUG/aug_npz/PURE_02_02-05_x1.2.npz,1600,9,0.0,53.307462,"forehead_strip,left_cheek_big,right_cheek_big",,29.995800587917213,1.000020119850526,train
PURE,'02-05_x1.4,02,Dataset/3_ROI/MEGA_AUG/aug_npz/PURE_02_02-05_x1.4.npz,1371,9,0.0,45.673060,"forehead_strip,left_cheek_big,right_cheek_big",,29.995800587917213,1.000020119850526,train
PURE,'02-05_x1.6,02,Dataset/3_ROI/MEGA_AUG/aug_npz/PURE_02_02-05_x1.6.npz,1200,9,0.0,39.972262,"forehead_strip,left_cheek_big,right_cheek_big",,29.995800587917213,1.000020119850526,train
PURE,'02-05_x1.8,02,Dataset/3_ROI/MEGA_AUG/aug_npz/PURE_02_02-05_x1.8.npz,1067,9,0.0,35.538308,"forehead_strip,left_cheek_big,right_cheek_big",,29.995800587917213,1.000020119850526,train
PURE,'02-06,02,Dataset/3_ROI/PURE_RAW/02-06.npz,1943,9,0.0,64.73334100000001,"forehead_strip,left_cheek_big,right_cheek_big",,29.995800587917213,0.9995467714233998,train
PURE,'02-06_x0.65,02,Dataset/3_ROI/MEGA_AUG/aug_npz/PURE_02_02-06_x0.65.npz,2989,9,0.0,99.613944,"forehead_strip,left_cheek_big,right_cheek_big",,29.995800587917213,0.9995467714233998,train
PURE,'02-06_x0.75,02,Dataset/3_ROI/MEGA_AUG/aug_npz/PURE_02_02-06_x0.75.npz,2591,9,0.0,86.345420,"forehead_strip,left_cheek_big,right_cheek_big",,29.995800587917213,0.9995467714233998,train
PURE,'02-06_x1.2,02,Dataset/3_ROI/MEGA_AUG/aug_npz/PURE_02_02-06_x1.2.npz,1619,9,0.0,53.940884,"forehead_strip,left_cheek_big,right_cheek_big",,29.995800587917213,0.9995467714233998,train
PURE,'02-06_x1.4,02,Dataset/3_ROI/MEGA_AUG/aug_npz/PURE_02_02-06_x1.4.npz,1388,9,0.0,46.239806,"forehead_strip,left_cheek_big,right_cheek_big",,29.995800587917213,0.9995467714233998,train
PURE,'02-06_x1.6,02,Dataset/3_ROI/MEGA_AUG/aug_npz/PURE_02_02-06_x1.6.npz,1214,9,0.0,40.438994,"forehead_strip,left_cheek_big,right_cheek_big",,29.995800587917213,0.9995467714233998,train
PURE,'02-06_x1.8,02,Dataset/3_ROI/MEGA_AUG/aug_npz/PURE_02_02-06_x1.8.npz,1079,9,0.0,35.938364,"forehead_strip,left_cheek_big,right_cheek_big",,29.995800587917213,0.9995467714233998,train
PURE,'03-01,03,Dataset/3_ROI/PURE_RAW/03-01.npz,1974,9,0.0,65.766677,"forehead_strip,left_cheek_big,right_cheek_big",,30.001200048000594,1.0001424885736587,train
PURE,'03-01_x1.2,03,Dataset/3_ROI/MEGA_AUG/aug_npz/PURE_03_03-01_x1.2.npz,1645,9,0.0,54.797808,"forehead_strip,left_cheek_big,right_cheek_big",,30.001200048000594,1.0001424885736587,train
PURE,'03-01_x1.4,03,Dataset/3_ROI/MEGA_AUG/aug_npz/PURE_03_03-01_x1.4.npz,1410,9,0.0,46.964788,"forehead_strip,left_cheek_big,right_cheek_big",,30.001200048000594,1.0001424885736587,train
PURE,'03-01_x1.6,03,Dataset/3_ROI/MEGA_AUG/aug_npz/PURE_03_03-01_x1.6.npz,1234,9,0.0,41.098356,"forehead_strip,left_cheek_big,right_cheek_big",,30.001200048000594,1.0001424885736587,train
PURE,'03-01_x1.8,03,Dataset/3_ROI/MEGA_AUG/aug_npz/PURE_03_03-01_x1.8.npz,1097,9,0.0,36.531872,"forehead_strip,left_cheek_big,right_cheek_big",,30.001200048000594,1.0001424885736587,train
PURE,'03-02,03,Dataset/3_ROI/PURE_RAW/03-02.npz,2019,9,0.0,67.266682,"forehead_strip,left_cheek_big,right_cheek_big",,30.001200048000594,0.9999596382648992,train
PURE,'03-02_x0.75,03,Dataset/3_ROI/MEGA_AUG/aug_npz/PURE_03_03-02_x0.75.npz,2692,9,0.0,89.696412,"forehead_strip,left_cheek_big,right_cheek_big",,30.001200048000594,0.9999596382648992,train
PURE,'03-02_x1.2,03,Dataset/3_ROI/MEGA_AUG/aug_npz/PURE_03_03-02_x1.2.npz,1682,9,0.0,56.031092,"forehead_strip,left_cheek_big,right_cheek_big",,30.001200048000594,0.9999596382648992,train
PURE,'03-02_x1.4,03,Dataset/3_ROI/MEGA_AUG/aug_npz/PURE_03_03-02_x1.4.npz,1442,9,0.0,48.031412,"forehead_strip,left_cheek_big,right_cheek_big",,30.001200048000594,0.9999596382648992,train
PURE,'03-02_x1.6,03,Dataset/3_ROI/MEGA_AUG/aug_npz/PURE_03_03-02_x1.6.npz,1262,9,0.0,42.031652,"forehead_strip,left_cheek_big,right_cheek_big",,30.001200048000594,0.9999596382648992,train
PURE,'03-02_x1.8,03,Dataset/3_ROI/MEGA_AUG/aug_npz/PURE_03_03-02_x1.8.npz,1122,9,0.0,37.365172,"forehead_strip,left_cheek_big,right_cheek_big",,30.001200048000594,0.9999596382648992,train
PURE,'03-03,03,Dataset/3_ROI/PURE_RAW/03-03.npz,2200,9,0.0,73.56668,"forehead_strip,left_cheek_big,right_cheek_big",,30.001200048000594,1.0002498685546228,train
PURE,'03-03_x0.75,03,Dataset/3_ROI/MEGA_AUG/aug_npz/PURE_03_03-03_x0.75.npz,2933,9,0.0,97.729424,"forehead_strip,left_cheek_big,right_cheek_big",,30.001200048000594,1.0002498685546228,train
PURE,'03-03_x1.2,03,Dataset/3_ROI/MEGA_AUG/aug_npz/PURE_03_03-03_x1.2.npz,1833,9,0.0,61.064224,"forehead_strip,left_cheek_big,right_cheek_big",,30.001200048000594,1.0002498685546228,train
PURE,'03-03_x1.4,03,Dataset/3_ROI/MEGA_AUG/aug_npz/PURE_03_03-03_x1.4.npz,1571,9,0.0,52.331240,"forehead_strip,left_cheek_big,right_cheek_big",,30.001200048000594,1.0002498685546228,train
PURE,'03-03_x1.6,03,Dataset/3_ROI/MEGA_AUG/aug_npz/PURE_03_03-03_x1.6.npz,1375,9,0.0,45.798168,"forehead_strip,left_cheek_big,right_cheek_big",,30.001200048000594,1.0002498685546228,train
PURE,'03-03_x1.8,03,Dataset/3_ROI/MEGA_AUG/aug_npz/PURE_03_03-03_x1.8.npz,1222,9,0.0,40.698372,"forehead_strip,left_cheek_big,right_cheek_big",,30.001200048000594,1.0002498685546228,train
PURE,'03-04,03,Dataset/3_ROI/PURE_RAW/03-04.npz,2245,9,0.0,75.000009,"forehead_strip,left_cheek_big,right_cheek_big",,30.001200048000594,1.0000811333235973,train
PURE,'03-04_x1.2,03,Dataset/3_ROI/MEGA_AUG/aug_npz/PURE_03_03-04_x1.2.npz,1871,9,0.0,62.330840,"forehead_strip,left_cheek_big,right_cheek_big",,30.001200048000594,1.0000811333235973,train
PURE,'03-04_x1.4,03,Dataset/3_ROI/MEGA_AUG/aug_npz/PURE_03_03-04_x1.4.npz,1604,9,0.0,53.431196,"forehead_strip,left_cheek_big,right_cheek_big",,30.001200048000594,1.0000811333235973,train
PURE,'03-04_x1.6,03,Dataset/3_ROI/MEGA_AUG/aug_npz/PURE_03_03-04_x1.6.npz,1403,9,0.0,46.731464,"forehead_strip,left_cheek_big,right_cheek_big",,30.001200048000594,1.0000811333235973,train
PURE,'03-04_x1.8,03,Dataset/3_ROI/MEGA_AUG/aug_npz/PURE_03_03-04_x1.8.npz,1247,9,0.0,41.531672,"forehead_strip,left_cheek_big,right_cheek_big",,30.001200048000594,1.0000811333235973,train
PURE,'03-05,03,Dataset/3_ROI/PURE_RAW/03-05.npz,1935,9,0.0,64.566677,"forehead_strip,left_cheek_big,right_cheek_big",,30.001200048000594,1.00017036651894,train
PURE,'03-05_x1.2,03,Dataset/3_ROI/MEGA_AUG/aug_npz/PURE_03_03-05_x1.2.npz,1612,9,0.0,53.697852,"forehead_strip,left_cheek_big,right_cheek_big",,30.001200048000594,1.00017036651894,train
PURE,'03-05_x1.4,03,Dataset/3_ROI/MEGA_AUG/aug_npz/PURE_03_03-05_x1.4.npz,1382,9,0.0,46.031492,"forehead_strip,left_cheek_big,right_cheek_big",,30.001200048000594,1.00017036651894,train
PURE,'03-05_x1.6,03,Dataset/3_ROI/MEGA_AUG/aug_npz/PURE_03_03-05_x1.6.npz,1209,9,0.0,40.265056,"forehead_strip,left_cheek_big,right_cheek_big",,30.001200048000594,1.00017036651894,train
PURE,'03-05_x1.8,03,Dataset/3_ROI/MEGA_AUG/aug_npz/PURE_03_03-05_x1.8.npz,1075,9,0.0,35.798568,"forehead_strip,left_cheek_big,right_cheek_big",,30.001200048000594,1.00017036651894,train
PURE,'03-06,03,Dataset/3_ROI/PURE_RAW/03-06.npz,1950,9,0.0,65.066675,"forehead_strip,left_cheek_big,right_cheek_big",,30.001200048000594,0.9999316393530177,train
PURE,'03-06_x0.75,03,Dataset/3_ROI/MEGA_AUG/aug_npz/PURE_03_03-06_x0.75.npz,2600,9,0.0,86.629868,"forehead_strip,left_cheek_big,right_cheek_big",,30.001200048000594,0.9999316393530177,train
PURE,'03-06_x1.2,03,Dataset/3_ROI/MEGA_AUG/aug_npz/PURE_03_03-06_x1.2.npz,1625,9,0.0,54.131168,"forehead_strip,left_cheek_big,right_cheek_big",,30.001200048000594,0.9999316393530177,train
PURE,'03-06_x1.4,03,Dataset/3_ROI/MEGA_AUG/aug_npz/PURE_03_03-06_x1.4.npz,1393,9,0.0,46.398144,"forehead_strip,left_cheek_big,right_cheek_big",,30.001200048000594,0.9999316393530177,train
PURE,'03-06_x1.6,03,Dataset/3_ROI/MEGA_AUG/aug_npz/PURE_03_03-06_x1.6.npz,1219,9,0.0,40.598376,"forehead_strip,left_cheek_big,right_cheek_big",,30.001200048000594,0.9999316393530177,train
PURE,'03-06_x1.8,03,Dataset/3_ROI/MEGA_AUG/aug_npz/PURE_03_03-06_x1.8.npz,1083,9,0.0,36.065224,"forehead_strip,left_cheek_big,right_cheek_big",,30.001200048000594,0.9999316393530177,train
PURE,'04-01,04,Dataset/3_ROI/PURE_RAW/04-01.npz,1961,9,0.0,65.56667300000001,"forehead_strip,left_cheek_big,right_cheek_big",,30.001200048000594,0.9998689273131184,train
PURE,'04-01_x0.75,04,Dataset/3_ROI/MEGA_AUG/aug_npz/PURE_04_04-01_x0.75.npz,2615,9,0.0,87.129848,"forehead_strip,left_cheek_big,right_cheek_big",,30.001200048000594,0.9998689273131184,train
PURE,'04-01_x1.2,04,Dataset/3_ROI/MEGA_AUG/aug_npz/PURE_04_04-01_x1.2.npz,1634,9,0.0,54.431156,"forehead_strip,left_cheek_big,right_cheek_big",,30.001200048000594,0.9998689273131184,train
PURE,'04-01_x1.4,04,Dataset/3_ROI/MEGA_AUG/aug_npz/PURE_04_04-01_x1.4.npz,1401,9,0.0,46.664800,"forehead_strip,left_cheek_big,right_cheek_big",,30.001200048000594,0.9998689273131184,train
PURE,'04-01_x1.6,04,Dataset/3_ROI/MEGA_AUG/aug_npz/PURE_04_04-01_x1.6.npz,1226,9,0.0,40.831700,"forehead_strip,left_cheek_big,right_cheek_big",,30.001200048000594,0.9998689273131184,train
PURE,'04-01_x1.8,04,Dataset/3_ROI/MEGA_AUG/aug_npz/PURE_04_04-01_x1.8.npz,1089,9,0.0,36.265216,"forehead_strip,left_cheek_big,right_cheek_big",,30.001200048000594,0.9998689273131184,train
PURE,'04-02,04,Dataset/3_ROI/PURE_RAW/04-02.npz,2026,9,0.0,67.500011,"forehead_strip,left_cheek_big,right_cheek_big",,30.001200048000594,1.0000585925830443,train
PURE,'04-02_x0.65,04,Dataset/3_ROI/MEGA_AUG/aug_npz/PURE_04_04-02_x0.65.npz,3117,9,0.0,103.862512,"forehead_strip,left_cheek_big,right_cheek_big",,30.001200048000594,1.0000585925830443,train
PURE,'04-02_x0.75,04,Dataset/3_ROI/MEGA_AUG/aug_npz/PURE_04_04-02_x0.75.npz,2701,9,0.0,89.996400,"forehead_strip,left_cheek_big,right_cheek_big",,30.001200048000594,1.0000585925830443,train
PURE,'04-02_x1.2,04,Dataset/3_ROI/MEGA_AUG/aug_npz/PURE_04_04-02_x1.2.npz,1688,9,0.0,56.231084,"forehead_strip,left_cheek_big,right_cheek_big",,30.001200048000594,1.0000585925830443,train
PURE,'04-02_x1.4,04,Dataset/3_ROI/MEGA_AUG/aug_npz/PURE_04_04-02_x1.4.npz,1447,9,0.0,48.198072,"forehead_strip,left_cheek_big,right_cheek_big",,30.001200048000594,1.0000585925830443,train
PURE,'04-02_x1.6,04,Dataset/3_ROI/MEGA_AUG/aug_npz/PURE_04_04-02_x1.6.npz,1266,9,0.0,42.164980,"forehead_strip,left_cheek_big,right_cheek_big",,30.001200048000594,1.0000585925830443,train
PURE,'04-02_x1.8,04,Dataset/3_ROI/MEGA_AUG/aug_npz/PURE_04_04-02_x1.8.npz,1126,9,0.0,37.498500,"forehead_strip,left_cheek_big,right_cheek_big",,30.001200048000594,1.0000585925830443,train
PURE,'04-03,04,Dataset/3_ROI/PURE_RAW/04-03.npz,2269,9,0.0,75.600014,"forehead_strip,left_cheek_big,right_cheek_big",,30.001200048000594,0.9996766667265432,train
PURE,'04-03_x0.65,04,Dataset/3_ROI/MEGA_AUG/aug_npz/PURE_04_04-03_x0.65.npz,3491,9,0.0,116.328680,"forehead_strip,left_cheek_big,right_cheek_big",,30.001200048000594,0.9996766667265432,train
PURE,'04-03_x0.75,04,Dataset/3_ROI/MEGA_AUG/aug_npz/PURE_04_04-03_x0.75.npz,3025,9,0.0,100.795968,"forehead_strip,left_cheek_big,right_cheek_big",,30.001200048000594,0.9996766667265432,train
PURE,'04-03_x1.2,04,Dataset/3_ROI/MEGA_AUG/aug_npz/PURE_04_04-03_x1.2.npz,1891,9,0.0,62.997480,"forehead_strip,left_cheek_big,right_cheek_big",,30.001200048000594,0.9996766667265432,train
PURE,'04-03_x1.4,04,Dataset/3_ROI/MEGA_AUG/aug_npz/PURE_04_04-03_x1.4.npz,1621,9,0.0,53.997840,"forehead_strip,left_cheek_big,right_cheek_big",,30.001200048000594,0.9996766667265432,train
PURE,'04-03_x1.6,04,Dataset/3_ROI/MEGA_AUG/aug_npz/PURE_04_04-03_x1.6.npz,1418,9,0.0,47.231444,"forehead_strip,left_cheek_big,right_cheek_big",,30.001200048000594,0.9996766667265432,train
PURE,'04-03_x1.8,04,Dataset/3_ROI/MEGA_AUG/aug_npz/PURE_04_04-03_x1.8.npz,1261,9,0.0,41.998320,"forehead_strip,left_cheek_big,right_cheek_big",,30.001200048000594,0.9996766667265432,train
PURE,'04-04,04,Dataset/3_ROI/PURE_RAW/04-04.npz,2281,9,0.0,76.00001,"forehead_strip,left_cheek_big,right_cheek_big",,30.001200048000594,1.0000654078861304,train
PURE,'04-04_x0.65,04,Dataset/3_ROI/MEGA_AUG/aug_npz/PURE_04_04-04_x0.65.npz,3509,9,0.0,116.928656,"forehead_strip,left_cheek_big,right_cheek_big",,30.001200048000594,1.0000654078861304,train
PURE,'04-04_x0.75,04,Dataset/3_ROI/MEGA_AUG/aug_npz/PURE_04_04-04_x0.75.npz,3041,9,0.0,101.329280,"forehead_strip,left_cheek_big,right_cheek_big",,30.001200048000594,1.0000654078861304,train
PURE,'04-04_x1.2,04,Dataset/3_ROI/MEGA_AUG/aug_npz/PURE_04_04-04_x1.2.npz,1901,9,0.0,63.330800,"forehead_strip,left_cheek_big,right_cheek_big",,30.001200048000594,1.0000654078861304,train
PURE,'04-04_x1.4,04,Dataset/3_ROI/MEGA_AUG/aug_npz/PURE_04_04-04_x1.4.npz,1629,9,0.0,54.264496,"forehead_strip,left_cheek_big,right_cheek_big",,30.001200048000594,1.0000654078861304,train
PURE,'04-04_x1.6,04,Dataset/3_ROI/MEGA_AUG/aug_npz/PURE_04_04-04_x1.6.npz,1426,9,0.0,47.498100,"forehead_strip,left_cheek_big,right_cheek_big",,30.001200048000594,1.0000654078861304,train
PURE,'04-04_x1.8,04,Dataset/3_ROI/MEGA_AUG/aug_npz/PURE_04_04-04_x1.8.npz,1267,9,0.0,42.198312,"forehead_strip,left_cheek_big,right_cheek_big",,30.001200048000594,1.0000654078861304,train
PURE,'04-05,04,Dataset/3_ROI/PURE_RAW/04-05.npz,1950,9,0.0,64.966679,"forehead_strip,left_cheek_big,right_cheek_big",,30.001200048000594,1.0003889840205624,train
PURE,'04-05_x0.65,04,Dataset/3_ROI/MEGA_AUG/aug_npz/PURE_04_04-05_x0.65.npz,3000,9,0.0,99.962668,"forehead_strip,left_cheek_big,right_cheek_big",,30.001200048000594,1.0003889840205624,train
PURE,'04-05_x0.75,04,Dataset/3_ROI/MEGA_AUG/aug_npz/PURE_04_04-05_x0.75.npz,2600,9,0.0,86.629868,"forehead_strip,left_cheek_big,right_cheek_big",,30.001200048000594,1.0003889840205624,train
PURE,'04-05_x1.2,04,Dataset/3_ROI/MEGA_AUG/aug_npz/PURE_04_04-05_x1.2.npz,1625,9,0.0,54.131168,"forehead_strip,left_cheek_big,right_cheek_big",,30.001200048000594,1.0003889840205624,train
PURE,'04-05_x1.4,04,Dataset/3_ROI/MEGA_AUG/aug_npz/PURE_04_04-05_x1.4.npz,1393,9,0.0,46.398144,"forehead_strip,left_cheek_big,right_cheek_big",,30.001200048000594,1.0003889840205624,train
PURE,'04-05_x1.6,04,Dataset/3_ROI/MEGA_AUG/aug_npz/PURE_04_04-05_x1.6.npz,1219,9,0.0,40.598376,"forehead_strip,left_cheek_big,right_cheek_big",,30.001200048000594,1.0003889840205624,train
PURE,'04-05_x1.8,04,Dataset/3_ROI/MEGA_AUG/aug_npz/PURE_04_04-05_x1.8.npz,1083,9,0.0,36.065224,"forehead_strip,left_cheek_big,right_cheek_big",,30.001200048000594,1.0003889840205624,train
PURE,'04-06,04,Dataset/3_ROI/PURE_RAW/04-06.npz,1962,9,0.0,65.56667300000001,"forehead_strip,left_cheek_big,right_cheek_big",,30.001200048000594,1.0001563446722392,train
PURE,'04-06_x0.65,04,Dataset/3_ROI/MEGA_AUG/aug_npz/PURE_04_04-06_x0.65.npz,3018,9,0.0,100.562644,"forehead_strip,left_cheek_big,right_cheek_big",,30.001200048000594,1.0001563446722392,train
PURE,'04-06_x0.75,04,Dataset/3_ROI/MEGA_AUG/aug_npz/PURE_04_04-06_x0.75.npz,2616,9,0.0,87.163180,"forehead_strip,left_cheek_big,right_cheek_big",,30.001200048000594,1.0001563446722392,train
PURE,'04-06_x1.2,04,Dataset/3_ROI/MEGA_AUG/aug_npz/PURE_04_04-06_x1.2.npz,1635,9,0.0,54.464488,"forehead_strip,left_cheek_big,right_cheek_big",,30.001200048000594,1.0001563446722392,train
PURE,'04-06_x1.4,04,Dataset/3_ROI/MEGA_AUG/aug_npz/PURE_04_04-06_x1.4.npz,1401,9,0.0,46.664800,"forehead_strip,left_cheek_big,right_cheek_big",,30.001200048000594,1.0001563446722392,train
PURE,'04-06_x1.6,04,Dataset/3_ROI/MEGA_AUG/aug_npz/PURE_04_04-06_x1.6.npz,1226,9,0.0,40.831700,"forehead_strip,left_cheek_big,right_cheek_big",,30.001200048000594,1.0001563446722392,train
PURE,'04-06_x1.8,04,Dataset/3_ROI/MEGA_AUG/aug_npz/PURE_04_04-06_x1.8.npz,1090,9,0.0,36.298548,"forehead_strip,left_cheek_big,right_cheek_big",,30.001200048000594,1.0001563446722392,train
PURE,'05-01,05,Dataset/3_ROI/PURE_RAW/05-01.npz,1984,9,0.0,66.166678,"forehead_strip,left_cheek_big,right_cheek_big",,30.001200048000594,0.999770231777391,train
PURE,'05-01_x1.2,05,Dataset/3_ROI/MEGA_AUG/aug_npz/PURE_05_05-01_x1.2.npz,1653,9,0.0,55.064464,"forehead_strip,left_cheek_big,right_cheek_big",,30.001200048000594,0.999770231777391,train
PURE,'05-01_x1.4,05,Dataset/3_ROI/MEGA_AUG/aug_npz/PURE_05_05-01_x1.4.npz,1417,9,0.0,47.198112,"forehead_strip,left_cheek_big,right_cheek_big",,30.001200048000594,0.999770231777391,train
PURE,'05-01_x1.6,05,Dataset/3_ROI/MEGA_AUG/aug_npz/PURE_05_05-01_x1.6.npz,1240,9,0.0,41.298348,"forehead_strip,left_cheek_big,right_cheek_big",,30.001200048000594,0.999770231777391,train
PURE,'05-01_x1.8,05,Dataset/3_ROI/MEGA_AUG/aug_npz/PURE_05_05-01_x1.8.npz,1102,9,0.0,36.698532,"forehead_strip,left_cheek_big,right_cheek_big",,30.001200048000594,0.999770231777391,train
PURE,'05-02,05,Dataset/3_ROI/PURE_RAW/05-02.npz,2006,9,0.0,66.833348,"forehead_strip,left_cheek_big,right_cheek_big",,30.001200048000594,1.0002187081814309,train
PURE,'05-02_x1.2,05,Dataset/3_ROI/MEGA_AUG/aug_npz/PURE_05_05-02_x1.2.npz,1672,9,0.0,55.697772,"forehead_strip,left_cheek_big,right_cheek_big",,30.001200048000594,1.0002187081814309,train
PURE,'05-02_x1.4,05,Dataset/3_ROI/MEGA_AUG/aug_npz/PURE_05_05-02_x1.4.npz,1433,9,0.0,47.731424,"forehead_strip,left_cheek_big,right_cheek_big",,30.001200048000594,1.0002187081814309,train
PURE,'05-02_x1.6,05,Dataset/3_ROI/MEGA_AUG/aug_npz/PURE_05_05-02_x1.6.npz,1254,9,0.0,41.764996,"forehead_strip,left_cheek_big,right_cheek_big",,30.001200048000594,1.0002187081814309,train
PURE,'05-02_x1.8,05,Dataset/3_ROI/MEGA_AUG/aug_npz/PURE_05_05-02_x1.8.npz,1114,9,0.0,37.098516,"forehead_strip,left_cheek_big,right_cheek_big",,30.001200048000594,1.0002187081814309,train
PURE,'05-03,05,Dataset/3_ROI/PURE_RAW/05-03.npz,2279,9,0.0,76.00001,"forehead_strip,left_cheek_big,right_cheek_big",,30.001200048000594,0.9998700921223564,train
PURE,'05-03_x1.2,05,Dataset/3_ROI/MEGA_AUG/aug_npz/PURE_05_05-03_x1.2.npz,1899,9,0.0,63.264136,"forehead_strip,left_cheek_big,right_cheek_big",,30.001200048000594,0.9998700921223564,train
PURE,'05-03_x1.4,05,Dataset/3_ROI/MEGA_AUG/aug_npz/PURE_05_05-03_x1.4.npz,1628,9,0.0,54.231164,"forehead_strip,left_cheek_big,right_cheek_big",,30.001200048000594,0.9998700921223564,train
PURE,'05-03_x1.6,05,Dataset/3_ROI/MEGA_AUG/aug_npz/PURE_05_05-03_x1.6.npz,1424,9,0.0,47.431436,"forehead_strip,left_cheek_big,right_cheek_big",,30.001200048000594,0.9998700921223564,train
PURE,'05-03_x1.8,05,Dataset/3_ROI/MEGA_AUG/aug_npz/PURE_05_05-03_x1.8.npz,1266,9,0.0,42.164980,"forehead_strip,left_cheek_big,right_cheek_big",,30.001200048000594,0.9998700921223564,train
PURE,'05-04,05,Dataset/3_ROI/PURE_RAW/05-04.npz,2311,9,0.0,77.13335000000001,"forehead_strip,left_cheek_big,right_cheek_big",,30.001200048000594,0.9998962835141998,train
PURE,'05-04_x1.2,05,Dataset/3_ROI/MEGA_AUG/aug_npz/PURE_05_05-04_x1.2.npz,1926,9,0.0,64.164100,"forehead_strip,left_cheek_big,right_cheek_big",,30.001200048000594,0.9998962835141998,train
PURE,'05-04_x1.4,05,Dataset/3_ROI/MEGA_AUG/aug_npz/PURE_05_05-04_x1.4.npz,1651,9,0.0,54.997800,"forehead_strip,left_cheek_big,right_cheek_big",,30.001200048000594,0.9998962835141998,train
PURE,'05-04_x1.6,05,Dataset/3_ROI/MEGA_AUG/aug_npz/PURE_05_05-04_x1.6.npz,1444,9,0.0,48.098076,"forehead_strip,left_cheek_big,right_cheek_big",,30.001200048000594,0.9998962835141998,train
PURE,'05-04_x1.8,05,Dataset/3_ROI/MEGA_AUG/aug_npz/PURE_05_05-04_x1.8.npz,1284,9,0.0,42.764956,"forehead_strip,left_cheek_big,right_cheek_big",,30.001200048000594,0.9998962835141998,train
PURE,'05-05,05,Dataset/3_ROI/PURE_RAW/05-05.npz,1963,9,0.0,65.433344,"forehead_strip,left_cheek_big,right_cheek_big",,30.001200048000594,0.999855165586524,train
PURE,'05-05_x1.2,05,Dataset/3_ROI/MEGA_AUG/aug_npz/PURE_05_05-05_x1.2.npz,1636,9,0.0,54.497820,"forehead_strip,left_cheek_big,right_cheek_big",,30.001200048000594,0.999855165586524,train
PURE,'05-05_x1.4,05,Dataset/3_ROI/MEGA_AUG/aug_npz/PURE_05_05-05_x1.4.npz,1402,9,0.0,46.698132,"forehead_strip,left_cheek_big,right_cheek_big",,30.001200048000594,0.999855165586524,train
PURE,'05-05_x1.6,05,Dataset/3_ROI/MEGA_AUG/aug_npz/PURE_05_05-05_x1.6.npz,1227,9,0.0,40.865032,"forehead_strip,left_cheek_big,right_cheek_big",,30.001200048000594,0.999855165586524,train
PURE,'05-05_x1.8,05,Dataset/3_ROI/MEGA_AUG/aug_npz/PURE_05_05-05_x1.8.npz,1091,9,0.0,36.331880,"forehead_strip,left_cheek_big,right_cheek_big",,30.001200048000594,0.999855165586524,train
PURE,'05-06,05,Dataset/3_ROI/PURE_RAW/05-06.npz,1961,9,0.0,65.66668,"forehead_strip,left_cheek_big,right_cheek_big",,30.001200048000594,0.9996741117412972,train
PURE,'05-06_x1.2,05,Dataset/3_ROI/MEGA_AUG/aug_npz/PURE_05_05-06_x1.2.npz,1634,9,0.0,54.431156,"forehead_strip,left_cheek_big,right_cheek_big",,30.001200048000594,0.9996741117412972,train
PURE,'05-06_x1.4,05,Dataset/3_ROI/MEGA_AUG/aug_npz/PURE_05_05-06_x1.4.npz,1401,9,0.0,46.664800,"forehead_strip,left_cheek_big,right_cheek_big",,30.001200048000594,0.9996741117412972,train
PURE,'05-06_x1.6,05,Dataset/3_ROI/MEGA_AUG/aug_npz/PURE_05_05-06_x1.6.npz,1226,9,0.0,40.831700,"forehead_strip,left_cheek_big,right_cheek_big",,30.001200048000594,0.9996741117412972,train
PURE,'05-06_x1.8,05,Dataset/3_ROI/MEGA_AUG/aug_npz/PURE_05_05-06_x1.8.npz,1089,9,0.0,36.265216,"forehead_strip,left_cheek_big,right_cheek_big",,30.001200048000594,0.9996741117412972,train
PURE,'06-01,06,Dataset/3_ROI/PURE_RAW/06-01.npz,1971,9,0.0,65.833342,"forehead_strip,left_cheek_big,right_cheek_big",,30.000300003000977,1.0001842683301725,train
PURE,'06-01_x0.75,06,Dataset/3_ROI/MEGA_AUG/aug_npz/PURE_06_06-01_x0.75.npz,2628,9,0.0,87.565791,"forehead_strip,left_cheek_big,right_cheek_big",,30.000300003000977,1.0001842683301725,train
PURE,'06-01_x1.2,06,Dataset/3_ROI/MEGA_AUG/aug_npz/PURE_06_06-01_x1.2.npz,1642,9,0.0,54.699453,"forehead_strip,left_cheek_big,right_cheek_big",,30.000300003000977,1.0001842683301725,train
PURE,'06-01_x1.4,06,Dataset/3_ROI/MEGA_AUG/aug_npz/PURE_06_06-01_x1.4.npz,1408,9,0.0,46.899531,"forehead_strip,left_cheek_big,right_cheek_big",,30.000300003000977,1.0001842683301725,train
PURE,'06-01_x1.6,06,Dataset/3_ROI/MEGA_AUG/aug_npz/PURE_06_06-01_x1.6.npz,1232,9,0.0,41.032923,"forehead_strip,left_cheek_big,right_cheek_big",,30.000300003000977,1.0001842683301725,train
PURE,'06-01_x1.8,06,Dataset/3_ROI/MEGA_AUG/aug_npz/PURE_06_06-01_x1.8.npz,1095,9,0.0,36.466302,"forehead_strip,left_cheek_big,right_cheek_big",,30.000300003000977,1.0001842683301725,train
PURE,'06-03,06,Dataset/3_ROI/PURE_RAW/06-03.npz,2269,9,0.0,75.600015,"forehead_strip,left_cheek_big,right_cheek_big",,30.000300003000977,0.9999953703712888,train
PURE,'06-03_x0.65,06,Dataset/3_ROI/MEGA_AUG/aug_npz/PURE_06_06-03_x0.65.npz,3491,9,0.0,116.332170,"forehead_strip,left_cheek_big,right_cheek_big",,30.000300003000977,0.9999953703712888,train
PURE,'06-03_x0.75,06,Dataset/3_ROI/MEGA_AUG/aug_npz/PURE_06_06-03_x0.75.npz,3025,9,0.0,100.798992,"forehead_strip,left_cheek_big,right_cheek_big",,30.000300003000977,0.9999953703712888,train
PURE,'06-03_x1.2,06,Dataset/3_ROI/MEGA_AUG/aug_npz/PURE_06_06-03_x1.2.npz,1891,9,0.0,62.999370,"forehead_strip,left_cheek_big,right_cheek_big",,30.000300003000977,0.9999953703712888,train
PURE,'06-03_x1.4,06,Dataset/3_ROI/MEGA_AUG/aug_npz/PURE_06_06-03_x1.4.npz,1621,9,0.0,53.999460,"forehead_strip,left_cheek_big,right_cheek_big",,30.000300003000977,0.9999953703712888,train
PURE,'06-03_x1.6,06,Dataset/3_ROI/MEGA_AUG/aug_npz/PURE_06_06-03_x1.6.npz,1418,9,0.0,47.232861,"forehead_strip,left_cheek_big,right_cheek_big",,30.000300003000977,0.9999953703712888,train
PURE,'06-03_x1.8,06,Dataset/3_ROI/MEGA_AUG/aug_npz/PURE_06_06-03_x1.8.npz,1261,9,0.0,41.999580,"forehead_strip,left_cheek_big,right_cheek_big",,30.000300003000977,0.9999953703712888,train
PURE,'06-04,06,Dataset/3_ROI/PURE_RAW/06-04.npz,2278,9,0.0,75.90000900000001,"forehead_strip,left_cheek_big,right_cheek_big",,30.000300003000977,0.9996134914819312,train
PURE,'06-04_x0.55,06,Dataset/3_ROI/MEGA_AUG/aug_npz/PURE_06_06-04_x0.55.npz,4142,9,0.0,138.031953,"forehead_strip,left_cheek_big,right_cheek_big",,30.000300003000977,0.9996134914819312,train
PURE,'06-04_x0.65,06,Dataset/3_ROI/MEGA_AUG/aug_npz/PURE_06_06-04_x0.65.npz,3505,9,0.0,116.798832,"forehead_strip,left_cheek_big,right_cheek_big",,30.000300003000977,0.9996134914819312,train
PURE,'06-04_x0.75,06,Dataset/3_ROI/MEGA_AUG/aug_npz/PURE_06_06-04_x0.75.npz,3037,9,0.0,101.198988,"forehead_strip,left_cheek_big,right_cheek_big",,30.000300003000977,0.9996134914819312,train
PURE,'06-04_x1.2,06,Dataset/3_ROI/MEGA_AUG/aug_npz/PURE_06_06-04_x1.2.npz,1898,9,0.0,63.232701,"forehead_strip,left_cheek_big,right_cheek_big",,30.000300003000977,0.9996134914819312,train
PURE,'06-04_x1.4,06,Dataset/3_ROI/MEGA_AUG/aug_npz/PURE_06_06-04_x1.4.npz,1627,9,0.0,54.199458,"forehead_strip,left_cheek_big,right_cheek_big",,30.000300003000977,0.9996134914819312,train
PURE,'06-04_x1.6,06,Dataset/3_ROI/MEGA_AUG/aug_npz/PURE_06_06-04_x1.6.npz,1424,9,0.0,47.432859,"forehead_strip,left_cheek_big,right_cheek_big",,30.000300003000977,0.9996134914819312,train
PURE,'06-04_x1.8,06,Dataset/3_ROI/MEGA_AUG/aug_npz/PURE_06_06-04_x1.8.npz,1266,9,0.0,42.166245,"forehead_strip,left_cheek_big,right_cheek_big",,30.000300003000977,0.9996134914819312,train
PURE,'06-05,06,Dataset/3_ROI/PURE_RAW/06-05.npz,1959,9,0.0,65.266688,"forehead_strip,left_cheek_big,right_cheek_big",,30.000300003000977,0.9997133147004488,train
PURE,'06-05_x0.65,06,Dataset/3_ROI/MEGA_AUG/aug_npz/PURE_06_06-05_x0.65.npz,3014,9,0.0,100.432329,"forehead_strip,left_cheek_big,right_cheek_big",,30.000300003000977,0.9997133147004488,train
PURE,'06-05_x0.75,06,Dataset/3_ROI/MEGA_AUG/aug_npz/PURE_06_06-05_x0.75.npz,2612,9,0.0,87.032463,"forehead_strip,left_cheek_big,right_cheek_big",,30.000300003000977,0.9997133147004488,train
PURE,'06-05_x1.2,06,Dataset/3_ROI/MEGA_AUG/aug_npz/PURE_06_06-05_x1.2.npz,1632,9,0.0,54.366123,"forehead_strip,left_cheek_big,right_cheek_big",,30.000300003000977,0.9997133147004488,train
PURE,'06-05_x1.4,06,Dataset/3_ROI/MEGA_AUG/aug_npz/PURE_06_06-05_x1.4.npz,1399,9,0.0,46.599534,"forehead_strip,left_cheek_big,right_cheek_big",,30.000300003000977,0.9997133147004488,train
PURE,'06-05_x1.6,06,Dataset/3_ROI/MEGA_AUG/aug_npz/PURE_06_06-05_x1.6.npz,1224,9,0.0,40.766259,"forehead_strip,left_cheek_big,right_cheek_big",,30.000300003000977,0.9997133147004488,train
PURE,'06-05_x1.8,06,Dataset/3_ROI/MEGA_AUG/aug_npz/PURE_06_06-05_x1.8.npz,1088,9,0.0,36.232971,"forehead_strip,left_cheek_big,right_cheek_big",,30.000300003000977,0.9997133147004488,train
PURE,'06-06,06,Dataset/3_ROI/PURE_RAW/06-06.npz,1969,9,0.0,65.600014,"forehead_strip,left_cheek_big,right_cheek_big",,30.000300003000977,1.0003977285736556,train
PURE,'06-06_x0.65,06,Dataset/3_ROI/MEGA_AUG/aug_npz/PURE_06_06-06_x0.65.npz,3029,9,0.0,100.932324,"forehead_strip,left_cheek_big,right_cheek_big",,30.000300003000977,1.0003977285736556,train
PURE,'06-06_x0.75,06,Dataset/3_ROI/MEGA_AUG/aug_npz/PURE_06_06-06_x0.75.npz,2625,9,0.0,87.465792,"forehead_strip,left_cheek_big,right_cheek_big",,30.000300003000977,1.0003977285736556,train
PURE,'06-06_x1.2,06,Dataset/3_ROI/MEGA_AUG/aug_npz/PURE_06_06-06_x1.2.npz,1641,9,0.0,54.666120,"forehead_strip,left_cheek_big,right_cheek_big",,30.000300003000977,1.0003977285736556,train
PURE,'06-06_x1.4,06,Dataset/3_ROI/MEGA_AUG/aug_npz/PURE_06_06-06_x1.4.npz,1406,9,0.0,46.832865,"forehead_strip,left_cheek_big,right_cheek_big",,30.000300003000977,1.0003977285736556,train
PURE,'06-06_x1.6,06,Dataset/3_ROI/MEGA_AUG/aug_npz/PURE_06_06-06_x1.6.npz,1231,9,0.0,40.999590,"forehead_strip,left_cheek_big,right_cheek_big",,30.000300003000977,1.0003977285736556,train
PURE,'06-06_x1.8,06,Dataset/3_ROI/MEGA_AUG/aug_npz/PURE_06_06-06_x1.8.npz,1094,9,0.0,36.432969,"forehead_strip,left_cheek_big,right_cheek_big",,30.000300003000977,1.0003977285736556,train
PURE,'07-01,07,Dataset/3_ROI/PURE_RAW/07-01.npz,1954,9,0.0,65.399991,"forehead_strip,left_cheek_big,right_cheek_big",,29.99040307101764,0.9997062537822062,train
PURE,'07-01_x0.55,07,Dataset/3_ROI/MEGA_AUG/aug_npz/PURE_07_07-01_x0.55.npz,3553,9,0.0,118.437888,"forehead_strip,left_cheek_big,right_cheek_big",,29.99040307101764,0.9997062537822062,train
PURE,'07-01_x0.65,07,Dataset/3_ROI/MEGA_AUG/aug_npz/PURE_07_07-01_x0.65.npz,3006,9,0.0,100.198720,"forehead_strip,left_cheek_big,right_cheek_big",,29.99040307101764,0.9997062537822062,train
PURE,'07-01_x0.75,07,Dataset/3_ROI/MEGA_AUG/aug_npz/PURE_07_07-01_x0.75.npz,2605,9,0.0,86.827776,"forehead_strip,left_cheek_big,right_cheek_big",,29.99040307101764,0.9997062537822062,train
PURE,'07-01_x1.2,07,Dataset/3_ROI/MEGA_AUG/aug_npz/PURE_07_07-01_x1.2.npz,1628,9,0.0,54.250688,"forehead_strip,left_cheek_big,right_cheek_big",,29.99040307101764,0.9997062537822062,train
PURE,'07-01_x1.4,07,Dataset/3_ROI/MEGA_AUG/aug_npz/PURE_07_07-01_x1.4.npz,1396,9,0.0,46.514880,"forehead_strip,left_cheek_big,right_cheek_big",,29.99040307101764,0.9997062537822062,train
PURE,'07-02,07,Dataset/3_ROI/PURE_RAW/07-02.npz,2108,9,0.0,70.23334200000001,"forehead_strip,left_cheek_big,right_cheek_big",,29.99040307101764,0.9998665448669664,train
PURE,'07-02_x0.55,07,Dataset/3_ROI/MEGA_AUG/aug_npz/PURE_07_07-02_x0.55.npz,3833,9,0.0,127.774208,"forehead_strip,left_cheek_big,right_cheek_big",,29.99040307101764,0.9998665448669664,train
PURE,'07-02_x0.65,07,Dataset/3_ROI/MEGA_AUG/aug_npz/PURE_07_07-02_x0.65.npz,3243,9,0.0,108.101248,"forehead_strip,left_cheek_big,right_cheek_big",,29.99040307101764,0.9998665448669664,train
PURE,'07-02_x0.75,07,Dataset/3_ROI/MEGA_AUG/aug_npz/PURE_07_07-02_x0.75.npz,2811,9,0.0,93.696640,"forehead_strip,left_cheek_big,right_cheek_big",,29.99040307101764,0.9998665448669664,train
PURE,'07-02_x1.2,07,Dataset/3_ROI/MEGA_AUG/aug_npz/PURE_07_07-02_x1.2.npz,1757,9,0.0,58.552064,"forehead_strip,left_cheek_big,right_cheek_big",,29.99040307101764,0.9998665448669664,train
PURE,'07-03,07,Dataset/3_ROI/PURE_RAW/07-03.npz,2257,9,0.0,75.200007,"forehead_strip,left_cheek_big,right_cheek_big",,29.99040307101764,0.9999994547872848,train
PURE,'07-03_x0.55,07,Dataset/3_ROI/MEGA_AUG/aug_npz/PURE_07_07-03_x0.55.npz,4104,9,0.0,136.810432,"forehead_strip,left_cheek_big,right_cheek_big",,29.99040307101764,0.9999994547872848,train
PURE,'07-03_x0.65,07,Dataset/3_ROI/MEGA_AUG/aug_npz/PURE_07_07-03_x0.65.npz,3472,9,0.0,115.737024,"forehead_strip,left_cheek_big,right_cheek_big",,29.99040307101764,0.9999994547872848,train
PURE,'07-03_x0.75,07,Dataset/3_ROI/MEGA_AUG/aug_npz/PURE_07_07-03_x0.75.npz,3009,9,0.0,100.298752,"forehead_strip,left_cheek_big,right_cheek_big",,29.99040307101764,0.9999994547872848,train
PURE,'07-03_x1.2,07,Dataset/3_ROI/MEGA_AUG/aug_npz/PURE_07_07-03_x1.2.npz,1881,9,0.0,62.686720,"forehead_strip,left_cheek_big,right_cheek_big",,29.99040307101764,0.9999994547872848,train
PURE,'07-03_x1.4,07,Dataset/3_ROI/MEGA_AUG/aug_npz/PURE_07_07-03_x1.4.npz,1612,9,0.0,53.717184,"forehead_strip,left_cheek_big,right_cheek_big",,29.99040307101764,0.9999994547872848,train
PURE,'07-04,07,Dataset/3_ROI/PURE_RAW/07-04.npz,2270,9,0.0,75.966684,"forehead_strip,left_cheek_big,right_cheek_big",,29.99040307101764,1.0001029003714312,train
PURE,'07-04_x0.55,07,Dataset/3_ROI/MEGA_AUG/aug_npz/PURE_07_07-04_x0.55.npz,4127,9,0.0,137.577344,"forehead_strip,left_cheek_big,right_cheek_big",,29.99040307101764,1.0001029003714312,train
PURE,'07-04_x0.65,07,Dataset/3_ROI/MEGA_AUG/aug_npz/PURE_07_07-04_x0.65.npz,3492,9,0.0,116.403904,"forehead_strip,left_cheek_big,right_cheek_big",,29.99040307101764,1.0001029003714312,train
PURE,'07-04_x0.75,07,Dataset/3_ROI/MEGA_AUG/aug_npz/PURE_07_07-04_x0.75.npz,3027,9,0.0,100.898944,"forehead_strip,left_cheek_big,right_cheek_big",,29.99040307101764,1.0001029003714312,train
PURE,'07-04_x1.2,07,Dataset/3_ROI/MEGA_AUG/aug_npz/PURE_07_07-04_x1.2.npz,1892,9,0.0,63.053504,"forehead_strip,left_cheek_big,right_cheek_big",,29.99040307101764,1.0001029003714312,train
PURE,'07-04_x1.4,07,Dataset/3_ROI/MEGA_AUG/aug_npz/PURE_07_07-04_x1.4.npz,1621,9,0.0,54.017280,"forehead_strip,left_cheek_big,right_cheek_big",,29.99040307101764,1.0001029003714312,train
PURE,'07-05,07,Dataset/3_ROI/PURE_RAW/07-05.npz,1942,9,0.0,64.700004,"forehead_strip,left_cheek_big,right_cheek_big",,29.99040307101764,1.0002584853008665,train
PURE,'07-05_x0.55,07,Dataset/3_ROI/MEGA_AUG/aug_npz/PURE_07_07-05_x0.55.npz,3531,9,0.0,117.704320,"forehead_strip,left_cheek_big,right_cheek_big",,29.99040307101764,1.0002584853008665,train
PURE,'07-05_x0.65,07,Dataset/3_ROI/MEGA_AUG/aug_npz/PURE_07_07-05_x0.65.npz,2988,9,0.0,99.598528,"forehead_strip,left_cheek_big,right_cheek_big",,29.99040307101764,1.0002584853008665,train
PURE,'07-05_x0.75,07,Dataset/3_ROI/MEGA_AUG/aug_npz/PURE_07_07-05_x0.75.npz,2589,9,0.0,86.294272,"forehead_strip,left_cheek_big,right_cheek_big",,29.99040307101764,1.0002584853008665,train
PURE,'07-05_x1.2,07,Dataset/3_ROI/MEGA_AUG/aug_npz/PURE_07_07-05_x1.2.npz,1618,9,0.0,53.917248,"forehead_strip,left_cheek_big,right_cheek_big",,29.99040307101764,1.0002584853008665,train
PURE,'07-06,07,Dataset/3_ROI/PURE_RAW/07-06.npz,1960,9,0.0,65.30002,"forehead_strip,left_cheek_big,right_cheek_big",,29.99040307101764,1.000183522148998,train
PURE,'07-06_x0.55,07,Dataset/3_ROI/MEGA_AUG/aug_npz/PURE_07_07-06_x0.55.npz,3564,9,0.0,118.804672,"forehead_strip,left_cheek_big,right_cheek_big",,29.99040307101764,1.000183522148998,train
PURE,'07-06_x0.65,07,Dataset/3_ROI/MEGA_AUG/aug_npz/PURE_07_07-06_x0.65.npz,3015,9,0.0,100.498816,"forehead_strip,left_cheek_big,right_cheek_big",,29.99040307101764,1.000183522148998,train
PURE,'07-06_x0.75,07,Dataset/3_ROI/MEGA_AUG/aug_npz/PURE_07_07-06_x0.75.npz,2613,9,0.0,87.094528,"forehead_strip,left_cheek_big,right_cheek_big",,29.99040307101764,1.000183522148998,train
PURE,'07-06_x1.2,07,Dataset/3_ROI/MEGA_AUG/aug_npz/PURE_07_07-06_x1.2.npz,1633,9,0.0,54.417408,"forehead_strip,left_cheek_big,right_cheek_big",,29.99040307101764,1.000183522148998,train
PURE,'08-01,08,Dataset/3_ROI/PURE_RAW/08-01.npz,1963,9,0.0,65.400017,"forehead_strip,left_cheek_big,right_cheek_big",,30.000300003000977,1.0003663607610378,train
PURE,'08-01_x1.2,08,Dataset/3_ROI/MEGA_AUG/aug_npz/PURE_08_08-01_x1.2.npz,1636,9,0.0,54.499455,"forehead_strip,left_cheek_big,right_cheek_big",,30.000300003000977,1.0003663607610378,train
PURE,'08-01_x1.4,08,Dataset/3_ROI/MEGA_AUG/aug_npz/PURE_08_08-01_x1.4.npz,1402,9,0.0,46.699533,"forehead_strip,left_cheek_big,right_cheek_big",,30.000300003000977,1.0003663607610378,train
PURE,'08-01_x1.6,08,Dataset/3_ROI/MEGA_AUG/aug_npz/PURE_08_08-01_x1.6.npz,1227,9,0.0,40.866258,"forehead_strip,left_cheek_big,right_cheek_big",,30.000300003000977,1.0003663607610378,train
PURE,'08-01_x1.8,08,Dataset/3_ROI/MEGA_AUG/aug_npz/PURE_08_08-01_x1.8.npz,1091,9,0.0,36.332970,"forehead_strip,left_cheek_big,right_cheek_big",,30.000300003000977,1.0003663607610378,train
PURE,'08-02,08,Dataset/3_ROI/PURE_RAW/08-02.npz,1978,9,0.0,65.966672,"forehead_strip,left_cheek_big,right_cheek_big",,30.000300003000977,1.0004030065363916,train
PURE,'08-02_x0.75,08,Dataset/3_ROI/MEGA_AUG/aug_npz/PURE_08_08-02_x0.75.npz,2637,9,0.0,87.865788,"forehead_strip,left_cheek_big,right_cheek_big",,30.000300003000977,1.0004030065363916,train
PURE,'08-02_x1.2,08,Dataset/3_ROI/MEGA_AUG/aug_npz/PURE_08_08-02_x1.2.npz,1648,9,0.0,54.899451,"forehead_strip,left_cheek_big,right_cheek_big",,30.000300003000977,1.0004030065363916,train
PURE,'08-02_x1.4,08,Dataset/3_ROI/MEGA_AUG/aug_npz/PURE_08_08-02_x1.4.npz,1413,9,0.0,47.066196,"forehead_strip,left_cheek_big,right_cheek_big",,30.000300003000977,1.0004030065363916,train
PURE,'08-02_x1.6,08,Dataset/3_ROI/MEGA_AUG/aug_npz/PURE_08_08-02_x1.6.npz,1236,9,0.0,41.166255,"forehead_strip,left_cheek_big,right_cheek_big",,30.000300003000977,1.0004030065363916,train
PURE,'08-02_x1.8,08,Dataset/3_ROI/MEGA_AUG/aug_npz/PURE_08_08-02_x1.8.npz,1099,9,0.0,36.599634,"forehead_strip,left_cheek_big,right_cheek_big",,30.000300003000977,1.0004030065363916,train
PURE,'08-03,08,Dataset/3_ROI/PURE_RAW/08-03.npz,2259,9,0.0,75.466685,"forehead_strip,left_cheek_big,right_cheek_big",,30.000300003000977,1.0000020141337864,train
PURE,'08-03_x1.2,08,Dataset/3_ROI/MEGA_AUG/aug_npz/PURE_08_08-03_x1.2.npz,1882,9,0.0,62.699373,"forehead_strip,left_cheek_big,right_cheek_big",,30.000300003000977,1.0000020141337864,train
PURE,'08-03_x1.4,08,Dataset/3_ROI/MEGA_AUG/aug_npz/PURE_08_08-03_x1.4.npz,1614,9,0.0,53.766129,"forehead_strip,left_cheek_big,right_cheek_big",,30.000300003000977,1.0000020141337864,train
PURE,'08-03_x1.6,08,Dataset/3_ROI/MEGA_AUG/aug_npz/PURE_08_08-03_x1.6.npz,1412,9,0.0,47.032863,"forehead_strip,left_cheek_big,right_cheek_big",,30.000300003000977,1.0000020141337864,train
PURE,'08-03_x1.8,08,Dataset/3_ROI/MEGA_AUG/aug_npz/PURE_08_08-03_x1.8.npz,1255,9,0.0,41.799582,"forehead_strip,left_cheek_big,right_cheek_big",,30.000300003000977,1.0000020141337864,train
PURE,'08-04,08,Dataset/3_ROI/PURE_RAW/08-04.npz,2297,9,0.0,76.533359,"forehead_strip,left_cheek_big,right_cheek_big",,30.000300003000977,1.0001386062252933,train
PURE,'08-04_x1.2,08,Dataset/3_ROI/MEGA_AUG/aug_npz/PURE_08_08-04_x1.2.npz,1914,9,0.0,63.766029,"forehead_strip,left_cheek_big,right_cheek_big",,30.000300003000977,1.0001386062252933,train
PURE,'08-04_x1.4,08,Dataset/3_ROI/MEGA_AUG/aug_npz/PURE_08_08-04_x1.4.npz,1641,9,0.0,54.666120,"forehead_strip,left_cheek_big,right_cheek_big",,30.000300003000977,1.0001386062252933,train
PURE,'08-04_x1.6,08,Dataset/3_ROI/MEGA_AUG/aug_npz/PURE_08_08-04_x1.6.npz,1436,9,0.0,47.832855,"forehead_strip,left_cheek_big,right_cheek_big",,30.000300003000977,1.0001386062252933,train
PURE,'08-04_x1.8,08,Dataset/3_ROI/MEGA_AUG/aug_npz/PURE_08_08-04_x1.8.npz,1276,9,0.0,42.499575,"forehead_strip,left_cheek_big,right_cheek_big",,30.000300003000977,1.0001386062252933,train
PURE,'08-05,08,Dataset/3_ROI/PURE_RAW/08-05.npz,1951,9,0.0,65.066692,"forehead_strip,left_cheek_big,right_cheek_big",,30.000300003000977,0.9997816701669726,train
PURE,'08-05_x1.2,08,Dataset/3_ROI/MEGA_AUG/aug_npz/PURE_08_08-05_x1.2.npz,1626,9,0.0,54.166125,"forehead_strip,left_cheek_big,right_cheek_big",,30.000300003000977,0.9997816701669726,train
PURE,'08-05_x1.4,08,Dataset/3_ROI/MEGA_AUG/aug_npz/PURE_08_08-05_x1.4.npz,1394,9,0.0,46.432869,"forehead_strip,left_cheek_big,right_cheek_big",,30.000300003000977,0.9997816701669726,train
PURE,'08-05_x1.6,08,Dataset/3_ROI/MEGA_AUG/aug_npz/PURE_08_08-05_x1.6.npz,1219,9,0.0,40.599594,"forehead_strip,left_cheek_big,right_cheek_big",,30.000300003000977,0.9997816701669726,train
PURE,'08-05_x1.8,08,Dataset/3_ROI/MEGA_AUG/aug_npz/PURE_08_08-05_x1.8.npz,1084,9,0.0,36.099639,"forehead_strip,left_cheek_big,right_cheek_big",,30.000300003000977,0.9997816701669726,train
PURE,'08-06,08,Dataset/3_ROI/PURE_RAW/08-06.npz,1964,9,0.0,65.433351,"forehead_strip,left_cheek_big,right_cheek_big",,30.000300003000977,0.9996151351013643,train
PURE,'08-06_x1.2,08,Dataset/3_ROI/MEGA_AUG/aug_npz/PURE_08_08-06_x1.2.npz,1637,9,0.0,54.532788,"forehead_strip,left_cheek_big,right_cheek_big",,30.000300003000977,0.9996151351013643,train
PURE,'08-06_x1.4,08,Dataset/3_ROI/MEGA_AUG/aug_npz/PURE_08_08-06_x1.4.npz,1403,9,0.0,46.732866,"forehead_strip,left_cheek_big,right_cheek_big",,30.000300003000977,0.9996151351013643,train
PURE,'08-06_x1.6,08,Dataset/3_ROI/MEGA_AUG/aug_npz/PURE_08_08-06_x1.6.npz,1228,9,0.0,40.899591,"forehead_strip,left_cheek_big,right_cheek_big",,30.000300003000977,0.9996151351013643,train
PURE,'08-06_x1.8,08,Dataset/3_ROI/MEGA_AUG/aug_npz/PURE_08_08-06_x1.8.npz,1091,9,0.0,36.332970,"forehead_strip,left_cheek_big,right_cheek_big",,30.000300003000977,0.9996151351013643,train
PURE,'09-01,09,Dataset/3_ROI/PURE_RAW/09-01.npz,1965,9,0.0,65.46665300000001,"forehead_strip,left_cheek_big,right_cheek_big",,30.000300003000977,1.0000815071453248,val
PURE,'09-02,09,Dataset/3_ROI/PURE_RAW/09-02.npz,2017,9,0.0,67.20001,"forehead_strip,left_cheek_big,right_cheek_big",,30.000300003000977,0.99999912202394,val
PURE,'09-03,09,Dataset/3_ROI/PURE_RAW/09-03.npz,2285,9,0.0,76.13333800000001,"forehead_strip,left_cheek_big,right_cheek_big",,30.000300003000977,1.000349938682578,val
PURE,'09-04,09,Dataset/3_ROI/PURE_RAW/09-04.npz,2579,9,0.0,85.93334300000001,"forehead_strip,left_cheek_big,right_cheek_big",,30.000300003000977,1.0001369084407667,val
PURE,'09-05,09,Dataset/3_ROI/PURE_RAW/09-05.npz,1962,9,0.0,65.366685,"forehead_strip,left_cheek_big,right_cheek_big",,30.000300003000977,1.000156348757781,val
PURE,'09-06,09,Dataset/3_ROI/PURE_RAW/09-06.npz,1983,9,0.0,66.06667,"forehead_strip,left_cheek_big,right_cheek_big",,30.000300003000977,0.9999584056529564,val
PURE,'10-01,10,Dataset/3_ROI/PURE_RAW/10-01.npz,1952,9,0.0,65.166703,"forehead_strip,left_cheek_big,right_cheek_big",,29.99040307101764,1.0004491097240258,val
PURE,'10-02,10,Dataset/3_ROI/PURE_RAW/10-02.npz,1993,9,0.0,66.400018,"forehead_strip,left_cheek_big,right_cheek_big",,29.99040307101764,1.000545647442445,val
PURE,'10-03,10,Dataset/3_ROI/PURE_RAW/10-03.npz,2300,9,0.0,76.73336,"forehead_strip,left_cheek_big,right_cheek_big",,29.99040307101764,1.0000107384845391,val
PURE,'10-04,10,Dataset/3_ROI/PURE_RAW/10-04.npz,2337,9,0.0,77.93333200000001,"forehead_strip,left_cheek_big,right_cheek_big",,29.99040307101764,0.999965534644406,val
PURE,'10-05,10,Dataset/3_ROI/PURE_RAW/10-05.npz,1959,9,0.0,65.266675,"forehead_strip,left_cheek_big,right_cheek_big",,29.99040307101764,1.0000130081699428,val
PURE,'10-06,10,Dataset/3_ROI/PURE_RAW/10-06.npz,1950,9,0.0,65.000011,"forehead_strip,left_cheek_big,right_cheek_big",,29.99040307101764,1.0001767076624033,val
TokyoTech,'Subj_01_Exercise_Frag4,Subj_01_Exercise_Frag4,Dataset/3_ROI/TokyoTech_RAW/Subj_01_Exercise_Frag4.npz,600,9,0.0,19.966666666666665,"forehead_strip,left_cheek_big,right_cheek_big",,,,train
TokyoTech,'Subj_01_Exercise_Frag4_x0.55,Subj_01_Exercise_Frag4,Dataset/3_ROI/MEGA_AUG/aug_npz/TokyoTech_Subj_01_Exercise_Frag4_Subj_01_Exercise_Frag4_x0.55.npz,1091,9,0.0,36.333333,"forehead_strip,left_cheek_big,right_cheek_big",,,,train
TokyoTech,'Subj_01_Exercise_Frag4_x0.65,Subj_01_Exercise_Frag4,Dataset/3_ROI/MEGA_AUG/aug_npz/TokyoTech_Subj_01_Exercise_Frag4_Subj_01_Exercise_Frag4_x0.65.npz,923,9,0.0,30.733333,"forehead_strip,left_cheek_big,right_cheek_big",,,,train
TokyoTech,'Subj_01_Exercise_Frag4_x0.75,Subj_01_Exercise_Frag4,Dataset/3_ROI/MEGA_AUG/aug_npz/TokyoTech_Subj_01_Exercise_Frag4_Subj_01_Exercise_Frag4_x0.75.npz,800,9,0.0,26.633333,"forehead_strip,left_cheek_big,right_cheek_big",,,,train
TokyoTech,'Subj_01_Exercise_Frag4_x1.2,Subj_01_Exercise_Frag4,Dataset/3_ROI/MEGA_AUG/aug_npz/TokyoTech_Subj_01_Exercise_Frag4_Subj_01_Exercise_Frag4_x1.2.npz,500,9,0.0,16.633333,"forehead_strip,left_cheek_big,right_cheek_big",,,,train
TokyoTech,'Subj_01_Exercise_Frag4_x1.4,Subj_01_Exercise_Frag4,Dataset/3_ROI/MEGA_AUG/aug_npz/TokyoTech_Subj_01_Exercise_Frag4_Subj_01_Exercise_Frag4_x1.4.npz,429,9,0.0,14.266667,"forehead_strip,left_cheek_big,right_cheek_big",,,,train
TokyoTech,'Subj_01_Exercise_Frag4_x1.6,Subj_01_Exercise_Frag4,Dataset/3_ROI/MEGA_AUG/aug_npz/TokyoTech_Subj_01_Exercise_Frag4_Subj_01_Exercise_Frag4_x1.6.npz,375,9,0.0,12.466667,"forehead_strip,left_cheek_big,right_cheek_big",,,,train
TokyoTech,'Subj_01_Exercise_Frag4_x1.8,Subj_01_Exercise_Frag4,Dataset/3_ROI/MEGA_AUG/aug_npz/TokyoTech_Subj_01_Exercise_Frag4_Subj_01_Exercise_Frag4_x1.8.npz,333,9,0.0,11.066667,"forehead_strip,left_cheek_big,right_cheek_big",,,,train
TokyoTech,'Subj_01_Exercise_Frag5,Subj_01_Exercise_Frag5,Dataset/3_ROI/TokyoTech_RAW/Subj_01_Exercise_Frag5.npz,600,9,0.0,19.966666666666665,"forehead_strip,left_cheek_big,right_cheek_big",,,,train
TokyoTech,'Subj_01_Exercise_Frag5_x0.55,Subj_01_Exercise_Frag5,Dataset/3_ROI/MEGA_AUG/aug_npz/TokyoTech_Subj_01_Exercise_Frag5_Subj_01_Exercise_Frag5_x0.55.npz,1091,9,0.0,36.333333,"forehead_strip,left_cheek_big,right_cheek_big",,,,train
TokyoTech,'Subj_01_Exercise_Frag5_x0.65,Subj_01_Exercise_Frag5,Dataset/3_ROI/MEGA_AUG/aug_npz/TokyoTech_Subj_01_Exercise_Frag5_Subj_01_Exercise_Frag5_x0.65.npz,923,9,0.0,30.733333,"forehead_strip,left_cheek_big,right_cheek_big",,,,train
TokyoTech,'Subj_01_Exercise_Frag5_x0.75,Subj_01_Exercise_Frag5,Dataset/3_ROI/MEGA_AUG/aug_npz/TokyoTech_Subj_01_Exercise_Frag5_Subj_01_Exercise_Frag5_x0.75.npz,800,9,0.0,26.633333,"forehead_strip,left_cheek_big,right_cheek_big",,,,train
TokyoTech,'Subj_01_Exercise_Frag5_x1.2,Subj_01_Exercise_Frag5,Dataset/3_ROI/MEGA_AUG/aug_npz/TokyoTech_Subj_01_Exercise_Frag5_Subj_01_Exercise_Frag5_x1.2.npz,500,9,0.0,16.633333,"forehead_strip,left_cheek_big,right_cheek_big",,,,train
TokyoTech,'Subj_01_Exercise_Frag5_x1.4,Subj_01_Exercise_Frag5,Dataset/3_ROI/MEGA_AUG/aug_npz/TokyoTech_Subj_01_Exercise_Frag5_Subj_01_Exercise_Frag5_x1.4.npz,429,9,0.0,14.266667,"forehead_strip,left_cheek_big,right_cheek_big",,,,train
TokyoTech,'Subj_01_Exercise_Frag5_x1.6,Subj_01_Exercise_Frag5,Dataset/3_ROI/MEGA_AUG/aug_npz/TokyoTech_Subj_01_Exercise_Frag5_Subj_01_Exercise_Frag5_x1.6.npz,375,9,0.0,12.466667,"forehead_strip,left_cheek_big,right_cheek_big",,,,train
TokyoTech,'Subj_01_Exercise_Frag5_x1.8,Subj_01_Exercise_Frag5,Dataset/3_ROI/MEGA_AUG/aug_npz/TokyoTech_Subj_01_Exercise_Frag5_Subj_01_Exercise_Frag5_x1.8.npz,333,9,0.0,11.066667,"forehead_strip,left_cheek_big,right_cheek_big",,,,train
TokyoTech,'Subj_01_Exercise_Frag6,Subj_01_Exercise_Frag6,Dataset/3_ROI/TokyoTech_RAW/Subj_01_Exercise_Frag6.npz,600,9,0.0,19.966666666666665,"forehead_strip,left_cheek_big,right_cheek_big",,,,train
TokyoTech,'Subj_01_Exercise_Frag6_x0.55,Subj_01_Exercise_Frag6,Dataset/3_ROI/MEGA_AUG/aug_npz/TokyoTech_Subj_01_Exercise_Frag6_Subj_01_Exercise_Frag6_x0.55.npz,1091,9,0.0,36.333333,"forehead_strip,left_cheek_big,right_cheek_big",,,,train
TokyoTech,'Subj_01_Exercise_Frag6_x0.65,Subj_01_Exercise_Frag6,Dataset/3_ROI/MEGA_AUG/aug_npz/TokyoTech_Subj_01_Exercise_Frag6_Subj_01_Exercise_Frag6_x0.65.npz,923,9,0.0,30.733333,"forehead_strip,left_cheek_big,right_cheek_big",,,,train
TokyoTech,'Subj_01_Exercise_Frag6_x0.75,Subj_01_Exercise_Frag6,Dataset/3_ROI/MEGA_AUG/aug_npz/TokyoTech_Subj_01_Exercise_Frag6_Subj_01_Exercise_Frag6_x0.75.npz,800,9,0.0,26.633333,"forehead_strip,left_cheek_big,right_cheek_big",,,,train
TokyoTech,'Subj_01_Exercise_Frag6_x1.2,Subj_01_Exercise_Frag6,Dataset/3_ROI/MEGA_AUG/aug_npz/TokyoTech_Subj_01_Exercise_Frag6_Subj_01_Exercise_Frag6_x1.2.npz,500,9,0.0,16.633333,"forehead_strip,left_cheek_big,right_cheek_big",,,,train
TokyoTech,'Subj_01_Exercise_Frag6_x1.4,Subj_01_Exercise_Frag6,Dataset/3_ROI/MEGA_AUG/aug_npz/TokyoTech_Subj_01_Exercise_Frag6_Subj_01_Exercise_Frag6_x1.4.npz,429,9,0.0,14.266667,"forehead_strip,left_cheek_big,right_cheek_big",,,,train
TokyoTech,'Subj_01_Exercise_Frag6_x1.6,Subj_01_Exercise_Frag6,Dataset/3_ROI/MEGA_AUG/aug_npz/TokyoTech_Subj_01_Exercise_Frag6_Subj_01_Exercise_Frag6_x1.6.npz,375,9,0.0,12.466667,"forehead_strip,left_cheek_big,right_cheek_big",,,,train
TokyoTech,'Subj_01_Exercise_Frag6_x1.8,Subj_01_Exercise_Frag6,Dataset/3_ROI/MEGA_AUG/aug_npz/TokyoTech_Subj_01_Exercise_Frag6_Subj_01_Exercise_Frag6_x1.8.npz,333,9,0.0,11.066667,"forehead_strip,left_cheek_big,right_cheek_big",,,,train
TokyoTech,'Subj_01_Post_Relax_Frag7,Subj_01_Post_Relax_Frag7,Dataset/3_ROI/TokyoTech_RAW/Subj_01_Post_Relax_Frag7.npz,600,9,0.0,19.966666666666665,"forehead_strip,left_cheek_big,right_cheek_big",,,,train
TokyoTech,'Subj_01_Post_Relax_Frag7_x0.55,Subj_01_Post_Relax_Frag7,Dataset/3_ROI/MEGA_AUG/aug_npz/TokyoTech_Subj_01_Post_Relax_Frag7_Subj_01_Post_Relax_Frag7_x0.55.npz,1091,9,0.0,36.333333,"forehead_strip,left_cheek_big,right_cheek_big",,,,train
TokyoTech,'Subj_01_Post_Relax_Frag7_x0.65,Subj_01_Post_Relax_Frag7,Dataset/3_ROI/MEGA_AUG/aug_npz/TokyoTech_Subj_01_Post_Relax_Frag7_Subj_01_Post_Relax_Frag7_x0.65.npz,923,9,0.0,30.733333,"forehead_strip,left_cheek_big,right_cheek_big",,,,train
TokyoTech,'Subj_01_Post_Relax_Frag7_x0.75,Subj_01_Post_Relax_Frag7,Dataset/3_ROI/MEGA_AUG/aug_npz/TokyoTech_Subj_01_Post_Relax_Frag7_Subj_01_Post_Relax_Frag7_x0.75.npz,800,9,0.0,26.633333,"forehead_strip,left_cheek_big,right_cheek_big",,,,train
TokyoTech,'Subj_01_Post_Relax_Frag7_x1.2,Subj_01_Post_Relax_Frag7,Dataset/3_ROI/MEGA_AUG/aug_npz/TokyoTech_Subj_01_Post_Relax_Frag7_Subj_01_Post_Relax_Frag7_x1.2.npz,500,9,0.0,16.633333,"forehead_strip,left_cheek_big,right_cheek_big",,,,train
TokyoTech,'Subj_01_Post_Relax_Frag7_x1.4,Subj_01_Post_Relax_Frag7,Dataset/3_ROI/MEGA_AUG/aug_npz/TokyoTech_Subj_01_Post_Relax_Frag7_Subj_01_Post_Relax_Frag7_x1.4.npz,429,9,0.0,14.266667,"forehead_strip,left_cheek_big,right_cheek_big",,,,train
TokyoTech,'Subj_01_Post_Relax_Frag7_x1.6,Subj_01_Post_Relax_Frag7,Dataset/3_ROI/MEGA_AUG/aug_npz/TokyoTech_Subj_01_Post_Relax_Frag7_Subj_01_Post_Relax_Frag7_x1.6.npz,375,9,0.0,12.466667,"forehead_strip,left_cheek_big,right_cheek_big",,,,train
TokyoTech,'Subj_01_Post_Relax_Frag7_x1.8,Subj_01_Post_Relax_Frag7,Dataset/3_ROI/MEGA_AUG/aug_npz/TokyoTech_Subj_01_Post_Relax_Frag7_Subj_01_Post_Relax_Frag7_x1.8.npz,333,9,0.0,11.066667,"forehead_strip,left_cheek_big,right_cheek_big",,,,train
TokyoTech,'Subj_01_Post_Relax_Frag8,Subj_01_Post_Relax_Frag8,Dataset/3_ROI/TokyoTech_RAW/Subj_01_Post_Relax_Frag8.npz,600,9,0.0,19.966666666666665,"forehead_strip,left_cheek_big,right_cheek_big",,,,train
TokyoTech,'Subj_01_Post_Relax_Frag8_x0.55,Subj_01_Post_Relax_Frag8,Dataset/3_ROI/MEGA_AUG/aug_npz/TokyoTech_Subj_01_Post_Relax_Frag8_Subj_01_Post_Relax_Frag8_x0.55.npz,1091,9,0.0,36.333333,"forehead_strip,left_cheek_big,right_cheek_big",,,,train
TokyoTech,'Subj_01_Post_Relax_Frag8_x0.65,Subj_01_Post_Relax_Frag8,Dataset/3_ROI/MEGA_AUG/aug_npz/TokyoTech_Subj_01_Post_Relax_Frag8_Subj_01_Post_Relax_Frag8_x0.65.npz,923,9,0.0,30.733333,"forehead_strip,left_cheek_big,right_cheek_big",,,,train
TokyoTech,'Subj_01_Post_Relax_Frag8_x0.75,Subj_01_Post_Relax_Frag8,Dataset/3_ROI/MEGA_AUG/aug_npz/TokyoTech_Subj_01_Post_Relax_Frag8_Subj_01_Post_Relax_Frag8_x0.75.npz,800,9,0.0,26.633333,"forehead_strip,left_cheek_big,right_cheek_big",,,,train
TokyoTech,'Subj_01_Post_Relax_Frag8_x1.2,Subj_01_Post_Relax_Frag8,Dataset/3_ROI/MEGA_AUG/aug_npz/TokyoTech_Subj_01_Post_Relax_Frag8_Subj_01_Post_Relax_Frag8_x1.2.npz,500,9,0.0,16.633333,"forehead_strip,left_cheek_big,right_cheek_big",,,,train
TokyoTech,'Subj_01_Post_Relax_Frag8_x1.4,Subj_01_Post_Relax_Frag8,Dataset/3_ROI/MEGA_AUG/aug_npz/TokyoTech_Subj_01_Post_Relax_Frag8_Subj_01_Post_Relax_Frag8_x1.4.npz,429,9,0.0,14.266667,"forehead_strip,left_cheek_big,right_cheek_big",,,,train
TokyoTech,'Subj_01_Post_Relax_Frag8_x1.6,Subj_01_Post_Relax_Frag8,Dataset/3_ROI/MEGA_AUG/aug_npz/TokyoTech_Subj_01_Post_Relax_Frag8_Subj_01_Post_Relax_Frag8_x1.6.npz,375,9,0.0,12.466667,"forehead_strip,left_cheek_big,right_cheek_big",,,,train
TokyoTech,'Subj_01_Post_Relax_Frag8_x1.8,Subj_01_Post_Relax_Frag8,Dataset/3_ROI/MEGA_AUG/aug_npz/TokyoTech_Subj_01_Post_Relax_Frag8_Subj_01_Post_Relax_Frag8_x1.8.npz,333,9,0.0,11.066667,"forehead_strip,left_cheek_big,right_cheek_big",,,,train
TokyoTech,'Subj_01_Post_Relax_Frag9,Subj_01_Post_Relax_Frag9,Dataset/3_ROI/TokyoTech_RAW/Subj_01_Post_Relax_Frag9.npz,600,9,0.0,19.966666666666665,"forehead_strip,left_cheek_big,right_cheek_big",,,,train
TokyoTech,'Subj_01_Post_Relax_Frag9_x0.55,Subj_01_Post_Relax_Frag9,Dataset/3_ROI/MEGA_AUG/aug_npz/TokyoTech_Subj_01_Post_Relax_Frag9_Subj_01_Post_Relax_Frag9_x0.55.npz,1091,9,0.0,36.333333,"forehead_strip,left_cheek_big,right_cheek_big",,,,train
TokyoTech,'Subj_01_Post_Relax_Frag9_x0.65,Subj_01_Post_Relax_Frag9,Dataset/3_ROI/MEGA_AUG/aug_npz/TokyoTech_Subj_01_Post_Relax_Frag9_Subj_01_Post_Relax_Frag9_x0.65.npz,923,9,0.0,30.733333,"forehead_strip,left_cheek_big,right_cheek_big",,,,train
TokyoTech,'Subj_01_Post_Relax_Frag9_x0.75,Subj_01_Post_Relax_Frag9,Dataset/3_ROI/MEGA_AUG/aug_npz/TokyoTech_Subj_01_Post_Relax_Frag9_Subj_01_Post_Relax_Frag9_x0.75.npz,800,9,0.0,26.633333,"forehead_strip,left_cheek_big,right_cheek_big",,,,train
TokyoTech,'Subj_01_Post_Relax_Frag9_x1.2,Subj_01_Post_Relax_Frag9,Dataset/3_ROI/MEGA_AUG/aug_npz/TokyoTech_Subj_01_Post_Relax_Frag9_Subj_01_Post_Relax_Frag9_x1.2.npz,500,9,0.0,16.633333,"forehead_strip,left_cheek_big,right_cheek_big",,,,train
TokyoTech,'Subj_01_Post_Relax_Frag9_x1.4,Subj_01_Post_Relax_Frag9,Dataset/3_ROI/MEGA_AUG/aug_npz/TokyoTech_Subj_01_Post_Relax_Frag9_Subj_01_Post_Relax_Frag9_x1.4.npz,429,9,0.0,14.266667,"forehead_strip,left_cheek_big,right_cheek_big",,,,train
TokyoTech,'Subj_01_Post_Relax_Frag9_x1.6,Subj_01_Post_Relax_Frag9,Dataset/3_ROI/MEGA_AUG/aug_npz/TokyoTech_Subj_01_Post_Relax_Frag9_Subj_01_Post_Relax_Frag9_x1.6.npz,375,9,0.0,12.466667,"forehead_strip,left_cheek_big,right_cheek_big",,,,train
TokyoTech,'Subj_01_Post_Relax_Frag9_x1.8,Subj_01_Post_Relax_Frag9,Dataset/3_ROI/MEGA_AUG/aug_npz/TokyoTech_Subj_01_Post_Relax_Frag9_Subj_01_Post_Relax_Frag9_x1.8.npz,333,9,0.0,11.066667,"forehead_strip,left_cheek_big,right_cheek_big",,,,train
TokyoTech,'Subj_01_Pre_Relax_Frag1,Subj_01_Pre_Relax_Frag1,Dataset/3_ROI/TokyoTech_RAW/Subj_01_Pre_Relax_Frag1.npz,600,9,0.0,19.966666666666665,"forehead_strip,left_cheek_big,right_cheek_big",,,,train
TokyoTech,'Subj_01_Pre_Relax_Frag1_x0.55,Subj_01_Pre_Relax_Frag1,Dataset/3_ROI/MEGA_AUG/aug_npz/TokyoTech_Subj_01_Pre_Relax_Frag1_Subj_01_Pre_Relax_Frag1_x0.55.npz,1091,9,0.0,36.333333,"forehead_strip,left_cheek_big,right_cheek_big",,,,train
TokyoTech,'Subj_01_Pre_Relax_Frag1_x0.65,Subj_01_Pre_Relax_Frag1,Dataset/3_ROI/MEGA_AUG/aug_npz/TokyoTech_Subj_01_Pre_Relax_Frag1_Subj_01_Pre_Relax_Frag1_x0.65.npz,923,9,0.0,30.733333,"forehead_strip,left_cheek_big,right_cheek_big",,,,train
TokyoTech,'Subj_01_Pre_Relax_Frag1_x0.75,Subj_01_Pre_Relax_Frag1,Dataset/3_ROI/MEGA_AUG/aug_npz/TokyoTech_Subj_01_Pre_Relax_Frag1_Subj_01_Pre_Relax_Frag1_x0.75.npz,800,9,0.0,26.633333,"forehead_strip,left_cheek_big,right_cheek_big",,,,train
TokyoTech,'Subj_01_Pre_Relax_Frag1_x1.2,Subj_01_Pre_Relax_Frag1,Dataset/3_ROI/MEGA_AUG/aug_npz/TokyoTech_Subj_01_Pre_Relax_Frag1_Subj_01_Pre_Relax_Frag1_x1.2.npz,500,9,0.0,16.633333,"forehead_strip,left_cheek_big,right_cheek_big",,,,train
TokyoTech,'Subj_01_Pre_Relax_Frag1_x1.4,Subj_01_Pre_Relax_Frag1,Dataset/3_ROI/MEGA_AUG/aug_npz/TokyoTech_Subj_01_Pre_Relax_Frag1_Subj_01_Pre_Relax_Frag1_x1.4.npz,429,9,0.0,14.266667,"forehead_strip,left_cheek_big,right_cheek_big",,,,train
TokyoTech,'Subj_01_Pre_Relax_Frag1_x1.6,Subj_01_Pre_Relax_Frag1,Dataset/3_ROI/MEGA_AUG/aug_npz/TokyoTech_Subj_01_Pre_Relax_Frag1_Subj_01_Pre_Relax_Frag1_x1.6.npz,375,9,0.0,12.466667,"forehead_strip,left_cheek_big,right_cheek_big",,,,train
TokyoTech,'Subj_01_Pre_Relax_Frag1_x1.8,Subj_01_Pre_Relax_Frag1,Dataset/3_ROI/MEGA_AUG/aug_npz/TokyoTech_Subj_01_Pre_Relax_Frag1_Subj_01_Pre_Relax_Frag1_x1.8.npz,333,9,0.0,11.066667,"forehead_strip,left_cheek_big,right_cheek_big",,,,train
TokyoTech,'Subj_01_Pre_Relax_Frag2,Subj_01_Pre_Relax_Frag2,Dataset/3_ROI/TokyoTech_RAW/Subj_01_Pre_Relax_Frag2.npz,600,9,0.0,19.966666666666665,"forehead_strip,left_cheek_big,right_cheek_big",,,,train
TokyoTech,'Subj_01_Pre_Relax_Frag2_x0.55,Subj_01_Pre_Relax_Frag2,Dataset/3_ROI/MEGA_AUG/aug_npz/TokyoTech_Subj_01_Pre_Relax_Frag2_Subj_01_Pre_Relax_Frag2_x0.55.npz,1091,9,0.0,36.333333,"forehead_strip,left_cheek_big,right_cheek_big",,,,train
TokyoTech,'Subj_01_Pre_Relax_Frag2_x0.65,Subj_01_Pre_Relax_Frag2,Dataset/3_ROI/MEGA_AUG/aug_npz/TokyoTech_Subj_01_Pre_Relax_Frag2_Subj_01_Pre_Relax_Frag2_x0.65.npz,923,9,0.0,30.733333,"forehead_strip,left_cheek_big,right_cheek_big",,,,train
TokyoTech,'Subj_01_Pre_Relax_Frag2_x0.75,Subj_01_Pre_Relax_Frag2,Dataset/3_ROI/MEGA_AUG/aug_npz/TokyoTech_Subj_01_Pre_Relax_Frag2_Subj_01_Pre_Relax_Frag2_x0.75.npz,800,9,0.0,26.633333,"forehead_strip,left_cheek_big,right_cheek_big",,,,train
TokyoTech,'Subj_01_Pre_Relax_Frag2_x1.2,Subj_01_Pre_Relax_Frag2,Dataset/3_ROI/MEGA_AUG/aug_npz/TokyoTech_Subj_01_Pre_Relax_Frag2_Subj_01_Pre_Relax_Frag2_x1.2.npz,500,9,0.0,16.633333,"forehead_strip,left_cheek_big,right_cheek_big",,,,train
TokyoTech,'Subj_01_Pre_Relax_Frag2_x1.4,Subj_01_Pre_Relax_Frag2,Dataset/3_ROI/MEGA_AUG/aug_npz/TokyoTech_Subj_01_Pre_Relax_Frag2_Subj_01_Pre_Relax_Frag2_x1.4.npz,429,9,0.0,14.266667,"forehead_strip,left_cheek_big,right_cheek_big",,,,train
TokyoTech,'Subj_01_Pre_Relax_Frag2_x1.6,Subj_01_Pre_Relax_Frag2,Dataset/3_ROI/MEGA_AUG/aug_npz/TokyoTech_Subj_01_Pre_Relax_Frag2_Subj_01_Pre_Relax_Frag2_x1.6.npz,375,9,0.0,12.466667,"forehead_strip,left_cheek_big,right_cheek_big",,,,train
TokyoTech,'Subj_01_Pre_Relax_Frag2_x1.8,Subj_01_Pre_Relax_Frag2,Dataset/3_ROI/MEGA_AUG/aug_npz/TokyoTech_Subj_01_Pre_Relax_Frag2_Subj_01_Pre_Relax_Frag2_x1.8.npz,333,9,0.0,11.066667,"forehead_strip,left_cheek_big,right_cheek_big",,,,train
TokyoTech,'Subj_01_Pre_Relax_Frag3,Subj_01_Pre_Relax_Frag3,Dataset/3_ROI/TokyoTech_RAW/Subj_01_Pre_Relax_Frag3.npz,600,9,0.0,19.966666666666665,"forehead_strip,left_cheek_big,right_cheek_big",,,,train
TokyoTech,'Subj_01_Pre_Relax_Frag3_x0.55,Subj_01_Pre_Relax_Frag3,Dataset/3_ROI/MEGA_AUG/aug_npz/TokyoTech_Subj_01_Pre_Relax_Frag3_Subj_01_Pre_Relax_Frag3_x0.55.npz,1091,9,0.0,36.333333,"forehead_strip,left_cheek_big,right_cheek_big",,,,train
TokyoTech,'Subj_01_Pre_Relax_Frag3_x0.65,Subj_01_Pre_Relax_Frag3,Dataset/3_ROI/MEGA_AUG/aug_npz/TokyoTech_Subj_01_Pre_Relax_Frag3_Subj_01_Pre_Relax_Frag3_x0.65.npz,923,9,0.0,30.733333,"forehead_strip,left_cheek_big,right_cheek_big",,,,train
TokyoTech,'Subj_01_Pre_Relax_Frag3_x0.75,Subj_01_Pre_Relax_Frag3,Dataset/3_ROI/MEGA_AUG/aug_npz/TokyoTech_Subj_01_Pre_Relax_Frag3_Subj_01_Pre_Relax_Frag3_x0.75.npz,800,9,0.0,26.633333,"forehead_strip,left_cheek_big,right_cheek_big",,,,train
TokyoTech,'Subj_01_Pre_Relax_Frag3_x1.2,Subj_01_Pre_Relax_Frag3,Dataset/3_ROI/MEGA_AUG/aug_npz/TokyoTech_Subj_01_Pre_Relax_Frag3_Subj_01_Pre_Relax_Frag3_x1.2.npz,500,9,0.0,16.633333,"forehead_strip,left_cheek_big,right_cheek_big",,,,train
TokyoTech,'Subj_01_Pre_Relax_Frag3_x1.4,Subj_01_Pre_Relax_Frag3,Dataset/3_ROI/MEGA_AUG/aug_npz/TokyoTech_Subj_01_Pre_Relax_Frag3_Subj_01_Pre_Relax_Frag3_x1.4.npz,429,9,0.0,14.266667,"forehead_strip,left_cheek_big,right_cheek_big",,,,train
TokyoTech,'Subj_01_Pre_Relax_Frag3_x1.6,Subj_01_Pre_Relax_Frag3,Dataset/3_ROI/MEGA_AUG/aug_npz/TokyoTech_Subj_01_Pre_Relax_Frag3_Subj_01_Pre_Relax_Frag3_x1.6.npz,375,9,0.0,12.466667,"forehead_strip,left_cheek_big,right_cheek_big",,,,train
TokyoTech,'Subj_01_Pre_Relax_Frag3_x1.8,Subj_01_Pre_Relax_Frag3,Dataset/3_ROI/MEGA_AUG/aug_npz/TokyoTech_Subj_01_Pre_Relax_Frag3_Subj_01_Pre_Relax_Frag3_x1.8.npz,333,9,0.0,11.066667,"forehead_strip,left_cheek_big,right_cheek_big",,,,train
TokyoTech,'Subj_02_Exercise_Frag4,Subj_02_Exercise_Frag4,Dataset/3_ROI/TokyoTech_RAW/Subj_02_Exercise_Frag4.npz,600,9,0.0,19.966666666666665,"forehead_strip,left_cheek_big,right_cheek_big",,,,train
TokyoTech,'Subj_02_Exercise_Frag4_x0.75,Subj_02_Exercise_Frag4,Dataset/3_ROI/MEGA_AUG/aug_npz/TokyoTech_Subj_02_Exercise_Frag4_Subj_02_Exercise_Frag4_x0.75.npz,800,9,0.0,26.633333,"forehead_strip,left_cheek_big,right_cheek_big",,,,train
TokyoTech,'Subj_02_Exercise_Frag4_x1.2,Subj_02_Exercise_Frag4,Dataset/3_ROI/MEGA_AUG/aug_npz/TokyoTech_Subj_02_Exercise_Frag4_Subj_02_Exercise_Frag4_x1.2.npz,500,9,0.0,16.633333,"forehead_strip,left_cheek_big,right_cheek_big",,,,train
TokyoTech,'Subj_02_Exercise_Frag4_x1.4,Subj_02_Exercise_Frag4,Dataset/3_ROI/MEGA_AUG/aug_npz/TokyoTech_Subj_02_Exercise_Frag4_Subj_02_Exercise_Frag4_x1.4.npz,429,9,0.0,14.266667,"forehead_strip,left_cheek_big,right_cheek_big",,,,train
TokyoTech,'Subj_02_Exercise_Frag4_x1.6,Subj_02_Exercise_Frag4,Dataset/3_ROI/MEGA_AUG/aug_npz/TokyoTech_Subj_02_Exercise_Frag4_Subj_02_Exercise_Frag4_x1.6.npz,375,9,0.0,12.466667,"forehead_strip,left_cheek_big,right_cheek_big",,,,train
TokyoTech,'Subj_02_Exercise_Frag4_x1.8,Subj_02_Exercise_Frag4,Dataset/3_ROI/MEGA_AUG/aug_npz/TokyoTech_Subj_02_Exercise_Frag4_Subj_02_Exercise_Frag4_x1.8.npz,333,9,0.0,11.066667,"forehead_strip,left_cheek_big,right_cheek_big",,,,train
TokyoTech,'Subj_02_Exercise_Frag5,Subj_02_Exercise_Frag5,Dataset/3_ROI/TokyoTech_RAW/Subj_02_Exercise_Frag5.npz,600,9,0.0,19.966666666666665,"forehead_strip,left_cheek_big,right_cheek_big",,,,train
TokyoTech,'Subj_02_Exercise_Frag5_x0.75,Subj_02_Exercise_Frag5,Dataset/3_ROI/MEGA_AUG/aug_npz/TokyoTech_Subj_02_Exercise_Frag5_Subj_02_Exercise_Frag5_x0.75.npz,800,9,0.0,26.633333,"forehead_strip,left_cheek_big,right_cheek_big",,,,train
TokyoTech,'Subj_02_Exercise_Frag5_x1.2,Subj_02_Exercise_Frag5,Dataset/3_ROI/MEGA_AUG/aug_npz/TokyoTech_Subj_02_Exercise_Frag5_Subj_02_Exercise_Frag5_x1.2.npz,500,9,0.0,16.633333,"forehead_strip,left_cheek_big,right_cheek_big",,,,train
TokyoTech,'Subj_02_Exercise_Frag5_x1.4,Subj_02_Exercise_Frag5,Dataset/3_ROI/MEGA_AUG/aug_npz/TokyoTech_Subj_02_Exercise_Frag5_Subj_02_Exercise_Frag5_x1.4.npz,429,9,0.0,14.266667,"forehead_strip,left_cheek_big,right_cheek_big",,,,train
TokyoTech,'Subj_02_Exercise_Frag5_x1.6,Subj_02_Exercise_Frag5,Dataset/3_ROI/MEGA_AUG/aug_npz/TokyoTech_Subj_02_Exercise_Frag5_Subj_02_Exercise_Frag5_x1.6.npz,375,9,0.0,12.466667,"forehead_strip,left_cheek_big,right_cheek_big",,,,train
TokyoTech,'Subj_02_Exercise_Frag5_x1.8,Subj_02_Exercise_Frag5,Dataset/3_ROI/MEGA_AUG/aug_npz/TokyoTech_Subj_02_Exercise_Frag5_Subj_02_Exercise_Frag5_x1.8.npz,333,9,0.0,11.066667,"forehead_strip,left_cheek_big,right_cheek_big",,,,train
TokyoTech,'Subj_02_Exercise_Frag6,Subj_02_Exercise_Frag6,Dataset/3_ROI/TokyoTech_RAW/Subj_02_Exercise_Frag6.npz,600,9,0.0,19.966666666666665,"forehead_strip,left_cheek_big,right_cheek_big",,,,train
TokyoTech,'Subj_02_Exercise_Frag6_x0.75,Subj_02_Exercise_Frag6,Dataset/3_ROI/MEGA_AUG/aug_npz/TokyoTech_Subj_02_Exercise_Frag6_Subj_02_Exercise_Frag6_x0.75.npz,800,9,0.0,26.633333,"forehead_strip,left_cheek_big,right_cheek_big",,,,train
TokyoTech,'Subj_02_Exercise_Frag6_x1.2,Subj_02_Exercise_Frag6,Dataset/3_ROI/MEGA_AUG/aug_npz/TokyoTech_Subj_02_Exercise_Frag6_Subj_02_Exercise_Frag6_x1.2.npz,500,9,0.0,16.633333,"forehead_strip,left_cheek_big,right_cheek_big",,,,train
TokyoTech,'Subj_02_Exercise_Frag6_x1.4,Subj_02_Exercise_Frag6,Dataset/3_ROI/MEGA_AUG/aug_npz/TokyoTech_Subj_02_Exercise_Frag6_Subj_02_Exercise_Frag6_x1.4.npz,429,9,0.0,14.266667,"forehead_strip,left_cheek_big,right_cheek_big",,,,train
TokyoTech,'Subj_02_Exercise_Frag6_x1.6,Subj_02_Exercise_Frag6,Dataset/3_ROI/MEGA_AUG/aug_npz/TokyoTech_Subj_02_Exercise_Frag6_Subj_02_Exercise_Frag6_x1.6.npz,375,9,0.0,12.466667,"forehead_strip,left_cheek_big,right_cheek_big",,,,train
TokyoTech,'Subj_02_Exercise_Frag6_x1.8,Subj_02_Exercise_Frag6,Dataset/3_ROI/MEGA_AUG/aug_npz/TokyoTech_Subj_02_Exercise_Frag6_Subj_02_Exercise_Frag6_x1.8.npz,333,9,0.0,11.066667,"forehead_strip,left_cheek_big,right_cheek_big",,,,train
TokyoTech,'Subj_02_Post_Relax_Frag7,Subj_02_Post_Relax_Frag7,Dataset/3_ROI/TokyoTech_RAW/Subj_02_Post_Relax_Frag7.npz,600,9,0.0,19.966666666666665,"forehead_strip,left_cheek_big,right_cheek_big",,,,train
TokyoTech,'Subj_02_Post_Relax_Frag7_x0.75,Subj_02_Post_Relax_Frag7,Dataset/3_ROI/MEGA_AUG/aug_npz/TokyoTech_Subj_02_Post_Relax_Frag7_Subj_02_Post_Relax_Frag7_x0.75.npz,800,9,0.0,26.633333,"forehead_strip,left_cheek_big,right_cheek_big",,,,train
TokyoTech,'Subj_02_Post_Relax_Frag7_x1.2,Subj_02_Post_Relax_Frag7,Dataset/3_ROI/MEGA_AUG/aug_npz/TokyoTech_Subj_02_Post_Relax_Frag7_Subj_02_Post_Relax_Frag7_x1.2.npz,500,9,0.0,16.633333,"forehead_strip,left_cheek_big,right_cheek_big",,,,train
TokyoTech,'Subj_02_Post_Relax_Frag7_x1.4,Subj_02_Post_Relax_Frag7,Dataset/3_ROI/MEGA_AUG/aug_npz/TokyoTech_Subj_02_Post_Relax_Frag7_Subj_02_Post_Relax_Frag7_x1.4.npz,429,9,0.0,14.266667,"forehead_strip,left_cheek_big,right_cheek_big",,,,train
TokyoTech,'Subj_02_Post_Relax_Frag7_x1.6,Subj_02_Post_Relax_Frag7,Dataset/3_ROI/MEGA_AUG/aug_npz/TokyoTech_Subj_02_Post_Relax_Frag7_Subj_02_Post_Relax_Frag7_x1.6.npz,375,9,0.0,12.466667,"forehead_strip,left_cheek_big,right_cheek_big",,,,train
TokyoTech,'Subj_02_Post_Relax_Frag7_x1.8,Subj_02_Post_Relax_Frag7,Dataset/3_ROI/MEGA_AUG/aug_npz/TokyoTech_Subj_02_Post_Relax_Frag7_Subj_02_Post_Relax_Frag7_x1.8.npz,333,9,0.0,11.066667,"forehead_strip,left_cheek_big,right_cheek_big",,,,train
TokyoTech,'Subj_02_Post_Relax_Frag8,Subj_02_Post_Relax_Frag8,Dataset/3_ROI/TokyoTech_RAW/Subj_02_Post_Relax_Frag8.npz,600,9,0.0,19.966666666666665,"forehead_strip,left_cheek_big,right_cheek_big",,,,train
TokyoTech,'Subj_02_Post_Relax_Frag8_x0.75,Subj_02_Post_Relax_Frag8,Dataset/3_ROI/MEGA_AUG/aug_npz/TokyoTech_Subj_02_Post_Relax_Frag8_Subj_02_Post_Relax_Frag8_x0.75.npz,800,9,0.0,26.633333,"forehead_strip,left_cheek_big,right_cheek_big",,,,train
TokyoTech,'Subj_02_Post_Relax_Frag8_x1.2,Subj_02_Post_Relax_Frag8,Dataset/3_ROI/MEGA_AUG/aug_npz/TokyoTech_Subj_02_Post_Relax_Frag8_Subj_02_Post_Relax_Frag8_x1.2.npz,500,9,0.0,16.633333,"forehead_strip,left_cheek_big,right_cheek_big",,,,train
TokyoTech,'Subj_02_Post_Relax_Frag8_x1.4,Subj_02_Post_Relax_Frag8,Dataset/3_ROI/MEGA_AUG/aug_npz/TokyoTech_Subj_02_Post_Relax_Frag8_Subj_02_Post_Relax_Frag8_x1.4.npz,429,9,0.0,14.266667,"forehead_strip,left_cheek_big,right_cheek_big",,,,train
TokyoTech,'Subj_02_Post_Relax_Frag8_x1.6,Subj_02_Post_Relax_Frag8,Dataset/3_ROI/MEGA_AUG/aug_npz/TokyoTech_Subj_02_Post_Relax_Frag8_Subj_02_Post_Relax_Frag8_x1.6.npz,375,9,0.0,12.466667,"forehead_strip,left_cheek_big,right_cheek_big",,,,train
TokyoTech,'Subj_02_Post_Relax_Frag8_x1.8,Subj_02_Post_Relax_Frag8,Dataset/3_ROI/MEGA_AUG/aug_npz/TokyoTech_Subj_02_Post_Relax_Frag8_Subj_02_Post_Relax_Frag8_x1.8.npz,333,9,0.0,11.066667,"forehead_strip,left_cheek_big,right_cheek_big",,,,train
TokyoTech,'Subj_02_Post_Relax_Frag9,Subj_02_Post_Relax_Frag9,Dataset/3_ROI/TokyoTech_RAW/Subj_02_Post_Relax_Frag9.npz,600,9,0.0,19.966666666666665,"forehead_strip,left_cheek_big,right_cheek_big",,,,train
TokyoTech,'Subj_02_Post_Relax_Frag9_x0.75,Subj_02_Post_Relax_Frag9,Dataset/3_ROI/MEGA_AUG/aug_npz/TokyoTech_Subj_02_Post_Relax_Frag9_Subj_02_Post_Relax_Frag9_x0.75.npz,800,9,0.0,26.633333,"forehead_strip,left_cheek_big,right_cheek_big",,,,train
TokyoTech,'Subj_02_Post_Relax_Frag9_x1.2,Subj_02_Post_Relax_Frag9,Dataset/3_ROI/MEGA_AUG/aug_npz/TokyoTech_Subj_02_Post_Relax_Frag9_Subj_02_Post_Relax_Frag9_x1.2.npz,500,9,0.0,16.633333,"forehead_strip,left_cheek_big,right_cheek_big",,,,train
TokyoTech,'Subj_02_Post_Relax_Frag9_x1.4,Subj_02_Post_Relax_Frag9,Dataset/3_ROI/MEGA_AUG/aug_npz/TokyoTech_Subj_02_Post_Relax_Frag9_Subj_02_Post_Relax_Frag9_x1.4.npz,429,9,0.0,14.266667,"forehead_strip,left_cheek_big,right_cheek_big",,,,train
TokyoTech,'Subj_02_Post_Relax_Frag9_x1.6,Subj_02_Post_Relax_Frag9,Dataset/3_ROI/MEGA_AUG/aug_npz/TokyoTech_Subj_02_Post_Relax_Frag9_Subj_02_Post_Relax_Frag9_x1.6.npz,375,9,0.0,12.466667,"forehead_strip,left_cheek_big,right_cheek_big",,,,train
TokyoTech,'Subj_02_Post_Relax_Frag9_x1.8,Subj_02_Post_Relax_Frag9,Dataset/3_ROI/MEGA_AUG/aug_npz/TokyoTech_Subj_02_Post_Relax_Frag9_Subj_02_Post_Relax_Frag9_x1.8.npz,333,9,0.0,11.066667,"forehead_strip,left_cheek_big,right_cheek_big",,,,train
TokyoTech,'Subj_02_Pre_Relax_Frag1,Subj_02_Pre_Relax_Frag1,Dataset/3_ROI/TokyoTech_RAW/Subj_02_Pre_Relax_Frag1.npz,600,9,0.0,19.966666666666665,"forehead_strip,left_cheek_big,right_cheek_big",,,,train
TokyoTech,'Subj_02_Pre_Relax_Frag1_x0.75,Subj_02_Pre_Relax_Frag1,Dataset/3_ROI/MEGA_AUG/aug_npz/TokyoTech_Subj_02_Pre_Relax_Frag1_Subj_02_Pre_Relax_Frag1_x0.75.npz,800,9,0.0,26.633333,"forehead_strip,left_cheek_big,right_cheek_big",,,,train
TokyoTech,'Subj_02_Pre_Relax_Frag1_x1.2,Subj_02_Pre_Relax_Frag1,Dataset/3_ROI/MEGA_AUG/aug_npz/TokyoTech_Subj_02_Pre_Relax_Frag1_Subj_02_Pre_Relax_Frag1_x1.2.npz,500,9,0.0,16.633333,"forehead_strip,left_cheek_big,right_cheek_big",,,,train
TokyoTech,'Subj_02_Pre_Relax_Frag1_x1.4,Subj_02_Pre_Relax_Frag1,Dataset/3_ROI/MEGA_AUG/aug_npz/TokyoTech_Subj_02_Pre_Relax_Frag1_Subj_02_Pre_Relax_Frag1_x1.4.npz,429,9,0.0,14.266667,"forehead_strip,left_cheek_big,right_cheek_big",,,,train
TokyoTech,'Subj_02_Pre_Relax_Frag1_x1.6,Subj_02_Pre_Relax_Frag1,Dataset/3_ROI/MEGA_AUG/aug_npz/TokyoTech_Subj_02_Pre_Relax_Frag1_Subj_02_Pre_Relax_Frag1_x1.6.npz,375,9,0.0,12.466667,"forehead_strip,left_cheek_big,right_cheek_big",,,,train
TokyoTech,'Subj_02_Pre_Relax_Frag1_x1.8,Subj_02_Pre_Relax_Frag1,Dataset/3_ROI/MEGA_AUG/aug_npz/TokyoTech_Subj_02_Pre_Relax_Frag1_Subj_02_Pre_Relax_Frag1_x1.8.npz,333,9,0.0,11.066667,"forehead_strip,left_cheek_big,right_cheek_big",,,,train
TokyoTech,'Subj_02_Pre_Relax_Frag2,Subj_02_Pre_Relax_Frag2,Dataset/3_ROI/TokyoTech_RAW/Subj_02_Pre_Relax_Frag2.npz,600,9,0.0,19.966666666666665,"forehead_strip,left_cheek_big,right_cheek_big",,,,train
TokyoTech,'Subj_02_Pre_Relax_Frag2_x0.75,Subj_02_Pre_Relax_Frag2,Dataset/3_ROI/MEGA_AUG/aug_npz/TokyoTech_Subj_02_Pre_Relax_Frag2_Subj_02_Pre_Relax_Frag2_x0.75.npz,800,9,0.0,26.633333,"forehead_strip,left_cheek_big,right_cheek_big",,,,train
TokyoTech,'Subj_02_Pre_Relax_Frag2_x1.2,Subj_02_Pre_Relax_Frag2,Dataset/3_ROI/MEGA_AUG/aug_npz/TokyoTech_Subj_02_Pre_Relax_Frag2_Subj_02_Pre_Relax_Frag2_x1.2.npz,500,9,0.0,16.633333,"forehead_strip,left_cheek_big,right_cheek_big",,,,train
TokyoTech,'Subj_02_Pre_Relax_Frag2_x1.4,Subj_02_Pre_Relax_Frag2,Dataset/3_ROI/MEGA_AUG/aug_npz/TokyoTech_Subj_02_Pre_Relax_Frag2_Subj_02_Pre_Relax_Frag2_x1.4.npz,429,9,0.0,14.266667,"forehead_strip,left_cheek_big,right_cheek_big",,,,train
TokyoTech,'Subj_02_Pre_Relax_Frag2_x1.6,Subj_02_Pre_Relax_Frag2,Dataset/3_ROI/MEGA_AUG/aug_npz/TokyoTech_Subj_02_Pre_Relax_Frag2_Subj_02_Pre_Relax_Frag2_x1.6.npz,375,9,0.0,12.466667,"forehead_strip,left_cheek_big,right_cheek_big",,,,train
TokyoTech,'Subj_02_Pre_Relax_Frag2_x1.8,Subj_02_Pre_Relax_Frag2,Dataset/3_ROI/MEGA_AUG/aug_npz/TokyoTech_Subj_02_Pre_Relax_Frag2_Subj_02_Pre_Relax_Frag2_x1.8.npz,333,9,0.0,11.066667,"forehead_strip,left_cheek_big,right_cheek_big",,,,train
TokyoTech,'Subj_02_Pre_Relax_Frag3,Subj_02_Pre_Relax_Frag3,Dataset/3_ROI/TokyoTech_RAW/Subj_02_Pre_Relax_Frag3.npz,600,9,0.0,19.966666666666665,"forehead_strip,left_cheek_big,right_cheek_big",,,,train
TokyoTech,'Subj_02_Pre_Relax_Frag3_x0.75,Subj_02_Pre_Relax_Frag3,Dataset/3_ROI/MEGA_AUG/aug_npz/TokyoTech_Subj_02_Pre_Relax_Frag3_Subj_02_Pre_Relax_Frag3_x0.75.npz,800,9,0.0,26.633333,"forehead_strip,left_cheek_big,right_cheek_big",,,,train
TokyoTech,'Subj_02_Pre_Relax_Frag3_x1.2,Subj_02_Pre_Relax_Frag3,Dataset/3_ROI/MEGA_AUG/aug_npz/TokyoTech_Subj_02_Pre_Relax_Frag3_Subj_02_Pre_Relax_Frag3_x1.2.npz,500,9,0.0,16.633333,"forehead_strip,left_cheek_big,right_cheek_big",,,,train
TokyoTech,'Subj_02_Pre_Relax_Frag3_x1.4,Subj_02_Pre_Relax_Frag3,Dataset/3_ROI/MEGA_AUG/aug_npz/TokyoTech_Subj_02_Pre_Relax_Frag3_Subj_02_Pre_Relax_Frag3_x1.4.npz,429,9,0.0,14.266667,"forehead_strip,left_cheek_big,right_cheek_big",,,,train
TokyoTech,'Subj_02_Pre_Relax_Frag3_x1.6,Subj_02_Pre_Relax_Frag3,Dataset/3_ROI/MEGA_AUG/aug_npz/TokyoTech_Subj_02_Pre_Relax_Frag3_Subj_02_Pre_Relax_Frag3_x1.6.npz,375,9,0.0,12.466667,"forehead_strip,left_cheek_big,right_cheek_big",,,,train
TokyoTech,'Subj_02_Pre_Relax_Frag3_x1.8,Subj_02_Pre_Relax_Frag3,Dataset/3_ROI/MEGA_AUG/aug_npz/TokyoTech_Subj_02_Pre_Relax_Frag3_Subj_02_Pre_Relax_Frag3_x1.8.npz,333,9,0.0,11.066667,"forehead_strip,left_cheek_big,right_cheek_big",,,,train
TokyoTech,'Subj_03_Exercise_Frag4,Subj_03_Exercise_Frag4,Dataset/3_ROI/TokyoTech_RAW/Subj_03_Exercise_Frag4.npz,600,9,0.0,19.966666666666665,"forehead_strip,left_cheek_big,right_cheek_big",,,,train
TokyoTech,'Subj_03_Exercise_Frag4_x0.55,Subj_03_Exercise_Frag4,Dataset/3_ROI/MEGA_AUG/aug_npz/TokyoTech_Subj_03_Exercise_Frag4_Subj_03_Exercise_Frag4_x0.55.npz,1091,9,0.0,36.333333,"forehead_strip,left_cheek_big,right_cheek_big",,,,train
TokyoTech,'Subj_03_Exercise_Frag4_x0.65,Subj_03_Exercise_Frag4,Dataset/3_ROI/MEGA_AUG/aug_npz/TokyoTech_Subj_03_Exercise_Frag4_Subj_03_Exercise_Frag4_x0.65.npz,923,9,0.0,30.733333,"forehead_strip,left_cheek_big,right_cheek_big",,,,train
TokyoTech,'Subj_03_Exercise_Frag4_x0.75,Subj_03_Exercise_Frag4,Dataset/3_ROI/MEGA_AUG/aug_npz/TokyoTech_Subj_03_Exercise_Frag4_Subj_03_Exercise_Frag4_x0.75.npz,800,9,0.0,26.633333,"forehead_strip,left_cheek_big,right_cheek_big",,,,train
TokyoTech,'Subj_03_Exercise_Frag4_x1.2,Subj_03_Exercise_Frag4,Dataset/3_ROI/MEGA_AUG/aug_npz/TokyoTech_Subj_03_Exercise_Frag4_Subj_03_Exercise_Frag4_x1.2.npz,500,9,0.0,16.633333,"forehead_strip,left_cheek_big,right_cheek_big",,,,train
TokyoTech,'Subj_03_Exercise_Frag4_x1.4,Subj_03_Exercise_Frag4,Dataset/3_ROI/MEGA_AUG/aug_npz/TokyoTech_Subj_03_Exercise_Frag4_Subj_03_Exercise_Frag4_x1.4.npz,429,9,0.0,14.266667,"forehead_strip,left_cheek_big,right_cheek_big",,,,train
TokyoTech,'Subj_03_Exercise_Frag4_x1.6,Subj_03_Exercise_Frag4,Dataset/3_ROI/MEGA_AUG/aug_npz/TokyoTech_Subj_03_Exercise_Frag4_Subj_03_Exercise_Frag4_x1.6.npz,375,9,0.0,12.466667,"forehead_strip,left_cheek_big,right_cheek_big",,,,train
TokyoTech,'Subj_03_Exercise_Frag4_x1.8,Subj_03_Exercise_Frag4,Dataset/3_ROI/MEGA_AUG/aug_npz/TokyoTech_Subj_03_Exercise_Frag4_Subj_03_Exercise_Frag4_x1.8.npz,333,9,0.0,11.066667,"forehead_strip,left_cheek_big,right_cheek_big",,,,train
TokyoTech,'Subj_03_Exercise_Frag5,Subj_03_Exercise_Frag5,Dataset/3_ROI/TokyoTech_RAW/Subj_03_Exercise_Frag5.npz,600,9,0.0,19.966666666666665,"forehead_strip,left_cheek_big,right_cheek_big",,,,train
TokyoTech,'Subj_03_Exercise_Frag5_x0.55,Subj_03_Exercise_Frag5,Dataset/3_ROI/MEGA_AUG/aug_npz/TokyoTech_Subj_03_Exercise_Frag5_Subj_03_Exercise_Frag5_x0.55.npz,1091,9,0.0,36.333333,"forehead_strip,left_cheek_big,right_cheek_big",,,,train
TokyoTech,'Subj_03_Exercise_Frag5_x0.65,Subj_03_Exercise_Frag5,Dataset/3_ROI/MEGA_AUG/aug_npz/TokyoTech_Subj_03_Exercise_Frag5_Subj_03_Exercise_Frag5_x0.65.npz,923,9,0.0,30.733333,"forehead_strip,left_cheek_big,right_cheek_big",,,,train
TokyoTech,'Subj_03_Exercise_Frag5_x0.75,Subj_03_Exercise_Frag5,Dataset/3_ROI/MEGA_AUG/aug_npz/TokyoTech_Subj_03_Exercise_Frag5_Subj_03_Exercise_Frag5_x0.75.npz,800,9,0.0,26.633333,"forehead_strip,left_cheek_big,right_cheek_big",,,,train
TokyoTech,'Subj_03_Exercise_Frag5_x1.2,Subj_03_Exercise_Frag5,Dataset/3_ROI/MEGA_AUG/aug_npz/TokyoTech_Subj_03_Exercise_Frag5_Subj_03_Exercise_Frag5_x1.2.npz,500,9,0.0,16.633333,"forehead_strip,left_cheek_big,right_cheek_big",,,,train
TokyoTech,'Subj_03_Exercise_Frag5_x1.4,Subj_03_Exercise_Frag5,Dataset/3_ROI/MEGA_AUG/aug_npz/TokyoTech_Subj_03_Exercise_Frag5_Subj_03_Exercise_Frag5_x1.4.npz,429,9,0.0,14.266667,"forehead_strip,left_cheek_big,right_cheek_big",,,,train
TokyoTech,'Subj_03_Exercise_Frag5_x1.6,Subj_03_Exercise_Frag5,Dataset/3_ROI/MEGA_AUG/aug_npz/TokyoTech_Subj_03_Exercise_Frag5_Subj_03_Exercise_Frag5_x1.6.npz,375,9,0.0,12.466667,"forehead_strip,left_cheek_big,right_cheek_big",,,,train
TokyoTech,'Subj_03_Exercise_Frag5_x1.8,Subj_03_Exercise_Frag5,Dataset/3_ROI/MEGA_AUG/aug_npz/TokyoTech_Subj_03_Exercise_Frag5_Subj_03_Exercise_Frag5_x1.8.npz,333,9,0.0,11.066667,"forehead_strip,left_cheek_big,right_cheek_big",,,,train
TokyoTech,'Subj_03_Exercise_Frag6,Subj_03_Exercise_Frag6,Dataset/3_ROI/TokyoTech_RAW/Subj_03_Exercise_Frag6.npz,600,9,0.0,19.966666666666665,"forehead_strip,left_cheek_big,right_cheek_big",,,,train
TokyoTech,'Subj_03_Exercise_Frag6_x0.55,Subj_03_Exercise_Frag6,Dataset/3_ROI/MEGA_AUG/aug_npz/TokyoTech_Subj_03_Exercise_Frag6_Subj_03_Exercise_Frag6_x0.55.npz,1091,9,0.0,36.333333,"forehead_strip,left_cheek_big,right_cheek_big",,,,train
TokyoTech,'Subj_03_Exercise_Frag6_x0.65,Subj_03_Exercise_Frag6,Dataset/3_ROI/MEGA_AUG/aug_npz/TokyoTech_Subj_03_Exercise_Frag6_Subj_03_Exercise_Frag6_x0.65.npz,923,9,0.0,30.733333,"forehead_strip,left_cheek_big,right_cheek_big",,,,train
TokyoTech,'Subj_03_Exercise_Frag6_x0.75,Subj_03_Exercise_Frag6,Dataset/3_ROI/MEGA_AUG/aug_npz/TokyoTech_Subj_03_Exercise_Frag6_Subj_03_Exercise_Frag6_x0.75.npz,800,9,0.0,26.633333,"forehead_strip,left_cheek_big,right_cheek_big",,,,train
TokyoTech,'Subj_03_Exercise_Frag6_x1.2,Subj_03_Exercise_Frag6,Dataset/3_ROI/MEGA_AUG/aug_npz/TokyoTech_Subj_03_Exercise_Frag6_Subj_03_Exercise_Frag6_x1.2.npz,500,9,0.0,16.633333,"forehead_strip,left_cheek_big,right_cheek_big",,,,train
TokyoTech,'Subj_03_Exercise_Frag6_x1.4,Subj_03_Exercise_Frag6,Dataset/3_ROI/MEGA_AUG/aug_npz/TokyoTech_Subj_03_Exercise_Frag6_Subj_03_Exercise_Frag6_x1.4.npz,429,9,0.0,14.266667,"forehead_strip,left_cheek_big,right_cheek_big",,,,train
TokyoTech,'Subj_03_Exercise_Frag6_x1.6,Subj_03_Exercise_Frag6,Dataset/3_ROI/MEGA_AUG/aug_npz/TokyoTech_Subj_03_Exercise_Frag6_Subj_03_Exercise_Frag6_x1.6.npz,375,9,0.0,12.466667,"forehead_strip,left_cheek_big,right_cheek_big",,,,train
TokyoTech,'Subj_03_Exercise_Frag6_x1.8,Subj_03_Exercise_Frag6,Dataset/3_ROI/MEGA_AUG/aug_npz/TokyoTech_Subj_03_Exercise_Frag6_Subj_03_Exercise_Frag6_x1.8.npz,333,9,0.0,11.066667,"forehead_strip,left_cheek_big,right_cheek_big",,,,train
TokyoTech,'Subj_03_Post_Relax_Frag7,Subj_03_Post_Relax_Frag7,Dataset/3_ROI/TokyoTech_RAW/Subj_03_Post_Relax_Frag7.npz,600,9,0.0,19.966666666666665,"forehead_strip,left_cheek_big,right_cheek_big",,,,train
TokyoTech,'Subj_03_Post_Relax_Frag7_x0.55,Subj_03_Post_Relax_Frag7,Dataset/3_ROI/MEGA_AUG/aug_npz/TokyoTech_Subj_03_Post_Relax_Frag7_Subj_03_Post_Relax_Frag7_x0.55.npz,1091,9,0.0,36.333333,"forehead_strip,left_cheek_big,right_cheek_big",,,,train
TokyoTech,'Subj_03_Post_Relax_Frag7_x0.65,Subj_03_Post_Relax_Frag7,Dataset/3_ROI/MEGA_AUG/aug_npz/TokyoTech_Subj_03_Post_Relax_Frag7_Subj_03_Post_Relax_Frag7_x0.65.npz,923,9,0.0,30.733333,"forehead_strip,left_cheek_big,right_cheek_big",,,,train
TokyoTech,'Subj_03_Post_Relax_Frag7_x0.75,Subj_03_Post_Relax_Frag7,Dataset/3_ROI/MEGA_AUG/aug_npz/TokyoTech_Subj_03_Post_Relax_Frag7_Subj_03_Post_Relax_Frag7_x0.75.npz,800,9,0.0,26.633333,"forehead_strip,left_cheek_big,right_cheek_big",,,,train
TokyoTech,'Subj_03_Post_Relax_Frag7_x1.2,Subj_03_Post_Relax_Frag7,Dataset/3_ROI/MEGA_AUG/aug_npz/TokyoTech_Subj_03_Post_Relax_Frag7_Subj_03_Post_Relax_Frag7_x1.2.npz,500,9,0.0,16.633333,"forehead_strip,left_cheek_big,right_cheek_big",,,,train
TokyoTech,'Subj_03_Post_Relax_Frag7_x1.4,Subj_03_Post_Relax_Frag7,Dataset/3_ROI/MEGA_AUG/aug_npz/TokyoTech_Subj_03_Post_Relax_Frag7_Subj_03_Post_Relax_Frag7_x1.4.npz,429,9,0.0,14.266667,"forehead_strip,left_cheek_big,right_cheek_big",,,,train
TokyoTech,'Subj_03_Post_Relax_Frag7_x1.6,Subj_03_Post_Relax_Frag7,Dataset/3_ROI/MEGA_AUG/aug_npz/TokyoTech_Subj_03_Post_Relax_Frag7_Subj_03_Post_Relax_Frag7_x1.6.npz,375,9,0.0,12.466667,"forehead_strip,left_cheek_big,right_cheek_big",,,,train
TokyoTech,'Subj_03_Post_Relax_Frag7_x1.8,Subj_03_Post_Relax_Frag7,Dataset/3_ROI/MEGA_AUG/aug_npz/TokyoTech_Subj_03_Post_Relax_Frag7_Subj_03_Post_Relax_Frag7_x1.8.npz,333,9,0.0,11.066667,"forehead_strip,left_cheek_big,right_cheek_big",,,,train
TokyoTech,'Subj_03_Post_Relax_Frag8,Subj_03_Post_Relax_Frag8,Dataset/3_ROI/TokyoTech_RAW/Subj_03_Post_Relax_Frag8.npz,600,9,0.0,19.966666666666665,"forehead_strip,left_cheek_big,right_cheek_big",,,,train
TokyoTech,'Subj_03_Post_Relax_Frag8_x0.55,Subj_03_Post_Relax_Frag8,Dataset/3_ROI/MEGA_AUG/aug_npz/TokyoTech_Subj_03_Post_Relax_Frag8_Subj_03_Post_Relax_Frag8_x0.55.npz,1091,9,0.0,36.333333,"forehead_strip,left_cheek_big,right_cheek_big",,,,train
TokyoTech,'Subj_03_Post_Relax_Frag8_x0.65,Subj_03_Post_Relax_Frag8,Dataset/3_ROI/MEGA_AUG/aug_npz/TokyoTech_Subj_03_Post_Relax_Frag8_Subj_03_Post_Relax_Frag8_x0.65.npz,923,9,0.0,30.733333,"forehead_strip,left_cheek_big,right_cheek_big",,,,train
TokyoTech,'Subj_03_Post_Relax_Frag8_x0.75,Subj_03_Post_Relax_Frag8,Dataset/3_ROI/MEGA_AUG/aug_npz/TokyoTech_Subj_03_Post_Relax_Frag8_Subj_03_Post_Relax_Frag8_x0.75.npz,800,9,0.0,26.633333,"forehead_strip,left_cheek_big,right_cheek_big",,,,train
TokyoTech,'Subj_03_Post_Relax_Frag8_x1.2,Subj_03_Post_Relax_Frag8,Dataset/3_ROI/MEGA_AUG/aug_npz/TokyoTech_Subj_03_Post_Relax_Frag8_Subj_03_Post_Relax_Frag8_x1.2.npz,500,9,0.0,16.633333,"forehead_strip,left_cheek_big,right_cheek_big",,,,train
TokyoTech,'Subj_03_Post_Relax_Frag8_x1.4,Subj_03_Post_Relax_Frag8,Dataset/3_ROI/MEGA_AUG/aug_npz/TokyoTech_Subj_03_Post_Relax_Frag8_Subj_03_Post_Relax_Frag8_x1.4.npz,429,9,0.0,14.266667,"forehead_strip,left_cheek_big,right_cheek_big",,,,train
TokyoTech,'Subj_03_Post_Relax_Frag8_x1.6,Subj_03_Post_Relax_Frag8,Dataset/3_ROI/MEGA_AUG/aug_npz/TokyoTech_Subj_03_Post_Relax_Frag8_Subj_03_Post_Relax_Frag8_x1.6.npz,375,9,0.0,12.466667,"forehead_strip,left_cheek_big,right_cheek_big",,,,train
TokyoTech,'Subj_03_Post_Relax_Frag8_x1.8,Subj_03_Post_Relax_Frag8,Dataset/3_ROI/MEGA_AUG/aug_npz/TokyoTech_Subj_03_Post_Relax_Frag8_Subj_03_Post_Relax_Frag8_x1.8.npz,333,9,0.0,11.066667,"forehead_strip,left_cheek_big,right_cheek_big",,,,train
TokyoTech,'Subj_03_Post_Relax_Frag9,Subj_03_Post_Relax_Frag9,Dataset/3_ROI/TokyoTech_RAW/Subj_03_Post_Relax_Frag9.npz,600,9,0.0,19.966666666666665,"forehead_strip,left_cheek_big,right_cheek_big",,,,train
TokyoTech,'Subj_03_Post_Relax_Frag9_x0.55,Subj_03_Post_Relax_Frag9,Dataset/3_ROI/MEGA_AUG/aug_npz/TokyoTech_Subj_03_Post_Relax_Frag9_Subj_03_Post_Relax_Frag9_x0.55.npz,1091,9,0.0,36.333333,"forehead_strip,left_cheek_big,right_cheek_big",,,,train
TokyoTech,'Subj_03_Post_Relax_Frag9_x0.65,Subj_03_Post_Relax_Frag9,Dataset/3_ROI/MEGA_AUG/aug_npz/TokyoTech_Subj_03_Post_Relax_Frag9_Subj_03_Post_Relax_Frag9_x0.65.npz,923,9,0.0,30.733333,"forehead_strip,left_cheek_big,right_cheek_big",,,,train
TokyoTech,'Subj_03_Post_Relax_Frag9_x0.75,Subj_03_Post_Relax_Frag9,Dataset/3_ROI/MEGA_AUG/aug_npz/TokyoTech_Subj_03_Post_Relax_Frag9_Subj_03_Post_Relax_Frag9_x0.75.npz,800,9,0.0,26.633333,"forehead_strip,left_cheek_big,right_cheek_big",,,,train
TokyoTech,'Subj_03_Post_Relax_Frag9_x1.2,Subj_03_Post_Relax_Frag9,Dataset/3_ROI/MEGA_AUG/aug_npz/TokyoTech_Subj_03_Post_Relax_Frag9_Subj_03_Post_Relax_Frag9_x1.2.npz,500,9,0.0,16.633333,"forehead_strip,left_cheek_big,right_cheek_big",,,,train
TokyoTech,'Subj_03_Post_Relax_Frag9_x1.4,Subj_03_Post_Relax_Frag9,Dataset/3_ROI/MEGA_AUG/aug_npz/TokyoTech_Subj_03_Post_Relax_Frag9_Subj_03_Post_Relax_Frag9_x1.4.npz,429,9,0.0,14.266667,"forehead_strip,left_cheek_big,right_cheek_big",,,,train
TokyoTech,'Subj_03_Post_Relax_Frag9_x1.6,Subj_03_Post_Relax_Frag9,Dataset/3_ROI/MEGA_AUG/aug_npz/TokyoTech_Subj_03_Post_Relax_Frag9_Subj_03_Post_Relax_Frag9_x1.6.npz,375,9,0.0,12.466667,"forehead_strip,left_cheek_big,right_cheek_big",,,,train
TokyoTech,'Subj_03_Post_Relax_Frag9_x1.8,Subj_03_Post_Relax_Frag9,Dataset/3_ROI/MEGA_AUG/aug_npz/TokyoTech_Subj_03_Post_Relax_Frag9_Subj_03_Post_Relax_Frag9_x1.8.npz,333,9,0.0,11.066667,"forehead_strip,left_cheek_big,right_cheek_big",,,,train
TokyoTech,'Subj_03_Pre_Relax_Frag1,Subj_03_Pre_Relax_Frag1,Dataset/3_ROI/TokyoTech_RAW/Subj_03_Pre_Relax_Frag1.npz,600,9,0.0,19.966666666666665,"forehead_strip,left_cheek_big,right_cheek_big",,,,train
TokyoTech,'Subj_03_Pre_Relax_Frag1_x0.55,Subj_03_Pre_Relax_Frag1,Dataset/3_ROI/MEGA_AUG/aug_npz/TokyoTech_Subj_03_Pre_Relax_Frag1_Subj_03_Pre_Relax_Frag1_x0.55.npz,1091,9,0.0,36.333333,"forehead_strip,left_cheek_big,right_cheek_big",,,,train
TokyoTech,'Subj_03_Pre_Relax_Frag1_x0.65,Subj_03_Pre_Relax_Frag1,Dataset/3_ROI/MEGA_AUG/aug_npz/TokyoTech_Subj_03_Pre_Relax_Frag1_Subj_03_Pre_Relax_Frag1_x0.65.npz,923,9,0.0,30.733333,"forehead_strip,left_cheek_big,right_cheek_big",,,,train
TokyoTech,'Subj_03_Pre_Relax_Frag1_x0.75,Subj_03_Pre_Relax_Frag1,Dataset/3_ROI/MEGA_AUG/aug_npz/TokyoTech_Subj_03_Pre_Relax_Frag1_Subj_03_Pre_Relax_Frag1_x0.75.npz,800,9,0.0,26.633333,"forehead_strip,left_cheek_big,right_cheek_big",,,,train
TokyoTech,'Subj_03_Pre_Relax_Frag1_x1.2,Subj_03_Pre_Relax_Frag1,Dataset/3_ROI/MEGA_AUG/aug_npz/TokyoTech_Subj_03_Pre_Relax_Frag1_Subj_03_Pre_Relax_Frag1_x1.2.npz,500,9,0.0,16.633333,"forehead_strip,left_cheek_big,right_cheek_big",,,,train
TokyoTech,'Subj_03_Pre_Relax_Frag1_x1.4,Subj_03_Pre_Relax_Frag1,Dataset/3_ROI/MEGA_AUG/aug_npz/TokyoTech_Subj_03_Pre_Relax_Frag1_Subj_03_Pre_Relax_Frag1_x1.4.npz,429,9,0.0,14.266667,"forehead_strip,left_cheek_big,right_cheek_big",,,,train
TokyoTech,'Subj_03_Pre_Relax_Frag1_x1.6,Subj_03_Pre_Relax_Frag1,Dataset/3_ROI/MEGA_AUG/aug_npz/TokyoTech_Subj_03_Pre_Relax_Frag1_Subj_03_Pre_Relax_Frag1_x1.6.npz,375,9,0.0,12.466667,"forehead_strip,left_cheek_big,right_cheek_big",,,,train
TokyoTech,'Subj_03_Pre_Relax_Frag1_x1.8,Subj_03_Pre_Relax_Frag1,Dataset/3_ROI/MEGA_AUG/aug_npz/TokyoTech_Subj_03_Pre_Relax_Frag1_Subj_03_Pre_Relax_Frag1_x1.8.npz,333,9,0.0,11.066667,"forehead_strip,left_cheek_big,right_cheek_big",,,,train
TokyoTech,'Subj_03_Pre_Relax_Frag2,Subj_03_Pre_Relax_Frag2,Dataset/3_ROI/TokyoTech_RAW/Subj_03_Pre_Relax_Frag2.npz,600,9,0.0,19.966666666666665,"forehead_strip,left_cheek_big,right_cheek_big",,,,train
TokyoTech,'Subj_03_Pre_Relax_Frag2_x0.55,Subj_03_Pre_Relax_Frag2,Dataset/3_ROI/MEGA_AUG/aug_npz/TokyoTech_Subj_03_Pre_Relax_Frag2_Subj_03_Pre_Relax_Frag2_x0.55.npz,1091,9,0.0,36.333333,"forehead_strip,left_cheek_big,right_cheek_big",,,,train
TokyoTech,'Subj_03_Pre_Relax_Frag2_x0.65,Subj_03_Pre_Relax_Frag2,Dataset/3_ROI/MEGA_AUG/aug_npz/TokyoTech_Subj_03_Pre_Relax_Frag2_Subj_03_Pre_Relax_Frag2_x0.65.npz,923,9,0.0,30.733333,"forehead_strip,left_cheek_big,right_cheek_big",,,,train
TokyoTech,'Subj_03_Pre_Relax_Frag2_x0.75,Subj_03_Pre_Relax_Frag2,Dataset/3_ROI/MEGA_AUG/aug_npz/TokyoTech_Subj_03_Pre_Relax_Frag2_Subj_03_Pre_Relax_Frag2_x0.75.npz,800,9,0.0,26.633333,"forehead_strip,left_cheek_big,right_cheek_big",,,,train
TokyoTech,'Subj_03_Pre_Relax_Frag2_x1.2,Subj_03_Pre_Relax_Frag2,Dataset/3_ROI/MEGA_AUG/aug_npz/TokyoTech_Subj_03_Pre_Relax_Frag2_Subj_03_Pre_Relax_Frag2_x1.2.npz,500,9,0.0,16.633333,"forehead_strip,left_cheek_big,right_cheek_big",,,,train
TokyoTech,'Subj_03_Pre_Relax_Frag2_x1.4,Subj_03_Pre_Relax_Frag2,Dataset/3_ROI/MEGA_AUG/aug_npz/TokyoTech_Subj_03_Pre_Relax_Frag2_Subj_03_Pre_Relax_Frag2_x1.4.npz,429,9,0.0,14.266667,"forehead_strip,left_cheek_big,right_cheek_big",,,,train
TokyoTech,'Subj_03_Pre_Relax_Frag2_x1.6,Subj_03_Pre_Relax_Frag2,Dataset/3_ROI/MEGA_AUG/aug_npz/TokyoTech_Subj_03_Pre_Relax_Frag2_Subj_03_Pre_Relax_Frag2_x1.6.npz,375,9,0.0,12.466667,"forehead_strip,left_cheek_big,right_cheek_big",,,,train
TokyoTech,'Subj_03_Pre_Relax_Frag2_x1.8,Subj_03_Pre_Relax_Frag2,Dataset/3_ROI/MEGA_AUG/aug_npz/TokyoTech_Subj_03_Pre_Relax_Frag2_Subj_03_Pre_Relax_Frag2_x1.8.npz,333,9,0.0,11.066667,"forehead_strip,left_cheek_big,right_cheek_big",,,,train
TokyoTech,'Subj_03_Pre_Relax_Frag3,Subj_03_Pre_Relax_Frag3,Dataset/3_ROI/TokyoTech_RAW/Subj_03_Pre_Relax_Frag3.npz,600,9,0.0,19.966666666666665,"forehead_strip,left_cheek_big,right_cheek_big",,,,train
TokyoTech,'Subj_03_Pre_Relax_Frag3_x0.55,Subj_03_Pre_Relax_Frag3,Dataset/3_ROI/MEGA_AUG/aug_npz/TokyoTech_Subj_03_Pre_Relax_Frag3_Subj_03_Pre_Relax_Frag3_x0.55.npz,1091,9,0.0,36.333333,"forehead_strip,left_cheek_big,right_cheek_big",,,,train
TokyoTech,'Subj_03_Pre_Relax_Frag3_x0.65,Subj_03_Pre_Relax_Frag3,Dataset/3_ROI/MEGA_AUG/aug_npz/TokyoTech_Subj_03_Pre_Relax_Frag3_Subj_03_Pre_Relax_Frag3_x0.65.npz,923,9,0.0,30.733333,"forehead_strip,left_cheek_big,right_cheek_big",,,,train
TokyoTech,'Subj_03_Pre_Relax_Frag3_x0.75,Subj_03_Pre_Relax_Frag3,Dataset/3_ROI/MEGA_AUG/aug_npz/TokyoTech_Subj_03_Pre_Relax_Frag3_Subj_03_Pre_Relax_Frag3_x0.75.npz,800,9,0.0,26.633333,"forehead_strip,left_cheek_big,right_cheek_big",,,,train
TokyoTech,'Subj_03_Pre_Relax_Frag3_x1.2,Subj_03_Pre_Relax_Frag3,Dataset/3_ROI/MEGA_AUG/aug_npz/TokyoTech_Subj_03_Pre_Relax_Frag3_Subj_03_Pre_Relax_Frag3_x1.2.npz,500,9,0.0,16.633333,"forehead_strip,left_cheek_big,right_cheek_big",,,,train
TokyoTech,'Subj_03_Pre_Relax_Frag3_x1.4,Subj_03_Pre_Relax_Frag3,Dataset/3_ROI/MEGA_AUG/aug_npz/TokyoTech_Subj_03_Pre_Relax_Frag3_Subj_03_Pre_Relax_Frag3_x1.4.npz,429,9,0.0,14.266667,"forehead_strip,left_cheek_big,right_cheek_big",,,,train
TokyoTech,'Subj_03_Pre_Relax_Frag3_x1.6,Subj_03_Pre_Relax_Frag3,Dataset/3_ROI/MEGA_AUG/aug_npz/TokyoTech_Subj_03_Pre_Relax_Frag3_Subj_03_Pre_Relax_Frag3_x1.6.npz,375,9,0.0,12.466667,"forehead_strip,left_cheek_big,right_cheek_big",,,,train
TokyoTech,'Subj_03_Pre_Relax_Frag3_x1.8,Subj_03_Pre_Relax_Frag3,Dataset/3_ROI/MEGA_AUG/aug_npz/TokyoTech_Subj_03_Pre_Relax_Frag3_Subj_03_Pre_Relax_Frag3_x1.8.npz,333,9,0.0,11.066667,"forehead_strip,left_cheek_big,right_cheek_big",,,,train
TokyoTech,'Subj_04_Exercise_Frag4,Subj_04_Exercise_Frag4,Dataset/3_ROI/TokyoTech_RAW/Subj_04_Exercise_Frag4.npz,600,9,0.0,19.966666666666665,"forehead_strip,left_cheek_big,right_cheek_big",,,,train
TokyoTech,'Subj_04_Exercise_Frag4_x0.55,Subj_04_Exercise_Frag4,Dataset/3_ROI/MEGA_AUG/aug_npz/TokyoTech_Subj_04_Exercise_Frag4_Subj_04_Exercise_Frag4_x0.55.npz,1091,9,0.0,36.333333,"forehead_strip,left_cheek_big,right_cheek_big",,,,train
TokyoTech,'Subj_04_Exercise_Frag4_x0.65,Subj_04_Exercise_Frag4,Dataset/3_ROI/MEGA_AUG/aug_npz/TokyoTech_Subj_04_Exercise_Frag4_Subj_04_Exercise_Frag4_x0.65.npz,923,9,0.0,30.733333,"forehead_strip,left_cheek_big,right_cheek_big",,,,train
TokyoTech,'Subj_04_Exercise_Frag4_x0.75,Subj_04_Exercise_Frag4,Dataset/3_ROI/MEGA_AUG/aug_npz/TokyoTech_Subj_04_Exercise_Frag4_Subj_04_Exercise_Frag4_x0.75.npz,800,9,0.0,26.633333,"forehead_strip,left_cheek_big,right_cheek_big",,,,train
TokyoTech,'Subj_04_Exercise_Frag4_x1.2,Subj_04_Exercise_Frag4,Dataset/3_ROI/MEGA_AUG/aug_npz/TokyoTech_Subj_04_Exercise_Frag4_Subj_04_Exercise_Frag4_x1.2.npz,500,9,0.0,16.633333,"forehead_strip,left_cheek_big,right_cheek_big",,,,train
TokyoTech,'Subj_04_Exercise_Frag4_x1.4,Subj_04_Exercise_Frag4,Dataset/3_ROI/MEGA_AUG/aug_npz/TokyoTech_Subj_04_Exercise_Frag4_Subj_04_Exercise_Frag4_x1.4.npz,429,9,0.0,14.266667,"forehead_strip,left_cheek_big,right_cheek_big",,,,train
TokyoTech,'Subj_04_Exercise_Frag4_x1.6,Subj_04_Exercise_Frag4,Dataset/3_ROI/MEGA_AUG/aug_npz/TokyoTech_Subj_04_Exercise_Frag4_Subj_04_Exercise_Frag4_x1.6.npz,375,9,0.0,12.466667,"forehead_strip,left_cheek_big,right_cheek_big",,,,train
TokyoTech,'Subj_04_Exercise_Frag4_x1.8,Subj_04_Exercise_Frag4,Dataset/3_ROI/MEGA_AUG/aug_npz/TokyoTech_Subj_04_Exercise_Frag4_Subj_04_Exercise_Frag4_x1.8.npz,333,9,0.0,11.066667,"forehead_strip,left_cheek_big,right_cheek_big",,,,train
TokyoTech,'Subj_04_Exercise_Frag5,Subj_04_Exercise_Frag5,Dataset/3_ROI/TokyoTech_RAW/Subj_04_Exercise_Frag5.npz,600,9,0.0,19.966666666666665,"forehead_strip,left_cheek_big,right_cheek_big",,,,train
TokyoTech,'Subj_04_Exercise_Frag5_x0.55,Subj_04_Exercise_Frag5,Dataset/3_ROI/MEGA_AUG/aug_npz/TokyoTech_Subj_04_Exercise_Frag5_Subj_04_Exercise_Frag5_x0.55.npz,1091,9,0.0,36.333333,"forehead_strip,left_cheek_big,right_cheek_big",,,,train
TokyoTech,'Subj_04_Exercise_Frag5_x0.65,Subj_04_Exercise_Frag5,Dataset/3_ROI/MEGA_AUG/aug_npz/TokyoTech_Subj_04_Exercise_Frag5_Subj_04_Exercise_Frag5_x0.65.npz,923,9,0.0,30.733333,"forehead_strip,left_cheek_big,right_cheek_big",,,,train
TokyoTech,'Subj_04_Exercise_Frag5_x0.75,Subj_04_Exercise_Frag5,Dataset/3_ROI/MEGA_AUG/aug_npz/TokyoTech_Subj_04_Exercise_Frag5_Subj_04_Exercise_Frag5_x0.75.npz,800,9,0.0,26.633333,"forehead_strip,left_cheek_big,right_cheek_big",,,,train
TokyoTech,'Subj_04_Exercise_Frag5_x1.2,Subj_04_Exercise_Frag5,Dataset/3_ROI/MEGA_AUG/aug_npz/TokyoTech_Subj_04_Exercise_Frag5_Subj_04_Exercise_Frag5_x1.2.npz,500,9,0.0,16.633333,"forehead_strip,left_cheek_big,right_cheek_big",,,,train
TokyoTech,'Subj_04_Exercise_Frag5_x1.4,Subj_04_Exercise_Frag5,Dataset/3_ROI/MEGA_AUG/aug_npz/TokyoTech_Subj_04_Exercise_Frag5_Subj_04_Exercise_Frag5_x1.4.npz,429,9,0.0,14.266667,"forehead_strip,left_cheek_big,right_cheek_big",,,,train
TokyoTech,'Subj_04_Exercise_Frag5_x1.6,Subj_04_Exercise_Frag5,Dataset/3_ROI/MEGA_AUG/aug_npz/TokyoTech_Subj_04_Exercise_Frag5_Subj_04_Exercise_Frag5_x1.6.npz,375,9,0.0,12.466667,"forehead_strip,left_cheek_big,right_cheek_big",,,,train
TokyoTech,'Subj_04_Exercise_Frag5_x1.8,Subj_04_Exercise_Frag5,Dataset/3_ROI/MEGA_AUG/aug_npz/TokyoTech_Subj_04_Exercise_Frag5_Subj_04_Exercise_Frag5_x1.8.npz,333,9,0.0,11.066667,"forehead_strip,left_cheek_big,right_cheek_big",,,,train
TokyoTech,'Subj_04_Exercise_Frag6,Subj_04_Exercise_Frag6,Dataset/3_ROI/TokyoTech_RAW/Subj_04_Exercise_Frag6.npz,600,9,0.0,19.966666666666665,"forehead_strip,left_cheek_big,right_cheek_big",,,,train
TokyoTech,'Subj_04_Exercise_Frag6_x0.55,Subj_04_Exercise_Frag6,Dataset/3_ROI/MEGA_AUG/aug_npz/TokyoTech_Subj_04_Exercise_Frag6_Subj_04_Exercise_Frag6_x0.55.npz,1091,9,0.0,36.333333,"forehead_strip,left_cheek_big,right_cheek_big",,,,train
TokyoTech,'Subj_04_Exercise_Frag6_x0.65,Subj_04_Exercise_Frag6,Dataset/3_ROI/MEGA_AUG/aug_npz/TokyoTech_Subj_04_Exercise_Frag6_Subj_04_Exercise_Frag6_x0.65.npz,923,9,0.0,30.733333,"forehead_strip,left_cheek_big,right_cheek_big",,,,train
TokyoTech,'Subj_04_Exercise_Frag6_x0.75,Subj_04_Exercise_Frag6,Dataset/3_ROI/MEGA_AUG/aug_npz/TokyoTech_Subj_04_Exercise_Frag6_Subj_04_Exercise_Frag6_x0.75.npz,800,9,0.0,26.633333,"forehead_strip,left_cheek_big,right_cheek_big",,,,train
TokyoTech,'Subj_04_Exercise_Frag6_x1.2,Subj_04_Exercise_Frag6,Dataset/3_ROI/MEGA_AUG/aug_npz/TokyoTech_Subj_04_Exercise_Frag6_Subj_04_Exercise_Frag6_x1.2.npz,500,9,0.0,16.633333,"forehead_strip,left_cheek_big,right_cheek_big",,,,train
TokyoTech,'Subj_04_Exercise_Frag6_x1.4,Subj_04_Exercise_Frag6,Dataset/3_ROI/MEGA_AUG/aug_npz/TokyoTech_Subj_04_Exercise_Frag6_Subj_04_Exercise_Frag6_x1.4.npz,429,9,0.0,14.266667,"forehead_strip,left_cheek_big,right_cheek_big",,,,train
TokyoTech,'Subj_04_Exercise_Frag6_x1.6,Subj_04_Exercise_Frag6,Dataset/3_ROI/MEGA_AUG/aug_npz/TokyoTech_Subj_04_Exercise_Frag6_Subj_04_Exercise_Frag6_x1.6.npz,375,9,0.0,12.466667,"forehead_strip,left_cheek_big,right_cheek_big",,,,train
TokyoTech,'Subj_04_Exercise_Frag6_x1.8,Subj_04_Exercise_Frag6,Dataset/3_ROI/MEGA_AUG/aug_npz/TokyoTech_Subj_04_Exercise_Frag6_Subj_04_Exercise_Frag6_x1.8.npz,333,9,0.0,11.066667,"forehead_strip,left_cheek_big,right_cheek_big",,,,train
TokyoTech,'Subj_04_Post_Relax_Frag7,Subj_04_Post_Relax_Frag7,Dataset/3_ROI/TokyoTech_RAW/Subj_04_Post_Relax_Frag7.npz,600,9,0.0,19.966666666666665,"forehead_strip,left_cheek_big,right_cheek_big",,,,train
TokyoTech,'Subj_04_Post_Relax_Frag7_x0.55,Subj_04_Post_Relax_Frag7,Dataset/3_ROI/MEGA_AUG/aug_npz/TokyoTech_Subj_04_Post_Relax_Frag7_Subj_04_Post_Relax_Frag7_x0.55.npz,1091,9,0.0,36.333333,"forehead_strip,left_cheek_big,right_cheek_big",,,,train
TokyoTech,'Subj_04_Post_Relax_Frag7_x0.65,Subj_04_Post_Relax_Frag7,Dataset/3_ROI/MEGA_AUG/aug_npz/TokyoTech_Subj_04_Post_Relax_Frag7_Subj_04_Post_Relax_Frag7_x0.65.npz,923,9,0.0,30.733333,"forehead_strip,left_cheek_big,right_cheek_big",,,,train
TokyoTech,'Subj_04_Post_Relax_Frag7_x0.75,Subj_04_Post_Relax_Frag7,Dataset/3_ROI/MEGA_AUG/aug_npz/TokyoTech_Subj_04_Post_Relax_Frag7_Subj_04_Post_Relax_Frag7_x0.75.npz,800,9,0.0,26.633333,"forehead_strip,left_cheek_big,right_cheek_big",,,,train
TokyoTech,'Subj_04_Post_Relax_Frag7_x1.2,Subj_04_Post_Relax_Frag7,Dataset/3_ROI/MEGA_AUG/aug_npz/TokyoTech_Subj_04_Post_Relax_Frag7_Subj_04_Post_Relax_Frag7_x1.2.npz,500,9,0.0,16.633333,"forehead_strip,left_cheek_big,right_cheek_big",,,,train
TokyoTech,'Subj_04_Post_Relax_Frag7_x1.4,Subj_04_Post_Relax_Frag7,Dataset/3_ROI/MEGA_AUG/aug_npz/TokyoTech_Subj_04_Post_Relax_Frag7_Subj_04_Post_Relax_Frag7_x1.4.npz,429,9,0.0,14.266667,"forehead_strip,left_cheek_big,right_cheek_big",,,,train
TokyoTech,'Subj_04_Post_Relax_Frag7_x1.6,Subj_04_Post_Relax_Frag7,Dataset/3_ROI/MEGA_AUG/aug_npz/TokyoTech_Subj_04_Post_Relax_Frag7_Subj_04_Post_Relax_Frag7_x1.6.npz,375,9,0.0,12.466667,"forehead_strip,left_cheek_big,right_cheek_big",,,,train
TokyoTech,'Subj_04_Post_Relax_Frag7_x1.8,Subj_04_Post_Relax_Frag7,Dataset/3_ROI/MEGA_AUG/aug_npz/TokyoTech_Subj_04_Post_Relax_Frag7_Subj_04_Post_Relax_Frag7_x1.8.npz,333,9,0.0,11.066667,"forehead_strip,left_cheek_big,right_cheek_big",,,,train
TokyoTech,'Subj_04_Post_Relax_Frag8,Subj_04_Post_Relax_Frag8,Dataset/3_ROI/TokyoTech_RAW/Subj_04_Post_Relax_Frag8.npz,600,9,0.0,19.966666666666665,"forehead_strip,left_cheek_big,right_cheek_big",,,,train
TokyoTech,'Subj_04_Post_Relax_Frag8_x0.55,Subj_04_Post_Relax_Frag8,Dataset/3_ROI/MEGA_AUG/aug_npz/TokyoTech_Subj_04_Post_Relax_Frag8_Subj_04_Post_Relax_Frag8_x0.55.npz,1091,9,0.0,36.333333,"forehead_strip,left_cheek_big,right_cheek_big",,,,train
TokyoTech,'Subj_04_Post_Relax_Frag8_x0.65,Subj_04_Post_Relax_Frag8,Dataset/3_ROI/MEGA_AUG/aug_npz/TokyoTech_Subj_04_Post_Relax_Frag8_Subj_04_Post_Relax_Frag8_x0.65.npz,923,9,0.0,30.733333,"forehead_strip,left_cheek_big,right_cheek_big",,,,train
TokyoTech,'Subj_04_Post_Relax_Frag8_x0.75,Subj_04_Post_Relax_Frag8,Dataset/3_ROI/MEGA_AUG/aug_npz/TokyoTech_Subj_04_Post_Relax_Frag8_Subj_04_Post_Relax_Frag8_x0.75.npz,800,9,0.0,26.633333,"forehead_strip,left_cheek_big,right_cheek_big",,,,train
TokyoTech,'Subj_04_Post_Relax_Frag8_x1.2,Subj_04_Post_Relax_Frag8,Dataset/3_ROI/MEGA_AUG/aug_npz/TokyoTech_Subj_04_Post_Relax_Frag8_Subj_04_Post_Relax_Frag8_x1.2.npz,500,9,0.0,16.633333,"forehead_strip,left_cheek_big,right_cheek_big",,,,train
TokyoTech,'Subj_04_Post_Relax_Frag8_x1.4,Subj_04_Post_Relax_Frag8,Dataset/3_ROI/MEGA_AUG/aug_npz/TokyoTech_Subj_04_Post_Relax_Frag8_Subj_04_Post_Relax_Frag8_x1.4.npz,429,9,0.0,14.266667,"forehead_strip,left_cheek_big,right_cheek_big",,,,train
TokyoTech,'Subj_04_Post_Relax_Frag8_x1.6,Subj_04_Post_Relax_Frag8,Dataset/3_ROI/MEGA_AUG/aug_npz/TokyoTech_Subj_04_Post_Relax_Frag8_Subj_04_Post_Relax_Frag8_x1.6.npz,375,9,0.0,12.466667,"forehead_strip,left_cheek_big,right_cheek_big",,,,train
TokyoTech,'Subj_04_Post_Relax_Frag8_x1.8,Subj_04_Post_Relax_Frag8,Dataset/3_ROI/MEGA_AUG/aug_npz/TokyoTech_Subj_04_Post_Relax_Frag8_Subj_04_Post_Relax_Frag8_x1.8.npz,333,9,0.0,11.066667,"forehead_strip,left_cheek_big,right_cheek_big",,,,train
TokyoTech,'Subj_04_Post_Relax_Frag9,Subj_04_Post_Relax_Frag9,Dataset/3_ROI/TokyoTech_RAW/Subj_04_Post_Relax_Frag9.npz,600,9,0.0,19.966666666666665,"forehead_strip,left_cheek_big,right_cheek_big",,,,train
TokyoTech,'Subj_04_Post_Relax_Frag9_x0.55,Subj_04_Post_Relax_Frag9,Dataset/3_ROI/MEGA_AUG/aug_npz/TokyoTech_Subj_04_Post_Relax_Frag9_Subj_04_Post_Relax_Frag9_x0.55.npz,1091,9,0.0,36.333333,"forehead_strip,left_cheek_big,right_cheek_big",,,,train
TokyoTech,'Subj_04_Post_Relax_Frag9_x0.65,Subj_04_Post_Relax_Frag9,Dataset/3_ROI/MEGA_AUG/aug_npz/TokyoTech_Subj_04_Post_Relax_Frag9_Subj_04_Post_Relax_Frag9_x0.65.npz,923,9,0.0,30.733333,"forehead_strip,left_cheek_big,right_cheek_big",,,,train
TokyoTech,'Subj_04_Post_Relax_Frag9_x0.75,Subj_04_Post_Relax_Frag9,Dataset/3_ROI/MEGA_AUG/aug_npz/TokyoTech_Subj_04_Post_Relax_Frag9_Subj_04_Post_Relax_Frag9_x0.75.npz,800,9,0.0,26.633333,"forehead_strip,left_cheek_big,right_cheek_big",,,,train
TokyoTech,'Subj_04_Post_Relax_Frag9_x1.2,Subj_04_Post_Relax_Frag9,Dataset/3_ROI/MEGA_AUG/aug_npz/TokyoTech_Subj_04_Post_Relax_Frag9_Subj_04_Post_Relax_Frag9_x1.2.npz,500,9,0.0,16.633333,"forehead_strip,left_cheek_big,right_cheek_big",,,,train
TokyoTech,'Subj_04_Post_Relax_Frag9_x1.4,Subj_04_Post_Relax_Frag9,Dataset/3_ROI/MEGA_AUG/aug_npz/TokyoTech_Subj_04_Post_Relax_Frag9_Subj_04_Post_Relax_Frag9_x1.4.npz,429,9,0.0,14.266667,"forehead_strip,left_cheek_big,right_cheek_big",,,,train
TokyoTech,'Subj_04_Post_Relax_Frag9_x1.6,Subj_04_Post_Relax_Frag9,Dataset/3_ROI/MEGA_AUG/aug_npz/TokyoTech_Subj_04_Post_Relax_Frag9_Subj_04_Post_Relax_Frag9_x1.6.npz,375,9,0.0,12.466667,"forehead_strip,left_cheek_big,right_cheek_big",,,,train
TokyoTech,'Subj_04_Post_Relax_Frag9_x1.8,Subj_04_Post_Relax_Frag9,Dataset/3_ROI/MEGA_AUG/aug_npz/TokyoTech_Subj_04_Post_Relax_Frag9_Subj_04_Post_Relax_Frag9_x1.8.npz,333,9,0.0,11.066667,"forehead_strip,left_cheek_big,right_cheek_big",,,,train
TokyoTech,'Subj_04_Pre_Relax_Frag1,Subj_04_Pre_Relax_Frag1,Dataset/3_ROI/TokyoTech_RAW/Subj_04_Pre_Relax_Frag1.npz,600,9,0.0,19.966666666666665,"forehead_strip,left_cheek_big,right_cheek_big",,,,train
TokyoTech,'Subj_04_Pre_Relax_Frag1_x0.55,Subj_04_Pre_Relax_Frag1,Dataset/3_ROI/MEGA_AUG/aug_npz/TokyoTech_Subj_04_Pre_Relax_Frag1_Subj_04_Pre_Relax_Frag1_x0.55.npz,1091,9,0.0,36.333333,"forehead_strip,left_cheek_big,right_cheek_big",,,,train
TokyoTech,'Subj_04_Pre_Relax_Frag1_x0.65,Subj_04_Pre_Relax_Frag1,Dataset/3_ROI/MEGA_AUG/aug_npz/TokyoTech_Subj_04_Pre_Relax_Frag1_Subj_04_Pre_Relax_Frag1_x0.65.npz,923,9,0.0,30.733333,"forehead_strip,left_cheek_big,right_cheek_big",,,,train
TokyoTech,'Subj_04_Pre_Relax_Frag1_x0.75,Subj_04_Pre_Relax_Frag1,Dataset/3_ROI/MEGA_AUG/aug_npz/TokyoTech_Subj_04_Pre_Relax_Frag1_Subj_04_Pre_Relax_Frag1_x0.75.npz,800,9,0.0,26.633333,"forehead_strip,left_cheek_big,right_cheek_big",,,,train
TokyoTech,'Subj_04_Pre_Relax_Frag1_x1.2,Subj_04_Pre_Relax_Frag1,Dataset/3_ROI/MEGA_AUG/aug_npz/TokyoTech_Subj_04_Pre_Relax_Frag1_Subj_04_Pre_Relax_Frag1_x1.2.npz,500,9,0.0,16.633333,"forehead_strip,left_cheek_big,right_cheek_big",,,,train
TokyoTech,'Subj_04_Pre_Relax_Frag1_x1.4,Subj_04_Pre_Relax_Frag1,Dataset/3_ROI/MEGA_AUG/aug_npz/TokyoTech_Subj_04_Pre_Relax_Frag1_Subj_04_Pre_Relax_Frag1_x1.4.npz,429,9,0.0,14.266667,"forehead_strip,left_cheek_big,right_cheek_big",,,,train
TokyoTech,'Subj_04_Pre_Relax_Frag1_x1.6,Subj_04_Pre_Relax_Frag1,Dataset/3_ROI/MEGA_AUG/aug_npz/TokyoTech_Subj_04_Pre_Relax_Frag1_Subj_04_Pre_Relax_Frag1_x1.6.npz,375,9,0.0,12.466667,"forehead_strip,left_cheek_big,right_cheek_big",,,,train
TokyoTech,'Subj_04_Pre_Relax_Frag1_x1.8,Subj_04_Pre_Relax_Frag1,Dataset/3_ROI/MEGA_AUG/aug_npz/TokyoTech_Subj_04_Pre_Relax_Frag1_Subj_04_Pre_Relax_Frag1_x1.8.npz,333,9,0.0,11.066667,"forehead_strip,left_cheek_big,right_cheek_big",,,,train
TokyoTech,'Subj_04_Pre_Relax_Frag2,Subj_04_Pre_Relax_Frag2,Dataset/3_ROI/TokyoTech_RAW/Subj_04_Pre_Relax_Frag2.npz,600,9,0.0,19.966666666666665,"forehead_strip,left_cheek_big,right_cheek_big",,,,train
TokyoTech,'Subj_04_Pre_Relax_Frag2_x0.55,Subj_04_Pre_Relax_Frag2,Dataset/3_ROI/MEGA_AUG/aug_npz/TokyoTech_Subj_04_Pre_Relax_Frag2_Subj_04_Pre_Relax_Frag2_x0.55.npz,1091,9,0.0,36.333333,"forehead_strip,left_cheek_big,right_cheek_big",,,,train
TokyoTech,'Subj_04_Pre_Relax_Frag2_x0.65,Subj_04_Pre_Relax_Frag2,Dataset/3_ROI/MEGA_AUG/aug_npz/TokyoTech_Subj_04_Pre_Relax_Frag2_Subj_04_Pre_Relax_Frag2_x0.65.npz,923,9,0.0,30.733333,"forehead_strip,left_cheek_big,right_cheek_big",,,,train
TokyoTech,'Subj_04_Pre_Relax_Frag2_x0.75,Subj_04_Pre_Relax_Frag2,Dataset/3_ROI/MEGA_AUG/aug_npz/TokyoTech_Subj_04_Pre_Relax_Frag2_Subj_04_Pre_Relax_Frag2_x0.75.npz,800,9,0.0,26.633333,"forehead_strip,left_cheek_big,right_cheek_big",,,,train
TokyoTech,'Subj_04_Pre_Relax_Frag2_x1.2,Subj_04_Pre_Relax_Frag2,Dataset/3_ROI/MEGA_AUG/aug_npz/TokyoTech_Subj_04_Pre_Relax_Frag2_Subj_04_Pre_Relax_Frag2_x1.2.npz,500,9,0.0,16.633333,"forehead_strip,left_cheek_big,right_cheek_big",,,,train
TokyoTech,'Subj_04_Pre_Relax_Frag2_x1.4,Subj_04_Pre_Relax_Frag2,Dataset/3_ROI/MEGA_AUG/aug_npz/TokyoTech_Subj_04_Pre_Relax_Frag2_Subj_04_Pre_Relax_Frag2_x1.4.npz,429,9,0.0,14.266667,"forehead_strip,left_cheek_big,right_cheek_big",,,,train
TokyoTech,'Subj_04_Pre_Relax_Frag2_x1.6,Subj_04_Pre_Relax_Frag2,Dataset/3_ROI/MEGA_AUG/aug_npz/TokyoTech_Subj_04_Pre_Relax_Frag2_Subj_04_Pre_Relax_Frag2_x1.6.npz,375,9,0.0,12.466667,"forehead_strip,left_cheek_big,right_cheek_big",,,,train
TokyoTech,'Subj_04_Pre_Relax_Frag2_x1.8,Subj_04_Pre_Relax_Frag2,Dataset/3_ROI/MEGA_AUG/aug_npz/TokyoTech_Subj_04_Pre_Relax_Frag2_Subj_04_Pre_Relax_Frag2_x1.8.npz,333,9,0.0,11.066667,"forehead_strip,left_cheek_big,right_cheek_big",,,,train
TokyoTech,'Subj_04_Pre_Relax_Frag3,Subj_04_Pre_Relax_Frag3,Dataset/3_ROI/TokyoTech_RAW/Subj_04_Pre_Relax_Frag3.npz,600,9,0.0,19.966666666666665,"forehead_strip,left_cheek_big,right_cheek_big",,,,train
TokyoTech,'Subj_04_Pre_Relax_Frag3_x0.55,Subj_04_Pre_Relax_Frag3,Dataset/3_ROI/MEGA_AUG/aug_npz/TokyoTech_Subj_04_Pre_Relax_Frag3_Subj_04_Pre_Relax_Frag3_x0.55.npz,1091,9,0.0,36.333333,"forehead_strip,left_cheek_big,right_cheek_big",,,,train
TokyoTech,'Subj_04_Pre_Relax_Frag3_x0.65,Subj_04_Pre_Relax_Frag3,Dataset/3_ROI/MEGA_AUG/aug_npz/TokyoTech_Subj_04_Pre_Relax_Frag3_Subj_04_Pre_Relax_Frag3_x0.65.npz,923,9,0.0,30.733333,"forehead_strip,left_cheek_big,right_cheek_big",,,,train
TokyoTech,'Subj_04_Pre_Relax_Frag3_x0.75,Subj_04_Pre_Relax_Frag3,Dataset/3_ROI/MEGA_AUG/aug_npz/TokyoTech_Subj_04_Pre_Relax_Frag3_Subj_04_Pre_Relax_Frag3_x0.75.npz,800,9,0.0,26.633333,"forehead_strip,left_cheek_big,right_cheek_big",,,,train
TokyoTech,'Subj_04_Pre_Relax_Frag3_x1.2,Subj_04_Pre_Relax_Frag3,Dataset/3_ROI/MEGA_AUG/aug_npz/TokyoTech_Subj_04_Pre_Relax_Frag3_Subj_04_Pre_Relax_Frag3_x1.2.npz,500,9,0.0,16.633333,"forehead_strip,left_cheek_big,right_cheek_big",,,,train
TokyoTech,'Subj_04_Pre_Relax_Frag3_x1.4,Subj_04_Pre_Relax_Frag3,Dataset/3_ROI/MEGA_AUG/aug_npz/TokyoTech_Subj_04_Pre_Relax_Frag3_Subj_04_Pre_Relax_Frag3_x1.4.npz,429,9,0.0,14.266667,"forehead_strip,left_cheek_big,right_cheek_big",,,,train
TokyoTech,'Subj_04_Pre_Relax_Frag3_x1.6,Subj_04_Pre_Relax_Frag3,Dataset/3_ROI/MEGA_AUG/aug_npz/TokyoTech_Subj_04_Pre_Relax_Frag3_Subj_04_Pre_Relax_Frag3_x1.6.npz,375,9,0.0,12.466667,"forehead_strip,left_cheek_big,right_cheek_big",,,,train
TokyoTech,'Subj_04_Pre_Relax_Frag3_x1.8,Subj_04_Pre_Relax_Frag3,Dataset/3_ROI/MEGA_AUG/aug_npz/TokyoTech_Subj_04_Pre_Relax_Frag3_Subj_04_Pre_Relax_Frag3_x1.8.npz,333,9,0.0,11.066667,"forehead_strip,left_cheek_big,right_cheek_big",,,,train
TokyoTech,'Subj_05_Exercise_Frag4,Subj_05_Exercise_Frag4,Dataset/3_ROI/TokyoTech_RAW/Subj_05_Exercise_Frag4.npz,600,9,0.0,19.966666666666665,"forehead_strip,left_cheek_big,right_cheek_big",,,,train
TokyoTech,'Subj_05_Exercise_Frag4_x0.55,Subj_05_Exercise_Frag4,Dataset/3_ROI/MEGA_AUG/aug_npz/TokyoTech_Subj_05_Exercise_Frag4_Subj_05_Exercise_Frag4_x0.55.npz,1091,9,0.0,36.333333,"forehead_strip,left_cheek_big,right_cheek_big",,,,train
TokyoTech,'Subj_05_Exercise_Frag4_x0.65,Subj_05_Exercise_Frag4,Dataset/3_ROI/MEGA_AUG/aug_npz/TokyoTech_Subj_05_Exercise_Frag4_Subj_05_Exercise_Frag4_x0.65.npz,923,9,0.0,30.733333,"forehead_strip,left_cheek_big,right_cheek_big",,,,train
TokyoTech,'Subj_05_Exercise_Frag4_x0.75,Subj_05_Exercise_Frag4,Dataset/3_ROI/MEGA_AUG/aug_npz/TokyoTech_Subj_05_Exercise_Frag4_Subj_05_Exercise_Frag4_x0.75.npz,800,9,0.0,26.633333,"forehead_strip,left_cheek_big,right_cheek_big",,,,train
TokyoTech,'Subj_05_Exercise_Frag4_x1.2,Subj_05_Exercise_Frag4,Dataset/3_ROI/MEGA_AUG/aug_npz/TokyoTech_Subj_05_Exercise_Frag4_Subj_05_Exercise_Frag4_x1.2.npz,500,9,0.0,16.633333,"forehead_strip,left_cheek_big,right_cheek_big",,,,train
TokyoTech,'Subj_05_Exercise_Frag4_x1.4,Subj_05_Exercise_Frag4,Dataset/3_ROI/MEGA_AUG/aug_npz/TokyoTech_Subj_05_Exercise_Frag4_Subj_05_Exercise_Frag4_x1.4.npz,429,9,0.0,14.266667,"forehead_strip,left_cheek_big,right_cheek_big",,,,train
TokyoTech,'Subj_05_Exercise_Frag4_x1.6,Subj_05_Exercise_Frag4,Dataset/3_ROI/MEGA_AUG/aug_npz/TokyoTech_Subj_05_Exercise_Frag4_Subj_05_Exercise_Frag4_x1.6.npz,375,9,0.0,12.466667,"forehead_strip,left_cheek_big,right_cheek_big",,,,train
TokyoTech,'Subj_05_Exercise_Frag4_x1.8,Subj_05_Exercise_Frag4,Dataset/3_ROI/MEGA_AUG/aug_npz/TokyoTech_Subj_05_Exercise_Frag4_Subj_05_Exercise_Frag4_x1.8.npz,333,9,0.0,11.066667,"forehead_strip,left_cheek_big,right_cheek_big",,,,train
TokyoTech,'Subj_05_Exercise_Frag5,Subj_05_Exercise_Frag5,Dataset/3_ROI/TokyoTech_RAW/Subj_05_Exercise_Frag5.npz,600,9,0.0,19.966666666666665,"forehead_strip,left_cheek_big,right_cheek_big",,,,train
TokyoTech,'Subj_05_Exercise_Frag5_x0.55,Subj_05_Exercise_Frag5,Dataset/3_ROI/MEGA_AUG/aug_npz/TokyoTech_Subj_05_Exercise_Frag5_Subj_05_Exercise_Frag5_x0.55.npz,1091,9,0.0,36.333333,"forehead_strip,left_cheek_big,right_cheek_big",,,,train
TokyoTech,'Subj_05_Exercise_Frag5_x0.65,Subj_05_Exercise_Frag5,Dataset/3_ROI/MEGA_AUG/aug_npz/TokyoTech_Subj_05_Exercise_Frag5_Subj_05_Exercise_Frag5_x0.65.npz,923,9,0.0,30.733333,"forehead_strip,left_cheek_big,right_cheek_big",,,,train
TokyoTech,'Subj_05_Exercise_Frag5_x0.75,Subj_05_Exercise_Frag5,Dataset/3_ROI/MEGA_AUG/aug_npz/TokyoTech_Subj_05_Exercise_Frag5_Subj_05_Exercise_Frag5_x0.75.npz,800,9,0.0,26.633333,"forehead_strip,left_cheek_big,right_cheek_big",,,,train
TokyoTech,'Subj_05_Exercise_Frag5_x1.2,Subj_05_Exercise_Frag5,Dataset/3_ROI/MEGA_AUG/aug_npz/TokyoTech_Subj_05_Exercise_Frag5_Subj_05_Exercise_Frag5_x1.2.npz,500,9,0.0,16.633333,"forehead_strip,left_cheek_big,right_cheek_big",,,,train
TokyoTech,'Subj_05_Exercise_Frag5_x1.4,Subj_05_Exercise_Frag5,Dataset/3_ROI/MEGA_AUG/aug_npz/TokyoTech_Subj_05_Exercise_Frag5_Subj_05_Exercise_Frag5_x1.4.npz,429,9,0.0,14.266667,"forehead_strip,left_cheek_big,right_cheek_big",,,,train
TokyoTech,'Subj_05_Exercise_Frag5_x1.6,Subj_05_Exercise_Frag5,Dataset/3_ROI/MEGA_AUG/aug_npz/TokyoTech_Subj_05_Exercise_Frag5_Subj_05_Exercise_Frag5_x1.6.npz,375,9,0.0,12.466667,"forehead_strip,left_cheek_big,right_cheek_big",,,,train
TokyoTech,'Subj_05_Exercise_Frag5_x1.8,Subj_05_Exercise_Frag5,Dataset/3_ROI/MEGA_AUG/aug_npz/TokyoTech_Subj_05_Exercise_Frag5_Subj_05_Exercise_Frag5_x1.8.npz,333,9,0.0,11.066667,"forehead_strip,left_cheek_big,right_cheek_big",,,,train
TokyoTech,'Subj_05_Exercise_Frag6,Subj_05_Exercise_Frag6,Dataset/3_ROI/TokyoTech_RAW/Subj_05_Exercise_Frag6.npz,600,9,0.0,19.966666666666665,"forehead_strip,left_cheek_big,right_cheek_big",,,,train
TokyoTech,'Subj_05_Exercise_Frag6_x0.55,Subj_05_Exercise_Frag6,Dataset/3_ROI/MEGA_AUG/aug_npz/TokyoTech_Subj_05_Exercise_Frag6_Subj_05_Exercise_Frag6_x0.55.npz,1091,9,0.0,36.333333,"forehead_strip,left_cheek_big,right_cheek_big",,,,train
TokyoTech,'Subj_05_Exercise_Frag6_x0.65,Subj_05_Exercise_Frag6,Dataset/3_ROI/MEGA_AUG/aug_npz/TokyoTech_Subj_05_Exercise_Frag6_Subj_05_Exercise_Frag6_x0.65.npz,923,9,0.0,30.733333,"forehead_strip,left_cheek_big,right_cheek_big",,,,train
TokyoTech,'Subj_05_Exercise_Frag6_x0.75,Subj_05_Exercise_Frag6,Dataset/3_ROI/MEGA_AUG/aug_npz/TokyoTech_Subj_05_Exercise_Frag6_Subj_05_Exercise_Frag6_x0.75.npz,800,9,0.0,26.633333,"forehead_strip,left_cheek_big,right_cheek_big",,,,train
TokyoTech,'Subj_05_Exercise_Frag6_x1.2,Subj_05_Exercise_Frag6,Dataset/3_ROI/MEGA_AUG/aug_npz/TokyoTech_Subj_05_Exercise_Frag6_Subj_05_Exercise_Frag6_x1.2.npz,500,9,0.0,16.633333,"forehead_strip,left_cheek_big,right_cheek_big",,,,train
TokyoTech,'Subj_05_Exercise_Frag6_x1.4,Subj_05_Exercise_Frag6,Dataset/3_ROI/MEGA_AUG/aug_npz/TokyoTech_Subj_05_Exercise_Frag6_Subj_05_Exercise_Frag6_x1.4.npz,429,9,0.0,14.266667,"forehead_strip,left_cheek_big,right_cheek_big",,,,train
TokyoTech,'Subj_05_Exercise_Frag6_x1.6,Subj_05_Exercise_Frag6,Dataset/3_ROI/MEGA_AUG/aug_npz/TokyoTech_Subj_05_Exercise_Frag6_Subj_05_Exercise_Frag6_x1.6.npz,375,9,0.0,12.466667,"forehead_strip,left_cheek_big,right_cheek_big",,,,train
TokyoTech,'Subj_05_Exercise_Frag6_x1.8,Subj_05_Exercise_Frag6,Dataset/3_ROI/MEGA_AUG/aug_npz/TokyoTech_Subj_05_Exercise_Frag6_Subj_05_Exercise_Frag6_x1.8.npz,333,9,0.0,11.066667,"forehead_strip,left_cheek_big,right_cheek_big",,,,train
TokyoTech,'Subj_05_Post_Relax_Frag7,Subj_05_Post_Relax_Frag7,Dataset/3_ROI/TokyoTech_RAW/Subj_05_Post_Relax_Frag7.npz,600,9,0.0,19.966666666666665,"forehead_strip,left_cheek_big,right_cheek_big",,,,train
TokyoTech,'Subj_05_Post_Relax_Frag7_x0.65,Subj_05_Post_Relax_Frag7,Dataset/3_ROI/MEGA_AUG/aug_npz/TokyoTech_Subj_05_Post_Relax_Frag7_Subj_05_Post_Relax_Frag7_x0.65.npz,923,9,0.0,30.733333,"forehead_strip,left_cheek_big,right_cheek_big",,,,train
TokyoTech,'Subj_05_Post_Relax_Frag7_x0.75,Subj_05_Post_Relax_Frag7,Dataset/3_ROI/MEGA_AUG/aug_npz/TokyoTech_Subj_05_Post_Relax_Frag7_Subj_05_Post_Relax_Frag7_x0.75.npz,800,9,0.0,26.633333,"forehead_strip,left_cheek_big,right_cheek_big",,,,train
TokyoTech,'Subj_05_Post_Relax_Frag7_x1.2,Subj_05_Post_Relax_Frag7,Dataset/3_ROI/MEGA_AUG/aug_npz/TokyoTech_Subj_05_Post_Relax_Frag7_Subj_05_Post_Relax_Frag7_x1.2.npz,500,9,0.0,16.633333,"forehead_strip,left_cheek_big,right_cheek_big",,,,train
TokyoTech,'Subj_05_Post_Relax_Frag7_x1.4,Subj_05_Post_Relax_Frag7,Dataset/3_ROI/MEGA_AUG/aug_npz/TokyoTech_Subj_05_Post_Relax_Frag7_Subj_05_Post_Relax_Frag7_x1.4.npz,429,9,0.0,14.266667,"forehead_strip,left_cheek_big,right_cheek_big",,,,train
TokyoTech,'Subj_05_Post_Relax_Frag7_x1.6,Subj_05_Post_Relax_Frag7,Dataset/3_ROI/MEGA_AUG/aug_npz/TokyoTech_Subj_05_Post_Relax_Frag7_Subj_05_Post_Relax_Frag7_x1.6.npz,375,9,0.0,12.466667,"forehead_strip,left_cheek_big,right_cheek_big",,,,train
TokyoTech,'Subj_05_Post_Relax_Frag7_x1.8,Subj_05_Post_Relax_Frag7,Dataset/3_ROI/MEGA_AUG/aug_npz/TokyoTech_Subj_05_Post_Relax_Frag7_Subj_05_Post_Relax_Frag7_x1.8.npz,333,9,0.0,11.066667,"forehead_strip,left_cheek_big,right_cheek_big",,,,train
TokyoTech,'Subj_05_Post_Relax_Frag8,Subj_05_Post_Relax_Frag8,Dataset/3_ROI/TokyoTech_RAW/Subj_05_Post_Relax_Frag8.npz,600,9,0.0,19.966666666666665,"forehead_strip,left_cheek_big,right_cheek_big",,,,train
TokyoTech,'Subj_05_Post_Relax_Frag8_x0.55,Subj_05_Post_Relax_Frag8,Dataset/3_ROI/MEGA_AUG/aug_npz/TokyoTech_Subj_05_Post_Relax_Frag8_Subj_05_Post_Relax_Frag8_x0.55.npz,1091,9,0.0,36.333333,"forehead_strip,left_cheek_big,right_cheek_big",,,,train
TokyoTech,'Subj_05_Post_Relax_Frag8_x0.65,Subj_05_Post_Relax_Frag8,Dataset/3_ROI/MEGA_AUG/aug_npz/TokyoTech_Subj_05_Post_Relax_Frag8_Subj_05_Post_Relax_Frag8_x0.65.npz,923,9,0.0,30.733333,"forehead_strip,left_cheek_big,right_cheek_big",,,,train
TokyoTech,'Subj_05_Post_Relax_Frag8_x0.75,Subj_05_Post_Relax_Frag8,Dataset/3_ROI/MEGA_AUG/aug_npz/TokyoTech_Subj_05_Post_Relax_Frag8_Subj_05_Post_Relax_Frag8_x0.75.npz,800,9,0.0,26.633333,"forehead_strip,left_cheek_big,right_cheek_big",,,,train
TokyoTech,'Subj_05_Post_Relax_Frag8_x1.2,Subj_05_Post_Relax_Frag8,Dataset/3_ROI/MEGA_AUG/aug_npz/TokyoTech_Subj_05_Post_Relax_Frag8_Subj_05_Post_Relax_Frag8_x1.2.npz,500,9,0.0,16.633333,"forehead_strip,left_cheek_big,right_cheek_big",,,,train
TokyoTech,'Subj_05_Post_Relax_Frag8_x1.4,Subj_05_Post_Relax_Frag8,Dataset/3_ROI/MEGA_AUG/aug_npz/TokyoTech_Subj_05_Post_Relax_Frag8_Subj_05_Post_Relax_Frag8_x1.4.npz,429,9,0.0,14.266667,"forehead_strip,left_cheek_big,right_cheek_big",,,,train
TokyoTech,'Subj_05_Post_Relax_Frag8_x1.6,Subj_05_Post_Relax_Frag8,Dataset/3_ROI/MEGA_AUG/aug_npz/TokyoTech_Subj_05_Post_Relax_Frag8_Subj_05_Post_Relax_Frag8_x1.6.npz,375,9,0.0,12.466667,"forehead_strip,left_cheek_big,right_cheek_big",,,,train
TokyoTech,'Subj_05_Post_Relax_Frag8_x1.8,Subj_05_Post_Relax_Frag8,Dataset/3_ROI/MEGA_AUG/aug_npz/TokyoTech_Subj_05_Post_Relax_Frag8_Subj_05_Post_Relax_Frag8_x1.8.npz,333,9,0.0,11.066667,"forehead_strip,left_cheek_big,right_cheek_big",,,,train
TokyoTech,'Subj_05_Post_Relax_Frag9,Subj_05_Post_Relax_Frag9,Dataset/3_ROI/TokyoTech_RAW/Subj_05_Post_Relax_Frag9.npz,600,9,0.0,19.966666666666665,"forehead_strip,left_cheek_big,right_cheek_big",,,,train
TokyoTech,'Subj_05_Post_Relax_Frag9_x0.65,Subj_05_Post_Relax_Frag9,Dataset/3_ROI/MEGA_AUG/aug_npz/TokyoTech_Subj_05_Post_Relax_Frag9_Subj_05_Post_Relax_Frag9_x0.65.npz,923,9,0.0,30.733333,"forehead_strip,left_cheek_big,right_cheek_big",,,,train
TokyoTech,'Subj_05_Post_Relax_Frag9_x0.75,Subj_05_Post_Relax_Frag9,Dataset/3_ROI/MEGA_AUG/aug_npz/TokyoTech_Subj_05_Post_Relax_Frag9_Subj_05_Post_Relax_Frag9_x0.75.npz,800,9,0.0,26.633333,"forehead_strip,left_cheek_big,right_cheek_big",,,,train
TokyoTech,'Subj_05_Post_Relax_Frag9_x1.2,Subj_05_Post_Relax_Frag9,Dataset/3_ROI/MEGA_AUG/aug_npz/TokyoTech_Subj_05_Post_Relax_Frag9_Subj_05_Post_Relax_Frag9_x1.2.npz,500,9,0.0,16.633333,"forehead_strip,left_cheek_big,right_cheek_big",,,,train
TokyoTech,'Subj_05_Post_Relax_Frag9_x1.4,Subj_05_Post_Relax_Frag9,Dataset/3_ROI/MEGA_AUG/aug_npz/TokyoTech_Subj_05_Post_Relax_Frag9_Subj_05_Post_Relax_Frag9_x1.4.npz,429,9,0.0,14.266667,"forehead_strip,left_cheek_big,right_cheek_big",,,,train
TokyoTech,'Subj_05_Post_Relax_Frag9_x1.6,Subj_05_Post_Relax_Frag9,Dataset/3_ROI/MEGA_AUG/aug_npz/TokyoTech_Subj_05_Post_Relax_Frag9_Subj_05_Post_Relax_Frag9_x1.6.npz,375,9,0.0,12.466667,"forehead_strip,left_cheek_big,right_cheek_big",,,,train
TokyoTech,'Subj_05_Post_Relax_Frag9_x1.8,Subj_05_Post_Relax_Frag9,Dataset/3_ROI/MEGA_AUG/aug_npz/TokyoTech_Subj_05_Post_Relax_Frag9_Subj_05_Post_Relax_Frag9_x1.8.npz,333,9,0.0,11.066667,"forehead_strip,left_cheek_big,right_cheek_big",,,,train
TokyoTech,'Subj_05_Pre_Relax_Frag1,Subj_05_Pre_Relax_Frag1,Dataset/3_ROI/TokyoTech_RAW/Subj_05_Pre_Relax_Frag1.npz,600,9,0.0,19.966666666666665,"forehead_strip,left_cheek_big,right_cheek_big",,,,train
TokyoTech,'Subj_05_Pre_Relax_Frag1_x0.65,Subj_05_Pre_Relax_Frag1,Dataset/3_ROI/MEGA_AUG/aug_npz/TokyoTech_Subj_05_Pre_Relax_Frag1_Subj_05_Pre_Relax_Frag1_x0.65.npz,923,9,0.0,30.733333,"forehead_strip,left_cheek_big,right_cheek_big",,,,train
TokyoTech,'Subj_05_Pre_Relax_Frag1_x0.75,Subj_05_Pre_Relax_Frag1,Dataset/3_ROI/MEGA_AUG/aug_npz/TokyoTech_Subj_05_Pre_Relax_Frag1_Subj_05_Pre_Relax_Frag1_x0.75.npz,800,9,0.0,26.633333,"forehead_strip,left_cheek_big,right_cheek_big",,,,train
TokyoTech,'Subj_05_Pre_Relax_Frag1_x1.2,Subj_05_Pre_Relax_Frag1,Dataset/3_ROI/MEGA_AUG/aug_npz/TokyoTech_Subj_05_Pre_Relax_Frag1_Subj_05_Pre_Relax_Frag1_x1.2.npz,500,9,0.0,16.633333,"forehead_strip,left_cheek_big,right_cheek_big",,,,train
TokyoTech,'Subj_05_Pre_Relax_Frag1_x1.4,Subj_05_Pre_Relax_Frag1,Dataset/3_ROI/MEGA_AUG/aug_npz/TokyoTech_Subj_05_Pre_Relax_Frag1_Subj_05_Pre_Relax_Frag1_x1.4.npz,429,9,0.0,14.266667,"forehead_strip,left_cheek_big,right_cheek_big",,,,train
TokyoTech,'Subj_05_Pre_Relax_Frag1_x1.6,Subj_05_Pre_Relax_Frag1,Dataset/3_ROI/MEGA_AUG/aug_npz/TokyoTech_Subj_05_Pre_Relax_Frag1_Subj_05_Pre_Relax_Frag1_x1.6.npz,375,9,0.0,12.466667,"forehead_strip,left_cheek_big,right_cheek_big",,,,train
TokyoTech,'Subj_05_Pre_Relax_Frag1_x1.8,Subj_05_Pre_Relax_Frag1,Dataset/3_ROI/MEGA_AUG/aug_npz/TokyoTech_Subj_05_Pre_Relax_Frag1_Subj_05_Pre_Relax_Frag1_x1.8.npz,333,9,0.0,11.066667,"forehead_strip,left_cheek_big,right_cheek_big",,,,train
TokyoTech,'Subj_05_Pre_Relax_Frag2,Subj_05_Pre_Relax_Frag2,Dataset/3_ROI/TokyoTech_RAW/Subj_05_Pre_Relax_Frag2.npz,600,9,0.0,19.966666666666665,"forehead_strip,left_cheek_big,right_cheek_big",,,,train
TokyoTech,'Subj_05_Pre_Relax_Frag2_x0.55,Subj_05_Pre_Relax_Frag2,Dataset/3_ROI/MEGA_AUG/aug_npz/TokyoTech_Subj_05_Pre_Relax_Frag2_Subj_05_Pre_Relax_Frag2_x0.55.npz,1091,9,0.0,36.333333,"forehead_strip,left_cheek_big,right_cheek_big",,,,train
TokyoTech,'Subj_05_Pre_Relax_Frag2_x0.65,Subj_05_Pre_Relax_Frag2,Dataset/3_ROI/MEGA_AUG/aug_npz/TokyoTech_Subj_05_Pre_Relax_Frag2_Subj_05_Pre_Relax_Frag2_x0.65.npz,923,9,0.0,30.733333,"forehead_strip,left_cheek_big,right_cheek_big",,,,train
TokyoTech,'Subj_05_Pre_Relax_Frag2_x0.75,Subj_05_Pre_Relax_Frag2,Dataset/3_ROI/MEGA_AUG/aug_npz/TokyoTech_Subj_05_Pre_Relax_Frag2_Subj_05_Pre_Relax_Frag2_x0.75.npz,800,9,0.0,26.633333,"forehead_strip,left_cheek_big,right_cheek_big",,,,train
TokyoTech,'Subj_05_Pre_Relax_Frag2_x1.2,Subj_05_Pre_Relax_Frag2,Dataset/3_ROI/MEGA_AUG/aug_npz/TokyoTech_Subj_05_Pre_Relax_Frag2_Subj_05_Pre_Relax_Frag2_x1.2.npz,500,9,0.0,16.633333,"forehead_strip,left_cheek_big,right_cheek_big",,,,train
TokyoTech,'Subj_05_Pre_Relax_Frag2_x1.4,Subj_05_Pre_Relax_Frag2,Dataset/3_ROI/MEGA_AUG/aug_npz/TokyoTech_Subj_05_Pre_Relax_Frag2_Subj_05_Pre_Relax_Frag2_x1.4.npz,429,9,0.0,14.266667,"forehead_strip,left_cheek_big,right_cheek_big",,,,train
TokyoTech,'Subj_05_Pre_Relax_Frag2_x1.6,Subj_05_Pre_Relax_Frag2,Dataset/3_ROI/MEGA_AUG/aug_npz/TokyoTech_Subj_05_Pre_Relax_Frag2_Subj_05_Pre_Relax_Frag2_x1.6.npz,375,9,0.0,12.466667,"forehead_strip,left_cheek_big,right_cheek_big",,,,train
TokyoTech,'Subj_05_Pre_Relax_Frag2_x1.8,Subj_05_Pre_Relax_Frag2,Dataset/3_ROI/MEGA_AUG/aug_npz/TokyoTech_Subj_05_Pre_Relax_Frag2_Subj_05_Pre_Relax_Frag2_x1.8.npz,333,9,0.0,11.066667,"forehead_strip,left_cheek_big,right_cheek_big",,,,train
TokyoTech,'Subj_05_Pre_Relax_Frag3,Subj_05_Pre_Relax_Frag3,Dataset/3_ROI/TokyoTech_RAW/Subj_05_Pre_Relax_Frag3.npz,600,9,0.0,19.966666666666665,"forehead_strip,left_cheek_big,right_cheek_big",,,,train
TokyoTech,'Subj_05_Pre_Relax_Frag3_x0.55,Subj_05_Pre_Relax_Frag3,Dataset/3_ROI/MEGA_AUG/aug_npz/TokyoTech_Subj_05_Pre_Relax_Frag3_Subj_05_Pre_Relax_Frag3_x0.55.npz,1091,9,0.0,36.333333,"forehead_strip,left_cheek_big,right_cheek_big",,,,train
TokyoTech,'Subj_05_Pre_Relax_Frag3_x0.65,Subj_05_Pre_Relax_Frag3,Dataset/3_ROI/MEGA_AUG/aug_npz/TokyoTech_Subj_05_Pre_Relax_Frag3_Subj_05_Pre_Relax_Frag3_x0.65.npz,923,9,0.0,30.733333,"forehead_strip,left_cheek_big,right_cheek_big",,,,train
TokyoTech,'Subj_05_Pre_Relax_Frag3_x0.75,Subj_05_Pre_Relax_Frag3,Dataset/3_ROI/MEGA_AUG/aug_npz/TokyoTech_Subj_05_Pre_Relax_Frag3_Subj_05_Pre_Relax_Frag3_x0.75.npz,800,9,0.0,26.633333,"forehead_strip,left_cheek_big,right_cheek_big",,,,train
TokyoTech,'Subj_05_Pre_Relax_Frag3_x1.2,Subj_05_Pre_Relax_Frag3,Dataset/3_ROI/MEGA_AUG/aug_npz/TokyoTech_Subj_05_Pre_Relax_Frag3_Subj_05_Pre_Relax_Frag3_x1.2.npz,500,9,0.0,16.633333,"forehead_strip,left_cheek_big,right_cheek_big",,,,train
TokyoTech,'Subj_05_Pre_Relax_Frag3_x1.4,Subj_05_Pre_Relax_Frag3,Dataset/3_ROI/MEGA_AUG/aug_npz/TokyoTech_Subj_05_Pre_Relax_Frag3_Subj_05_Pre_Relax_Frag3_x1.4.npz,429,9,0.0,14.266667,"forehead_strip,left_cheek_big,right_cheek_big",,,,train
TokyoTech,'Subj_05_Pre_Relax_Frag3_x1.6,Subj_05_Pre_Relax_Frag3,Dataset/3_ROI/MEGA_AUG/aug_npz/TokyoTech_Subj_05_Pre_Relax_Frag3_Subj_05_Pre_Relax_Frag3_x1.6.npz,375,9,0.0,12.466667,"forehead_strip,left_cheek_big,right_cheek_big",,,,train
TokyoTech,'Subj_05_Pre_Relax_Frag3_x1.8,Subj_05_Pre_Relax_Frag3,Dataset/3_ROI/MEGA_AUG/aug_npz/TokyoTech_Subj_05_Pre_Relax_Frag3_Subj_05_Pre_Relax_Frag3_x1.8.npz,333,9,0.0,11.066667,"forehead_strip,left_cheek_big,right_cheek_big",,,,train
TokyoTech,'Subj_06_Exercise_Frag4,Subj_06_Exercise_Frag4,Dataset/3_ROI/TokyoTech_RAW/Subj_06_Exercise_Frag4.npz,600,9,0.0,19.966666666666665,"forehead_strip,left_cheek_big,right_cheek_big",,,,train
TokyoTech,'Subj_06_Exercise_Frag4_x0.55,Subj_06_Exercise_Frag4,Dataset/3_ROI/MEGA_AUG/aug_npz/TokyoTech_Subj_06_Exercise_Frag4_Subj_06_Exercise_Frag4_x0.55.npz,1091,9,0.0,36.333333,"forehead_strip,left_cheek_big,right_cheek_big",,,,train
TokyoTech,'Subj_06_Exercise_Frag4_x0.65,Subj_06_Exercise_Frag4,Dataset/3_ROI/MEGA_AUG/aug_npz/TokyoTech_Subj_06_Exercise_Frag4_Subj_06_Exercise_Frag4_x0.65.npz,923,9,0.0,30.733333,"forehead_strip,left_cheek_big,right_cheek_big",,,,train
TokyoTech,'Subj_06_Exercise_Frag4_x0.75,Subj_06_Exercise_Frag4,Dataset/3_ROI/MEGA_AUG/aug_npz/TokyoTech_Subj_06_Exercise_Frag4_Subj_06_Exercise_Frag4_x0.75.npz,800,9,0.0,26.633333,"forehead_strip,left_cheek_big,right_cheek_big",,,,train
TokyoTech,'Subj_06_Exercise_Frag4_x1.2,Subj_06_Exercise_Frag4,Dataset/3_ROI/MEGA_AUG/aug_npz/TokyoTech_Subj_06_Exercise_Frag4_Subj_06_Exercise_Frag4_x1.2.npz,500,9,0.0,16.633333,"forehead_strip,left_cheek_big,right_cheek_big",,,,train
TokyoTech,'Subj_06_Exercise_Frag4_x1.4,Subj_06_Exercise_Frag4,Dataset/3_ROI/MEGA_AUG/aug_npz/TokyoTech_Subj_06_Exercise_Frag4_Subj_06_Exercise_Frag4_x1.4.npz,429,9,0.0,14.266667,"forehead_strip,left_cheek_big,right_cheek_big",,,,train
TokyoTech,'Subj_06_Exercise_Frag4_x1.6,Subj_06_Exercise_Frag4,Dataset/3_ROI/MEGA_AUG/aug_npz/TokyoTech_Subj_06_Exercise_Frag4_Subj_06_Exercise_Frag4_x1.6.npz,375,9,0.0,12.466667,"forehead_strip,left_cheek_big,right_cheek_big",,,,train
TokyoTech,'Subj_06_Exercise_Frag4_x1.8,Subj_06_Exercise_Frag4,Dataset/3_ROI/MEGA_AUG/aug_npz/TokyoTech_Subj_06_Exercise_Frag4_Subj_06_Exercise_Frag4_x1.8.npz,333,9,0.0,11.066667,"forehead_strip,left_cheek_big,right_cheek_big",,,,train
TokyoTech,'Subj_06_Exercise_Frag5,Subj_06_Exercise_Frag5,Dataset/3_ROI/TokyoTech_RAW/Subj_06_Exercise_Frag5.npz,600,9,0.0,19.966666666666665,"forehead_strip,left_cheek_big,right_cheek_big",,,,train
TokyoTech,'Subj_06_Exercise_Frag5_x0.55,Subj_06_Exercise_Frag5,Dataset/3_ROI/MEGA_AUG/aug_npz/TokyoTech_Subj_06_Exercise_Frag5_Subj_06_Exercise_Frag5_x0.55.npz,1091,9,0.0,36.333333,"forehead_strip,left_cheek_big,right_cheek_big",,,,train
TokyoTech,'Subj_06_Exercise_Frag5_x0.65,Subj_06_Exercise_Frag5,Dataset/3_ROI/MEGA_AUG/aug_npz/TokyoTech_Subj_06_Exercise_Frag5_Subj_06_Exercise_Frag5_x0.65.npz,923,9,0.0,30.733333,"forehead_strip,left_cheek_big,right_cheek_big",,,,train
TokyoTech,'Subj_06_Exercise_Frag5_x0.75,Subj_06_Exercise_Frag5,Dataset/3_ROI/MEGA_AUG/aug_npz/TokyoTech_Subj_06_Exercise_Frag5_Subj_06_Exercise_Frag5_x0.75.npz,800,9,0.0,26.633333,"forehead_strip,left_cheek_big,right_cheek_big",,,,train
TokyoTech,'Subj_06_Exercise_Frag5_x1.2,Subj_06_Exercise_Frag5,Dataset/3_ROI/MEGA_AUG/aug_npz/TokyoTech_Subj_06_Exercise_Frag5_Subj_06_Exercise_Frag5_x1.2.npz,500,9,0.0,16.633333,"forehead_strip,left_cheek_big,right_cheek_big",,,,train
TokyoTech,'Subj_06_Exercise_Frag5_x1.4,Subj_06_Exercise_Frag5,Dataset/3_ROI/MEGA_AUG/aug_npz/TokyoTech_Subj_06_Exercise_Frag5_Subj_06_Exercise_Frag5_x1.4.npz,429,9,0.0,14.266667,"forehead_strip,left_cheek_big,right_cheek_big",,,,train
TokyoTech,'Subj_06_Exercise_Frag5_x1.6,Subj_06_Exercise_Frag5,Dataset/3_ROI/MEGA_AUG/aug_npz/TokyoTech_Subj_06_Exercise_Frag5_Subj_06_Exercise_Frag5_x1.6.npz,375,9,0.0,12.466667,"forehead_strip,left_cheek_big,right_cheek_big",,,,train
TokyoTech,'Subj_06_Exercise_Frag5_x1.8,Subj_06_Exercise_Frag5,Dataset/3_ROI/MEGA_AUG/aug_npz/TokyoTech_Subj_06_Exercise_Frag5_Subj_06_Exercise_Frag5_x1.8.npz,333,9,0.0,11.066667,"forehead_strip,left_cheek_big,right_cheek_big",,,,train
TokyoTech,'Subj_06_Exercise_Frag6,Subj_06_Exercise_Frag6,Dataset/3_ROI/TokyoTech_RAW/Subj_06_Exercise_Frag6.npz,600,9,0.0,19.966666666666665,"forehead_strip,left_cheek_big,right_cheek_big",,,,train
TokyoTech,'Subj_06_Exercise_Frag6_x0.55,Subj_06_Exercise_Frag6,Dataset/3_ROI/MEGA_AUG/aug_npz/TokyoTech_Subj_06_Exercise_Frag6_Subj_06_Exercise_Frag6_x0.55.npz,1091,9,0.0,36.333333,"forehead_strip,left_cheek_big,right_cheek_big",,,,train
TokyoTech,'Subj_06_Exercise_Frag6_x0.65,Subj_06_Exercise_Frag6,Dataset/3_ROI/MEGA_AUG/aug_npz/TokyoTech_Subj_06_Exercise_Frag6_Subj_06_Exercise_Frag6_x0.65.npz,923,9,0.0,30.733333,"forehead_strip,left_cheek_big,right_cheek_big",,,,train
TokyoTech,'Subj_06_Exercise_Frag6_x0.75,Subj_06_Exercise_Frag6,Dataset/3_ROI/MEGA_AUG/aug_npz/TokyoTech_Subj_06_Exercise_Frag6_Subj_06_Exercise_Frag6_x0.75.npz,800,9,0.0,26.633333,"forehead_strip,left_cheek_big,right_cheek_big",,,,train
TokyoTech,'Subj_06_Exercise_Frag6_x1.2,Subj_06_Exercise_Frag6,Dataset/3_ROI/MEGA_AUG/aug_npz/TokyoTech_Subj_06_Exercise_Frag6_Subj_06_Exercise_Frag6_x1.2.npz,500,9,0.0,16.633333,"forehead_strip,left_cheek_big,right_cheek_big",,,,train
TokyoTech,'Subj_06_Exercise_Frag6_x1.4,Subj_06_Exercise_Frag6,Dataset/3_ROI/MEGA_AUG/aug_npz/TokyoTech_Subj_06_Exercise_Frag6_Subj_06_Exercise_Frag6_x1.4.npz,429,9,0.0,14.266667,"forehead_strip,left_cheek_big,right_cheek_big",,,,train
TokyoTech,'Subj_06_Exercise_Frag6_x1.6,Subj_06_Exercise_Frag6,Dataset/3_ROI/MEGA_AUG/aug_npz/TokyoTech_Subj_06_Exercise_Frag6_Subj_06_Exercise_Frag6_x1.6.npz,375,9,0.0,12.466667,"forehead_strip,left_cheek_big,right_cheek_big",,,,train
TokyoTech,'Subj_06_Exercise_Frag6_x1.8,Subj_06_Exercise_Frag6,Dataset/3_ROI/MEGA_AUG/aug_npz/TokyoTech_Subj_06_Exercise_Frag6_Subj_06_Exercise_Frag6_x1.8.npz,333,9,0.0,11.066667,"forehead_strip,left_cheek_big,right_cheek_big",,,,train
TokyoTech,'Subj_06_Post_Relax_Frag7,Subj_06_Post_Relax_Frag7,Dataset/3_ROI/TokyoTech_RAW/Subj_06_Post_Relax_Frag7.npz,600,9,0.0,19.966666666666665,"forehead_strip,left_cheek_big,right_cheek_big",,,,train
TokyoTech,'Subj_06_Post_Relax_Frag7_x0.65,Subj_06_Post_Relax_Frag7,Dataset/3_ROI/MEGA_AUG/aug_npz/TokyoTech_Subj_06_Post_Relax_Frag7_Subj_06_Post_Relax_Frag7_x0.65.npz,923,9,0.0,30.733333,"forehead_strip,left_cheek_big,right_cheek_big",,,,train
TokyoTech,'Subj_06_Post_Relax_Frag7_x0.75,Subj_06_Post_Relax_Frag7,Dataset/3_ROI/MEGA_AUG/aug_npz/TokyoTech_Subj_06_Post_Relax_Frag7_Subj_06_Post_Relax_Frag7_x0.75.npz,800,9,0.0,26.633333,"forehead_strip,left_cheek_big,right_cheek_big",,,,train
TokyoTech,'Subj_06_Post_Relax_Frag7_x1.2,Subj_06_Post_Relax_Frag7,Dataset/3_ROI/MEGA_AUG/aug_npz/TokyoTech_Subj_06_Post_Relax_Frag7_Subj_06_Post_Relax_Frag7_x1.2.npz,500,9,0.0,16.633333,"forehead_strip,left_cheek_big,right_cheek_big",,,,train
TokyoTech,'Subj_06_Post_Relax_Frag7_x1.4,Subj_06_Post_Relax_Frag7,Dataset/3_ROI/MEGA_AUG/aug_npz/TokyoTech_Subj_06_Post_Relax_Frag7_Subj_06_Post_Relax_Frag7_x1.4.npz,429,9,0.0,14.266667,"forehead_strip,left_cheek_big,right_cheek_big",,,,train
TokyoTech,'Subj_06_Post_Relax_Frag7_x1.6,Subj_06_Post_Relax_Frag7,Dataset/3_ROI/MEGA_AUG/aug_npz/TokyoTech_Subj_06_Post_Relax_Frag7_Subj_06_Post_Relax_Frag7_x1.6.npz,375,9,0.0,12.466667,"forehead_strip,left_cheek_big,right_cheek_big",,,,train
TokyoTech,'Subj_06_Post_Relax_Frag7_x1.8,Subj_06_Post_Relax_Frag7,Dataset/3_ROI/MEGA_AUG/aug_npz/TokyoTech_Subj_06_Post_Relax_Frag7_Subj_06_Post_Relax_Frag7_x1.8.npz,333,9,0.0,11.066667,"forehead_strip,left_cheek_big,right_cheek_big",,,,train
TokyoTech,'Subj_06_Post_Relax_Frag8,Subj_06_Post_Relax_Frag8,Dataset/3_ROI/TokyoTech_RAW/Subj_06_Post_Relax_Frag8.npz,600,9,0.0,19.966666666666665,"forehead_strip,left_cheek_big,right_cheek_big",,,,train
TokyoTech,'Subj_06_Post_Relax_Frag8_x0.75,Subj_06_Post_Relax_Frag8,Dataset/3_ROI/MEGA_AUG/aug_npz/TokyoTech_Subj_06_Post_Relax_Frag8_Subj_06_Post_Relax_Frag8_x0.75.npz,800,9,0.0,26.633333,"forehead_strip,left_cheek_big,right_cheek_big",,,,train
TokyoTech,'Subj_06_Post_Relax_Frag8_x1.2,Subj_06_Post_Relax_Frag8,Dataset/3_ROI/MEGA_AUG/aug_npz/TokyoTech_Subj_06_Post_Relax_Frag8_Subj_06_Post_Relax_Frag8_x1.2.npz,500,9,0.0,16.633333,"forehead_strip,left_cheek_big,right_cheek_big",,,,train
TokyoTech,'Subj_06_Post_Relax_Frag8_x1.4,Subj_06_Post_Relax_Frag8,Dataset/3_ROI/MEGA_AUG/aug_npz/TokyoTech_Subj_06_Post_Relax_Frag8_Subj_06_Post_Relax_Frag8_x1.4.npz,429,9,0.0,14.266667,"forehead_strip,left_cheek_big,right_cheek_big",,,,train
TokyoTech,'Subj_06_Post_Relax_Frag8_x1.6,Subj_06_Post_Relax_Frag8,Dataset/3_ROI/MEGA_AUG/aug_npz/TokyoTech_Subj_06_Post_Relax_Frag8_Subj_06_Post_Relax_Frag8_x1.6.npz,375,9,0.0,12.466667,"forehead_strip,left_cheek_big,right_cheek_big",,,,train
TokyoTech,'Subj_06_Post_Relax_Frag8_x1.8,Subj_06_Post_Relax_Frag8,Dataset/3_ROI/MEGA_AUG/aug_npz/TokyoTech_Subj_06_Post_Relax_Frag8_Subj_06_Post_Relax_Frag8_x1.8.npz,333,9,0.0,11.066667,"forehead_strip,left_cheek_big,right_cheek_big",,,,train
TokyoTech,'Subj_06_Post_Relax_Frag9,Subj_06_Post_Relax_Frag9,Dataset/3_ROI/TokyoTech_RAW/Subj_06_Post_Relax_Frag9.npz,600,9,0.0,19.966666666666665,"forehead_strip,left_cheek_big,right_cheek_big",,,,train
TokyoTech,'Subj_06_Post_Relax_Frag9_x0.65,Subj_06_Post_Relax_Frag9,Dataset/3_ROI/MEGA_AUG/aug_npz/TokyoTech_Subj_06_Post_Relax_Frag9_Subj_06_Post_Relax_Frag9_x0.65.npz,923,9,0.0,30.733333,"forehead_strip,left_cheek_big,right_cheek_big",,,,train
TokyoTech,'Subj_06_Post_Relax_Frag9_x0.75,Subj_06_Post_Relax_Frag9,Dataset/3_ROI/MEGA_AUG/aug_npz/TokyoTech_Subj_06_Post_Relax_Frag9_Subj_06_Post_Relax_Frag9_x0.75.npz,800,9,0.0,26.633333,"forehead_strip,left_cheek_big,right_cheek_big",,,,train
TokyoTech,'Subj_06_Post_Relax_Frag9_x1.2,Subj_06_Post_Relax_Frag9,Dataset/3_ROI/MEGA_AUG/aug_npz/TokyoTech_Subj_06_Post_Relax_Frag9_Subj_06_Post_Relax_Frag9_x1.2.npz,500,9,0.0,16.633333,"forehead_strip,left_cheek_big,right_cheek_big",,,,train
TokyoTech,'Subj_06_Post_Relax_Frag9_x1.4,Subj_06_Post_Relax_Frag9,Dataset/3_ROI/MEGA_AUG/aug_npz/TokyoTech_Subj_06_Post_Relax_Frag9_Subj_06_Post_Relax_Frag9_x1.4.npz,429,9,0.0,14.266667,"forehead_strip,left_cheek_big,right_cheek_big",,,,train
TokyoTech,'Subj_06_Post_Relax_Frag9_x1.6,Subj_06_Post_Relax_Frag9,Dataset/3_ROI/MEGA_AUG/aug_npz/TokyoTech_Subj_06_Post_Relax_Frag9_Subj_06_Post_Relax_Frag9_x1.6.npz,375,9,0.0,12.466667,"forehead_strip,left_cheek_big,right_cheek_big",,,,train
TokyoTech,'Subj_06_Post_Relax_Frag9_x1.8,Subj_06_Post_Relax_Frag9,Dataset/3_ROI/MEGA_AUG/aug_npz/TokyoTech_Subj_06_Post_Relax_Frag9_Subj_06_Post_Relax_Frag9_x1.8.npz,333,9,0.0,11.066667,"forehead_strip,left_cheek_big,right_cheek_big",,,,train
TokyoTech,'Subj_06_Pre_Relax_Frag1,Subj_06_Pre_Relax_Frag1,Dataset/3_ROI/TokyoTech_RAW/Subj_06_Pre_Relax_Frag1.npz,600,9,0.0,19.966666666666665,"forehead_strip,left_cheek_big,right_cheek_big",,,,train
TokyoTech,'Subj_06_Pre_Relax_Frag1_x0.65,Subj_06_Pre_Relax_Frag1,Dataset/3_ROI/MEGA_AUG/aug_npz/TokyoTech_Subj_06_Pre_Relax_Frag1_Subj_06_Pre_Relax_Frag1_x0.65.npz,923,9,0.0,30.733333,"forehead_strip,left_cheek_big,right_cheek_big",,,,train
TokyoTech,'Subj_06_Pre_Relax_Frag1_x0.75,Subj_06_Pre_Relax_Frag1,Dataset/3_ROI/MEGA_AUG/aug_npz/TokyoTech_Subj_06_Pre_Relax_Frag1_Subj_06_Pre_Relax_Frag1_x0.75.npz,800,9,0.0,26.633333,"forehead_strip,left_cheek_big,right_cheek_big",,,,train
TokyoTech,'Subj_06_Pre_Relax_Frag1_x1.2,Subj_06_Pre_Relax_Frag1,Dataset/3_ROI/MEGA_AUG/aug_npz/TokyoTech_Subj_06_Pre_Relax_Frag1_Subj_06_Pre_Relax_Frag1_x1.2.npz,500,9,0.0,16.633333,"forehead_strip,left_cheek_big,right_cheek_big",,,,train
TokyoTech,'Subj_06_Pre_Relax_Frag1_x1.4,Subj_06_Pre_Relax_Frag1,Dataset/3_ROI/MEGA_AUG/aug_npz/TokyoTech_Subj_06_Pre_Relax_Frag1_Subj_06_Pre_Relax_Frag1_x1.4.npz,429,9,0.0,14.266667,"forehead_strip,left_cheek_big,right_cheek_big",,,,train
TokyoTech,'Subj_06_Pre_Relax_Frag1_x1.6,Subj_06_Pre_Relax_Frag1,Dataset/3_ROI/MEGA_AUG/aug_npz/TokyoTech_Subj_06_Pre_Relax_Frag1_Subj_06_Pre_Relax_Frag1_x1.6.npz,375,9,0.0,12.466667,"forehead_strip,left_cheek_big,right_cheek_big",,,,train
TokyoTech,'Subj_06_Pre_Relax_Frag1_x1.8,Subj_06_Pre_Relax_Frag1,Dataset/3_ROI/MEGA_AUG/aug_npz/TokyoTech_Subj_06_Pre_Relax_Frag1_Subj_06_Pre_Relax_Frag1_x1.8.npz,333,9,0.0,11.066667,"forehead_strip,left_cheek_big,right_cheek_big",,,,train
TokyoTech,'Subj_06_Pre_Relax_Frag2,Subj_06_Pre_Relax_Frag2,Dataset/3_ROI/TokyoTech_RAW/Subj_06_Pre_Relax_Frag2.npz,600,9,0.0,19.966666666666665,"forehead_strip,left_cheek_big,right_cheek_big",,,,train
TokyoTech,'Subj_06_Pre_Relax_Frag2_x0.65,Subj_06_Pre_Relax_Frag2,Dataset/3_ROI/MEGA_AUG/aug_npz/TokyoTech_Subj_06_Pre_Relax_Frag2_Subj_06_Pre_Relax_Frag2_x0.65.npz,923,9,0.0,30.733333,"forehead_strip,left_cheek_big,right_cheek_big",,,,train
TokyoTech,'Subj_06_Pre_Relax_Frag2_x0.75,Subj_06_Pre_Relax_Frag2,Dataset/3_ROI/MEGA_AUG/aug_npz/TokyoTech_Subj_06_Pre_Relax_Frag2_Subj_06_Pre_Relax_Frag2_x0.75.npz,800,9,0.0,26.633333,"forehead_strip,left_cheek_big,right_cheek_big",,,,train
TokyoTech,'Subj_06_Pre_Relax_Frag2_x1.2,Subj_06_Pre_Relax_Frag2,Dataset/3_ROI/MEGA_AUG/aug_npz/TokyoTech_Subj_06_Pre_Relax_Frag2_Subj_06_Pre_Relax_Frag2_x1.2.npz,500,9,0.0,16.633333,"forehead_strip,left_cheek_big,right_cheek_big",,,,train
TokyoTech,'Subj_06_Pre_Relax_Frag2_x1.4,Subj_06_Pre_Relax_Frag2,Dataset/3_ROI/MEGA_AUG/aug_npz/TokyoTech_Subj_06_Pre_Relax_Frag2_Subj_06_Pre_Relax_Frag2_x1.4.npz,429,9,0.0,14.266667,"forehead_strip,left_cheek_big,right_cheek_big",,,,train
TokyoTech,'Subj_06_Pre_Relax_Frag2_x1.6,Subj_06_Pre_Relax_Frag2,Dataset/3_ROI/MEGA_AUG/aug_npz/TokyoTech_Subj_06_Pre_Relax_Frag2_Subj_06_Pre_Relax_Frag2_x1.6.npz,375,9,0.0,12.466667,"forehead_strip,left_cheek_big,right_cheek_big",,,,train
TokyoTech,'Subj_06_Pre_Relax_Frag2_x1.8,Subj_06_Pre_Relax_Frag2,Dataset/3_ROI/MEGA_AUG/aug_npz/TokyoTech_Subj_06_Pre_Relax_Frag2_Subj_06_Pre_Relax_Frag2_x1.8.npz,333,9,0.0,11.066667,"forehead_strip,left_cheek_big,right_cheek_big",,,,train
TokyoTech,'Subj_06_Pre_Relax_Frag3,Subj_06_Pre_Relax_Frag3,Dataset/3_ROI/TokyoTech_RAW/Subj_06_Pre_Relax_Frag3.npz,600,9,0.0,19.966666666666665,"forehead_strip,left_cheek_big,right_cheek_big",,,,train
TokyoTech,'Subj_06_Pre_Relax_Frag3_x0.65,Subj_06_Pre_Relax_Frag3,Dataset/3_ROI/MEGA_AUG/aug_npz/TokyoTech_Subj_06_Pre_Relax_Frag3_Subj_06_Pre_Relax_Frag3_x0.65.npz,923,9,0.0,30.733333,"forehead_strip,left_cheek_big,right_cheek_big",,,,train
TokyoTech,'Subj_06_Pre_Relax_Frag3_x0.75,Subj_06_Pre_Relax_Frag3,Dataset/3_ROI/MEGA_AUG/aug_npz/TokyoTech_Subj_06_Pre_Relax_Frag3_Subj_06_Pre_Relax_Frag3_x0.75.npz,800,9,0.0,26.633333,"forehead_strip,left_cheek_big,right_cheek_big",,,,train
TokyoTech,'Subj_06_Pre_Relax_Frag3_x1.2,Subj_06_Pre_Relax_Frag3,Dataset/3_ROI/MEGA_AUG/aug_npz/TokyoTech_Subj_06_Pre_Relax_Frag3_Subj_06_Pre_Relax_Frag3_x1.2.npz,500,9,0.0,16.633333,"forehead_strip,left_cheek_big,right_cheek_big",,,,train
TokyoTech,'Subj_06_Pre_Relax_Frag3_x1.4,Subj_06_Pre_Relax_Frag3,Dataset/3_ROI/MEGA_AUG/aug_npz/TokyoTech_Subj_06_Pre_Relax_Frag3_Subj_06_Pre_Relax_Frag3_x1.4.npz,429,9,0.0,14.266667,"forehead_strip,left_cheek_big,right_cheek_big",,,,train
TokyoTech,'Subj_06_Pre_Relax_Frag3_x1.6,Subj_06_Pre_Relax_Frag3,Dataset/3_ROI/MEGA_AUG/aug_npz/TokyoTech_Subj_06_Pre_Relax_Frag3_Subj_06_Pre_Relax_Frag3_x1.6.npz,375,9,0.0,12.466667,"forehead_strip,left_cheek_big,right_cheek_big",,,,train
TokyoTech,'Subj_06_Pre_Relax_Frag3_x1.8,Subj_06_Pre_Relax_Frag3,Dataset/3_ROI/MEGA_AUG/aug_npz/TokyoTech_Subj_06_Pre_Relax_Frag3_Subj_06_Pre_Relax_Frag3_x1.8.npz,333,9,0.0,11.066667,"forehead_strip,left_cheek_big,right_cheek_big",,,,train
TokyoTech,'Subj_07_Exercise_Frag4,Subj_07_Exercise_Frag4,Dataset/3_ROI/TokyoTech_RAW/Subj_07_Exercise_Frag4.npz,600,9,0.0,19.966666666666665,"forehead_strip,left_cheek_big,right_cheek_big",,,,train
TokyoTech,'Subj_07_Exercise_Frag4_x0.55,Subj_07_Exercise_Frag4,Dataset/3_ROI/MEGA_AUG/aug_npz/TokyoTech_Subj_07_Exercise_Frag4_Subj_07_Exercise_Frag4_x0.55.npz,1091,9,0.0,36.333333,"forehead_strip,left_cheek_big,right_cheek_big",,,,train
TokyoTech,'Subj_07_Exercise_Frag4_x0.65,Subj_07_Exercise_Frag4,Dataset/3_ROI/MEGA_AUG/aug_npz/TokyoTech_Subj_07_Exercise_Frag4_Subj_07_Exercise_Frag4_x0.65.npz,923,9,0.0,30.733333,"forehead_strip,left_cheek_big,right_cheek_big",,,,train
TokyoTech,'Subj_07_Exercise_Frag4_x0.75,Subj_07_Exercise_Frag4,Dataset/3_ROI/MEGA_AUG/aug_npz/TokyoTech_Subj_07_Exercise_Frag4_Subj_07_Exercise_Frag4_x0.75.npz,800,9,0.0,26.633333,"forehead_strip,left_cheek_big,right_cheek_big",,,,train
TokyoTech,'Subj_07_Exercise_Frag4_x1.2,Subj_07_Exercise_Frag4,Dataset/3_ROI/MEGA_AUG/aug_npz/TokyoTech_Subj_07_Exercise_Frag4_Subj_07_Exercise_Frag4_x1.2.npz,500,9,0.0,16.633333,"forehead_strip,left_cheek_big,right_cheek_big",,,,train
TokyoTech,'Subj_07_Exercise_Frag4_x1.4,Subj_07_Exercise_Frag4,Dataset/3_ROI/MEGA_AUG/aug_npz/TokyoTech_Subj_07_Exercise_Frag4_Subj_07_Exercise_Frag4_x1.4.npz,429,9,0.0,14.266667,"forehead_strip,left_cheek_big,right_cheek_big",,,,train
TokyoTech,'Subj_07_Exercise_Frag4_x1.6,Subj_07_Exercise_Frag4,Dataset/3_ROI/MEGA_AUG/aug_npz/TokyoTech_Subj_07_Exercise_Frag4_Subj_07_Exercise_Frag4_x1.6.npz,375,9,0.0,12.466667,"forehead_strip,left_cheek_big,right_cheek_big",,,,train
TokyoTech,'Subj_07_Exercise_Frag4_x1.8,Subj_07_Exercise_Frag4,Dataset/3_ROI/MEGA_AUG/aug_npz/TokyoTech_Subj_07_Exercise_Frag4_Subj_07_Exercise_Frag4_x1.8.npz,333,9,0.0,11.066667,"forehead_strip,left_cheek_big,right_cheek_big",,,,train
TokyoTech,'Subj_07_Exercise_Frag5,Subj_07_Exercise_Frag5,Dataset/3_ROI/TokyoTech_RAW/Subj_07_Exercise_Frag5.npz,600,9,0.0,19.966666666666665,"forehead_strip,left_cheek_big,right_cheek_big",,,,train
TokyoTech,'Subj_07_Exercise_Frag5_x0.55,Subj_07_Exercise_Frag5,Dataset/3_ROI/MEGA_AUG/aug_npz/TokyoTech_Subj_07_Exercise_Frag5_Subj_07_Exercise_Frag5_x0.55.npz,1091,9,0.0,36.333333,"forehead_strip,left_cheek_big,right_cheek_big",,,,train
TokyoTech,'Subj_07_Exercise_Frag5_x0.65,Subj_07_Exercise_Frag5,Dataset/3_ROI/MEGA_AUG/aug_npz/TokyoTech_Subj_07_Exercise_Frag5_Subj_07_Exercise_Frag5_x0.65.npz,923,9,0.0,30.733333,"forehead_strip,left_cheek_big,right_cheek_big",,,,train
TokyoTech,'Subj_07_Exercise_Frag5_x0.75,Subj_07_Exercise_Frag5,Dataset/3_ROI/MEGA_AUG/aug_npz/TokyoTech_Subj_07_Exercise_Frag5_Subj_07_Exercise_Frag5_x0.75.npz,800,9,0.0,26.633333,"forehead_strip,left_cheek_big,right_cheek_big",,,,train
TokyoTech,'Subj_07_Exercise_Frag5_x1.2,Subj_07_Exercise_Frag5,Dataset/3_ROI/MEGA_AUG/aug_npz/TokyoTech_Subj_07_Exercise_Frag5_Subj_07_Exercise_Frag5_x1.2.npz,500,9,0.0,16.633333,"forehead_strip,left_cheek_big,right_cheek_big",,,,train
TokyoTech,'Subj_07_Exercise_Frag5_x1.4,Subj_07_Exercise_Frag5,Dataset/3_ROI/MEGA_AUG/aug_npz/TokyoTech_Subj_07_Exercise_Frag5_Subj_07_Exercise_Frag5_x1.4.npz,429,9,0.0,14.266667,"forehead_strip,left_cheek_big,right_cheek_big",,,,train
TokyoTech,'Subj_07_Exercise_Frag5_x1.6,Subj_07_Exercise_Frag5,Dataset/3_ROI/MEGA_AUG/aug_npz/TokyoTech_Subj_07_Exercise_Frag5_Subj_07_Exercise_Frag5_x1.6.npz,375,9,0.0,12.466667,"forehead_strip,left_cheek_big,right_cheek_big",,,,train
TokyoTech,'Subj_07_Exercise_Frag5_x1.8,Subj_07_Exercise_Frag5,Dataset/3_ROI/MEGA_AUG/aug_npz/TokyoTech_Subj_07_Exercise_Frag5_Subj_07_Exercise_Frag5_x1.8.npz,333,9,0.0,11.066667,"forehead_strip,left_cheek_big,right_cheek_big",,,,train
TokyoTech,'Subj_07_Exercise_Frag6,Subj_07_Exercise_Frag6,Dataset/3_ROI/TokyoTech_RAW/Subj_07_Exercise_Frag6.npz,600,9,0.0,19.966666666666665,"forehead_strip,left_cheek_big,right_cheek_big",,,,train
TokyoTech,'Subj_07_Exercise_Frag6_x0.55,Subj_07_Exercise_Frag6,Dataset/3_ROI/MEGA_AUG/aug_npz/TokyoTech_Subj_07_Exercise_Frag6_Subj_07_Exercise_Frag6_x0.55.npz,1091,9,0.0,36.333333,"forehead_strip,left_cheek_big,right_cheek_big",,,,train
TokyoTech,'Subj_07_Exercise_Frag6_x0.65,Subj_07_Exercise_Frag6,Dataset/3_ROI/MEGA_AUG/aug_npz/TokyoTech_Subj_07_Exercise_Frag6_Subj_07_Exercise_Frag6_x0.65.npz,923,9,0.0,30.733333,"forehead_strip,left_cheek_big,right_cheek_big",,,,train
TokyoTech,'Subj_07_Exercise_Frag6_x0.75,Subj_07_Exercise_Frag6,Dataset/3_ROI/MEGA_AUG/aug_npz/TokyoTech_Subj_07_Exercise_Frag6_Subj_07_Exercise_Frag6_x0.75.npz,800,9,0.0,26.633333,"forehead_strip,left_cheek_big,right_cheek_big",,,,train
TokyoTech,'Subj_07_Exercise_Frag6_x1.2,Subj_07_Exercise_Frag6,Dataset/3_ROI/MEGA_AUG/aug_npz/TokyoTech_Subj_07_Exercise_Frag6_Subj_07_Exercise_Frag6_x1.2.npz,500,9,0.0,16.633333,"forehead_strip,left_cheek_big,right_cheek_big",,,,train
TokyoTech,'Subj_07_Exercise_Frag6_x1.4,Subj_07_Exercise_Frag6,Dataset/3_ROI/MEGA_AUG/aug_npz/TokyoTech_Subj_07_Exercise_Frag6_Subj_07_Exercise_Frag6_x1.4.npz,429,9,0.0,14.266667,"forehead_strip,left_cheek_big,right_cheek_big",,,,train
TokyoTech,'Subj_07_Exercise_Frag6_x1.6,Subj_07_Exercise_Frag6,Dataset/3_ROI/MEGA_AUG/aug_npz/TokyoTech_Subj_07_Exercise_Frag6_Subj_07_Exercise_Frag6_x1.6.npz,375,9,0.0,12.466667,"forehead_strip,left_cheek_big,right_cheek_big",,,,train
TokyoTech,'Subj_07_Exercise_Frag6_x1.8,Subj_07_Exercise_Frag6,Dataset/3_ROI/MEGA_AUG/aug_npz/TokyoTech_Subj_07_Exercise_Frag6_Subj_07_Exercise_Frag6_x1.8.npz,333,9,0.0,11.066667,"forehead_strip,left_cheek_big,right_cheek_big",,,,train
TokyoTech,'Subj_07_Post_Relax_Frag7,Subj_07_Post_Relax_Frag7,Dataset/3_ROI/TokyoTech_RAW/Subj_07_Post_Relax_Frag7.npz,600,9,0.0,19.966666666666665,"forehead_strip,left_cheek_big,right_cheek_big",,,,train
TokyoTech,'Subj_07_Post_Relax_Frag7_x0.65,Subj_07_Post_Relax_Frag7,Dataset/3_ROI/MEGA_AUG/aug_npz/TokyoTech_Subj_07_Post_Relax_Frag7_Subj_07_Post_Relax_Frag7_x0.65.npz,923,9,0.0,30.733333,"forehead_strip,left_cheek_big,right_cheek_big",,,,train
TokyoTech,'Subj_07_Post_Relax_Frag7_x0.75,Subj_07_Post_Relax_Frag7,Dataset/3_ROI/MEGA_AUG/aug_npz/TokyoTech_Subj_07_Post_Relax_Frag7_Subj_07_Post_Relax_Frag7_x0.75.npz,800,9,0.0,26.633333,"forehead_strip,left_cheek_big,right_cheek_big",,,,train
TokyoTech,'Subj_07_Post_Relax_Frag7_x1.2,Subj_07_Post_Relax_Frag7,Dataset/3_ROI/MEGA_AUG/aug_npz/TokyoTech_Subj_07_Post_Relax_Frag7_Subj_07_Post_Relax_Frag7_x1.2.npz,500,9,0.0,16.633333,"forehead_strip,left_cheek_big,right_cheek_big",,,,train
TokyoTech,'Subj_07_Post_Relax_Frag7_x1.4,Subj_07_Post_Relax_Frag7,Dataset/3_ROI/MEGA_AUG/aug_npz/TokyoTech_Subj_07_Post_Relax_Frag7_Subj_07_Post_Relax_Frag7_x1.4.npz,429,9,0.0,14.266667,"forehead_strip,left_cheek_big,right_cheek_big",,,,train
TokyoTech,'Subj_07_Post_Relax_Frag7_x1.6,Subj_07_Post_Relax_Frag7,Dataset/3_ROI/MEGA_AUG/aug_npz/TokyoTech_Subj_07_Post_Relax_Frag7_Subj_07_Post_Relax_Frag7_x1.6.npz,375,9,0.0,12.466667,"forehead_strip,left_cheek_big,right_cheek_big",,,,train
TokyoTech,'Subj_07_Post_Relax_Frag7_x1.8,Subj_07_Post_Relax_Frag7,Dataset/3_ROI/MEGA_AUG/aug_npz/TokyoTech_Subj_07_Post_Relax_Frag7_Subj_07_Post_Relax_Frag7_x1.8.npz,333,9,0.0,11.066667,"forehead_strip,left_cheek_big,right_cheek_big",,,,train
TokyoTech,'Subj_07_Post_Relax_Frag8,Subj_07_Post_Relax_Frag8,Dataset/3_ROI/TokyoTech_RAW/Subj_07_Post_Relax_Frag8.npz,600,9,0.0,19.966666666666665,"forehead_strip,left_cheek_big,right_cheek_big",,,,train
TokyoTech,'Subj_07_Post_Relax_Frag8_x0.65,Subj_07_Post_Relax_Frag8,Dataset/3_ROI/MEGA_AUG/aug_npz/TokyoTech_Subj_07_Post_Relax_Frag8_Subj_07_Post_Relax_Frag8_x0.65.npz,923,9,0.0,30.733333,"forehead_strip,left_cheek_big,right_cheek_big",,,,train
TokyoTech,'Subj_07_Post_Relax_Frag8_x0.75,Subj_07_Post_Relax_Frag8,Dataset/3_ROI/MEGA_AUG/aug_npz/TokyoTech_Subj_07_Post_Relax_Frag8_Subj_07_Post_Relax_Frag8_x0.75.npz,800,9,0.0,26.633333,"forehead_strip,left_cheek_big,right_cheek_big",,,,train
TokyoTech,'Subj_07_Post_Relax_Frag8_x1.2,Subj_07_Post_Relax_Frag8,Dataset/3_ROI/MEGA_AUG/aug_npz/TokyoTech_Subj_07_Post_Relax_Frag8_Subj_07_Post_Relax_Frag8_x1.2.npz,500,9,0.0,16.633333,"forehead_strip,left_cheek_big,right_cheek_big",,,,train
TokyoTech,'Subj_07_Post_Relax_Frag8_x1.4,Subj_07_Post_Relax_Frag8,Dataset/3_ROI/MEGA_AUG/aug_npz/TokyoTech_Subj_07_Post_Relax_Frag8_Subj_07_Post_Relax_Frag8_x1.4.npz,429,9,0.0,14.266667,"forehead_strip,left_cheek_big,right_cheek_big",,,,train
TokyoTech,'Subj_07_Post_Relax_Frag8_x1.6,Subj_07_Post_Relax_Frag8,Dataset/3_ROI/MEGA_AUG/aug_npz/TokyoTech_Subj_07_Post_Relax_Frag8_Subj_07_Post_Relax_Frag8_x1.6.npz,375,9,0.0,12.466667,"forehead_strip,left_cheek_big,right_cheek_big",,,,train
TokyoTech,'Subj_07_Post_Relax_Frag8_x1.8,Subj_07_Post_Relax_Frag8,Dataset/3_ROI/MEGA_AUG/aug_npz/TokyoTech_Subj_07_Post_Relax_Frag8_Subj_07_Post_Relax_Frag8_x1.8.npz,333,9,0.0,11.066667,"forehead_strip,left_cheek_big,right_cheek_big",,,,train
TokyoTech,'Subj_07_Post_Relax_Frag9,Subj_07_Post_Relax_Frag9,Dataset/3_ROI/TokyoTech_RAW/Subj_07_Post_Relax_Frag9.npz,600,9,0.0,19.966666666666665,"forehead_strip,left_cheek_big,right_cheek_big",,,,train
TokyoTech,'Subj_07_Post_Relax_Frag9_x0.65,Subj_07_Post_Relax_Frag9,Dataset/3_ROI/MEGA_AUG/aug_npz/TokyoTech_Subj_07_Post_Relax_Frag9_Subj_07_Post_Relax_Frag9_x0.65.npz,923,9,0.0,30.733333,"forehead_strip,left_cheek_big,right_cheek_big",,,,train
TokyoTech,'Subj_07_Post_Relax_Frag9_x0.75,Subj_07_Post_Relax_Frag9,Dataset/3_ROI/MEGA_AUG/aug_npz/TokyoTech_Subj_07_Post_Relax_Frag9_Subj_07_Post_Relax_Frag9_x0.75.npz,800,9,0.0,26.633333,"forehead_strip,left_cheek_big,right_cheek_big",,,,train
TokyoTech,'Subj_07_Post_Relax_Frag9_x1.2,Subj_07_Post_Relax_Frag9,Dataset/3_ROI/MEGA_AUG/aug_npz/TokyoTech_Subj_07_Post_Relax_Frag9_Subj_07_Post_Relax_Frag9_x1.2.npz,500,9,0.0,16.633333,"forehead_strip,left_cheek_big,right_cheek_big",,,,train
TokyoTech,'Subj_07_Post_Relax_Frag9_x1.4,Subj_07_Post_Relax_Frag9,Dataset/3_ROI/MEGA_AUG/aug_npz/TokyoTech_Subj_07_Post_Relax_Frag9_Subj_07_Post_Relax_Frag9_x1.4.npz,429,9,0.0,14.266667,"forehead_strip,left_cheek_big,right_cheek_big",,,,train
TokyoTech,'Subj_07_Post_Relax_Frag9_x1.6,Subj_07_Post_Relax_Frag9,Dataset/3_ROI/MEGA_AUG/aug_npz/TokyoTech_Subj_07_Post_Relax_Frag9_Subj_07_Post_Relax_Frag9_x1.6.npz,375,9,0.0,12.466667,"forehead_strip,left_cheek_big,right_cheek_big",,,,train
TokyoTech,'Subj_07_Post_Relax_Frag9_x1.8,Subj_07_Post_Relax_Frag9,Dataset/3_ROI/MEGA_AUG/aug_npz/TokyoTech_Subj_07_Post_Relax_Frag9_Subj_07_Post_Relax_Frag9_x1.8.npz,333,9,0.0,11.066667,"forehead_strip,left_cheek_big,right_cheek_big",,,,train
TokyoTech,'Subj_07_Pre_Relax_Frag1,Subj_07_Pre_Relax_Frag1,Dataset/3_ROI/TokyoTech_RAW/Subj_07_Pre_Relax_Frag1.npz,600,9,0.0,19.966666666666665,"forehead_strip,left_cheek_big,right_cheek_big",,,,train
TokyoTech,'Subj_07_Pre_Relax_Frag1_x0.75,Subj_07_Pre_Relax_Frag1,Dataset/3_ROI/MEGA_AUG/aug_npz/TokyoTech_Subj_07_Pre_Relax_Frag1_Subj_07_Pre_Relax_Frag1_x0.75.npz,800,9,0.0,26.633333,"forehead_strip,left_cheek_big,right_cheek_big",,,,train
TokyoTech,'Subj_07_Pre_Relax_Frag1_x1.2,Subj_07_Pre_Relax_Frag1,Dataset/3_ROI/MEGA_AUG/aug_npz/TokyoTech_Subj_07_Pre_Relax_Frag1_Subj_07_Pre_Relax_Frag1_x1.2.npz,500,9,0.0,16.633333,"forehead_strip,left_cheek_big,right_cheek_big",,,,train
TokyoTech,'Subj_07_Pre_Relax_Frag1_x1.4,Subj_07_Pre_Relax_Frag1,Dataset/3_ROI/MEGA_AUG/aug_npz/TokyoTech_Subj_07_Pre_Relax_Frag1_Subj_07_Pre_Relax_Frag1_x1.4.npz,429,9,0.0,14.266667,"forehead_strip,left_cheek_big,right_cheek_big",,,,train
TokyoTech,'Subj_07_Pre_Relax_Frag1_x1.6,Subj_07_Pre_Relax_Frag1,Dataset/3_ROI/MEGA_AUG/aug_npz/TokyoTech_Subj_07_Pre_Relax_Frag1_Subj_07_Pre_Relax_Frag1_x1.6.npz,375,9,0.0,12.466667,"forehead_strip,left_cheek_big,right_cheek_big",,,,train
TokyoTech,'Subj_07_Pre_Relax_Frag1_x1.8,Subj_07_Pre_Relax_Frag1,Dataset/3_ROI/MEGA_AUG/aug_npz/TokyoTech_Subj_07_Pre_Relax_Frag1_Subj_07_Pre_Relax_Frag1_x1.8.npz,333,9,0.0,11.066667,"forehead_strip,left_cheek_big,right_cheek_big",,,,train
TokyoTech,'Subj_07_Pre_Relax_Frag2,Subj_07_Pre_Relax_Frag2,Dataset/3_ROI/TokyoTech_RAW/Subj_07_Pre_Relax_Frag2.npz,600,9,0.0,19.966666666666665,"forehead_strip,left_cheek_big,right_cheek_big",,,,train
TokyoTech,'Subj_07_Pre_Relax_Frag2_x0.75,Subj_07_Pre_Relax_Frag2,Dataset/3_ROI/MEGA_AUG/aug_npz/TokyoTech_Subj_07_Pre_Relax_Frag2_Subj_07_Pre_Relax_Frag2_x0.75.npz,800,9,0.0,26.633333,"forehead_strip,left_cheek_big,right_cheek_big",,,,train
TokyoTech,'Subj_07_Pre_Relax_Frag2_x1.2,Subj_07_Pre_Relax_Frag2,Dataset/3_ROI/MEGA_AUG/aug_npz/TokyoTech_Subj_07_Pre_Relax_Frag2_Subj_07_Pre_Relax_Frag2_x1.2.npz,500,9,0.0,16.633333,"forehead_strip,left_cheek_big,right_cheek_big",,,,train
TokyoTech,'Subj_07_Pre_Relax_Frag2_x1.4,Subj_07_Pre_Relax_Frag2,Dataset/3_ROI/MEGA_AUG/aug_npz/TokyoTech_Subj_07_Pre_Relax_Frag2_Subj_07_Pre_Relax_Frag2_x1.4.npz,429,9,0.0,14.266667,"forehead_strip,left_cheek_big,right_cheek_big",,,,train
TokyoTech,'Subj_07_Pre_Relax_Frag2_x1.6,Subj_07_Pre_Relax_Frag2,Dataset/3_ROI/MEGA_AUG/aug_npz/TokyoTech_Subj_07_Pre_Relax_Frag2_Subj_07_Pre_Relax_Frag2_x1.6.npz,375,9,0.0,12.466667,"forehead_strip,left_cheek_big,right_cheek_big",,,,train
TokyoTech,'Subj_07_Pre_Relax_Frag2_x1.8,Subj_07_Pre_Relax_Frag2,Dataset/3_ROI/MEGA_AUG/aug_npz/TokyoTech_Subj_07_Pre_Relax_Frag2_Subj_07_Pre_Relax_Frag2_x1.8.npz,333,9,0.0,11.066667,"forehead_strip,left_cheek_big,right_cheek_big",,,,train
TokyoTech,'Subj_07_Pre_Relax_Frag3,Subj_07_Pre_Relax_Frag3,Dataset/3_ROI/TokyoTech_RAW/Subj_07_Pre_Relax_Frag3.npz,600,9,0.0,19.966666666666665,"forehead_strip,left_cheek_big,right_cheek_big",,,,train
TokyoTech,'Subj_07_Pre_Relax_Frag3_x0.65,Subj_07_Pre_Relax_Frag3,Dataset/3_ROI/MEGA_AUG/aug_npz/TokyoTech_Subj_07_Pre_Relax_Frag3_Subj_07_Pre_Relax_Frag3_x0.65.npz,923,9,0.0,30.733333,"forehead_strip,left_cheek_big,right_cheek_big",,,,train
TokyoTech,'Subj_07_Pre_Relax_Frag3_x0.75,Subj_07_Pre_Relax_Frag3,Dataset/3_ROI/MEGA_AUG/aug_npz/TokyoTech_Subj_07_Pre_Relax_Frag3_Subj_07_Pre_Relax_Frag3_x0.75.npz,800,9,0.0,26.633333,"forehead_strip,left_cheek_big,right_cheek_big",,,,train
TokyoTech,'Subj_07_Pre_Relax_Frag3_x1.2,Subj_07_Pre_Relax_Frag3,Dataset/3_ROI/MEGA_AUG/aug_npz/TokyoTech_Subj_07_Pre_Relax_Frag3_Subj_07_Pre_Relax_Frag3_x1.2.npz,500,9,0.0,16.633333,"forehead_strip,left_cheek_big,right_cheek_big",,,,train
TokyoTech,'Subj_07_Pre_Relax_Frag3_x1.4,Subj_07_Pre_Relax_Frag3,Dataset/3_ROI/MEGA_AUG/aug_npz/TokyoTech_Subj_07_Pre_Relax_Frag3_Subj_07_Pre_Relax_Frag3_x1.4.npz,429,9,0.0,14.266667,"forehead_strip,left_cheek_big,right_cheek_big",,,,train
TokyoTech,'Subj_07_Pre_Relax_Frag3_x1.6,Subj_07_Pre_Relax_Frag3,Dataset/3_ROI/MEGA_AUG/aug_npz/TokyoTech_Subj_07_Pre_Relax_Frag3_Subj_07_Pre_Relax_Frag3_x1.6.npz,375,9,0.0,12.466667,"forehead_strip,left_cheek_big,right_cheek_big",,,,train
TokyoTech,'Subj_07_Pre_Relax_Frag3_x1.8,Subj_07_Pre_Relax_Frag3,Dataset/3_ROI/MEGA_AUG/aug_npz/TokyoTech_Subj_07_Pre_Relax_Frag3_Subj_07_Pre_Relax_Frag3_x1.8.npz,333,9,0.0,11.066667,"forehead_strip,left_cheek_big,right_cheek_big",,,,train
TokyoTech,'Subj_08_Exercise_Frag4,Subj_08_Exercise_Frag4,Dataset/3_ROI/TokyoTech_RAW/Subj_08_Exercise_Frag4.npz,600,9,0.0,19.966666666666665,"forehead_strip,left_cheek_big,right_cheek_big",,,,train
TokyoTech,'Subj_08_Exercise_Frag4_x0.55,Subj_08_Exercise_Frag4,Dataset/3_ROI/MEGA_AUG/aug_npz/TokyoTech_Subj_08_Exercise_Frag4_Subj_08_Exercise_Frag4_x0.55.npz,1091,9,0.0,36.333333,"forehead_strip,left_cheek_big,right_cheek_big",,,,train
TokyoTech,'Subj_08_Exercise_Frag4_x0.65,Subj_08_Exercise_Frag4,Dataset/3_ROI/MEGA_AUG/aug_npz/TokyoTech_Subj_08_Exercise_Frag4_Subj_08_Exercise_Frag4_x0.65.npz,923,9,0.0,30.733333,"forehead_strip,left_cheek_big,right_cheek_big",,,,train
TokyoTech,'Subj_08_Exercise_Frag4_x0.75,Subj_08_Exercise_Frag4,Dataset/3_ROI/MEGA_AUG/aug_npz/TokyoTech_Subj_08_Exercise_Frag4_Subj_08_Exercise_Frag4_x0.75.npz,800,9,0.0,26.633333,"forehead_strip,left_cheek_big,right_cheek_big",,,,train
TokyoTech,'Subj_08_Exercise_Frag4_x1.2,Subj_08_Exercise_Frag4,Dataset/3_ROI/MEGA_AUG/aug_npz/TokyoTech_Subj_08_Exercise_Frag4_Subj_08_Exercise_Frag4_x1.2.npz,500,9,0.0,16.633333,"forehead_strip,left_cheek_big,right_cheek_big",,,,train
TokyoTech,'Subj_08_Exercise_Frag4_x1.4,Subj_08_Exercise_Frag4,Dataset/3_ROI/MEGA_AUG/aug_npz/TokyoTech_Subj_08_Exercise_Frag4_Subj_08_Exercise_Frag4_x1.4.npz,429,9,0.0,14.266667,"forehead_strip,left_cheek_big,right_cheek_big",,,,train
TokyoTech,'Subj_08_Exercise_Frag4_x1.6,Subj_08_Exercise_Frag4,Dataset/3_ROI/MEGA_AUG/aug_npz/TokyoTech_Subj_08_Exercise_Frag4_Subj_08_Exercise_Frag4_x1.6.npz,375,9,0.0,12.466667,"forehead_strip,left_cheek_big,right_cheek_big",,,,train
TokyoTech,'Subj_08_Exercise_Frag4_x1.8,Subj_08_Exercise_Frag4,Dataset/3_ROI/MEGA_AUG/aug_npz/TokyoTech_Subj_08_Exercise_Frag4_Subj_08_Exercise_Frag4_x1.8.npz,333,9,0.0,11.066667,"forehead_strip,left_cheek_big,right_cheek_big",,,,train
TokyoTech,'Subj_08_Exercise_Frag5,Subj_08_Exercise_Frag5,Dataset/3_ROI/TokyoTech_RAW/Subj_08_Exercise_Frag5.npz,600,9,0.0,19.966666666666665,"forehead_strip,left_cheek_big,right_cheek_big",,,,train
TokyoTech,'Subj_08_Exercise_Frag5_x0.55,Subj_08_Exercise_Frag5,Dataset/3_ROI/MEGA_AUG/aug_npz/TokyoTech_Subj_08_Exercise_Frag5_Subj_08_Exercise_Frag5_x0.55.npz,1091,9,0.0,36.333333,"forehead_strip,left_cheek_big,right_cheek_big",,,,train
TokyoTech,'Subj_08_Exercise_Frag5_x0.65,Subj_08_Exercise_Frag5,Dataset/3_ROI/MEGA_AUG/aug_npz/TokyoTech_Subj_08_Exercise_Frag5_Subj_08_Exercise_Frag5_x0.65.npz,923,9,0.0,30.733333,"forehead_strip,left_cheek_big,right_cheek_big",,,,train
TokyoTech,'Subj_08_Exercise_Frag5_x0.75,Subj_08_Exercise_Frag5,Dataset/3_ROI/MEGA_AUG/aug_npz/TokyoTech_Subj_08_Exercise_Frag5_Subj_08_Exercise_Frag5_x0.75.npz,800,9,0.0,26.633333,"forehead_strip,left_cheek_big,right_cheek_big",,,,train
TokyoTech,'Subj_08_Exercise_Frag5_x1.2,Subj_08_Exercise_Frag5,Dataset/3_ROI/MEGA_AUG/aug_npz/TokyoTech_Subj_08_Exercise_Frag5_Subj_08_Exercise_Frag5_x1.2.npz,500,9,0.0,16.633333,"forehead_strip,left_cheek_big,right_cheek_big",,,,train
TokyoTech,'Subj_08_Exercise_Frag5_x1.4,Subj_08_Exercise_Frag5,Dataset/3_ROI/MEGA_AUG/aug_npz/TokyoTech_Subj_08_Exercise_Frag5_Subj_08_Exercise_Frag5_x1.4.npz,429,9,0.0,14.266667,"forehead_strip,left_cheek_big,right_cheek_big",,,,train
TokyoTech,'Subj_08_Exercise_Frag5_x1.6,Subj_08_Exercise_Frag5,Dataset/3_ROI/MEGA_AUG/aug_npz/TokyoTech_Subj_08_Exercise_Frag5_Subj_08_Exercise_Frag5_x1.6.npz,375,9,0.0,12.466667,"forehead_strip,left_cheek_big,right_cheek_big",,,,train
TokyoTech,'Subj_08_Exercise_Frag5_x1.8,Subj_08_Exercise_Frag5,Dataset/3_ROI/MEGA_AUG/aug_npz/TokyoTech_Subj_08_Exercise_Frag5_Subj_08_Exercise_Frag5_x1.8.npz,333,9,0.0,11.066667,"forehead_strip,left_cheek_big,right_cheek_big",,,,train
TokyoTech,'Subj_08_Exercise_Frag6,Subj_08_Exercise_Frag6,Dataset/3_ROI/TokyoTech_RAW/Subj_08_Exercise_Frag6.npz,600,9,0.0,19.966666666666665,"forehead_strip,left_cheek_big,right_cheek_big",,,,train
TokyoTech,'Subj_08_Exercise_Frag6_x0.55,Subj_08_Exercise_Frag6,Dataset/3_ROI/MEGA_AUG/aug_npz/TokyoTech_Subj_08_Exercise_Frag6_Subj_08_Exercise_Frag6_x0.55.npz,1091,9,0.0,36.333333,"forehead_strip,left_cheek_big,right_cheek_big",,,,train
TokyoTech,'Subj_08_Exercise_Frag6_x0.65,Subj_08_Exercise_Frag6,Dataset/3_ROI/MEGA_AUG/aug_npz/TokyoTech_Subj_08_Exercise_Frag6_Subj_08_Exercise_Frag6_x0.65.npz,923,9,0.0,30.733333,"forehead_strip,left_cheek_big,right_cheek_big",,,,train
TokyoTech,'Subj_08_Exercise_Frag6_x0.75,Subj_08_Exercise_Frag6,Dataset/3_ROI/MEGA_AUG/aug_npz/TokyoTech_Subj_08_Exercise_Frag6_Subj_08_Exercise_Frag6_x0.75.npz,800,9,0.0,26.633333,"forehead_strip,left_cheek_big,right_cheek_big",,,,train
TokyoTech,'Subj_08_Exercise_Frag6_x1.2,Subj_08_Exercise_Frag6,Dataset/3_ROI/MEGA_AUG/aug_npz/TokyoTech_Subj_08_Exercise_Frag6_Subj_08_Exercise_Frag6_x1.2.npz,500,9,0.0,16.633333,"forehead_strip,left_cheek_big,right_cheek_big",,,,train
TokyoTech,'Subj_08_Exercise_Frag6_x1.4,Subj_08_Exercise_Frag6,Dataset/3_ROI/MEGA_AUG/aug_npz/TokyoTech_Subj_08_Exercise_Frag6_Subj_08_Exercise_Frag6_x1.4.npz,429,9,0.0,14.266667,"forehead_strip,left_cheek_big,right_cheek_big",,,,train
TokyoTech,'Subj_08_Exercise_Frag6_x1.6,Subj_08_Exercise_Frag6,Dataset/3_ROI/MEGA_AUG/aug_npz/TokyoTech_Subj_08_Exercise_Frag6_Subj_08_Exercise_Frag6_x1.6.npz,375,9,0.0,12.466667,"forehead_strip,left_cheek_big,right_cheek_big",,,,train
TokyoTech,'Subj_08_Exercise_Frag6_x1.8,Subj_08_Exercise_Frag6,Dataset/3_ROI/MEGA_AUG/aug_npz/TokyoTech_Subj_08_Exercise_Frag6_Subj_08_Exercise_Frag6_x1.8.npz,333,9,0.0,11.066667,"forehead_strip,left_cheek_big,right_cheek_big",,,,train
TokyoTech,'Subj_08_Post_Relax_Frag7,Subj_08_Post_Relax_Frag7,Dataset/3_ROI/TokyoTech_RAW/Subj_08_Post_Relax_Frag7.npz,600,9,0.0,19.966666666666665,"forehead_strip,left_cheek_big,right_cheek_big",,,,train
TokyoTech,'Subj_08_Post_Relax_Frag7_x0.55,Subj_08_Post_Relax_Frag7,Dataset/3_ROI/MEGA_AUG/aug_npz/TokyoTech_Subj_08_Post_Relax_Frag7_Subj_08_Post_Relax_Frag7_x0.55.npz,1091,9,0.0,36.333333,"forehead_strip,left_cheek_big,right_cheek_big",,,,train
TokyoTech,'Subj_08_Post_Relax_Frag7_x0.65,Subj_08_Post_Relax_Frag7,Dataset/3_ROI/MEGA_AUG/aug_npz/TokyoTech_Subj_08_Post_Relax_Frag7_Subj_08_Post_Relax_Frag7_x0.65.npz,923,9,0.0,30.733333,"forehead_strip,left_cheek_big,right_cheek_big",,,,train
TokyoTech,'Subj_08_Post_Relax_Frag7_x0.75,Subj_08_Post_Relax_Frag7,Dataset/3_ROI/MEGA_AUG/aug_npz/TokyoTech_Subj_08_Post_Relax_Frag7_Subj_08_Post_Relax_Frag7_x0.75.npz,800,9,0.0,26.633333,"forehead_strip,left_cheek_big,right_cheek_big",,,,train
TokyoTech,'Subj_08_Post_Relax_Frag7_x1.2,Subj_08_Post_Relax_Frag7,Dataset/3_ROI/MEGA_AUG/aug_npz/TokyoTech_Subj_08_Post_Relax_Frag7_Subj_08_Post_Relax_Frag7_x1.2.npz,500,9,0.0,16.633333,"forehead_strip,left_cheek_big,right_cheek_big",,,,train
TokyoTech,'Subj_08_Post_Relax_Frag7_x1.4,Subj_08_Post_Relax_Frag7,Dataset/3_ROI/MEGA_AUG/aug_npz/TokyoTech_Subj_08_Post_Relax_Frag7_Subj_08_Post_Relax_Frag7_x1.4.npz,429,9,0.0,14.266667,"forehead_strip,left_cheek_big,right_cheek_big",,,,train
TokyoTech,'Subj_08_Post_Relax_Frag7_x1.6,Subj_08_Post_Relax_Frag7,Dataset/3_ROI/MEGA_AUG/aug_npz/TokyoTech_Subj_08_Post_Relax_Frag7_Subj_08_Post_Relax_Frag7_x1.6.npz,375,9,0.0,12.466667,"forehead_strip,left_cheek_big,right_cheek_big",,,,train
TokyoTech,'Subj_08_Post_Relax_Frag7_x1.8,Subj_08_Post_Relax_Frag7,Dataset/3_ROI/MEGA_AUG/aug_npz/TokyoTech_Subj_08_Post_Relax_Frag7_Subj_08_Post_Relax_Frag7_x1.8.npz,333,9,0.0,11.066667,"forehead_strip,left_cheek_big,right_cheek_big",,,,train
TokyoTech,'Subj_08_Post_Relax_Frag8,Subj_08_Post_Relax_Frag8,Dataset/3_ROI/TokyoTech_RAW/Subj_08_Post_Relax_Frag8.npz,600,9,0.0,19.966666666666665,"forehead_strip,left_cheek_big,right_cheek_big",,,,train
TokyoTech,'Subj_08_Post_Relax_Frag8_x0.65,Subj_08_Post_Relax_Frag8,Dataset/3_ROI/MEGA_AUG/aug_npz/TokyoTech_Subj_08_Post_Relax_Frag8_Subj_08_Post_Relax_Frag8_x0.65.npz,923,9,0.0,30.733333,"forehead_strip,left_cheek_big,right_cheek_big",,,,train
TokyoTech,'Subj_08_Post_Relax_Frag8_x0.75,Subj_08_Post_Relax_Frag8,Dataset/3_ROI/MEGA_AUG/aug_npz/TokyoTech_Subj_08_Post_Relax_Frag8_Subj_08_Post_Relax_Frag8_x0.75.npz,800,9,0.0,26.633333,"forehead_strip,left_cheek_big,right_cheek_big",,,,train
TokyoTech,'Subj_08_Post_Relax_Frag8_x1.2,Subj_08_Post_Relax_Frag8,Dataset/3_ROI/MEGA_AUG/aug_npz/TokyoTech_Subj_08_Post_Relax_Frag8_Subj_08_Post_Relax_Frag8_x1.2.npz,500,9,0.0,16.633333,"forehead_strip,left_cheek_big,right_cheek_big",,,,train
TokyoTech,'Subj_08_Post_Relax_Frag8_x1.4,Subj_08_Post_Relax_Frag8,Dataset/3_ROI/MEGA_AUG/aug_npz/TokyoTech_Subj_08_Post_Relax_Frag8_Subj_08_Post_Relax_Frag8_x1.4.npz,429,9,0.0,14.266667,"forehead_strip,left_cheek_big,right_cheek_big",,,,train
TokyoTech,'Subj_08_Post_Relax_Frag8_x1.6,Subj_08_Post_Relax_Frag8,Dataset/3_ROI/MEGA_AUG/aug_npz/TokyoTech_Subj_08_Post_Relax_Frag8_Subj_08_Post_Relax_Frag8_x1.6.npz,375,9,0.0,12.466667,"forehead_strip,left_cheek_big,right_cheek_big",,,,train
TokyoTech,'Subj_08_Post_Relax_Frag8_x1.8,Subj_08_Post_Relax_Frag8,Dataset/3_ROI/MEGA_AUG/aug_npz/TokyoTech_Subj_08_Post_Relax_Frag8_Subj_08_Post_Relax_Frag8_x1.8.npz,333,9,0.0,11.066667,"forehead_strip,left_cheek_big,right_cheek_big",,,,train
TokyoTech,'Subj_08_Post_Relax_Frag9,Subj_08_Post_Relax_Frag9,Dataset/3_ROI/TokyoTech_RAW/Subj_08_Post_Relax_Frag9.npz,600,9,0.0,19.966666666666665,"forehead_strip,left_cheek_big,right_cheek_big",,,,train
TokyoTech,'Subj_08_Post_Relax_Frag9_x0.55,Subj_08_Post_Relax_Frag9,Dataset/3_ROI/MEGA_AUG/aug_npz/TokyoTech_Subj_08_Post_Relax_Frag9_Subj_08_Post_Relax_Frag9_x0.55.npz,1091,9,0.0,36.333333,"forehead_strip,left_cheek_big,right_cheek_big",,,,train
TokyoTech,'Subj_08_Post_Relax_Frag9_x0.65,Subj_08_Post_Relax_Frag9,Dataset/3_ROI/MEGA_AUG/aug_npz/TokyoTech_Subj_08_Post_Relax_Frag9_Subj_08_Post_Relax_Frag9_x0.65.npz,923,9,0.0,30.733333,"forehead_strip,left_cheek_big,right_cheek_big",,,,train
TokyoTech,'Subj_08_Post_Relax_Frag9_x0.75,Subj_08_Post_Relax_Frag9,Dataset/3_ROI/MEGA_AUG/aug_npz/TokyoTech_Subj_08_Post_Relax_Frag9_Subj_08_Post_Relax_Frag9_x0.75.npz,800,9,0.0,26.633333,"forehead_strip,left_cheek_big,right_cheek_big",,,,train
TokyoTech,'Subj_08_Post_Relax_Frag9_x1.2,Subj_08_Post_Relax_Frag9,Dataset/3_ROI/MEGA_AUG/aug_npz/TokyoTech_Subj_08_Post_Relax_Frag9_Subj_08_Post_Relax_Frag9_x1.2.npz,500,9,0.0,16.633333,"forehead_strip,left_cheek_big,right_cheek_big",,,,train
TokyoTech,'Subj_08_Post_Relax_Frag9_x1.4,Subj_08_Post_Relax_Frag9,Dataset/3_ROI/MEGA_AUG/aug_npz/TokyoTech_Subj_08_Post_Relax_Frag9_Subj_08_Post_Relax_Frag9_x1.4.npz,429,9,0.0,14.266667,"forehead_strip,left_cheek_big,right_cheek_big",,,,train
TokyoTech,'Subj_08_Post_Relax_Frag9_x1.6,Subj_08_Post_Relax_Frag9,Dataset/3_ROI/MEGA_AUG/aug_npz/TokyoTech_Subj_08_Post_Relax_Frag9_Subj_08_Post_Relax_Frag9_x1.6.npz,375,9,0.0,12.466667,"forehead_strip,left_cheek_big,right_cheek_big",,,,train
TokyoTech,'Subj_08_Post_Relax_Frag9_x1.8,Subj_08_Post_Relax_Frag9,Dataset/3_ROI/MEGA_AUG/aug_npz/TokyoTech_Subj_08_Post_Relax_Frag9_Subj_08_Post_Relax_Frag9_x1.8.npz,333,9,0.0,11.066667,"forehead_strip,left_cheek_big,right_cheek_big",,,,train
TokyoTech,'Subj_08_Pre_Relax_Frag1,Subj_08_Pre_Relax_Frag1,Dataset/3_ROI/TokyoTech_RAW/Subj_08_Pre_Relax_Frag1.npz,600,9,0.0,19.966666666666665,"forehead_strip,left_cheek_big,right_cheek_big",,,,train
TokyoTech,'Subj_08_Pre_Relax_Frag1_x0.55,Subj_08_Pre_Relax_Frag1,Dataset/3_ROI/MEGA_AUG/aug_npz/TokyoTech_Subj_08_Pre_Relax_Frag1_Subj_08_Pre_Relax_Frag1_x0.55.npz,1091,9,0.0,36.333333,"forehead_strip,left_cheek_big,right_cheek_big",,,,train
TokyoTech,'Subj_08_Pre_Relax_Frag1_x0.65,Subj_08_Pre_Relax_Frag1,Dataset/3_ROI/MEGA_AUG/aug_npz/TokyoTech_Subj_08_Pre_Relax_Frag1_Subj_08_Pre_Relax_Frag1_x0.65.npz,923,9,0.0,30.733333,"forehead_strip,left_cheek_big,right_cheek_big",,,,train
TokyoTech,'Subj_08_Pre_Relax_Frag1_x0.75,Subj_08_Pre_Relax_Frag1,Dataset/3_ROI/MEGA_AUG/aug_npz/TokyoTech_Subj_08_Pre_Relax_Frag1_Subj_08_Pre_Relax_Frag1_x0.75.npz,800,9,0.0,26.633333,"forehead_strip,left_cheek_big,right_cheek_big",,,,train
TokyoTech,'Subj_08_Pre_Relax_Frag1_x1.2,Subj_08_Pre_Relax_Frag1,Dataset/3_ROI/MEGA_AUG/aug_npz/TokyoTech_Subj_08_Pre_Relax_Frag1_Subj_08_Pre_Relax_Frag1_x1.2.npz,500,9,0.0,16.633333,"forehead_strip,left_cheek_big,right_cheek_big",,,,train
TokyoTech,'Subj_08_Pre_Relax_Frag1_x1.4,Subj_08_Pre_Relax_Frag1,Dataset/3_ROI/MEGA_AUG/aug_npz/TokyoTech_Subj_08_Pre_Relax_Frag1_Subj_08_Pre_Relax_Frag1_x1.4.npz,429,9,0.0,14.266667,"forehead_strip,left_cheek_big,right_cheek_big",,,,train
TokyoTech,'Subj_08_Pre_Relax_Frag1_x1.6,Subj_08_Pre_Relax_Frag1,Dataset/3_ROI/MEGA_AUG/aug_npz/TokyoTech_Subj_08_Pre_Relax_Frag1_Subj_08_Pre_Relax_Frag1_x1.6.npz,375,9,0.0,12.466667,"forehead_strip,left_cheek_big,right_cheek_big",,,,train
TokyoTech,'Subj_08_Pre_Relax_Frag1_x1.8,Subj_08_Pre_Relax_Frag1,Dataset/3_ROI/MEGA_AUG/aug_npz/TokyoTech_Subj_08_Pre_Relax_Frag1_Subj_08_Pre_Relax_Frag1_x1.8.npz,333,9,0.0,11.066667,"forehead_strip,left_cheek_big,right_cheek_big",,,,train
TokyoTech,'Subj_08_Pre_Relax_Frag2,Subj_08_Pre_Relax_Frag2,Dataset/3_ROI/TokyoTech_RAW/Subj_08_Pre_Relax_Frag2.npz,600,9,0.0,19.966666666666665,"forehead_strip,left_cheek_big,right_cheek_big",,,,train
TokyoTech,'Subj_08_Pre_Relax_Frag2_x0.55,Subj_08_Pre_Relax_Frag2,Dataset/3_ROI/MEGA_AUG/aug_npz/TokyoTech_Subj_08_Pre_Relax_Frag2_Subj_08_Pre_Relax_Frag2_x0.55.npz,1091,9,0.0,36.333333,"forehead_strip,left_cheek_big,right_cheek_big",,,,train
TokyoTech,'Subj_08_Pre_Relax_Frag2_x0.65,Subj_08_Pre_Relax_Frag2,Dataset/3_ROI/MEGA_AUG/aug_npz/TokyoTech_Subj_08_Pre_Relax_Frag2_Subj_08_Pre_Relax_Frag2_x0.65.npz,923,9,0.0,30.733333,"forehead_strip,left_cheek_big,right_cheek_big",,,,train
TokyoTech,'Subj_08_Pre_Relax_Frag2_x0.75,Subj_08_Pre_Relax_Frag2,Dataset/3_ROI/MEGA_AUG/aug_npz/TokyoTech_Subj_08_Pre_Relax_Frag2_Subj_08_Pre_Relax_Frag2_x0.75.npz,800,9,0.0,26.633333,"forehead_strip,left_cheek_big,right_cheek_big",,,,train
TokyoTech,'Subj_08_Pre_Relax_Frag2_x1.2,Subj_08_Pre_Relax_Frag2,Dataset/3_ROI/MEGA_AUG/aug_npz/TokyoTech_Subj_08_Pre_Relax_Frag2_Subj_08_Pre_Relax_Frag2_x1.2.npz,500,9,0.0,16.633333,"forehead_strip,left_cheek_big,right_cheek_big",,,,train
TokyoTech,'Subj_08_Pre_Relax_Frag2_x1.4,Subj_08_Pre_Relax_Frag2,Dataset/3_ROI/MEGA_AUG/aug_npz/TokyoTech_Subj_08_Pre_Relax_Frag2_Subj_08_Pre_Relax_Frag2_x1.4.npz,429,9,0.0,14.266667,"forehead_strip,left_cheek_big,right_cheek_big",,,,train
TokyoTech,'Subj_08_Pre_Relax_Frag2_x1.6,Subj_08_Pre_Relax_Frag2,Dataset/3_ROI/MEGA_AUG/aug_npz/TokyoTech_Subj_08_Pre_Relax_Frag2_Subj_08_Pre_Relax_Frag2_x1.6.npz,375,9,0.0,12.466667,"forehead_strip,left_cheek_big,right_cheek_big",,,,train
TokyoTech,'Subj_08_Pre_Relax_Frag2_x1.8,Subj_08_Pre_Relax_Frag2,Dataset/3_ROI/MEGA_AUG/aug_npz/TokyoTech_Subj_08_Pre_Relax_Frag2_Subj_08_Pre_Relax_Frag2_x1.8.npz,333,9,0.0,11.066667,"forehead_strip,left_cheek_big,right_cheek_big",,,,train
TokyoTech,'Subj_08_Pre_Relax_Frag3,Subj_08_Pre_Relax_Frag3,Dataset/3_ROI/TokyoTech_RAW/Subj_08_Pre_Relax_Frag3.npz,600,9,0.0,19.966666666666665,"forehead_strip,left_cheek_big,right_cheek_big",,,,train
TokyoTech,'Subj_08_Pre_Relax_Frag3_x0.65,Subj_08_Pre_Relax_Frag3,Dataset/3_ROI/MEGA_AUG/aug_npz/TokyoTech_Subj_08_Pre_Relax_Frag3_Subj_08_Pre_Relax_Frag3_x0.65.npz,923,9,0.0,30.733333,"forehead_strip,left_cheek_big,right_cheek_big",,,,train
TokyoTech,'Subj_08_Pre_Relax_Frag3_x0.75,Subj_08_Pre_Relax_Frag3,Dataset/3_ROI/MEGA_AUG/aug_npz/TokyoTech_Subj_08_Pre_Relax_Frag3_Subj_08_Pre_Relax_Frag3_x0.75.npz,800,9,0.0,26.633333,"forehead_strip,left_cheek_big,right_cheek_big",,,,train
TokyoTech,'Subj_08_Pre_Relax_Frag3_x1.2,Subj_08_Pre_Relax_Frag3,Dataset/3_ROI/MEGA_AUG/aug_npz/TokyoTech_Subj_08_Pre_Relax_Frag3_Subj_08_Pre_Relax_Frag3_x1.2.npz,500,9,0.0,16.633333,"forehead_strip,left_cheek_big,right_cheek_big",,,,train
TokyoTech,'Subj_08_Pre_Relax_Frag3_x1.4,Subj_08_Pre_Relax_Frag3,Dataset/3_ROI/MEGA_AUG/aug_npz/TokyoTech_Subj_08_Pre_Relax_Frag3_Subj_08_Pre_Relax_Frag3_x1.4.npz,429,9,0.0,14.266667,"forehead_strip,left_cheek_big,right_cheek_big",,,,train
TokyoTech,'Subj_08_Pre_Relax_Frag3_x1.6,Subj_08_Pre_Relax_Frag3,Dataset/3_ROI/MEGA_AUG/aug_npz/TokyoTech_Subj_08_Pre_Relax_Frag3_Subj_08_Pre_Relax_Frag3_x1.6.npz,375,9,0.0,12.466667,"forehead_strip,left_cheek_big,right_cheek_big",,,,train
TokyoTech,'Subj_08_Pre_Relax_Frag3_x1.8,Subj_08_Pre_Relax_Frag3,Dataset/3_ROI/MEGA_AUG/aug_npz/TokyoTech_Subj_08_Pre_Relax_Frag3_Subj_08_Pre_Relax_Frag3_x1.8.npz,333,9,0.0,11.066667,"forehead_strip,left_cheek_big,right_cheek_big",,,,train
TokyoTech,'Subj_09_Exercise_Frag4,Subj_09_Exercise_Frag4,Dataset/3_ROI/TokyoTech_RAW/Subj_09_Exercise_Frag4.npz,600,9,0.0,19.966666666666665,"forehead_strip,left_cheek_big,right_cheek_big",,,,val
TokyoTech,'Subj_09_Exercise_Frag5,Subj_09_Exercise_Frag5,Dataset/3_ROI/TokyoTech_RAW/Subj_09_Exercise_Frag5.npz,600,9,0.0,19.966666666666665,"forehead_strip,left_cheek_big,right_cheek_big",,,,val
TokyoTech,'Subj_09_Exercise_Frag6,Subj_09_Exercise_Frag6,Dataset/3_ROI/TokyoTech_RAW/Subj_09_Exercise_Frag6.npz,600,9,0.0,19.966666666666665,"forehead_strip,left_cheek_big,right_cheek_big",,,,val
TokyoTech,'Subj_09_Post_Relax_Frag7,Subj_09_Post_Relax_Frag7,Dataset/3_ROI/TokyoTech_RAW/Subj_09_Post_Relax_Frag7.npz,600,9,0.0,19.966666666666665,"forehead_strip,left_cheek_big,right_cheek_big",,,,val
TokyoTech,'Subj_09_Post_Relax_Frag8,Subj_09_Post_Relax_Frag8,Dataset/3_ROI/TokyoTech_RAW/Subj_09_Post_Relax_Frag8.npz,600,9,0.0,19.966666666666665,"forehead_strip,left_cheek_big,right_cheek_big",,,,val
TokyoTech,'Subj_09_Post_Relax_Frag9,Subj_09_Post_Relax_Frag9,Dataset/3_ROI/TokyoTech_RAW/Subj_09_Post_Relax_Frag9.npz,600,9,0.0,19.966666666666665,"forehead_strip,left_cheek_big,right_cheek_big",,,,val
TokyoTech,'Subj_09_Pre_Relax_Frag1,Subj_09_Pre_Relax_Frag1,Dataset/3_ROI/TokyoTech_RAW/Subj_09_Pre_Relax_Frag1.npz,600,9,0.0,19.966666666666665,"forehead_strip,left_cheek_big,right_cheek_big",,,,val
TokyoTech,'Subj_09_Pre_Relax_Frag2,Subj_09_Pre_Relax_Frag2,Dataset/3_ROI/TokyoTech_RAW/Subj_09_Pre_Relax_Frag2.npz,600,9,0.0,19.966666666666665,"forehead_strip,left_cheek_big,right_cheek_big",,,,val
TokyoTech,'Subj_09_Pre_Relax_Frag3,Subj_09_Pre_Relax_Frag3,Dataset/3_ROI/TokyoTech_RAW/Subj_09_Pre_Relax_Frag3.npz,600,9,0.0,19.966666666666665,"forehead_strip,left_cheek_big,right_cheek_big",,,,val
UBFC,'vid_1,vid_1,Dataset/3_ROI/UBFC_RAW/vid_1.npz,1547,9,0.0,52.82922362295981,"forehead_strip,left_cheek_big,right_cheek_big",,29.26410599999992,0.997383576485123,train
UBFC,'vid_1_x0.55,vid_1,Dataset/3_ROI/MEGA_AUG/aug_npz/UBFC_vid_1_vid_1_x0.55.npz,2813,9,0.0,96.090412,"forehead_strip,left_cheek_big,right_cheek_big",,29.26410599999992,0.997383576485123,train
UBFC,'vid_1_x0.65,vid_1,Dataset/3_ROI/MEGA_AUG/aug_npz/UBFC_vid_1_vid_1_x0.65.npz,2380,9,0.0,81.294129,"forehead_strip,left_cheek_big,right_cheek_big",,29.26410599999992,0.997383576485123,train
UBFC,'vid_1_x0.75,vid_1,Dataset/3_ROI/MEGA_AUG/aug_npz/UBFC_vid_1_vid_1_x0.75.npz,2063,9,0.0,70.461746,"forehead_strip,left_cheek_big,right_cheek_big",,29.26410599999992,0.997383576485123,train
UBFC,'vid_1_x1.2,vid_1,Dataset/3_ROI/MEGA_AUG/aug_npz/UBFC_vid_1_vid_1_x1.2.npz,1289,9,0.0,44.012963,"forehead_strip,left_cheek_big,right_cheek_big",,29.26410599999992,0.997383576485123,train
UBFC,'vid_1_x1.4,vid_1,Dataset/3_ROI/MEGA_AUG/aug_npz/UBFC_vid_1_vid_1_x1.4.npz,1105,9,0.0,37.725396,"forehead_strip,left_cheek_big,right_cheek_big",,29.26410599999992,0.997383576485123,train
UBFC,'vid_1_x1.6,vid_1,Dataset/3_ROI/MEGA_AUG/aug_npz/UBFC_vid_1_vid_1_x1.6.npz,967,9,0.0,33.009722,"forehead_strip,left_cheek_big,right_cheek_big",,29.26410599999992,0.997383576485123,train
UBFC,'vid_10,vid_10,Dataset/3_ROI/UBFC_RAW/vid_10.npz,2024,9,0.0,67.71438867496765,"forehead_strip,left_cheek_big,right_cheek_big",,29.875481999999906,1.0000237959031142,train
UBFC,'vid_10_x0.55,vid_10,Dataset/3_ROI/MEGA_AUG/aug_npz/UBFC_vid_10_vid_10_x0.55.npz,3680,9,0.0,123.144457,"forehead_strip,left_cheek_big,right_cheek_big",,29.875481999999906,1.0000237959031142,train
UBFC,'vid_10_x0.65,vid_10,Dataset/3_ROI/MEGA_AUG/aug_npz/UBFC_vid_10_vid_10_x0.65.npz,3114,9,0.0,104.199156,"forehead_strip,left_cheek_big,right_cheek_big",,29.875481999999906,1.0000237959031142,train
UBFC,'vid_10_x0.75,vid_10,Dataset/3_ROI/MEGA_AUG/aug_npz/UBFC_vid_10_vid_10_x0.75.npz,2699,9,0.0,90.308166,"forehead_strip,left_cheek_big,right_cheek_big",,29.875481999999906,1.0000237959031142,train
UBFC,'vid_10_x1.2,vid_10,Dataset/3_ROI/MEGA_AUG/aug_npz/UBFC_vid_10_vid_10_x1.2.npz,1687,9,0.0,56.434236,"forehead_strip,left_cheek_big,right_cheek_big",,29.875481999999906,1.0000237959031142,train
UBFC,'vid_10_x1.4,vid_10,Dataset/3_ROI/MEGA_AUG/aug_npz/UBFC_vid_10_vid_10_x1.4.npz,1446,9,0.0,48.367420,"forehead_strip,left_cheek_big,right_cheek_big",,29.875481999999906,1.0000237959031142,train
UBFC,'vid_11,vid_11,Dataset/3_ROI/UBFC_RAW/vid_11.npz,2031,9,0.0,68.34853903146013,"forehead_strip,left_cheek_big,right_cheek_big",,29.70070799999974,1.0004603019901477,train
UBFC,'vid_11_x0.55,vid_11,Dataset/3_ROI/MEGA_AUG/aug_npz/UBFC_vid_11_vid_11_x0.55.npz,3693,9,0.0,124.306801,"forehead_strip,left_cheek_big,right_cheek_big",,29.70070799999974,1.0004603019901477,train
UBFC,'vid_11_x0.65,vid_11,Dataset/3_ROI/MEGA_AUG/aug_npz/UBFC_vid_11_vid_11_x0.65.npz,3125,9,0.0,105.182678,"forehead_strip,left_cheek_big,right_cheek_big",,29.70070799999974,1.0004603019901477,train
UBFC,'vid_11_x0.75,vid_11,Dataset/3_ROI/MEGA_AUG/aug_npz/UBFC_vid_11_vid_11_x0.75.npz,2708,9,0.0,91.142608,"forehead_strip,left_cheek_big,right_cheek_big",,29.70070799999974,1.0004603019901477,train
UBFC,'vid_11_x1.2,vid_11,Dataset/3_ROI/MEGA_AUG/aug_npz/UBFC_vid_11_vid_11_x1.2.npz,1692,9,0.0,56.934670,"forehead_strip,left_cheek_big,right_cheek_big",,29.70070799999974,1.0004603019901477,train
UBFC,'vid_11_x1.4,vid_11,Dataset/3_ROI/MEGA_AUG/aug_npz/UBFC_vid_11_vid_11_x1.4.npz,1451,9,0.0,48.820385,"forehead_strip,left_cheek_big,right_cheek_big",,29.70070799999974,1.0004603019901477,train
UBFC,'vid_12,vid_12,Dataset/3_ROI/UBFC_RAW/vid_12.npz,1989,9,0.0,68.48162728881238,"forehead_strip,left_cheek_big,right_cheek_big",,29.029683999999616,0.9987642336760564,train
UBFC,'vid_12_x0.65,vid_12,Dataset/3_ROI/MEGA_AUG/aug_npz/UBFC_vid_12_vid_12_x0.65.npz,3060,9,0.0,105.374898,"forehead_strip,left_cheek_big,right_cheek_big",,29.029683999999616,0.9987642336760564,train
UBFC,'vid_12_x0.75,vid_12,Dataset/3_ROI/MEGA_AUG/aug_npz/UBFC_vid_12_vid_12_x0.75.npz,2652,9,0.0,91.320319,"forehead_strip,left_cheek_big,right_cheek_big",,29.029683999999616,0.9987642336760564,train
UBFC,'vid_12_x1.2,vid_12,Dataset/3_ROI/MEGA_AUG/aug_npz/UBFC_vid_12_vid_12_x1.2.npz,1658,9,0.0,57.079505,"forehead_strip,left_cheek_big,right_cheek_big",,29.029683999999616,0.9987642336760564,train
UBFC,'vid_12_x1.4,vid_12,Dataset/3_ROI/MEGA_AUG/aug_npz/UBFC_vid_12_vid_12_x1.4.npz,1421,9,0.0,48.915448,"forehead_strip,left_cheek_big,right_cheek_big",,29.029683999999616,0.9987642336760564,train
UBFC,'vid_12_x1.6,vid_12,Dataset/3_ROI/MEGA_AUG/aug_npz/UBFC_vid_12_vid_12_x1.6.npz,1243,9,0.0,42.783793,"forehead_strip,left_cheek_big,right_cheek_big",,29.029683999999616,0.9987642336760564,train
UBFC,'vid_12_x1.8,vid_12,Dataset/3_ROI/MEGA_AUG/aug_npz/UBFC_vid_12_vid_12_x1.8.npz,1105,9,0.0,38.030038,"forehead_strip,left_cheek_big,right_cheek_big",,29.029683999999616,0.9987642336760564,train
UBFC,'vid_13,vid_13,Dataset/3_ROI/UBFC_RAW/vid_13.npz,2018,9,0.0,67.7066024847014,"forehead_strip,left_cheek_big,right_cheek_big",,29.790299999999014,1.0002717240951906,train
UBFC,'vid_13_x0.55,vid_13,Dataset/3_ROI/MEGA_AUG/aug_npz/UBFC_vid_13_vid_13_x0.55.npz,3669,9,0.0,123.127327,"forehead_strip,left_cheek_big,right_cheek_big",,29.790299999999014,1.0002717240951906,train
UBFC,'vid_13_x0.65,vid_13,Dataset/3_ROI/MEGA_AUG/aug_npz/UBFC_vid_13_vid_13_x0.65.npz,3105,9,0.0,104.194990,"forehead_strip,left_cheek_big,right_cheek_big",,29.790299999999014,1.0002717240951906,train
UBFC,'vid_13_x0.75,vid_13,Dataset/3_ROI/MEGA_AUG/aug_npz/UBFC_vid_13_vid_13_x0.75.npz,2691,9,0.0,90.297849,"forehead_strip,left_cheek_big,right_cheek_big",,29.790299999999014,1.0002717240951906,train
UBFC,'vid_13_x1.2,vid_13,Dataset/3_ROI/MEGA_AUG/aug_npz/UBFC_vid_13_vid_13_x1.2.npz,1682,9,0.0,56.427763,"forehead_strip,left_cheek_big,right_cheek_big",,29.790299999999014,1.0002717240951906,train
UBFC,'vid_13_x1.4,vid_13,Dataset/3_ROI/MEGA_AUG/aug_npz/UBFC_vid_13_vid_13_x1.4.npz,1441,9,0.0,48.337882,"forehead_strip,left_cheek_big,right_cheek_big",,29.790299999999014,1.0002717240951906,train
UBFC,'vid_14,vid_14,Dataset/3_ROI/UBFC_RAW/vid_14.npz,1993,9,0.0,67.81969915086128,"forehead_strip,left_cheek_big,right_cheek_big",,29.371996999999823,1.0007121949779114,train
UBFC,'vid_14_x0.55,vid_14,Dataset/3_ROI/MEGA_AUG/aug_npz/UBFC_vid_14_vid_14_x0.55.npz,3624,9,0.0,123.348780,"forehead_strip,left_cheek_big,right_cheek_big",,29.371996999999823,1.0007121949779114,train
UBFC,'vid_14_x0.65,vid_14,Dataset/3_ROI/MEGA_AUG/aug_npz/UBFC_vid_14_vid_14_x0.65.npz,3066,9,0.0,104.351093,"forehead_strip,left_cheek_big,right_cheek_big",,29.371996999999823,1.0007121949779114,train
UBFC,'vid_14_x0.75,vid_14,Dataset/3_ROI/MEGA_AUG/aug_npz/UBFC_vid_14_vid_14_x0.75.npz,2657,9,0.0,90.426266,"forehead_strip,left_cheek_big,right_cheek_big",,29.371996999999823,1.0007121949779114,train
UBFC,'vid_14_x1.2,vid_14,Dataset/3_ROI/MEGA_AUG/aug_npz/UBFC_vid_14_vid_14_x1.2.npz,1661,9,0.0,56.516416,"forehead_strip,left_cheek_big,right_cheek_big",,29.371996999999823,1.0007121949779114,train
UBFC,'vid_14_x1.4,vid_14,Dataset/3_ROI/MEGA_AUG/aug_npz/UBFC_vid_14_vid_14_x1.4.npz,1424,9,0.0,48.447506,"forehead_strip,left_cheek_big,right_cheek_big",,29.371996999999823,1.0007121949779114,train
UBFC,'vid_14_x1.6,vid_14,Dataset/3_ROI/MEGA_AUG/aug_npz/UBFC_vid_14_vid_14_x1.6.npz,1246,9,0.0,42.387312,"forehead_strip,left_cheek_big,right_cheek_big",,29.371996999999823,1.0007121949779114,train
UBFC,'vid_14_x1.8,vid_14,Dataset/3_ROI/MEGA_AUG/aug_npz/UBFC_vid_14_vid_14_x1.8.npz,1107,9,0.0,37.654913,"forehead_strip,left_cheek_big,right_cheek_big",,29.371996999999823,1.0007121949779114,train
UBFC,'vid_15,vid_15,Dataset/3_ROI/UBFC_RAW/vid_15.npz,2020,9,0.0,68.231272720735,"forehead_strip,left_cheek_big,right_cheek_big",,29.590536999999937,1.0005529323689948,train
UBFC,'vid_15_x0.55,vid_15,Dataset/3_ROI/MEGA_AUG/aug_npz/UBFC_vid_15_vid_15_x0.55.npz,3673,9,0.0,124.093726,"forehead_strip,left_cheek_big,right_cheek_big",,29.590536999999937,1.0005529323689948,train
UBFC,'vid_15_x0.65,vid_15,Dataset/3_ROI/MEGA_AUG/aug_npz/UBFC_vid_15_vid_15_x0.65.npz,3108,9,0.0,104.999784,"forehead_strip,left_cheek_big,right_cheek_big",,29.590536999999937,1.0005529323689948,train
UBFC,'vid_15_x0.75,vid_15,Dataset/3_ROI/MEGA_AUG/aug_npz/UBFC_vid_15_vid_15_x0.75.npz,2693,9,0.0,90.975030,"forehead_strip,left_cheek_big,right_cheek_big",,29.590536999999937,1.0005529323689948,train
UBFC,'vid_15_x1.2,vid_15,Dataset/3_ROI/MEGA_AUG/aug_npz/UBFC_vid_15_vid_15_x1.2.npz,1683,9,0.0,56.842497,"forehead_strip,left_cheek_big,right_cheek_big",,29.590536999999937,1.0005529323689948,train
UBFC,'vid_15_x1.4,vid_15,Dataset/3_ROI/MEGA_AUG/aug_npz/UBFC_vid_15_vid_15_x1.4.npz,1443,9,0.0,48.731796,"forehead_strip,left_cheek_big,right_cheek_big",,29.590536999999937,1.0005529323689948,train
UBFC,'vid_15_x1.6,vid_15,Dataset/3_ROI/MEGA_AUG/aug_npz/UBFC_vid_15_vid_15_x1.6.npz,1262,9,0.0,42.614975,"forehead_strip,left_cheek_big,right_cheek_big",,29.590536999999937,1.0005529323689948,train
UBFC,'vid_16,vid_16,Dataset/3_ROI/UBFC_RAW/vid_16.npz,2050,9,0.0,68.4555401145456,"forehead_strip,left_cheek_big,right_cheek_big",,29.93183600000144,0.9999921099951196,train
UBFC,'vid_16_x0.55,vid_16,Dataset/3_ROI/MEGA_AUG/aug_npz/UBFC_vid_16_vid_16_x0.55.npz,3727,9,0.0,124.482842,"forehead_strip,left_cheek_big,right_cheek_big",,29.93183600000144,0.9999921099951196,train
UBFC,'vid_16_x0.65,vid_16,Dataset/3_ROI/MEGA_AUG/aug_npz/UBFC_vid_16_vid_16_x0.65.npz,3154,9,0.0,105.339345,"forehead_strip,left_cheek_big,right_cheek_big",,29.93183600000144,0.9999921099951196,train
UBFC,'vid_16_x0.75,vid_16,Dataset/3_ROI/MEGA_AUG/aug_npz/UBFC_vid_16_vid_16_x0.75.npz,2733,9,0.0,91.274053,"forehead_strip,left_cheek_big,right_cheek_big",,29.93183600000144,0.9999921099951196,train
UBFC,'vid_16_x1.2,vid_16,Dataset/3_ROI/MEGA_AUG/aug_npz/UBFC_vid_16_vid_16_x1.2.npz,1708,9,0.0,57.029579,"forehead_strip,left_cheek_big,right_cheek_big",,29.93183600000144,0.9999921099951196,train
UBFC,'vid_16_x1.4,vid_16,Dataset/3_ROI/MEGA_AUG/aug_npz/UBFC_vid_16_vid_16_x1.4.npz,1464,9,0.0,48.877723,"forehead_strip,left_cheek_big,right_cheek_big",,29.93183600000144,0.9999921099951196,train
UBFC,'vid_16_x1.6,vid_16,Dataset/3_ROI/MEGA_AUG/aug_npz/UBFC_vid_16_vid_16_x1.6.npz,1281,9,0.0,42.763832,"forehead_strip,left_cheek_big,right_cheek_big",,29.93183600000144,0.9999921099951196,train
UBFC,'vid_16_x1.8,vid_16,Dataset/3_ROI/MEGA_AUG/aug_npz/UBFC_vid_16_vid_16_x1.8.npz,1139,9,0.0,38.019719,"forehead_strip,left_cheek_big,right_cheek_big",,29.93183600000144,0.9999921099951196,train
UBFC,'vid_17,vid_17,Dataset/3_ROI/UBFC_RAW/vid_17.npz,2046,9,0.0,68.3195955266133,"forehead_strip,left_cheek_big,right_cheek_big",,29.93284700000055,0.9987178564811734,train
UBFC,'vid_17_x0.55,vid_17,Dataset/3_ROI/MEGA_AUG/aug_npz/UBFC_vid_17_vid_17_x0.55.npz,3720,9,0.0,124.244780,"forehead_strip,left_cheek_big,right_cheek_big",,29.93284700000055,0.9987178564811734,train
UBFC,'vid_17_x0.65,vid_17,Dataset/3_ROI/MEGA_AUG/aug_npz/UBFC_vid_17_vid_17_x0.65.npz,3148,9,0.0,105.135338,"forehead_strip,left_cheek_big,right_cheek_big",,29.93284700000055,0.9987178564811734,train
UBFC,'vid_17_x0.75,vid_17,Dataset/3_ROI/MEGA_AUG/aug_npz/UBFC_vid_17_vid_17_x0.75.npz,2728,9,0.0,91.103930,"forehead_strip,left_cheek_big,right_cheek_big",,29.93284700000055,0.9987178564811734,train
UBFC,'vid_17_x1.2,vid_17,Dataset/3_ROI/MEGA_AUG/aug_npz/UBFC_vid_17_vid_17_x1.2.npz,1705,9,0.0,56.927428,"forehead_strip,left_cheek_big,right_cheek_big",,29.93284700000055,0.9987178564811734,train
UBFC,'vid_17_x1.4,vid_17,Dataset/3_ROI/MEGA_AUG/aug_npz/UBFC_vid_17_vid_17_x1.4.npz,1461,9,0.0,48.775848,"forehead_strip,left_cheek_big,right_cheek_big",,29.93284700000055,0.9987178564811734,train
UBFC,'vid_17_x1.6,vid_17,Dataset/3_ROI/MEGA_AUG/aug_npz/UBFC_vid_17_vid_17_x1.6.npz,1279,9,0.0,42.695571,"forehead_strip,left_cheek_big,right_cheek_big",,29.93284700000055,0.9987178564811734,train
UBFC,'vid_17_x1.8,vid_17,Dataset/3_ROI/MEGA_AUG/aug_npz/UBFC_vid_17_vid_17_x1.8.npz,1137,9,0.0,37.951619,"forehead_strip,left_cheek_big,right_cheek_big",,29.93284700000055,0.9987178564811734,train
UBFC,'vid_18,vid_18,Dataset/3_ROI/UBFC_RAW/vid_18.npz,2034,9,0.0,68.34120433741084,"forehead_strip,left_cheek_big,right_cheek_big",,29.747793000000016,1.0003628215632072,train
UBFC,'vid_18_x0.55,vid_18,Dataset/3_ROI/MEGA_AUG/aug_npz/UBFC_vid_18_vid_18_x0.55.npz,3698,9,0.0,124.278127,"forehead_strip,left_cheek_big,right_cheek_big",,29.747793000000016,1.0003628215632072,train
UBFC,'vid_18_x0.65,vid_18,Dataset/3_ROI/MEGA_AUG/aug_npz/UBFC_vid_18_vid_18_x0.65.npz,3129,9,0.0,105.150658,"forehead_strip,left_cheek_big,right_cheek_big",,29.747793000000016,1.0003628215632072,train
UBFC,'vid_18_x0.75,vid_18,Dataset/3_ROI/MEGA_AUG/aug_npz/UBFC_vid_18_vid_18_x0.75.npz,2712,9,0.0,91.132811,"forehead_strip,left_cheek_big,right_cheek_big",,29.747793000000016,1.0003628215632072,train
UBFC,'vid_18_x1.2,vid_18,Dataset/3_ROI/MEGA_AUG/aug_npz/UBFC_vid_18_vid_18_x1.2.npz,1695,9,0.0,56.945401,"forehead_strip,left_cheek_big,right_cheek_big",,29.747793000000016,1.0003628215632072,train
UBFC,'vid_18_x1.4,vid_18,Dataset/3_ROI/MEGA_AUG/aug_npz/UBFC_vid_18_vid_18_x1.4.npz,1453,9,0.0,48.810344,"forehead_strip,left_cheek_big,right_cheek_big",,29.747793000000016,1.0003628215632072,train
UBFC,'vid_20,vid_20,Dataset/3_ROI/UBFC_RAW/vid_20.npz,2016,9,0.0,68.2924008791723,"forehead_strip,left_cheek_big,right_cheek_big",,29.505479000000044,1.000535917911166,train
UBFC,'vid_20_x0.55,vid_20,Dataset/3_ROI/MEGA_AUG/aug_npz/UBFC_vid_20_vid_20_x0.55.npz,3665,9,0.0,124.180326,"forehead_strip,left_cheek_big,right_cheek_big",,29.505479000000044,1.000535917911166,train
UBFC,'vid_20_x0.65,vid_20,Dataset/3_ROI/MEGA_AUG/aug_npz/UBFC_vid_20_vid_20_x0.65.npz,3102,9,0.0,105.099124,"forehead_strip,left_cheek_big,right_cheek_big",,29.505479000000044,1.000535917911166,train
UBFC,'vid_20_x0.75,vid_20,Dataset/3_ROI/MEGA_AUG/aug_npz/UBFC_vid_20_vid_20_x0.75.npz,2688,9,0.0,91.067832,"forehead_strip,left_cheek_big,right_cheek_big",,29.505479000000044,1.000535917911166,train
UBFC,'vid_20_x1.2,vid_20,Dataset/3_ROI/MEGA_AUG/aug_npz/UBFC_vid_20_vid_20_x1.2.npz,1680,9,0.0,56.904685,"forehead_strip,left_cheek_big,right_cheek_big",,29.505479000000044,1.000535917911166,train
UBFC,'vid_20_x1.4,vid_20,Dataset/3_ROI/MEGA_AUG/aug_npz/UBFC_vid_20_vid_20_x1.4.npz,1440,9,0.0,48.770603,"forehead_strip,left_cheek_big,right_cheek_big",,29.505479000000044,1.000535917911166,train
UBFC,'vid_22,vid_22,Dataset/3_ROI/UBFC_RAW/vid_22.npz,2032,9,0.0,68.26736781835946,"forehead_strip,left_cheek_big,right_cheek_big",,29.750671000001383,1.000419412415559,train
UBFC,'vid_22_x0.55,vid_22,Dataset/3_ROI/MEGA_AUG/aug_npz/UBFC_vid_22_vid_22_x0.55.npz,3695,9,0.0,124.165267,"forehead_strip,left_cheek_big,right_cheek_big",,29.750671000001383,1.000419412415559,train
UBFC,'vid_22_x0.65,vid_22,Dataset/3_ROI/MEGA_AUG/aug_npz/UBFC_vid_22_vid_22_x0.65.npz,3126,9,0.0,105.039648,"forehead_strip,left_cheek_big,right_cheek_big",,29.750671000001383,1.000419412415559,train
UBFC,'vid_22_x0.75,vid_22,Dataset/3_ROI/MEGA_AUG/aug_npz/UBFC_vid_22_vid_22_x0.75.npz,2709,9,0.0,91.023157,"forehead_strip,left_cheek_big,right_cheek_big",,29.750671000001383,1.000419412415559,train
UBFC,'vid_22_x1.2,vid_22,Dataset/3_ROI/MEGA_AUG/aug_npz/UBFC_vid_22_vid_22_x1.2.npz,1693,9,0.0,56.872667,"forehead_strip,left_cheek_big,right_cheek_big",,29.750671000001383,1.000419412415559,train
UBFC,'vid_22_x1.4,vid_22,Dataset/3_ROI/MEGA_AUG/aug_npz/UBFC_vid_22_vid_22_x1.4.npz,1451,9,0.0,48.738397,"forehead_strip,left_cheek_big,right_cheek_big",,29.750671000001383,1.000419412415559,train
UBFC,'vid_22_x1.6,vid_22,Dataset/3_ROI/MEGA_AUG/aug_npz/UBFC_vid_22_vid_22_x1.6.npz,1270,9,0.0,42.654500,"forehead_strip,left_cheek_big,right_cheek_big",,29.750671000001383,1.000419412415559,train
UBFC,'vid_23,vid_23,Dataset/3_ROI/UBFC_RAW/vid_23.npz,1958,9,0.0,67.63302520966583,"forehead_strip,left_cheek_big,right_cheek_big",,28.93556799999969,1.000058769962187,train
UBFC,'vid_23_x0.75,vid_23,Dataset/3_ROI/MEGA_AUG/aug_npz/UBFC_vid_23_vid_23_x0.75.npz,2611,9,0.0,90.200407,"forehead_strip,left_cheek_big,right_cheek_big",,28.93556799999969,1.000058769962187,train
UBFC,'vid_23_x1.2,vid_23,Dataset/3_ROI/MEGA_AUG/aug_npz/UBFC_vid_23_vid_23_x1.2.npz,1632,9,0.0,56.366614,"forehead_strip,left_cheek_big,right_cheek_big",,28.93556799999969,1.000058769962187,train
UBFC,'vid_23_x1.4,vid_23,Dataset/3_ROI/MEGA_AUG/aug_npz/UBFC_vid_23_vid_23_x1.4.npz,1399,9,0.0,48.314241,"forehead_strip,left_cheek_big,right_cheek_big",,28.93556799999969,1.000058769962187,train
UBFC,'vid_23_x1.6,vid_23,Dataset/3_ROI/MEGA_AUG/aug_npz/UBFC_vid_23_vid_23_x1.6.npz,1224,9,0.0,42.266321,"forehead_strip,left_cheek_big,right_cheek_big",,28.93556799999969,1.000058769962187,train
UBFC,'vid_23_x1.8,vid_23,Dataset/3_ROI/MEGA_AUG/aug_npz/UBFC_vid_23_vid_23_x1.8.npz,1088,9,0.0,37.566223,"forehead_strip,left_cheek_big,right_cheek_big",,28.93556799999969,1.000058769962187,train
UBFC,'vid_24,vid_24,Dataset/3_ROI/UBFC_RAW/vid_24.npz,2009,9,0.0,68.37347471478762,"forehead_strip,left_cheek_big,right_cheek_big",,29.36811399999982,1.000724334771912,train
UBFC,'vid_24_x0.55,vid_24,Dataset/3_ROI/MEGA_AUG/aug_npz/UBFC_vid_24_vid_24_x0.55.npz,3653,9,0.0,124.352555,"forehead_strip,left_cheek_big,right_cheek_big",,29.36811399999982,1.000724334771912,train
UBFC,'vid_24_x0.65,vid_24,Dataset/3_ROI/MEGA_AUG/aug_npz/UBFC_vid_24_vid_24_x0.65.npz,3091,9,0.0,105.216154,"forehead_strip,left_cheek_big,right_cheek_big",,29.36811399999982,1.000724334771912,train
UBFC,'vid_24_x0.75,vid_24,Dataset/3_ROI/MEGA_AUG/aug_npz/UBFC_vid_24_vid_24_x0.75.npz,2679,9,0.0,91.187333,"forehead_strip,left_cheek_big,right_cheek_big",,29.36811399999982,1.000724334771912,train
UBFC,'vid_24_x1.2,vid_24,Dataset/3_ROI/MEGA_AUG/aug_npz/UBFC_vid_24_vid_24_x1.2.npz,1674,9,0.0,56.966545,"forehead_strip,left_cheek_big,right_cheek_big",,29.36811399999982,1.000724334771912,train
UBFC,'vid_24_x1.4,vid_24,Dataset/3_ROI/MEGA_AUG/aug_npz/UBFC_vid_24_vid_24_x1.4.npz,1435,9,0.0,48.828468,"forehead_strip,left_cheek_big,right_cheek_big",,29.36811399999982,1.000724334771912,train
UBFC,'vid_24_x1.6,vid_24,Dataset/3_ROI/MEGA_AUG/aug_npz/UBFC_vid_24_vid_24_x1.6.npz,1256,9,0.0,42.733422,"forehead_strip,left_cheek_big,right_cheek_big",,29.36811399999982,1.000724334771912,train
UBFC,'vid_25,vid_25,Dataset/3_ROI/UBFC_RAW/vid_25.npz,1448,9,0.0,62.35246499719199,"forehead_strip,left_cheek_big,right_cheek_big",,23.20678099999996,1.0012274575321354,train
UBFC,'vid_25_x0.55,vid_25,Dataset/3_ROI/MEGA_AUG/aug_npz/UBFC_vid_25_vid_25_x0.55.npz,2633,9,0.0,113.415126,"forehead_strip,left_cheek_big,right_cheek_big",,23.20678099999996,1.0012274575321354,train
UBFC,'vid_25_x0.65,vid_25,Dataset/3_ROI/MEGA_AUG/aug_npz/UBFC_vid_25_vid_25_x0.65.npz,2228,9,0.0,95.963331,"forehead_strip,left_cheek_big,right_cheek_big",,23.20678099999996,1.0012274575321354,train
UBFC,'vid_25_x0.75,vid_25,Dataset/3_ROI/MEGA_AUG/aug_npz/UBFC_vid_25_vid_25_x0.75.npz,1931,9,0.0,83.165347,"forehead_strip,left_cheek_big,right_cheek_big",,23.20678099999996,1.0012274575321354,train
UBFC,'vid_25_x1.2,vid_25,Dataset/3_ROI/MEGA_AUG/aug_npz/UBFC_vid_25_vid_25_x1.2.npz,1207,9,0.0,51.967569,"forehead_strip,left_cheek_big,right_cheek_big",,23.20678099999996,1.0012274575321354,train
UBFC,'vid_25_x1.4,vid_25,Dataset/3_ROI/MEGA_AUG/aug_npz/UBFC_vid_25_vid_25_x1.4.npz,1034,9,0.0,44.512852,"forehead_strip,left_cheek_big,right_cheek_big",,23.20678099999996,1.0012274575321354,train
UBFC,'vid_25_x1.6,vid_25,Dataset/3_ROI/MEGA_AUG/aug_npz/UBFC_vid_25_vid_25_x1.6.npz,905,9,0.0,38.954132,"forehead_strip,left_cheek_big,right_cheek_big",,23.20678099999996,1.0012274575321354,train
UBFC,'vid_25_x1.8,vid_25,Dataset/3_ROI/MEGA_AUG/aug_npz/UBFC_vid_25_vid_25_x1.8.npz,804,9,0.0,34.601955,"forehead_strip,left_cheek_big,right_cheek_big",,23.20678099999996,1.0012274575321354,train
UBFC,'vid_26,vid_26,Dataset/3_ROI/UBFC_RAW/vid_26.npz,1485,9,0.0,63.57314488722407,"forehead_strip,left_cheek_big,right_cheek_big",,23.34318999999923,0.9996831226886792,train
UBFC,'vid_26_x0.55,vid_26,Dataset/3_ROI/MEGA_AUG/aug_npz/UBFC_vid_26_vid_26_x0.55.npz,2700,9,0.0,115.622586,"forehead_strip,left_cheek_big,right_cheek_big",,23.34318999999923,0.9996831226886792,train
UBFC,'vid_26_x0.65,vid_26,Dataset/3_ROI/MEGA_AUG/aug_npz/UBFC_vid_26_vid_26_x0.65.npz,2285,9,0.0,97.844382,"forehead_strip,left_cheek_big,right_cheek_big",,23.34318999999923,0.9996831226886792,train
UBFC,'vid_26_x0.75,vid_26,Dataset/3_ROI/MEGA_AUG/aug_npz/UBFC_vid_26_vid_26_x0.75.npz,1980,9,0.0,84.778473,"forehead_strip,left_cheek_big,right_cheek_big",,23.34318999999923,0.9996831226886792,train
UBFC,'vid_26_x1.2,vid_26,Dataset/3_ROI/MEGA_AUG/aug_npz/UBFC_vid_26_vid_26_x1.2.npz,1238,9,0.0,52.991900,"forehead_strip,left_cheek_big,right_cheek_big",,23.34318999999923,0.9996831226886792,train
UBFC,'vid_26_x1.4,vid_26,Dataset/3_ROI/MEGA_AUG/aug_npz/UBFC_vid_26_vid_26_x1.4.npz,1061,9,0.0,45.409389,"forehead_strip,left_cheek_big,right_cheek_big",,23.34318999999923,0.9996831226886792,train
UBFC,'vid_26_x1.6,vid_26,Dataset/3_ROI/MEGA_AUG/aug_npz/UBFC_vid_26_vid_26_x1.6.npz,928,9,0.0,39.711796,"forehead_strip,left_cheek_big,right_cheek_big",,23.34318999999923,0.9996831226886792,train
UBFC,'vid_26_x1.8,vid_26,Dataset/3_ROI/MEGA_AUG/aug_npz/UBFC_vid_26_vid_26_x1.8.npz,825,9,0.0,35.299374,"forehead_strip,left_cheek_big,right_cheek_big",,23.34318999999923,0.9996831226886792,train
UBFC,'vid_27,vid_27,Dataset/3_ROI/UBFC_RAW/vid_27.npz,1431,9,0.0,61.20312504012442,"forehead_strip,left_cheek_big,right_cheek_big",,23.364819999999906,0.9998182275804196,train
UBFC,'vid_27_x0.55,vid_27,Dataset/3_ROI/MEGA_AUG/aug_npz/UBFC_vid_27_vid_27_x0.55.npz,2602,9,0.0,111.321209,"forehead_strip,left_cheek_big,right_cheek_big",,23.364819999999906,0.9998182275804196,train
UBFC,'vid_27_x0.65,vid_27,Dataset/3_ROI/MEGA_AUG/aug_npz/UBFC_vid_27_vid_27_x0.65.npz,2202,9,0.0,94.201453,"forehead_strip,left_cheek_big,right_cheek_big",,23.364819999999906,0.9998182275804196,train
UBFC,'vid_27_x0.75,vid_27,Dataset/3_ROI/MEGA_AUG/aug_npz/UBFC_vid_27_vid_27_x0.75.npz,1908,9,0.0,81.618433,"forehead_strip,left_cheek_big,right_cheek_big",,23.364819999999906,0.9998182275804196,train
UBFC,'vid_27_x1.2,vid_27,Dataset/3_ROI/MEGA_AUG/aug_npz/UBFC_vid_27_vid_27_x1.2.npz,1192,9,0.0,50.974071,"forehead_strip,left_cheek_big,right_cheek_big",,23.364819999999906,0.9998182275804196,train
UBFC,'vid_27_x1.4,vid_27,Dataset/3_ROI/MEGA_AUG/aug_npz/UBFC_vid_27_vid_27_x1.4.npz,1022,9,0.0,43.698175,"forehead_strip,left_cheek_big,right_cheek_big",,23.364819999999906,0.9998182275804196,train
UBFC,'vid_27_x1.6,vid_27,Dataset/3_ROI/MEGA_AUG/aug_npz/UBFC_vid_27_vid_27_x1.6.npz,894,9,0.0,38.219854,"forehead_strip,left_cheek_big,right_cheek_big",,23.364819999999906,0.9998182275804196,train
UBFC,'vid_27_x1.8,vid_27,Dataset/3_ROI/MEGA_AUG/aug_npz/UBFC_vid_27_vid_27_x1.8.npz,795,9,0.0,33.982714,"forehead_strip,left_cheek_big,right_cheek_big",,23.364819999999906,0.9998182275804196,train
UBFC,'vid_3,vid_3,Dataset/3_ROI/UBFC_RAW/vid_3.npz,1801,9,0.0,60.91726991403321,"forehead_strip,left_cheek_big,right_cheek_big",,29.54827099999956,1.0001925576438888,train
UBFC,'vid_3_x0.55,vid_3,Dataset/3_ROI/MEGA_AUG/aug_npz/UBFC_vid_3_vid_3_x0.55.npz,3275,9,0.0,110.801745,"forehead_strip,left_cheek_big,right_cheek_big",,29.54827099999956,1.0001925576438888,train
UBFC,'vid_3_x0.65,vid_3,Dataset/3_ROI/MEGA_AUG/aug_npz/UBFC_vid_3_vid_3_x0.65.npz,2771,9,0.0,93.744910,"forehead_strip,left_cheek_big,right_cheek_big",,29.54827099999956,1.0001925576438888,train
UBFC,'vid_3_x0.75,vid_3,Dataset/3_ROI/MEGA_AUG/aug_npz/UBFC_vid_3_vid_3_x0.75.npz,2401,9,0.0,81.223027,"forehead_strip,left_cheek_big,right_cheek_big",,29.54827099999956,1.0001925576438888,train
UBFC,'vid_3_x1.2,vid_3,Dataset/3_ROI/MEGA_AUG/aug_npz/UBFC_vid_3_vid_3_x1.2.npz,1501,9,0.0,50.764392,"forehead_strip,left_cheek_big,right_cheek_big",,29.54827099999956,1.0001925576438888,train
UBFC,'vid_3_x1.4,vid_3,Dataset/3_ROI/MEGA_AUG/aug_npz/UBFC_vid_3_vid_3_x1.4.npz,1286,9,0.0,43.488162,"forehead_strip,left_cheek_big,right_cheek_big",,29.54827099999956,1.0001925576438888,train
UBFC,'vid_3_x1.6,vid_3,Dataset/3_ROI/MEGA_AUG/aug_npz/UBFC_vid_3_vid_3_x1.6.npz,1126,9,0.0,38.073294,"forehead_strip,left_cheek_big,right_cheek_big",,29.54827099999956,1.0001925576438888,train
UBFC,'vid_3_x1.8,vid_3,Dataset/3_ROI/MEGA_AUG/aug_npz/UBFC_vid_3_vid_3_x1.8.npz,1001,9,0.0,33.842928,"forehead_strip,left_cheek_big,right_cheek_big",,29.54827099999956,1.0001925576438888,train
UBFC,'vid_30,vid_30,Dataset/3_ROI/UBFC_RAW/vid_30.npz,2028,9,0.0,68.06113763771846,"forehead_strip,left_cheek_big,right_cheek_big",,29.782046999999437,1.0000714410962013,train
UBFC,'vid_30_x0.55,vid_30,Dataset/3_ROI/MEGA_AUG/aug_npz/UBFC_vid_30_vid_30_x0.55.npz,3687,9,0.0,123.765838,"forehead_strip,left_cheek_big,right_cheek_big",,29.782046999999437,1.0000714410962013,train
UBFC,'vid_30_x0.65,vid_30,Dataset/3_ROI/MEGA_AUG/aug_npz/UBFC_vid_30_vid_30_x0.65.npz,3120,9,0.0,104.727523,"forehead_strip,left_cheek_big,right_cheek_big",,29.782046999999437,1.0000714410962013,train
UBFC,'vid_30_x0.75,vid_30,Dataset/3_ROI/MEGA_AUG/aug_npz/UBFC_vid_30_vid_30_x0.75.npz,2704,9,0.0,90.759376,"forehead_strip,left_cheek_big,right_cheek_big",,29.782046999999437,1.0000714410962013,train
UBFC,'vid_30_x1.2,vid_30,Dataset/3_ROI/MEGA_AUG/aug_npz/UBFC_vid_30_vid_30_x1.2.npz,1690,9,0.0,56.712018,"forehead_strip,left_cheek_big,right_cheek_big",,29.782046999999437,1.0000714410962013,train
UBFC,'vid_30_x1.4,vid_30,Dataset/3_ROI/MEGA_AUG/aug_npz/UBFC_vid_30_vid_30_x1.4.npz,1449,9,0.0,48.619895,"forehead_strip,left_cheek_big,right_cheek_big",,29.782046999999437,1.0000714410962013,train
UBFC,'vid_30_x1.6,vid_30,Dataset/3_ROI/MEGA_AUG/aug_npz/UBFC_vid_30_vid_30_x1.6.npz,1268,9,0.0,42.542408,"forehead_strip,left_cheek_big,right_cheek_big",,29.782046999999437,1.0000714410962013,train
UBFC,'vid_30_x1.8,vid_30,Dataset/3_ROI/MEGA_AUG/aug_npz/UBFC_vid_30_vid_30_x1.8.npz,1127,9,0.0,37.808012,"forehead_strip,left_cheek_big,right_cheek_big",,29.782046999999437,1.0000714410962013,train
UBFC,'vid_31,vid_31,Dataset/3_ROI/UBFC_RAW/vid_31.npz,2027,9,0.0,68.40580375637674,"forehead_strip,left_cheek_big,right_cheek_big",,29.61736999999953,1.0004268094521225,train
UBFC,'vid_31_x0.55,vid_31,Dataset/3_ROI/MEGA_AUG/aug_npz/UBFC_vid_31_vid_31_x0.55.npz,3685,9,0.0,124.386466,"forehead_strip,left_cheek_big,right_cheek_big",,29.61736999999953,1.0004268094521225,train
UBFC,'vid_31_x0.65,vid_31,Dataset/3_ROI/MEGA_AUG/aug_npz/UBFC_vid_31_vid_31_x0.65.npz,3118,9,0.0,105.242295,"forehead_strip,left_cheek_big,right_cheek_big",,29.61736999999953,1.0004268094521225,train
UBFC,'vid_31_x0.75,vid_31,Dataset/3_ROI/MEGA_AUG/aug_npz/UBFC_vid_31_vid_31_x0.75.npz,2703,9,0.0,91.230248,"forehead_strip,left_cheek_big,right_cheek_big",,29.61736999999953,1.0004268094521225,train
UBFC,'vid_31_x1.2,vid_31,Dataset/3_ROI/MEGA_AUG/aug_npz/UBFC_vid_31_vid_31_x1.2.npz,1689,9,0.0,56.993582,"forehead_strip,left_cheek_big,right_cheek_big",,29.61736999999953,1.0004268094521225,train
UBFC,'vid_31_x1.4,vid_31,Dataset/3_ROI/MEGA_AUG/aug_npz/UBFC_vid_31_vid_31_x1.4.npz,1448,9,0.0,48.856465,"forehead_strip,left_cheek_big,right_cheek_big",,29.61736999999953,1.0004268094521225,train
UBFC,'vid_31_x1.6,vid_31,Dataset/3_ROI/MEGA_AUG/aug_npz/UBFC_vid_31_vid_31_x1.6.npz,1267,9,0.0,42.745186,"forehead_strip,left_cheek_big,right_cheek_big",,29.61736999999953,1.0004268094521225,train
UBFC,'vid_31_x1.8,vid_31,Dataset/3_ROI/MEGA_AUG/aug_npz/UBFC_vid_31_vid_31_x1.8.npz,1126,9,0.0,37.984467,"forehead_strip,left_cheek_big,right_cheek_big",,29.61736999999953,1.0004268094521225,train
UBFC,'vid_32,vid_32,Dataset/3_ROI/UBFC_RAW/vid_32.npz,2033,9,0.0,68.076881044294,"forehead_strip,left_cheek_big,right_cheek_big",,29.84860599999863,1.0002367757667323,train
UBFC,'vid_32_x0.55,vid_32,Dataset/3_ROI/MEGA_AUG/aug_npz/UBFC_vid_32_vid_32_x0.55.npz,3696,9,0.0,123.791376,"forehead_strip,left_cheek_big,right_cheek_big",,29.84860599999863,1.0002367757667323,train
UBFC,'vid_32_x0.65,vid_32,Dataset/3_ROI/MEGA_AUG/aug_npz/UBFC_vid_32_vid_32_x0.65.npz,3128,9,0.0,104.762011,"forehead_strip,left_cheek_big,right_cheek_big",,29.84860599999863,1.0002367757667323,train
UBFC,'vid_32_x0.75,vid_32,Dataset/3_ROI/MEGA_AUG/aug_npz/UBFC_vid_32_vid_32_x0.75.npz,2711,9,0.0,90.791510,"forehead_strip,left_cheek_big,right_cheek_big",,29.84860599999863,1.0002367757667323,train
UBFC,'vid_32_x1.2,vid_32,Dataset/3_ROI/MEGA_AUG/aug_npz/UBFC_vid_32_vid_32_x1.2.npz,1694,9,0.0,56.719567,"forehead_strip,left_cheek_big,right_cheek_big",,29.84860599999863,1.0002367757667323,train
UBFC,'vid_32_x1.4,vid_32,Dataset/3_ROI/MEGA_AUG/aug_npz/UBFC_vid_32_vid_32_x1.4.npz,1452,9,0.0,48.611985,"forehead_strip,left_cheek_big,right_cheek_big",,29.84860599999863,1.0002367757667323,train
UBFC,'vid_32_x1.6,vid_32,Dataset/3_ROI/MEGA_AUG/aug_npz/UBFC_vid_32_vid_32_x1.6.npz,1271,9,0.0,42.548051,"forehead_strip,left_cheek_big,right_cheek_big",,29.84860599999863,1.0002367757667323,train
UBFC,'vid_33,vid_33,Dataset/3_ROI/UBFC_RAW/vid_33.npz,1999,9,0.0,68.38955167842097,"forehead_strip,left_cheek_big,right_cheek_big",,29.214989000000557,1.0008985045240235,train
UBFC,'vid_33_x0.55,vid_33,Dataset/3_ROI/MEGA_AUG/aug_npz/UBFC_vid_33_vid_33_x0.55.npz,3635,9,0.0,124.388204,"forehead_strip,left_cheek_big,right_cheek_big",,29.214989000000557,1.0008985045240235,train
UBFC,'vid_33_x0.65,vid_33,Dataset/3_ROI/MEGA_AUG/aug_npz/UBFC_vid_33_vid_33_x0.65.npz,3075,9,0.0,105.219961,"forehead_strip,left_cheek_big,right_cheek_big",,29.214989000000557,1.0008985045240235,train
UBFC,'vid_33_x0.75,vid_33,Dataset/3_ROI/MEGA_AUG/aug_npz/UBFC_vid_33_vid_33_x0.75.npz,2665,9,0.0,91.186069,"forehead_strip,left_cheek_big,right_cheek_big",,29.214989000000557,1.0008985045240235,train
UBFC,'vid_33_x1.2,vid_33,Dataset/3_ROI/MEGA_AUG/aug_npz/UBFC_vid_33_vid_33_x1.2.npz,1666,9,0.0,56.991293,"forehead_strip,left_cheek_big,right_cheek_big",,29.214989000000557,1.0008985045240235,train
UBFC,'vid_33_x1.4,vid_33,Dataset/3_ROI/MEGA_AUG/aug_npz/UBFC_vid_33_vid_33_x1.4.npz,1428,9,0.0,48.844790,"forehead_strip,left_cheek_big,right_cheek_big",,29.214989000000557,1.0008985045240235,train
UBFC,'vid_34,vid_34,Dataset/3_ROI/UBFC_RAW/vid_34.npz,2035,9,0.0,67.8549828926379,"forehead_strip,left_cheek_big,right_cheek_big",,29.97569099999937,1.000088675983776,train
UBFC,'vid_34_x0.55,vid_34,Dataset/3_ROI/MEGA_AUG/aug_npz/UBFC_vid_34_vid_34_x0.55.npz,3700,9,0.0,123.399991,"forehead_strip,left_cheek_big,right_cheek_big",,29.97569099999937,1.000088675983776,train
UBFC,'vid_34_x0.65,vid_34,Dataset/3_ROI/MEGA_AUG/aug_npz/UBFC_vid_34_vid_34_x0.65.npz,3131,9,0.0,104.417943,"forehead_strip,left_cheek_big,right_cheek_big",,29.97569099999937,1.000088675983776,train
UBFC,'vid_34_x0.75,vid_34,Dataset/3_ROI/MEGA_AUG/aug_npz/UBFC_vid_34_vid_34_x0.75.npz,2713,9,0.0,90.473311,"forehead_strip,left_cheek_big,right_cheek_big",,29.97569099999937,1.000088675983776,train
UBFC,'vid_34_x1.2,vid_34,Dataset/3_ROI/MEGA_AUG/aug_npz/UBFC_vid_34_vid_34_x1.2.npz,1696,9,0.0,56.545819,"forehead_strip,left_cheek_big,right_cheek_big",,29.97569099999937,1.000088675983776,train
UBFC,'vid_34_x1.4,vid_34,Dataset/3_ROI/MEGA_AUG/aug_npz/UBFC_vid_34_vid_34_x1.4.npz,1454,9,0.0,48.472611,"forehead_strip,left_cheek_big,right_cheek_big",,29.97569099999937,1.000088675983776,train
UBFC,'vid_35,vid_35,Dataset/3_ROI/UBFC_RAW/vid_35.npz,2051,9,0.0,68.54809680556171,"forehead_strip,left_cheek_big,right_cheek_big",,29.90600900000105,0.999706821830244,train
UBFC,'vid_35_x0.55,vid_35,Dataset/3_ROI/MEGA_AUG/aug_npz/UBFC_vid_35_vid_35_x0.55.npz,3729,9,0.0,124.657222,"forehead_strip,left_cheek_big,right_cheek_big",,29.90600900000105,0.999706821830244,train
UBFC,'vid_35_x0.65,vid_35,Dataset/3_ROI/MEGA_AUG/aug_npz/UBFC_vid_35_vid_35_x0.65.npz,3155,9,0.0,105.463755,"forehead_strip,left_cheek_big,right_cheek_big",,29.90600900000105,0.999706821830244,train
UBFC,'vid_35_x0.75,vid_35,Dataset/3_ROI/MEGA_AUG/aug_npz/UBFC_vid_35_vid_35_x0.75.npz,2735,9,0.0,91.419754,"forehead_strip,left_cheek_big,right_cheek_big",,29.90600900000105,0.999706821830244,train
UBFC,'vid_35_x1.2,vid_35,Dataset/3_ROI/MEGA_AUG/aug_npz/UBFC_vid_35_vid_35_x1.2.npz,1709,9,0.0,57.112268,"forehead_strip,left_cheek_big,right_cheek_big",,29.90600900000105,0.999706821830244,train
UBFC,'vid_35_x1.4,vid_35,Dataset/3_ROI/MEGA_AUG/aug_npz/UBFC_vid_35_vid_35_x1.4.npz,1465,9,0.0,48.953373,"forehead_strip,left_cheek_big,right_cheek_big",,29.90600900000105,0.999706821830244,train
UBFC,'vid_35_x1.6,vid_35,Dataset/3_ROI/MEGA_AUG/aug_npz/UBFC_vid_35_vid_35_x1.6.npz,1282,9,0.0,42.834201,"forehead_strip,left_cheek_big,right_cheek_big",,29.90600900000105,0.999706821830244,train
UBFC,'vid_36,vid_36,Dataset/3_ROI/UBFC_RAW/vid_36.npz,2052,9,0.0,68.58013146988421,"forehead_strip,left_cheek_big,right_cheek_big",,29.90662099999925,1.0000418274222331,train
UBFC,'vid_36_x0.55,vid_36,Dataset/3_ROI/MEGA_AUG/aug_npz/UBFC_vid_36_vid_36_x0.55.npz,3731,9,0.0,124.721546,"forehead_strip,left_cheek_big,right_cheek_big",,29.90662099999925,1.0000418274222331,train
UBFC,'vid_36_x0.65,vid_36,Dataset/3_ROI/MEGA_AUG/aug_npz/UBFC_vid_36_vid_36_x0.65.npz,3157,9,0.0,105.528471,"forehead_strip,left_cheek_big,right_cheek_big",,29.90662099999925,1.0000418274222331,train
UBFC,'vid_36_x0.75,vid_36,Dataset/3_ROI/MEGA_AUG/aug_npz/UBFC_vid_36_vid_36_x0.75.npz,2736,9,0.0,91.451321,"forehead_strip,left_cheek_big,right_cheek_big",,29.90662099999925,1.0000418274222331,train
UBFC,'vid_36_x1.2,vid_36,Dataset/3_ROI/MEGA_AUG/aug_npz/UBFC_vid_36_vid_36_x1.2.npz,1710,9,0.0,57.144537,"forehead_strip,left_cheek_big,right_cheek_big",,29.90662099999925,1.0000418274222331,train
UBFC,'vid_36_x1.4,vid_36,Dataset/3_ROI/MEGA_AUG/aug_npz/UBFC_vid_36_vid_36_x1.4.npz,1466,9,0.0,48.985808,"forehead_strip,left_cheek_big,right_cheek_big",,29.90662099999925,1.0000418274222331,train
UBFC,'vid_37,vid_37,Dataset/3_ROI/UBFC_RAW/vid_37.npz,2032,9,0.0,68.17562497511808,"forehead_strip,left_cheek_big,right_cheek_big",,29.790706000000192,0.9996534688882324,train
UBFC,'vid_37_x0.75,vid_37,Dataset/3_ROI/MEGA_AUG/aug_npz/UBFC_vid_37_vid_37_x0.75.npz,2709,9,0.0,90.900833,"forehead_strip,left_cheek_big,right_cheek_big",,29.790706000000192,0.9996534688882324,train
UBFC,'vid_37_x1.2,vid_37,Dataset/3_ROI/MEGA_AUG/aug_npz/UBFC_vid_37_vid_37_x1.2.npz,1693,9,0.0,56.796237,"forehead_strip,left_cheek_big,right_cheek_big",,29.790706000000192,0.9996534688882324,train
UBFC,'vid_37_x1.4,vid_37,Dataset/3_ROI/MEGA_AUG/aug_npz/UBFC_vid_37_vid_37_x1.4.npz,1451,9,0.0,48.672898,"forehead_strip,left_cheek_big,right_cheek_big",,29.790706000000192,0.9996534688882324,train
UBFC,'vid_37_x1.6,vid_37,Dataset/3_ROI/MEGA_AUG/aug_npz/UBFC_vid_37_vid_37_x1.6.npz,1270,9,0.0,42.597178,"forehead_strip,left_cheek_big,right_cheek_big",,29.790706000000192,0.9996534688882324,train
UBFC,'vid_37_x1.8,vid_37,Dataset/3_ROI/MEGA_AUG/aug_npz/UBFC_vid_37_vid_37_x1.8.npz,1129,9,0.0,37.864158,"forehead_strip,left_cheek_big,right_cheek_big",,29.790706000000192,0.9996534688882324,train
UBFC,'vid_38,vid_38,Dataset/3_ROI/UBFC_RAW/vid_38.npz,2050,9,0.0,68.48287209612067,"forehead_strip,left_cheek_big,right_cheek_big",,29.91988999999965,1.0002647071205466,train
UBFC,'vid_38_x0.55,vid_38,Dataset/3_ROI/MEGA_AUG/aug_npz/UBFC_vid_38_vid_38_x0.55.npz,3727,9,0.0,124.532543,"forehead_strip,left_cheek_big,right_cheek_big",,29.91988999999965,1.0002647071205466,train
UBFC,'vid_38_x0.65,vid_38,Dataset/3_ROI/MEGA_AUG/aug_npz/UBFC_vid_38_vid_38_x0.65.npz,3154,9,0.0,105.381403,"forehead_strip,left_cheek_big,right_cheek_big",,29.91988999999965,1.0002647071205466,train
UBFC,'vid_38_x0.75,vid_38,Dataset/3_ROI/MEGA_AUG/aug_npz/UBFC_vid_38_vid_38_x0.75.npz,2733,9,0.0,91.310496,"forehead_strip,left_cheek_big,right_cheek_big",,29.91988999999965,1.0002647071205466,train
UBFC,'vid_38_x1.2,vid_38,Dataset/3_ROI/MEGA_AUG/aug_npz/UBFC_vid_38_vid_38_x1.2.npz,1708,9,0.0,57.052349,"forehead_strip,left_cheek_big,right_cheek_big",,29.91988999999965,1.0002647071205466,train
UBFC,'vid_38_x1.4,vid_38,Dataset/3_ROI/MEGA_AUG/aug_npz/UBFC_vid_38_vid_38_x1.4.npz,1464,9,0.0,48.897239,"forehead_strip,left_cheek_big,right_cheek_big",,29.91988999999965,1.0002647071205466,train
UBFC,'vid_39,vid_39,Dataset/3_ROI/UBFC_RAW/vid_39.npz,2037,9,0.0,68.5729890255263,"forehead_strip,left_cheek_big,right_cheek_big",,29.690991000000174,0.9995189209921416,train
UBFC,'vid_39_x0.55,vid_39,Dataset/3_ROI/MEGA_AUG/aug_npz/UBFC_vid_39_vid_39_x0.55.npz,3704,9,0.0,124.717966,"forehead_strip,left_cheek_big,right_cheek_big",,29.690991000000174,0.9995189209921416,train
UBFC,'vid_39_x0.65,vid_39,Dataset/3_ROI/MEGA_AUG/aug_npz/UBFC_vid_39_vid_39_x0.65.npz,3134,9,0.0,105.520223,"forehead_strip,left_cheek_big,right_cheek_big",,29.690991000000174,0.9995189209921416,train
UBFC,'vid_39_x0.75,vid_39,Dataset/3_ROI/MEGA_AUG/aug_npz/UBFC_vid_39_vid_39_x0.75.npz,2716,9,0.0,91.441879,"forehead_strip,left_cheek_big,right_cheek_big",,29.690991000000174,0.9995189209921416,train
UBFC,'vid_39_x1.2,vid_39,Dataset/3_ROI/MEGA_AUG/aug_npz/UBFC_vid_39_vid_39_x1.2.npz,1698,9,0.0,57.155384,"forehead_strip,left_cheek_big,right_cheek_big",,29.690991000000174,0.9995189209921416,train
UBFC,'vid_39_x1.4,vid_39,Dataset/3_ROI/MEGA_AUG/aug_npz/UBFC_vid_39_vid_39_x1.4.npz,1455,9,0.0,48.971084,"forehead_strip,left_cheek_big,right_cheek_big",,29.690991000000174,0.9995189209921416,train
UBFC,'vid_39_x1.6,vid_39,Dataset/3_ROI/MEGA_AUG/aug_npz/UBFC_vid_39_vid_39_x1.6.npz,1273,9,0.0,42.841278,"forehead_strip,left_cheek_big,right_cheek_big",,29.690991000000174,0.9995189209921416,train
UBFC,'vid_39_x1.8,vid_39,Dataset/3_ROI/MEGA_AUG/aug_npz/UBFC_vid_39_vid_39_x1.8.npz,1132,9,0.0,38.092363,"forehead_strip,left_cheek_big,right_cheek_big",,29.690991000000174,0.9995189209921416,train
UBFC,'vid_4,vid_4,Dataset/3_ROI/UBFC_RAW/vid_4.npz,1368,9,0.0,46.1678302963772,"forehead_strip,left_cheek_big,right_cheek_big",,29.60936200000032,1.001433242653987,train
UBFC,'vid_4_x0.55,vid_4,Dataset/3_ROI/MEGA_AUG/aug_npz/UBFC_vid_4_vid_4_x0.55.npz,2487,9,0.0,83.959931,"forehead_strip,left_cheek_big,right_cheek_big",,29.60936200000032,1.001433242653987,train
UBFC,'vid_4_x0.65,vid_4,Dataset/3_ROI/MEGA_AUG/aug_npz/UBFC_vid_4_vid_4_x0.65.npz,2105,9,0.0,71.058606,"forehead_strip,left_cheek_big,right_cheek_big",,29.60936200000032,1.001433242653987,train
UBFC,'vid_4_x0.75,vid_4,Dataset/3_ROI/MEGA_AUG/aug_npz/UBFC_vid_4_vid_4_x0.75.npz,1824,9,0.0,61.568365,"forehead_strip,left_cheek_big,right_cheek_big",,29.60936200000032,1.001433242653987,train
UBFC,'vid_4_x1.2,vid_4,Dataset/3_ROI/MEGA_AUG/aug_npz/UBFC_vid_4_vid_4_x1.2.npz,1140,9,0.0,38.467563,"forehead_strip,left_cheek_big,right_cheek_big",,29.60936200000032,1.001433242653987,train
UBFC,'vid_4_x1.4,vid_4,Dataset/3_ROI/MEGA_AUG/aug_npz/UBFC_vid_4_vid_4_x1.4.npz,977,9,0.0,32.962547,"forehead_strip,left_cheek_big,right_cheek_big",,29.60936200000032,1.001433242653987,train
UBFC,'vid_4_x1.6,vid_4,Dataset/3_ROI/MEGA_AUG/aug_npz/UBFC_vid_4_vid_4_x1.6.npz,855,9,0.0,28.842229,"forehead_strip,left_cheek_big,right_cheek_big",,29.60936200000032,1.001433242653987,train
UBFC,'vid_40,vid_40,Dataset/3_ROI/UBFC_RAW/vid_40.npz,2028,9,0.0,67.9781839328012,"forehead_strip,left_cheek_big,right_cheek_big",,29.81838999999995,1.000335638080908,train
UBFC,'vid_40_x0.55,vid_40,Dataset/3_ROI/MEGA_AUG/aug_npz/UBFC_vid_40_vid_40_x0.55.npz,3687,9,0.0,123.614991,"forehead_strip,left_cheek_big,right_cheek_big",,29.81838999999995,1.000335638080908,train
UBFC,'vid_40_x0.65,vid_40,Dataset/3_ROI/MEGA_AUG/aug_npz/UBFC_vid_40_vid_40_x0.65.npz,3120,9,0.0,104.599879,"forehead_strip,left_cheek_big,right_cheek_big",,29.81838999999995,1.000335638080908,train
UBFC,'vid_40_x0.75,vid_40,Dataset/3_ROI/MEGA_AUG/aug_npz/UBFC_vid_40_vid_40_x0.75.npz,2704,9,0.0,90.648757,"forehead_strip,left_cheek_big,right_cheek_big",,29.81838999999995,1.000335638080908,train
UBFC,'vid_40_x1.2,vid_40,Dataset/3_ROI/MEGA_AUG/aug_npz/UBFC_vid_40_vid_40_x1.2.npz,1690,9,0.0,56.642897,"forehead_strip,left_cheek_big,right_cheek_big",,29.81838999999995,1.000335638080908,train
UBFC,'vid_40_x1.4,vid_40,Dataset/3_ROI/MEGA_AUG/aug_npz/UBFC_vid_40_vid_40_x1.4.npz,1449,9,0.0,48.560637,"forehead_strip,left_cheek_big,right_cheek_big",,29.81838999999995,1.000335638080908,train
UBFC,'vid_40_x1.6,vid_40,Dataset/3_ROI/MEGA_AUG/aug_npz/UBFC_vid_40_vid_40_x1.6.npz,1268,9,0.0,42.490557,"forehead_strip,left_cheek_big,right_cheek_big",,29.81838999999995,1.000335638080908,train
UBFC,'vid_40_x1.8,vid_40,Dataset/3_ROI/MEGA_AUG/aug_npz/UBFC_vid_40_vid_40_x1.8.npz,1127,9,0.0,37.761931,"forehead_strip,left_cheek_big,right_cheek_big",,29.81838999999995,1.000335638080908,train
UBFC,'vid_41,vid_41,Dataset/3_ROI/UBFC_RAW/vid_41.npz,2037,9,0.0,68.42463305610154,"forehead_strip,left_cheek_big,right_cheek_big",,29.755365999999604,1.0003268843821218,train
UBFC,'vid_41_x0.55,vid_41,Dataset/3_ROI/MEGA_AUG/aug_npz/UBFC_vid_41_vid_41_x0.55.npz,3704,9,0.0,124.448142,"forehead_strip,left_cheek_big,right_cheek_big",,29.755365999999604,1.0003268843821218,train
UBFC,'vid_41_x0.65,vid_41,Dataset/3_ROI/MEGA_AUG/aug_npz/UBFC_vid_41_vid_41_x0.65.npz,3134,9,0.0,105.291933,"forehead_strip,left_cheek_big,right_cheek_big",,29.755365999999604,1.0003268843821218,train
UBFC,'vid_41_x0.75,vid_41,Dataset/3_ROI/MEGA_AUG/aug_npz/UBFC_vid_41_vid_41_x0.75.npz,2716,9,0.0,91.244047,"forehead_strip,left_cheek_big,right_cheek_big",,29.755365999999604,1.0003268843821218,train
UBFC,'vid_41_x1.2,vid_41,Dataset/3_ROI/MEGA_AUG/aug_npz/UBFC_vid_41_vid_41_x1.2.npz,1698,9,0.0,57.031730,"forehead_strip,left_cheek_big,right_cheek_big",,29.755365999999604,1.0003268843821218,train
UBFC,'vid_41_x1.4,vid_41,Dataset/3_ROI/MEGA_AUG/aug_npz/UBFC_vid_41_vid_41_x1.4.npz,1455,9,0.0,48.865136,"forehead_strip,left_cheek_big,right_cheek_big",,29.755365999999604,1.0003268843821218,train
UBFC,'vid_41_x1.6,vid_41,Dataset/3_ROI/MEGA_AUG/aug_npz/UBFC_vid_41_vid_41_x1.6.npz,1273,9,0.0,42.748592,"forehead_strip,left_cheek_big,right_cheek_big",,29.755365999999604,1.0003268843821218,train
UBFC,'vid_41_x1.8,vid_41,Dataset/3_ROI/MEGA_AUG/aug_npz/UBFC_vid_41_vid_41_x1.8.npz,1132,9,0.0,38.009951,"forehead_strip,left_cheek_big,right_cheek_big",,29.755365999999604,1.0003268843821218,train
UBFC,'vid_42,vid_42,Dataset/3_ROI/UBFC_RAW/vid_42.npz,2042,9,0.0,68.15144205412787,"forehead_strip,left_cheek_big,right_cheek_big",,29.9480090000002,1.0002136117070064,val
UBFC,'vid_43,vid_43,Dataset/3_ROI/UBFC_RAW/vid_43.npz,2009,9,0.0,68.43396704959015,"forehead_strip,left_cheek_big,right_cheek_big",,29.34215399999996,1.000161220383466,val
UBFC,'vid_44,vid_44,Dataset/3_ROI/UBFC_RAW/vid_44.npz,2017,9,0.0,68.1400211186746,"forehead_strip,left_cheek_big,right_cheek_big",,29.586137000000036,0.9990751232881944,val
UBFC,'vid_45,vid_45,Dataset/3_ROI/UBFC_RAW/vid_45.npz,2032,9,0.0,67.81158848963226,"forehead_strip,left_cheek_big,right_cheek_big",,29.95063300000029,1.0002420163092074,val
UBFC,'vid_46,vid_46,Dataset/3_ROI/UBFC_RAW/vid_46.npz,1991,9,0.0,68.04434467038739,"forehead_strip,left_cheek_big,right_cheek_big",,29.24563400000008,1.0008767125306532,val
UBFC,'vid_47,vid_47,Dataset/3_ROI/UBFC_RAW/vid_47.npz,2023,9,0.0,67.87557473945027,"forehead_strip,left_cheek_big,right_cheek_big",,29.78980300000148,1.0003893191424331,val
UBFC,'vid_48,vid_48,Dataset/3_ROI/UBFC_RAW/vid_48.npz,1956,9,0.0,67.95697082793211,"forehead_strip,left_cheek_big,right_cheek_big",,28.76820400000052,1.0011187840061382,val
UBFC,'vid_49,vid_49,Dataset/3_ROI/UBFC_RAW/vid_49.npz,2034,9,0.0,68.26995734353369,"forehead_strip,left_cheek_big,right_cheek_big",,29.77883799999959,1.0004693522262669,val
UBFC,'vid_5,vid_5,Dataset/3_ROI/UBFC_RAW/vid_5.npz,1550,9,0.0,52.22203934581732,"forehead_strip,left_cheek_big,right_cheek_big",,29.66180600000025,1.002795001038089,train
UBFC,'vid_5_x0.55,vid_5,Dataset/3_ROI/MEGA_AUG/aug_npz/UBFC_vid_5_vid_5_x0.55.npz,2818,9,0.0,94.970616,"forehead_strip,left_cheek_big,right_cheek_big",,29.66180600000025,1.002795001038089,train
UBFC,'vid_5_x0.65,vid_5,Dataset/3_ROI/MEGA_AUG/aug_npz/UBFC_vid_5_vid_5_x0.65.npz,2385,9,0.0,80.372719,"forehead_strip,left_cheek_big,right_cheek_big",,29.66180600000025,1.002795001038089,train
UBFC,'vid_5_x0.75,vid_5,Dataset/3_ROI/MEGA_AUG/aug_npz/UBFC_vid_5_vid_5_x0.75.npz,2067,9,0.0,69.651861,"forehead_strip,left_cheek_big,right_cheek_big",,29.66180600000025,1.002795001038089,train
UBFC,'vid_5_x1.2,vid_5,Dataset/3_ROI/MEGA_AUG/aug_npz/UBFC_vid_5_vid_5_x1.2.npz,1292,9,0.0,43.523985,"forehead_strip,left_cheek_big,right_cheek_big",,29.66180600000025,1.002795001038089,train
UBFC,'vid_5_x1.4,vid_5,Dataset/3_ROI/MEGA_AUG/aug_npz/UBFC_vid_5_vid_5_x1.4.npz,1107,9,0.0,37.287008,"forehead_strip,left_cheek_big,right_cheek_big",,29.66180600000025,1.002795001038089,train
UBFC,'vid_5_x1.6,vid_5,Dataset/3_ROI/MEGA_AUG/aug_npz/UBFC_vid_5_vid_5_x1.6.npz,969,9,0.0,32.634560,"forehead_strip,left_cheek_big,right_cheek_big",,29.66180600000025,1.002795001038089,train
UBFC,'vid_5_x1.8,vid_5,Dataset/3_ROI/MEGA_AUG/aug_npz/UBFC_vid_5_vid_5_x1.8.npz,861,9,0.0,28.993514,"forehead_strip,left_cheek_big,right_cheek_big",,29.66180600000025,1.002795001038089,train
UBFC,'vid_8,vid_8,Dataset/3_ROI/UBFC_RAW/vid_8.npz,2022,9,0.0,67.61811363797797,"forehead_strip,left_cheek_big,right_cheek_big",,29.888441000000544,1.0002940981484414,train
UBFC,'vid_8_x0.55,vid_8,Dataset/3_ROI/MEGA_AUG/aug_npz/UBFC_vid_8_vid_8_x0.55.npz,3676,9,0.0,122.957233,"forehead_strip,left_cheek_big,right_cheek_big",,29.888441000000544,1.0002940981484414,train
UBFC,'vid_8_x0.65,vid_8,Dataset/3_ROI/MEGA_AUG/aug_npz/UBFC_vid_8_vid_8_x0.65.npz,3111,9,0.0,104.053604,"forehead_strip,left_cheek_big,right_cheek_big",,29.888441000000544,1.0002940981484414,train
UBFC,'vid_8_x0.75,vid_8,Dataset/3_ROI/MEGA_AUG/aug_npz/UBFC_vid_8_vid_8_x0.75.npz,2696,9,0.0,90.168637,"forehead_strip,left_cheek_big,right_cheek_big",,29.888441000000544,1.0002940981484414,train
UBFC,'vid_8_x1.2,vid_8,Dataset/3_ROI/MEGA_AUG/aug_npz/UBFC_vid_8_vid_8_x1.2.npz,1685,9,0.0,56.342852,"forehead_strip,left_cheek_big,right_cheek_big",,29.888441000000544,1.0002940981484414,train
UBFC,'vid_8_x1.4,vid_8,Dataset/3_ROI/MEGA_AUG/aug_npz/UBFC_vid_8_vid_8_x1.4.npz,1444,9,0.0,48.279534,"forehead_strip,left_cheek_big,right_cheek_big",,29.888441000000544,1.0002940981484414,train
UBFC,'vid_9,vid_9,Dataset/3_ROI/UBFC_RAW/vid_9.npz,2016,9,0.0,68.2133620531335,"forehead_strip,left_cheek_big,right_cheek_big",,29.53966700000081,1.0006250673707198,train
UBFC,'vid_9_x0.55,vid_9,Dataset/3_ROI/MEGA_AUG/aug_npz/UBFC_vid_9_vid_9_x0.55.npz,3665,9,0.0,124.036605,"forehead_strip,left_cheek_big,right_cheek_big",,29.53966700000081,1.0006250673707198,train
UBFC,'vid_9_x0.65,vid_9,Dataset/3_ROI/MEGA_AUG/aug_npz/UBFC_vid_9_vid_9_x0.65.npz,3102,9,0.0,104.977487,"forehead_strip,left_cheek_big,right_cheek_big",,29.53966700000081,1.0006250673707198,train
UBFC,'vid_9_x0.75,vid_9,Dataset/3_ROI/MEGA_AUG/aug_npz/UBFC_vid_9_vid_9_x0.75.npz,2688,9,0.0,90.962434,"forehead_strip,left_cheek_big,right_cheek_big",,29.53966700000081,1.0006250673707198,train
UBFC,'vid_9_x1.2,vid_9,Dataset/3_ROI/MEGA_AUG/aug_npz/UBFC_vid_9_vid_9_x1.2.npz,1680,9,0.0,56.838826,"forehead_strip,left_cheek_big,right_cheek_big",,29.53966700000081,1.0006250673707198,train
UBFC,'vid_9_x1.4,vid_9,Dataset/3_ROI/MEGA_AUG/aug_npz/UBFC_vid_9_vid_9_x1.4.npz,1440,9,0.0,48.714158,"forehead_strip,left_cheek_big,right_cheek_big",,29.53966700000081,1.0006250673707198,train
UBFC,'vid_9_x1.6,vid_9,Dataset/3_ROI/MEGA_AUG/aug_npz/UBFC_vid_9_vid_9_x1.6.npz,1260,9,0.0,42.620656,"forehead_strip,left_cheek_big,right_cheek_big",,29.53966700000081,1.0006250673707198,train
UBFCPhys,UBFC_s10_T1,s10_T1,Dataset/3_ROI/UBFCPhys_RAW/s10_T1.npz,6325,9,0.0,179.97609425692983,"forehead_strip,left_cheek_big,right_cheek_big",,35.13799999999772,1.000046010238773,train
UBFCPhys,UBFC_s10_T1_x0.55,s10_T1,Dataset/3_ROI/MEGA_AUG/aug_npz/UBFCPhys_s10_T1_UBFC_s10_T1_x0.55.npz,11500,9,0.0,327.252547,"forehead_strip,left_cheek_big,right_cheek_big",,35.13799999999772,1.000046010238773,train
UBFCPhys,UBFC_s10_T1_x0.65,s10_T1,Dataset/3_ROI/MEGA_AUG/aug_npz/UBFCPhys_s10_T1_UBFC_s10_T1_x0.65.npz,9731,9,0.0,276.908191,"forehead_strip,left_cheek_big,right_cheek_big",,35.13799999999772,1.000046010238773,train
UBFCPhys,UBFC_s10_T1_x0.75,s10_T1,Dataset/3_ROI/MEGA_AUG/aug_npz/UBFCPhys_s10_T1_UBFC_s10_T1_x0.75.npz,8433,9,0.0,239.968126,"forehead_strip,left_cheek_big,right_cheek_big",,35.13799999999772,1.000046010238773,train
UBFCPhys,UBFC_s10_T1_x1.2,s10_T1,Dataset/3_ROI/MEGA_AUG/aug_npz/UBFCPhys_s10_T1_UBFC_s10_T1_x1.2.npz,5271,9,0.0,149.980079,"forehead_strip,left_cheek_big,right_cheek_big",,35.13799999999772,1.000046010238773,train
UBFCPhys,UBFC_s10_T1_x1.4,s10_T1,Dataset/3_ROI/MEGA_AUG/aug_npz/UBFCPhys_s10_T1_UBFC_s10_T1_x1.4.npz,4518,9,0.0,128.550287,"forehead_strip,left_cheek_big,right_cheek_big",,35.13799999999772,1.000046010238773,train
UBFCPhys,UBFC_s10_T1_x1.6,s10_T1,Dataset/3_ROI/MEGA_AUG/aug_npz/UBFCPhys_s10_T1_UBFC_s10_T1_x1.6.npz,3953,9,0.0,112.470829,"forehead_strip,left_cheek_big,right_cheek_big",,35.13799999999772,1.000046010238773,train
UBFCPhys,UBFC_s10_T1_x1.8,s10_T1,Dataset/3_ROI/MEGA_AUG/aug_npz/UBFCPhys_s10_T1_UBFC_s10_T1_x1.8.npz,3514,9,0.0,99.977233,"forehead_strip,left_cheek_big,right_cheek_big",,35.13799999999772,1.000046010238773,train
UBFCPhys,UBFC_s10_T2,s10_T2,Dataset/3_ROI/UBFCPhys_RAW/s10_T2.npz,6325,9,0.0,179.97609425692983,"forehead_strip,left_cheek_big,right_cheek_big",,35.13799999999772,1.000046010238773,train
UBFCPhys,UBFC_s10_T2_x0.55,s10_T2,Dataset/3_ROI/MEGA_AUG/aug_npz/UBFCPhys_s10_T2_UBFC_s10_T2_x0.55.npz,11500,9,0.0,327.252547,"forehead_strip,left_cheek_big,right_cheek_big",,35.13799999999772,1.000046010238773,train
UBFCPhys,UBFC_s10_T2_x0.65,s10_T2,Dataset/3_ROI/MEGA_AUG/aug_npz/UBFCPhys_s10_T2_UBFC_s10_T2_x0.65.npz,9731,9,0.0,276.908191,"forehead_strip,left_cheek_big,right_cheek_big",,35.13799999999772,1.000046010238773,train
UBFCPhys,UBFC_s10_T2_x0.75,s10_T2,Dataset/3_ROI/MEGA_AUG/aug_npz/UBFCPhys_s10_T2_UBFC_s10_T2_x0.75.npz,8433,9,0.0,239.968126,"forehead_strip,left_cheek_big,right_cheek_big",,35.13799999999772,1.000046010238773,train
UBFCPhys,UBFC_s10_T2_x1.2,s10_T2,Dataset/3_ROI/MEGA_AUG/aug_npz/UBFCPhys_s10_T2_UBFC_s10_T2_x1.2.npz,5271,9,0.0,149.980079,"forehead_strip,left_cheek_big,right_cheek_big",,35.13799999999772,1.000046010238773,train
UBFCPhys,UBFC_s10_T2_x1.4,s10_T2,Dataset/3_ROI/MEGA_AUG/aug_npz/UBFCPhys_s10_T2_UBFC_s10_T2_x1.4.npz,4518,9,0.0,128.550287,"forehead_strip,left_cheek_big,right_cheek_big",,35.13799999999772,1.000046010238773,train
UBFCPhys,UBFC_s10_T2_x1.6,s10_T2,Dataset/3_ROI/MEGA_AUG/aug_npz/UBFCPhys_s10_T2_UBFC_s10_T2_x1.6.npz,3953,9,0.0,112.470829,"forehead_strip,left_cheek_big,right_cheek_big",,35.13799999999772,1.000046010238773,train
UBFCPhys,UBFC_s10_T2_x1.8,s10_T2,Dataset/3_ROI/MEGA_AUG/aug_npz/UBFCPhys_s10_T2_UBFC_s10_T2_x1.8.npz,3514,9,0.0,99.977233,"forehead_strip,left_cheek_big,right_cheek_big",,35.13799999999772,1.000046010238773,train
UBFCPhys,UBFC_s10_T3,s10_T3,Dataset/3_ROI/UBFCPhys_RAW/s10_T3.npz,6325,9,0.0,179.97609425692983,"forehead_strip,left_cheek_big,right_cheek_big",,35.13799999999772,1.000046010238773,train
UBFCPhys,UBFC_s10_T3_x0.55,s10_T3,Dataset/3_ROI/MEGA_AUG/aug_npz/UBFCPhys_s10_T3_UBFC_s10_T3_x0.55.npz,11500,9,0.0,327.252547,"forehead_strip,left_cheek_big,right_cheek_big",,35.13799999999772,1.000046010238773,train
UBFCPhys,UBFC_s10_T3_x0.65,s10_T3,Dataset/3_ROI/MEGA_AUG/aug_npz/UBFCPhys_s10_T3_UBFC_s10_T3_x0.65.npz,9731,9,0.0,276.908191,"forehead_strip,left_cheek_big,right_cheek_big",,35.13799999999772,1.000046010238773,train
UBFCPhys,UBFC_s10_T3_x0.75,s10_T3,Dataset/3_ROI/MEGA_AUG/aug_npz/UBFCPhys_s10_T3_UBFC_s10_T3_x0.75.npz,8433,9,0.0,239.968126,"forehead_strip,left_cheek_big,right_cheek_big",,35.13799999999772,1.000046010238773,train
UBFCPhys,UBFC_s10_T3_x1.2,s10_T3,Dataset/3_ROI/MEGA_AUG/aug_npz/UBFCPhys_s10_T3_UBFC_s10_T3_x1.2.npz,5271,9,0.0,149.980079,"forehead_strip,left_cheek_big,right_cheek_big",,35.13799999999772,1.000046010238773,train
UBFCPhys,UBFC_s10_T3_x1.4,s10_T3,Dataset/3_ROI/MEGA_AUG/aug_npz/UBFCPhys_s10_T3_UBFC_s10_T3_x1.4.npz,4518,9,0.0,128.550287,"forehead_strip,left_cheek_big,right_cheek_big",,35.13799999999772,1.000046010238773,train
UBFCPhys,UBFC_s10_T3_x1.6,s10_T3,Dataset/3_ROI/MEGA_AUG/aug_npz/UBFCPhys_s10_T3_UBFC_s10_T3_x1.6.npz,3953,9,0.0,112.470829,"forehead_strip,left_cheek_big,right_cheek_big",,35.13799999999772,1.000046010238773,train
UBFCPhys,UBFC_s10_T3_x1.8,s10_T3,Dataset/3_ROI/MEGA_AUG/aug_npz/UBFCPhys_s10_T3_UBFC_s10_T3_x1.8.npz,3514,9,0.0,99.977233,"forehead_strip,left_cheek_big,right_cheek_big",,35.13799999999772,1.000046010238773,train
UBFCPhys,UBFC_s11_T1,s11_T1,Dataset/3_ROI/UBFCPhys_RAW/s11_T1.npz,6325,9,0.0,179.97609425692983,"forehead_strip,left_cheek_big,right_cheek_big",,35.13799999999772,1.000046010238773,train
UBFCPhys,UBFC_s11_T1_x0.55,s11_T1,Dataset/3_ROI/MEGA_AUG/aug_npz/UBFCPhys_s11_T1_UBFC_s11_T1_x0.55.npz,11500,9,0.0,327.252547,"forehead_strip,left_cheek_big,right_cheek_big",,35.13799999999772,1.000046010238773,train
UBFCPhys,UBFC_s11_T1_x0.65,s11_T1,Dataset/3_ROI/MEGA_AUG/aug_npz/UBFCPhys_s11_T1_UBFC_s11_T1_x0.65.npz,9731,9,0.0,276.908191,"forehead_strip,left_cheek_big,right_cheek_big",,35.13799999999772,1.000046010238773,train
UBFCPhys,UBFC_s11_T1_x0.75,s11_T1,Dataset/3_ROI/MEGA_AUG/aug_npz/UBFCPhys_s11_T1_UBFC_s11_T1_x0.75.npz,8433,9,0.0,239.968126,"forehead_strip,left_cheek_big,right_cheek_big",,35.13799999999772,1.000046010238773,train
UBFCPhys,UBFC_s11_T1_x1.2,s11_T1,Dataset/3_ROI/MEGA_AUG/aug_npz/UBFCPhys_s11_T1_UBFC_s11_T1_x1.2.npz,5271,9,0.0,149.980079,"forehead_strip,left_cheek_big,right_cheek_big",,35.13799999999772,1.000046010238773,train
UBFCPhys,UBFC_s11_T1_x1.4,s11_T1,Dataset/3_ROI/MEGA_AUG/aug_npz/UBFCPhys_s11_T1_UBFC_s11_T1_x1.4.npz,4518,9,0.0,128.550287,"forehead_strip,left_cheek_big,right_cheek_big",,35.13799999999772,1.000046010238773,train
UBFCPhys,UBFC_s11_T1_x1.6,s11_T1,Dataset/3_ROI/MEGA_AUG/aug_npz/UBFCPhys_s11_T1_UBFC_s11_T1_x1.6.npz,3953,9,0.0,112.470829,"forehead_strip,left_cheek_big,right_cheek_big",,35.13799999999772,1.000046010238773,train
UBFCPhys,UBFC_s11_T1_x1.8,s11_T1,Dataset/3_ROI/MEGA_AUG/aug_npz/UBFCPhys_s11_T1_UBFC_s11_T1_x1.8.npz,3514,9,0.0,99.977233,"forehead_strip,left_cheek_big,right_cheek_big",,35.13799999999772,1.000046010238773,train
UBFCPhys,UBFC_s11_T2,s11_T2,Dataset/3_ROI/UBFCPhys_RAW/s11_T2.npz,6325,9,0.0,179.97609425692983,"forehead_strip,left_cheek_big,right_cheek_big",,35.13799999999772,1.000046010238773,train
UBFCPhys,UBFC_s11_T2_x1.2,s11_T2,Dataset/3_ROI/MEGA_AUG/aug_npz/UBFCPhys_s11_T2_UBFC_s11_T2_x1.2.npz,5271,9,0.0,149.980079,"forehead_strip,left_cheek_big,right_cheek_big",,35.13799999999772,1.000046010238773,train
UBFCPhys,UBFC_s11_T2_x1.4,s11_T2,Dataset/3_ROI/MEGA_AUG/aug_npz/UBFCPhys_s11_T2_UBFC_s11_T2_x1.4.npz,4518,9,0.0,128.550287,"forehead_strip,left_cheek_big,right_cheek_big",,35.13799999999772,1.000046010238773,train
UBFCPhys,UBFC_s11_T2_x1.6,s11_T2,Dataset/3_ROI/MEGA_AUG/aug_npz/UBFCPhys_s11_T2_UBFC_s11_T2_x1.6.npz,3953,9,0.0,112.470829,"forehead_strip,left_cheek_big,right_cheek_big",,35.13799999999772,1.000046010238773,train
UBFCPhys,UBFC_s11_T2_x1.8,s11_T2,Dataset/3_ROI/MEGA_AUG/aug_npz/UBFCPhys_s11_T2_UBFC_s11_T2_x1.8.npz,3514,9,0.0,99.977233,"forehead_strip,left_cheek_big,right_cheek_big",,35.13799999999772,1.000046010238773,train
UBFCPhys,UBFC_s11_T3,s11_T3,Dataset/3_ROI/UBFCPhys_RAW/s11_T3.npz,6325,9,0.0,179.97609425692983,"forehead_strip,left_cheek_big,right_cheek_big",,35.13799999999772,1.000046010238773,train
UBFCPhys,UBFC_s11_T3_x0.55,s11_T3,Dataset/3_ROI/MEGA_AUG/aug_npz/UBFCPhys_s11_T3_UBFC_s11_T3_x0.55.npz,11500,9,0.0,327.252547,"forehead_strip,left_cheek_big,right_cheek_big",,35.13799999999772,1.000046010238773,train
UBFCPhys,UBFC_s11_T3_x0.65,s11_T3,Dataset/3_ROI/MEGA_AUG/aug_npz/UBFCPhys_s11_T3_UBFC_s11_T3_x0.65.npz,9731,9,0.0,276.908191,"forehead_strip,left_cheek_big,right_cheek_big",,35.13799999999772,1.000046010238773,train
UBFCPhys,UBFC_s11_T3_x0.75,s11_T3,Dataset/3_ROI/MEGA_AUG/aug_npz/UBFCPhys_s11_T3_UBFC_s11_T3_x0.75.npz,8433,9,0.0,239.968126,"forehead_strip,left_cheek_big,right_cheek_big",,35.13799999999772,1.000046010238773,train
UBFCPhys,UBFC_s11_T3_x1.2,s11_T3,Dataset/3_ROI/MEGA_AUG/aug_npz/UBFCPhys_s11_T3_UBFC_s11_T3_x1.2.npz,5271,9,0.0,149.980079,"forehead_strip,left_cheek_big,right_cheek_big",,35.13799999999772,1.000046010238773,train
UBFCPhys,UBFC_s11_T3_x1.4,s11_T3,Dataset/3_ROI/MEGA_AUG/aug_npz/UBFCPhys_s11_T3_UBFC_s11_T3_x1.4.npz,4518,9,0.0,128.550287,"forehead_strip,left_cheek_big,right_cheek_big",,35.13799999999772,1.000046010238773,train
UBFCPhys,UBFC_s11_T3_x1.6,s11_T3,Dataset/3_ROI/MEGA_AUG/aug_npz/UBFCPhys_s11_T3_UBFC_s11_T3_x1.6.npz,3953,9,0.0,112.470829,"forehead_strip,left_cheek_big,right_cheek_big",,35.13799999999772,1.000046010238773,train
UBFCPhys,UBFC_s11_T3_x1.8,s11_T3,Dataset/3_ROI/MEGA_AUG/aug_npz/UBFCPhys_s11_T3_UBFC_s11_T3_x1.8.npz,3514,9,0.0,99.977233,"forehead_strip,left_cheek_big,right_cheek_big",,35.13799999999772,1.000046010238773,train
UBFCPhys,UBFC_s12_T1,s12_T1,Dataset/3_ROI/UBFCPhys_RAW/s12_T1.npz,6325,9,0.0,179.97609425692983,"forehead_strip,left_cheek_big,right_cheek_big",,35.13799999999772,1.000046010238773,train
UBFCPhys,UBFC_s12_T1_x0.55,s12_T1,Dataset/3_ROI/MEGA_AUG/aug_npz/UBFCPhys_s12_T1_UBFC_s12_T1_x0.55.npz,11500,9,0.0,327.252547,"forehead_strip,left_cheek_big,right_cheek_big",,35.13799999999772,1.000046010238773,train
UBFCPhys,UBFC_s12_T1_x0.65,s12_T1,Dataset/3_ROI/MEGA_AUG/aug_npz/UBFCPhys_s12_T1_UBFC_s12_T1_x0.65.npz,9731,9,0.0,276.908191,"forehead_strip,left_cheek_big,right_cheek_big",,35.13799999999772,1.000046010238773,train
UBFCPhys,UBFC_s12_T1_x0.75,s12_T1,Dataset/3_ROI/MEGA_AUG/aug_npz/UBFCPhys_s12_T1_UBFC_s12_T1_x0.75.npz,8433,9,0.0,239.968126,"forehead_strip,left_cheek_big,right_cheek_big",,35.13799999999772,1.000046010238773,train
UBFCPhys,UBFC_s12_T1_x1.2,s12_T1,Dataset/3_ROI/MEGA_AUG/aug_npz/UBFCPhys_s12_T1_UBFC_s12_T1_x1.2.npz,5271,9,0.0,149.980079,"forehead_strip,left_cheek_big,right_cheek_big",,35.13799999999772,1.000046010238773,train
UBFCPhys,UBFC_s12_T1_x1.4,s12_T1,Dataset/3_ROI/MEGA_AUG/aug_npz/UBFCPhys_s12_T1_UBFC_s12_T1_x1.4.npz,4518,9,0.0,128.550287,"forehead_strip,left_cheek_big,right_cheek_big",,35.13799999999772,1.000046010238773,train
UBFCPhys,UBFC_s12_T1_x1.6,s12_T1,Dataset/3_ROI/MEGA_AUG/aug_npz/UBFCPhys_s12_T1_UBFC_s12_T1_x1.6.npz,3953,9,0.0,112.470829,"forehead_strip,left_cheek_big,right_cheek_big",,35.13799999999772,1.000046010238773,train
UBFCPhys,UBFC_s12_T1_x1.8,s12_T1,Dataset/3_ROI/MEGA_AUG/aug_npz/UBFCPhys_s12_T1_UBFC_s12_T1_x1.8.npz,3514,9,0.0,99.977233,"forehead_strip,left_cheek_big,right_cheek_big",,35.13799999999772,1.000046010238773,train
UBFCPhys,UBFC_s12_T2,s12_T2,Dataset/3_ROI/UBFCPhys_RAW/s12_T2.npz,6325,9,0.0,179.97609425692983,"forehead_strip,left_cheek_big,right_cheek_big",,35.13799999999772,1.000046010238773,train
UBFCPhys,UBFC_s12_T2_x0.55,s12_T2,Dataset/3_ROI/MEGA_AUG/aug_npz/UBFCPhys_s12_T2_UBFC_s12_T2_x0.55.npz,11500,9,0.0,327.252547,"forehead_strip,left_cheek_big,right_cheek_big",,35.13799999999772,1.000046010238773,train
UBFCPhys,UBFC_s12_T2_x0.65,s12_T2,Dataset/3_ROI/MEGA_AUG/aug_npz/UBFCPhys_s12_T2_UBFC_s12_T2_x0.65.npz,9731,9,0.0,276.908191,"forehead_strip,left_cheek_big,right_cheek_big",,35.13799999999772,1.000046010238773,train
UBFCPhys,UBFC_s12_T2_x0.75,s12_T2,Dataset/3_ROI/MEGA_AUG/aug_npz/UBFCPhys_s12_T2_UBFC_s12_T2_x0.75.npz,8433,9,0.0,239.968126,"forehead_strip,left_cheek_big,right_cheek_big",,35.13799999999772,1.000046010238773,train
UBFCPhys,UBFC_s12_T2_x1.2,s12_T2,Dataset/3_ROI/MEGA_AUG/aug_npz/UBFCPhys_s12_T2_UBFC_s12_T2_x1.2.npz,5271,9,0.0,149.980079,"forehead_strip,left_cheek_big,right_cheek_big",,35.13799999999772,1.000046010238773,train
UBFCPhys,UBFC_s12_T2_x1.4,s12_T2,Dataset/3_ROI/MEGA_AUG/aug_npz/UBFCPhys_s12_T2_UBFC_s12_T2_x1.4.npz,4518,9,0.0,128.550287,"forehead_strip,left_cheek_big,right_cheek_big",,35.13799999999772,1.000046010238773,train
UBFCPhys,UBFC_s12_T2_x1.6,s12_T2,Dataset/3_ROI/MEGA_AUG/aug_npz/UBFCPhys_s12_T2_UBFC_s12_T2_x1.6.npz,3953,9,0.0,112.470829,"forehead_strip,left_cheek_big,right_cheek_big",,35.13799999999772,1.000046010238773,train
UBFCPhys,UBFC_s12_T2_x1.8,s12_T2,Dataset/3_ROI/MEGA_AUG/aug_npz/UBFCPhys_s12_T2_UBFC_s12_T2_x1.8.npz,3514,9,0.0,99.977233,"forehead_strip,left_cheek_big,right_cheek_big",,35.13799999999772,1.000046010238773,train
UBFCPhys,UBFC_s12_T3,s12_T3,Dataset/3_ROI/UBFCPhys_RAW/s12_T3.npz,6325,9,0.0,179.97609425692983,"forehead_strip,left_cheek_big,right_cheek_big",,35.13799999999772,1.000046010238773,train
UBFCPhys,UBFC_s12_T3_x0.55,s12_T3,Dataset/3_ROI/MEGA_AUG/aug_npz/UBFCPhys_s12_T3_UBFC_s12_T3_x0.55.npz,11500,9,0.0,327.252547,"forehead_strip,left_cheek_big,right_cheek_big",,35.13799999999772,1.000046010238773,train
UBFCPhys,UBFC_s12_T3_x0.65,s12_T3,Dataset/3_ROI/MEGA_AUG/aug_npz/UBFCPhys_s12_T3_UBFC_s12_T3_x0.65.npz,9731,9,0.0,276.908191,"forehead_strip,left_cheek_big,right_cheek_big",,35.13799999999772,1.000046010238773,train
UBFCPhys,UBFC_s12_T3_x0.75,s12_T3,Dataset/3_ROI/MEGA_AUG/aug_npz/UBFCPhys_s12_T3_UBFC_s12_T3_x0.75.npz,8433,9,0.0,239.968126,"forehead_strip,left_cheek_big,right_cheek_big",,35.13799999999772,1.000046010238773,train
UBFCPhys,UBFC_s12_T3_x1.2,s12_T3,Dataset/3_ROI/MEGA_AUG/aug_npz/UBFCPhys_s12_T3_UBFC_s12_T3_x1.2.npz,5271,9,0.0,149.980079,"forehead_strip,left_cheek_big,right_cheek_big",,35.13799999999772,1.000046010238773,train
UBFCPhys,UBFC_s12_T3_x1.4,s12_T3,Dataset/3_ROI/MEGA_AUG/aug_npz/UBFCPhys_s12_T3_UBFC_s12_T3_x1.4.npz,4518,9,0.0,128.550287,"forehead_strip,left_cheek_big,right_cheek_big",,35.13799999999772,1.000046010238773,train
UBFCPhys,UBFC_s12_T3_x1.6,s12_T3,Dataset/3_ROI/MEGA_AUG/aug_npz/UBFCPhys_s12_T3_UBFC_s12_T3_x1.6.npz,3953,9,0.0,112.470829,"forehead_strip,left_cheek_big,right_cheek_big",,35.13799999999772,1.000046010238773,train
UBFCPhys,UBFC_s12_T3_x1.8,s12_T3,Dataset/3_ROI/MEGA_AUG/aug_npz/UBFCPhys_s12_T3_UBFC_s12_T3_x1.8.npz,3514,9,0.0,99.977233,"forehead_strip,left_cheek_big,right_cheek_big",,35.13799999999772,1.000046010238773,train
UBFCPhys,UBFC_s13_T1,s13_T1,Dataset/3_ROI/UBFCPhys_RAW/s13_T1.npz,6325,9,0.0,179.97609425692983,"forehead_strip,left_cheek_big,right_cheek_big",,35.13799999999772,1.000046010238773,train
UBFCPhys,UBFC_s13_T1_x0.55,s13_T1,Dataset/3_ROI/MEGA_AUG/aug_npz/UBFCPhys_s13_T1_UBFC_s13_T1_x0.55.npz,11500,9,0.0,327.252547,"forehead_strip,left_cheek_big,right_cheek_big",,35.13799999999772,1.000046010238773,train
UBFCPhys,UBFC_s13_T1_x0.65,s13_T1,Dataset/3_ROI/MEGA_AUG/aug_npz/UBFCPhys_s13_T1_UBFC_s13_T1_x0.65.npz,9731,9,0.0,276.908191,"forehead_strip,left_cheek_big,right_cheek_big",,35.13799999999772,1.000046010238773,train
UBFCPhys,UBFC_s13_T1_x0.75,s13_T1,Dataset/3_ROI/MEGA_AUG/aug_npz/UBFCPhys_s13_T1_UBFC_s13_T1_x0.75.npz,8433,9,0.0,239.968126,"forehead_strip,left_cheek_big,right_cheek_big",,35.13799999999772,1.000046010238773,train
UBFCPhys,UBFC_s13_T1_x1.2,s13_T1,Dataset/3_ROI/MEGA_AUG/aug_npz/UBFCPhys_s13_T1_UBFC_s13_T1_x1.2.npz,5271,9,0.0,149.980079,"forehead_strip,left_cheek_big,right_cheek_big",,35.13799999999772,1.000046010238773,train
UBFCPhys,UBFC_s13_T1_x1.4,s13_T1,Dataset/3_ROI/MEGA_AUG/aug_npz/UBFCPhys_s13_T1_UBFC_s13_T1_x1.4.npz,4518,9,0.0,128.550287,"forehead_strip,left_cheek_big,right_cheek_big",,35.13799999999772,1.000046010238773,train
UBFCPhys,UBFC_s13_T1_x1.6,s13_T1,Dataset/3_ROI/MEGA_AUG/aug_npz/UBFCPhys_s13_T1_UBFC_s13_T1_x1.6.npz,3953,9,0.0,112.470829,"forehead_strip,left_cheek_big,right_cheek_big",,35.13799999999772,1.000046010238773,train
UBFCPhys,UBFC_s13_T1_x1.8,s13_T1,Dataset/3_ROI/MEGA_AUG/aug_npz/UBFCPhys_s13_T1_UBFC_s13_T1_x1.8.npz,3514,9,0.0,99.977233,"forehead_strip,left_cheek_big,right_cheek_big",,35.13799999999772,1.000046010238773,train
UBFCPhys,UBFC_s13_T2,s13_T2,Dataset/3_ROI/UBFCPhys_RAW/s13_T2.npz,6325,9,0.0,179.97609425692983,"forehead_strip,left_cheek_big,right_cheek_big",,35.13799999999772,1.000046010238773,train
UBFCPhys,UBFC_s13_T2_x1.2,s13_T2,Dataset/3_ROI/MEGA_AUG/aug_npz/UBFCPhys_s13_T2_UBFC_s13_T2_x1.2.npz,5271,9,0.0,149.980079,"forehead_strip,left_cheek_big,right_cheek_big",,35.13799999999772,1.000046010238773,train
UBFCPhys,UBFC_s13_T2_x1.4,s13_T2,Dataset/3_ROI/MEGA_AUG/aug_npz/UBFCPhys_s13_T2_UBFC_s13_T2_x1.4.npz,4518,9,0.0,128.550287,"forehead_strip,left_cheek_big,right_cheek_big",,35.13799999999772,1.000046010238773,train
UBFCPhys,UBFC_s13_T2_x1.6,s13_T2,Dataset/3_ROI/MEGA_AUG/aug_npz/UBFCPhys_s13_T2_UBFC_s13_T2_x1.6.npz,3953,9,0.0,112.470829,"forehead_strip,left_cheek_big,right_cheek_big",,35.13799999999772,1.000046010238773,train
UBFCPhys,UBFC_s13_T2_x1.8,s13_T2,Dataset/3_ROI/MEGA_AUG/aug_npz/UBFCPhys_s13_T2_UBFC_s13_T2_x1.8.npz,3514,9,0.0,99.977233,"forehead_strip,left_cheek_big,right_cheek_big",,35.13799999999772,1.000046010238773,train
UBFCPhys,UBFC_s13_T3,s13_T3,Dataset/3_ROI/UBFCPhys_RAW/s13_T3.npz,6325,9,0.0,179.97609425692983,"forehead_strip,left_cheek_big,right_cheek_big",,35.13799999999772,1.000046010238773,train
UBFCPhys,UBFC_s13_T3_x0.55,s13_T3,Dataset/3_ROI/MEGA_AUG/aug_npz/UBFCPhys_s13_T3_UBFC_s13_T3_x0.55.npz,11500,9,0.0,327.252547,"forehead_strip,left_cheek_big,right_cheek_big",,35.13799999999772,1.000046010238773,train
UBFCPhys,UBFC_s13_T3_x0.65,s13_T3,Dataset/3_ROI/MEGA_AUG/aug_npz/UBFCPhys_s13_T3_UBFC_s13_T3_x0.65.npz,9731,9,0.0,276.908191,"forehead_strip,left_cheek_big,right_cheek_big",,35.13799999999772,1.000046010238773,train
UBFCPhys,UBFC_s13_T3_x0.75,s13_T3,Dataset/3_ROI/MEGA_AUG/aug_npz/UBFCPhys_s13_T3_UBFC_s13_T3_x0.75.npz,8433,9,0.0,239.968126,"forehead_strip,left_cheek_big,right_cheek_big",,35.13799999999772,1.000046010238773,train
UBFCPhys,UBFC_s13_T3_x1.2,s13_T3,Dataset/3_ROI/MEGA_AUG/aug_npz/UBFCPhys_s13_T3_UBFC_s13_T3_x1.2.npz,5271,9,0.0,149.980079,"forehead_strip,left_cheek_big,right_cheek_big",,35.13799999999772,1.000046010238773,train
UBFCPhys,UBFC_s13_T3_x1.4,s13_T3,Dataset/3_ROI/MEGA_AUG/aug_npz/UBFCPhys_s13_T3_UBFC_s13_T3_x1.4.npz,4518,9,0.0,128.550287,"forehead_strip,left_cheek_big,right_cheek_big",,35.13799999999772,1.000046010238773,train
UBFCPhys,UBFC_s13_T3_x1.6,s13_T3,Dataset/3_ROI/MEGA_AUG/aug_npz/UBFCPhys_s13_T3_UBFC_s13_T3_x1.6.npz,3953,9,0.0,112.470829,"forehead_strip,left_cheek_big,right_cheek_big",,35.13799999999772,1.000046010238773,train
UBFCPhys,UBFC_s13_T3_x1.8,s13_T3,Dataset/3_ROI/MEGA_AUG/aug_npz/UBFCPhys_s13_T3_UBFC_s13_T3_x1.8.npz,3514,9,0.0,99.977233,"forehead_strip,left_cheek_big,right_cheek_big",,35.13799999999772,1.000046010238773,train
UBFCPhys,UBFC_s14_T1,s14_T1,Dataset/3_ROI/UBFCPhys_RAW/s14_T1.npz,6325,9,0.0,179.97609425692983,"forehead_strip,left_cheek_big,right_cheek_big",,35.13799999999772,1.000046010238773,train
UBFCPhys,UBFC_s14_T1_x0.55,s14_T1,Dataset/3_ROI/MEGA_AUG/aug_npz/UBFCPhys_s14_T1_UBFC_s14_T1_x0.55.npz,11500,9,0.0,327.252547,"forehead_strip,left_cheek_big,right_cheek_big",,35.13799999999772,1.000046010238773,train
UBFCPhys,UBFC_s14_T1_x0.65,s14_T1,Dataset/3_ROI/MEGA_AUG/aug_npz/UBFCPhys_s14_T1_UBFC_s14_T1_x0.65.npz,9731,9,0.0,276.908191,"forehead_strip,left_cheek_big,right_cheek_big",,35.13799999999772,1.000046010238773,train
UBFCPhys,UBFC_s14_T1_x0.75,s14_T1,Dataset/3_ROI/MEGA_AUG/aug_npz/UBFCPhys_s14_T1_UBFC_s14_T1_x0.75.npz,8433,9,0.0,239.968126,"forehead_strip,left_cheek_big,right_cheek_big",,35.13799999999772,1.000046010238773,train
UBFCPhys,UBFC_s14_T1_x1.2,s14_T1,Dataset/3_ROI/MEGA_AUG/aug_npz/UBFCPhys_s14_T1_UBFC_s14_T1_x1.2.npz,5271,9,0.0,149.980079,"forehead_strip,left_cheek_big,right_cheek_big",,35.13799999999772,1.000046010238773,train
UBFCPhys,UBFC_s14_T1_x1.4,s14_T1,Dataset/3_ROI/MEGA_AUG/aug_npz/UBFCPhys_s14_T1_UBFC_s14_T1_x1.4.npz,4518,9,0.0,128.550287,"forehead_strip,left_cheek_big,right_cheek_big",,35.13799999999772,1.000046010238773,train
UBFCPhys,UBFC_s14_T1_x1.6,s14_T1,Dataset/3_ROI/MEGA_AUG/aug_npz/UBFCPhys_s14_T1_UBFC_s14_T1_x1.6.npz,3953,9,0.0,112.470829,"forehead_strip,left_cheek_big,right_cheek_big",,35.13799999999772,1.000046010238773,train
UBFCPhys,UBFC_s14_T1_x1.8,s14_T1,Dataset/3_ROI/MEGA_AUG/aug_npz/UBFCPhys_s14_T1_UBFC_s14_T1_x1.8.npz,3514,9,0.0,99.977233,"forehead_strip,left_cheek_big,right_cheek_big",,35.13799999999772,1.000046010238773,train
UBFCPhys,UBFC_s14_T2,s14_T2,Dataset/3_ROI/UBFCPhys_RAW/s14_T2.npz,6325,9,0.0,179.97609425692983,"forehead_strip,left_cheek_big,right_cheek_big",,35.13799999999772,1.000046010238773,train
UBFCPhys,UBFC_s14_T2_x0.75,s14_T2,Dataset/3_ROI/MEGA_AUG/aug_npz/UBFCPhys_s14_T2_UBFC_s14_T2_x0.75.npz,8433,9,0.0,239.968126,"forehead_strip,left_cheek_big,right_cheek_big",,35.13799999999772,1.000046010238773,train
UBFCPhys,UBFC_s14_T2_x1.2,s14_T2,Dataset/3_ROI/MEGA_AUG/aug_npz/UBFCPhys_s14_T2_UBFC_s14_T2_x1.2.npz,5271,9,0.0,149.980079,"forehead_strip,left_cheek_big,right_cheek_big",,35.13799999999772,1.000046010238773,train
UBFCPhys,UBFC_s14_T2_x1.4,s14_T2,Dataset/3_ROI/MEGA_AUG/aug_npz/UBFCPhys_s14_T2_UBFC_s14_T2_x1.4.npz,4518,9,0.0,128.550287,"forehead_strip,left_cheek_big,right_cheek_big",,35.13799999999772,1.000046010238773,train
UBFCPhys,UBFC_s14_T2_x1.6,s14_T2,Dataset/3_ROI/MEGA_AUG/aug_npz/UBFCPhys_s14_T2_UBFC_s14_T2_x1.6.npz,3953,9,0.0,112.470829,"forehead_strip,left_cheek_big,right_cheek_big",,35.13799999999772,1.000046010238773,train
UBFCPhys,UBFC_s14_T2_x1.8,s14_T2,Dataset/3_ROI/MEGA_AUG/aug_npz/UBFCPhys_s14_T2_UBFC_s14_T2_x1.8.npz,3514,9,0.0,99.977233,"forehead_strip,left_cheek_big,right_cheek_big",,35.13799999999772,1.000046010238773,train
UBFCPhys,UBFC_s14_T3,s14_T3,Dataset/3_ROI/UBFCPhys_RAW/s14_T3.npz,6325,9,0.0,179.97609425692983,"forehead_strip,left_cheek_big,right_cheek_big",,35.13799999999772,1.000046010238773,train
UBFCPhys,UBFC_s14_T3_x0.65,s14_T3,Dataset/3_ROI/MEGA_AUG/aug_npz/UBFCPhys_s14_T3_UBFC_s14_T3_x0.65.npz,9731,9,0.0,276.908191,"forehead_strip,left_cheek_big,right_cheek_big",,35.13799999999772,1.000046010238773,train
UBFCPhys,UBFC_s14_T3_x0.75,s14_T3,Dataset/3_ROI/MEGA_AUG/aug_npz/UBFCPhys_s14_T3_UBFC_s14_T3_x0.75.npz,8433,9,0.0,239.968126,"forehead_strip,left_cheek_big,right_cheek_big",,35.13799999999772,1.000046010238773,train
UBFCPhys,UBFC_s14_T3_x1.2,s14_T3,Dataset/3_ROI/MEGA_AUG/aug_npz/UBFCPhys_s14_T3_UBFC_s14_T3_x1.2.npz,5271,9,0.0,149.980079,"forehead_strip,left_cheek_big,right_cheek_big",,35.13799999999772,1.000046010238773,train
UBFCPhys,UBFC_s14_T3_x1.4,s14_T3,Dataset/3_ROI/MEGA_AUG/aug_npz/UBFCPhys_s14_T3_UBFC_s14_T3_x1.4.npz,4518,9,0.0,128.550287,"forehead_strip,left_cheek_big,right_cheek_big",,35.13799999999772,1.000046010238773,train
UBFCPhys,UBFC_s14_T3_x1.6,s14_T3,Dataset/3_ROI/MEGA_AUG/aug_npz/UBFCPhys_s14_T3_UBFC_s14_T3_x1.6.npz,3953,9,0.0,112.470829,"forehead_strip,left_cheek_big,right_cheek_big",,35.13799999999772,1.000046010238773,train
UBFCPhys,UBFC_s14_T3_x1.8,s14_T3,Dataset/3_ROI/MEGA_AUG/aug_npz/UBFCPhys_s14_T3_UBFC_s14_T3_x1.8.npz,3514,9,0.0,99.977233,"forehead_strip,left_cheek_big,right_cheek_big",,35.13799999999772,1.000046010238773,train
UBFCPhys,UBFC_s15_T1,s15_T1,Dataset/3_ROI/UBFCPhys_RAW/s15_T1.npz,6325,9,0.0,179.97609425692983,"forehead_strip,left_cheek_big,right_cheek_big",,35.13799999999772,1.000046010238773,train
UBFCPhys,UBFC_s15_T1_x0.55,s15_T1,Dataset/3_ROI/MEGA_AUG/aug_npz/UBFCPhys_s15_T1_UBFC_s15_T1_x0.55.npz,11500,9,0.0,327.252547,"forehead_strip,left_cheek_big,right_cheek_big",,35.13799999999772,1.000046010238773,train
UBFCPhys,UBFC_s15_T1_x0.65,s15_T1,Dataset/3_ROI/MEGA_AUG/aug_npz/UBFCPhys_s15_T1_UBFC_s15_T1_x0.65.npz,9731,9,0.0,276.908191,"forehead_strip,left_cheek_big,right_cheek_big",,35.13799999999772,1.000046010238773,train
UBFCPhys,UBFC_s15_T1_x0.75,s15_T1,Dataset/3_ROI/MEGA_AUG/aug_npz/UBFCPhys_s15_T1_UBFC_s15_T1_x0.75.npz,8433,9,0.0,239.968126,"forehead_strip,left_cheek_big,right_cheek_big",,35.13799999999772,1.000046010238773,train
UBFCPhys,UBFC_s15_T1_x1.2,s15_T1,Dataset/3_ROI/MEGA_AUG/aug_npz/UBFCPhys_s15_T1_UBFC_s15_T1_x1.2.npz,5271,9,0.0,149.980079,"forehead_strip,left_cheek_big,right_cheek_big",,35.13799999999772,1.000046010238773,train
UBFCPhys,UBFC_s15_T1_x1.4,s15_T1,Dataset/3_ROI/MEGA_AUG/aug_npz/UBFCPhys_s15_T1_UBFC_s15_T1_x1.4.npz,4518,9,0.0,128.550287,"forehead_strip,left_cheek_big,right_cheek_big",,35.13799999999772,1.000046010238773,train
UBFCPhys,UBFC_s15_T1_x1.6,s15_T1,Dataset/3_ROI/MEGA_AUG/aug_npz/UBFCPhys_s15_T1_UBFC_s15_T1_x1.6.npz,3953,9,0.0,112.470829,"forehead_strip,left_cheek_big,right_cheek_big",,35.13799999999772,1.000046010238773,train
UBFCPhys,UBFC_s15_T1_x1.8,s15_T1,Dataset/3_ROI/MEGA_AUG/aug_npz/UBFCPhys_s15_T1_UBFC_s15_T1_x1.8.npz,3514,9,0.0,99.977233,"forehead_strip,left_cheek_big,right_cheek_big",,35.13799999999772,1.000046010238773,train
UBFCPhys,UBFC_s15_T2,s15_T2,Dataset/3_ROI/UBFCPhys_RAW/s15_T2.npz,6325,9,0.0,179.97609425692983,"forehead_strip,left_cheek_big,right_cheek_big",,35.13799999999772,1.000046010238773,train
UBFCPhys,UBFC_s15_T2_x0.55,s15_T2,Dataset/3_ROI/MEGA_AUG/aug_npz/UBFCPhys_s15_T2_UBFC_s15_T2_x0.55.npz,11500,9,0.0,327.252547,"forehead_strip,left_cheek_big,right_cheek_big",,35.13799999999772,1.000046010238773,train
UBFCPhys,UBFC_s15_T2_x0.65,s15_T2,Dataset/3_ROI/MEGA_AUG/aug_npz/UBFCPhys_s15_T2_UBFC_s15_T2_x0.65.npz,9731,9,0.0,276.908191,"forehead_strip,left_cheek_big,right_cheek_big",,35.13799999999772,1.000046010238773,train
UBFCPhys,UBFC_s15_T2_x0.75,s15_T2,Dataset/3_ROI/MEGA_AUG/aug_npz/UBFCPhys_s15_T2_UBFC_s15_T2_x0.75.npz,8433,9,0.0,239.968126,"forehead_strip,left_cheek_big,right_cheek_big",,35.13799999999772,1.000046010238773,train
UBFCPhys,UBFC_s15_T2_x1.2,s15_T2,Dataset/3_ROI/MEGA_AUG/aug_npz/UBFCPhys_s15_T2_UBFC_s15_T2_x1.2.npz,5271,9,0.0,149.980079,"forehead_strip,left_cheek_big,right_cheek_big",,35.13799999999772,1.000046010238773,train
UBFCPhys,UBFC_s15_T2_x1.4,s15_T2,Dataset/3_ROI/MEGA_AUG/aug_npz/UBFCPhys_s15_T2_UBFC_s15_T2_x1.4.npz,4518,9,0.0,128.550287,"forehead_strip,left_cheek_big,right_cheek_big",,35.13799999999772,1.000046010238773,train
UBFCPhys,UBFC_s15_T2_x1.6,s15_T2,Dataset/3_ROI/MEGA_AUG/aug_npz/UBFCPhys_s15_T2_UBFC_s15_T2_x1.6.npz,3953,9,0.0,112.470829,"forehead_strip,left_cheek_big,right_cheek_big",,35.13799999999772,1.000046010238773,train
UBFCPhys,UBFC_s15_T2_x1.8,s15_T2,Dataset/3_ROI/MEGA_AUG/aug_npz/UBFCPhys_s15_T2_UBFC_s15_T2_x1.8.npz,3514,9,0.0,99.977233,"forehead_strip,left_cheek_big,right_cheek_big",,35.13799999999772,1.000046010238773,train
UBFCPhys,UBFC_s15_T3,s15_T3,Dataset/3_ROI/UBFCPhys_RAW/s15_T3.npz,6325,9,0.0,179.97609425692983,"forehead_strip,left_cheek_big,right_cheek_big",,35.13799999999772,1.000046010238773,train
UBFCPhys,UBFC_s15_T3_x0.55,s15_T3,Dataset/3_ROI/MEGA_AUG/aug_npz/UBFCPhys_s15_T3_UBFC_s15_T3_x0.55.npz,11500,9,0.0,327.252547,"forehead_strip,left_cheek_big,right_cheek_big",,35.13799999999772,1.000046010238773,train
UBFCPhys,UBFC_s15_T3_x0.65,s15_T3,Dataset/3_ROI/MEGA_AUG/aug_npz/UBFCPhys_s15_T3_UBFC_s15_T3_x0.65.npz,9731,9,0.0,276.908191,"forehead_strip,left_cheek_big,right_cheek_big",,35.13799999999772,1.000046010238773,train
UBFCPhys,UBFC_s15_T3_x0.75,s15_T3,Dataset/3_ROI/MEGA_AUG/aug_npz/UBFCPhys_s15_T3_UBFC_s15_T3_x0.75.npz,8433,9,0.0,239.968126,"forehead_strip,left_cheek_big,right_cheek_big",,35.13799999999772,1.000046010238773,train
UBFCPhys,UBFC_s15_T3_x1.2,s15_T3,Dataset/3_ROI/MEGA_AUG/aug_npz/UBFCPhys_s15_T3_UBFC_s15_T3_x1.2.npz,5271,9,0.0,149.980079,"forehead_strip,left_cheek_big,right_cheek_big",,35.13799999999772,1.000046010238773,train
UBFCPhys,UBFC_s15_T3_x1.4,s15_T3,Dataset/3_ROI/MEGA_AUG/aug_npz/UBFCPhys_s15_T3_UBFC_s15_T3_x1.4.npz,4518,9,0.0,128.550287,"forehead_strip,left_cheek_big,right_cheek_big",,35.13799999999772,1.000046010238773,train
UBFCPhys,UBFC_s15_T3_x1.6,s15_T3,Dataset/3_ROI/MEGA_AUG/aug_npz/UBFCPhys_s15_T3_UBFC_s15_T3_x1.6.npz,3953,9,0.0,112.470829,"forehead_strip,left_cheek_big,right_cheek_big",,35.13799999999772,1.000046010238773,train
UBFCPhys,UBFC_s15_T3_x1.8,s15_T3,Dataset/3_ROI/MEGA_AUG/aug_npz/UBFCPhys_s15_T3_UBFC_s15_T3_x1.8.npz,3514,9,0.0,99.977233,"forehead_strip,left_cheek_big,right_cheek_big",,35.13799999999772,1.000046010238773,train
UBFCPhys,UBFC_s16_T1,s16_T1,Dataset/3_ROI/UBFCPhys_RAW/s16_T1.npz,6325,9,0.0,179.97609425692983,"forehead_strip,left_cheek_big,right_cheek_big",,35.13799999999772,1.000046010238773,train
UBFCPhys,UBFC_s16_T1_x0.55,s16_T1,Dataset/3_ROI/MEGA_AUG/aug_npz/UBFCPhys_s16_T1_UBFC_s16_T1_x0.55.npz,11500,9,0.0,327.252547,"forehead_strip,left_cheek_big,right_cheek_big",,35.13799999999772,1.000046010238773,train
UBFCPhys,UBFC_s16_T1_x0.65,s16_T1,Dataset/3_ROI/MEGA_AUG/aug_npz/UBFCPhys_s16_T1_UBFC_s16_T1_x0.65.npz,9731,9,0.0,276.908191,"forehead_strip,left_cheek_big,right_cheek_big",,35.13799999999772,1.000046010238773,train
UBFCPhys,UBFC_s16_T1_x0.75,s16_T1,Dataset/3_ROI/MEGA_AUG/aug_npz/UBFCPhys_s16_T1_UBFC_s16_T1_x0.75.npz,8433,9,0.0,239.968126,"forehead_strip,left_cheek_big,right_cheek_big",,35.13799999999772,1.000046010238773,train
UBFCPhys,UBFC_s16_T1_x1.2,s16_T1,Dataset/3_ROI/MEGA_AUG/aug_npz/UBFCPhys_s16_T1_UBFC_s16_T1_x1.2.npz,5271,9,0.0,149.980079,"forehead_strip,left_cheek_big,right_cheek_big",,35.13799999999772,1.000046010238773,train
UBFCPhys,UBFC_s16_T1_x1.4,s16_T1,Dataset/3_ROI/MEGA_AUG/aug_npz/UBFCPhys_s16_T1_UBFC_s16_T1_x1.4.npz,4518,9,0.0,128.550287,"forehead_strip,left_cheek_big,right_cheek_big",,35.13799999999772,1.000046010238773,train
UBFCPhys,UBFC_s16_T1_x1.6,s16_T1,Dataset/3_ROI/MEGA_AUG/aug_npz/UBFCPhys_s16_T1_UBFC_s16_T1_x1.6.npz,3953,9,0.0,112.470829,"forehead_strip,left_cheek_big,right_cheek_big",,35.13799999999772,1.000046010238773,train
UBFCPhys,UBFC_s16_T1_x1.8,s16_T1,Dataset/3_ROI/MEGA_AUG/aug_npz/UBFCPhys_s16_T1_UBFC_s16_T1_x1.8.npz,3514,9,0.0,99.977233,"forehead_strip,left_cheek_big,right_cheek_big",,35.13799999999772,1.000046010238773,train
UBFCPhys,UBFC_s16_T2,s16_T2,Dataset/3_ROI/UBFCPhys_RAW/s16_T2.npz,6325,9,0.0,179.97609425692983,"forehead_strip,left_cheek_big,right_cheek_big",,35.13799999999772,1.000046010238773,train
UBFCPhys,UBFC_s16_T2_x0.75,s16_T2,Dataset/3_ROI/MEGA_AUG/aug_npz/UBFCPhys_s16_T2_UBFC_s16_T2_x0.75.npz,8433,9,0.0,239.968126,"forehead_strip,left_cheek_big,right_cheek_big",,35.13799999999772,1.000046010238773,train
UBFCPhys,UBFC_s16_T2_x1.2,s16_T2,Dataset/3_ROI/MEGA_AUG/aug_npz/UBFCPhys_s16_T2_UBFC_s16_T2_x1.2.npz,5271,9,0.0,149.980079,"forehead_strip,left_cheek_big,right_cheek_big",,35.13799999999772,1.000046010238773,train
UBFCPhys,UBFC_s16_T2_x1.4,s16_T2,Dataset/3_ROI/MEGA_AUG/aug_npz/UBFCPhys_s16_T2_UBFC_s16_T2_x1.4.npz,4518,9,0.0,128.550287,"forehead_strip,left_cheek_big,right_cheek_big",,35.13799999999772,1.000046010238773,train
UBFCPhys,UBFC_s16_T2_x1.6,s16_T2,Dataset/3_ROI/MEGA_AUG/aug_npz/UBFCPhys_s16_T2_UBFC_s16_T2_x1.6.npz,3953,9,0.0,112.470829,"forehead_strip,left_cheek_big,right_cheek_big",,35.13799999999772,1.000046010238773,train
UBFCPhys,UBFC_s16_T2_x1.8,s16_T2,Dataset/3_ROI/MEGA_AUG/aug_npz/UBFCPhys_s16_T2_UBFC_s16_T2_x1.8.npz,3514,9,0.0,99.977233,"forehead_strip,left_cheek_big,right_cheek_big",,35.13799999999772,1.000046010238773,train
UBFCPhys,UBFC_s16_T3,s16_T3,Dataset/3_ROI/UBFCPhys_RAW/s16_T3.npz,6325,9,0.0,179.97609425692983,"forehead_strip,left_cheek_big,right_cheek_big",,35.13799999999772,1.000046010238773,train
UBFCPhys,UBFC_s16_T3_x0.55,s16_T3,Dataset/3_ROI/MEGA_AUG/aug_npz/UBFCPhys_s16_T3_UBFC_s16_T3_x0.55.npz,11500,9,0.0,327.252547,"forehead_strip,left_cheek_big,right_cheek_big",,35.13799999999772,1.000046010238773,train
UBFCPhys,UBFC_s16_T3_x0.65,s16_T3,Dataset/3_ROI/MEGA_AUG/aug_npz/UBFCPhys_s16_T3_UBFC_s16_T3_x0.65.npz,9731,9,0.0,276.908191,"forehead_strip,left_cheek_big,right_cheek_big",,35.13799999999772,1.000046010238773,train
UBFCPhys,UBFC_s16_T3_x0.75,s16_T3,Dataset/3_ROI/MEGA_AUG/aug_npz/UBFCPhys_s16_T3_UBFC_s16_T3_x0.75.npz,8433,9,0.0,239.968126,"forehead_strip,left_cheek_big,right_cheek_big",,35.13799999999772,1.000046010238773,train
UBFCPhys,UBFC_s16_T3_x1.2,s16_T3,Dataset/3_ROI/MEGA_AUG/aug_npz/UBFCPhys_s16_T3_UBFC_s16_T3_x1.2.npz,5271,9,0.0,149.980079,"forehead_strip,left_cheek_big,right_cheek_big",,35.13799999999772,1.000046010238773,train
UBFCPhys,UBFC_s16_T3_x1.4,s16_T3,Dataset/3_ROI/MEGA_AUG/aug_npz/UBFCPhys_s16_T3_UBFC_s16_T3_x1.4.npz,4518,9,0.0,128.550287,"forehead_strip,left_cheek_big,right_cheek_big",,35.13799999999772,1.000046010238773,train
UBFCPhys,UBFC_s16_T3_x1.6,s16_T3,Dataset/3_ROI/MEGA_AUG/aug_npz/UBFCPhys_s16_T3_UBFC_s16_T3_x1.6.npz,3953,9,0.0,112.470829,"forehead_strip,left_cheek_big,right_cheek_big",,35.13799999999772,1.000046010238773,train
UBFCPhys,UBFC_s16_T3_x1.8,s16_T3,Dataset/3_ROI/MEGA_AUG/aug_npz/UBFCPhys_s16_T3_UBFC_s16_T3_x1.8.npz,3514,9,0.0,99.977233,"forehead_strip,left_cheek_big,right_cheek_big",,35.13799999999772,1.000046010238773,train
UBFCPhys,UBFC_s17_T1,s17_T1,Dataset/3_ROI/UBFCPhys_RAW/s17_T1.npz,6325,9,0.0,179.97609425692983,"forehead_strip,left_cheek_big,right_cheek_big",,35.13799999999772,1.000046010238773,val
UBFCPhys,UBFC_s17_T2,s17_T2,Dataset/3_ROI/UBFCPhys_RAW/s17_T2.npz,6325,9,0.0,179.97609425692983,"forehead_strip,left_cheek_big,right_cheek_big",,35.13799999999772,1.000046010238773,val
UBFCPhys,UBFC_s17_T3,s17_T3,Dataset/3_ROI/UBFCPhys_RAW/s17_T3.npz,6325,9,0.0,179.97609425692983,"forehead_strip,left_cheek_big,right_cheek_big",,35.13799999999772,1.000046010238773,val
UBFCPhys,UBFC_s18_T1,s18_T1,Dataset/3_ROI/UBFCPhys_RAW/s18_T1.npz,6325,9,0.0,179.97609425692983,"forehead_strip,left_cheek_big,right_cheek_big",,35.13799999999772,1.000046010238773,val
UBFCPhys,UBFC_s18_T2,s18_T2,Dataset/3_ROI/UBFCPhys_RAW/s18_T2.npz,6325,9,0.0,179.97609425692983,"forehead_strip,left_cheek_big,right_cheek_big",,35.13799999999772,1.000046010238773,val
UBFCPhys,UBFC_s18_T3,s18_T3,Dataset/3_ROI/UBFCPhys_RAW/s18_T3.npz,6325,9,0.0,179.97609425692983,"forehead_strip,left_cheek_big,right_cheek_big",,35.13799999999772,1.000046010238773,val
UBFCPhys,UBFC_s19_T1,s19_T1,Dataset/3_ROI/UBFCPhys_RAW/s19_T1.npz,6325,9,0.0,179.97609425692983,"forehead_strip,left_cheek_big,right_cheek_big",,35.13799999999772,1.000046010238773,val
UBFCPhys,UBFC_s19_T2,s19_T2,Dataset/3_ROI/UBFCPhys_RAW/s19_T2.npz,6325,9,0.0,179.97609425692983,"forehead_strip,left_cheek_big,right_cheek_big",,35.13799999999772,1.000046010238773,val
UBFCPhys,UBFC_s19_T3,s19_T3,Dataset/3_ROI/UBFCPhys_RAW/s19_T3.npz,6325,9,0.0,179.97609425692983,"forehead_strip,left_cheek_big,right_cheek_big",,35.13799999999772,1.000046010238773,val
UBFCPhys,UBFC_s1_T1,s1_T1,Dataset/3_ROI/UBFCPhys_RAW/s1_T1.npz,6325,9,0.0,179.97609425692983,"forehead_strip,left_cheek_big,right_cheek_big",,35.13799999999772,1.000046010238773,train
UBFCPhys,UBFC_s1_T1_x0.55,s1_T1,Dataset/3_ROI/MEGA_AUG/aug_npz/UBFCPhys_s1_T1_UBFC_s1_T1_x0.55.npz,11500,9,0.0,327.252547,"forehead_strip,left_cheek_big,right_cheek_big",,35.13799999999772,1.000046010238773,train
UBFCPhys,UBFC_s1_T1_x0.65,s1_T1,Dataset/3_ROI/MEGA_AUG/aug_npz/UBFCPhys_s1_T1_UBFC_s1_T1_x0.65.npz,9731,9,0.0,276.908191,"forehead_strip,left_cheek_big,right_cheek_big",,35.13799999999772,1.000046010238773,train
UBFCPhys,UBFC_s1_T1_x0.75,s1_T1,Dataset/3_ROI/MEGA_AUG/aug_npz/UBFCPhys_s1_T1_UBFC_s1_T1_x0.75.npz,8433,9,0.0,239.968126,"forehead_strip,left_cheek_big,right_cheek_big",,35.13799999999772,1.000046010238773,train
UBFCPhys,UBFC_s1_T1_x1.2,s1_T1,Dataset/3_ROI/MEGA_AUG/aug_npz/UBFCPhys_s1_T1_UBFC_s1_T1_x1.2.npz,5271,9,0.0,149.980079,"forehead_strip,left_cheek_big,right_cheek_big",,35.13799999999772,1.000046010238773,train
UBFCPhys,UBFC_s1_T1_x1.4,s1_T1,Dataset/3_ROI/MEGA_AUG/aug_npz/UBFCPhys_s1_T1_UBFC_s1_T1_x1.4.npz,4518,9,0.0,128.550287,"forehead_strip,left_cheek_big,right_cheek_big",,35.13799999999772,1.000046010238773,train
UBFCPhys,UBFC_s1_T1_x1.6,s1_T1,Dataset/3_ROI/MEGA_AUG/aug_npz/UBFCPhys_s1_T1_UBFC_s1_T1_x1.6.npz,3953,9,0.0,112.470829,"forehead_strip,left_cheek_big,right_cheek_big",,35.13799999999772,1.000046010238773,train
UBFCPhys,UBFC_s1_T1_x1.8,s1_T1,Dataset/3_ROI/MEGA_AUG/aug_npz/UBFCPhys_s1_T1_UBFC_s1_T1_x1.8.npz,3514,9,0.0,99.977233,"forehead_strip,left_cheek_big,right_cheek_big",,35.13799999999772,1.000046010238773,train
UBFCPhys,UBFC_s1_T2,s1_T2,Dataset/3_ROI/UBFCPhys_RAW/s1_T2.npz,6325,9,0.0,179.97609425692983,"forehead_strip,left_cheek_big,right_cheek_big",,35.13799999999772,1.000046010238773,train
UBFCPhys,UBFC_s1_T2_x0.75,s1_T2,Dataset/3_ROI/MEGA_AUG/aug_npz/UBFCPhys_s1_T2_UBFC_s1_T2_x0.75.npz,8433,9,0.0,239.968126,"forehead_strip,left_cheek_big,right_cheek_big",,35.13799999999772,1.000046010238773,train
UBFCPhys,UBFC_s1_T2_x1.2,s1_T2,Dataset/3_ROI/MEGA_AUG/aug_npz/UBFCPhys_s1_T2_UBFC_s1_T2_x1.2.npz,5271,9,0.0,149.980079,"forehead_strip,left_cheek_big,right_cheek_big",,35.13799999999772,1.000046010238773,train
UBFCPhys,UBFC_s1_T2_x1.4,s1_T2,Dataset/3_ROI/MEGA_AUG/aug_npz/UBFCPhys_s1_T2_UBFC_s1_T2_x1.4.npz,4518,9,0.0,128.550287,"forehead_strip,left_cheek_big,right_cheek_big",,35.13799999999772,1.000046010238773,train
UBFCPhys,UBFC_s1_T2_x1.6,s1_T2,Dataset/3_ROI/MEGA_AUG/aug_npz/UBFCPhys_s1_T2_UBFC_s1_T2_x1.6.npz,3953,9,0.0,112.470829,"forehead_strip,left_cheek_big,right_cheek_big",,35.13799999999772,1.000046010238773,train
UBFCPhys,UBFC_s1_T2_x1.8,s1_T2,Dataset/3_ROI/MEGA_AUG/aug_npz/UBFCPhys_s1_T2_UBFC_s1_T2_x1.8.npz,3514,9,0.0,99.977233,"forehead_strip,left_cheek_big,right_cheek_big",,35.13799999999772,1.000046010238773,train
UBFCPhys,UBFC_s1_T3,s1_T3,Dataset/3_ROI/UBFCPhys_RAW/s1_T3.npz,6325,9,0.0,179.97609425692983,"forehead_strip,left_cheek_big,right_cheek_big",,35.13799999999772,1.000046010238773,train
UBFCPhys,UBFC_s1_T3_x0.55,s1_T3,Dataset/3_ROI/MEGA_AUG/aug_npz/UBFCPhys_s1_T3_UBFC_s1_T3_x0.55.npz,11500,9,0.0,327.252547,"forehead_strip,left_cheek_big,right_cheek_big",,35.13799999999772,1.000046010238773,train
UBFCPhys,UBFC_s1_T3_x0.65,s1_T3,Dataset/3_ROI/MEGA_AUG/aug_npz/UBFCPhys_s1_T3_UBFC_s1_T3_x0.65.npz,9731,9,0.0,276.908191,"forehead_strip,left_cheek_big,right_cheek_big",,35.13799999999772,1.000046010238773,train
UBFCPhys,UBFC_s1_T3_x0.75,s1_T3,Dataset/3_ROI/MEGA_AUG/aug_npz/UBFCPhys_s1_T3_UBFC_s1_T3_x0.75.npz,8433,9,0.0,239.968126,"forehead_strip,left_cheek_big,right_cheek_big",,35.13799999999772,1.000046010238773,train
UBFCPhys,UBFC_s1_T3_x1.2,s1_T3,Dataset/3_ROI/MEGA_AUG/aug_npz/UBFCPhys_s1_T3_UBFC_s1_T3_x1.2.npz,5271,9,0.0,149.980079,"forehead_strip,left_cheek_big,right_cheek_big",,35.13799999999772,1.000046010238773,train
UBFCPhys,UBFC_s1_T3_x1.4,s1_T3,Dataset/3_ROI/MEGA_AUG/aug_npz/UBFCPhys_s1_T3_UBFC_s1_T3_x1.4.npz,4518,9,0.0,128.550287,"forehead_strip,left_cheek_big,right_cheek_big",,35.13799999999772,1.000046010238773,train
UBFCPhys,UBFC_s1_T3_x1.6,s1_T3,Dataset/3_ROI/MEGA_AUG/aug_npz/UBFCPhys_s1_T3_UBFC_s1_T3_x1.6.npz,3953,9,0.0,112.470829,"forehead_strip,left_cheek_big,right_cheek_big",,35.13799999999772,1.000046010238773,train
UBFCPhys,UBFC_s1_T3_x1.8,s1_T3,Dataset/3_ROI/MEGA_AUG/aug_npz/UBFCPhys_s1_T3_UBFC_s1_T3_x1.8.npz,3514,9,0.0,99.977233,"forehead_strip,left_cheek_big,right_cheek_big",,35.13799999999772,1.000046010238773,train
UBFCPhys,UBFC_s20_T1,s20_T1,Dataset/3_ROI/UBFCPhys_RAW/s20_T1.npz,6325,9,0.0,179.97609425692983,"forehead_strip,left_cheek_big,right_cheek_big",,35.13799999999772,1.000046010238773,val
UBFCPhys,UBFC_s20_T2,s20_T2,Dataset/3_ROI/UBFCPhys_RAW/s20_T2.npz,6325,9,0.0,179.97609425692983,"forehead_strip,left_cheek_big,right_cheek_big",,35.13799999999772,1.000046010238773,val
UBFCPhys,UBFC_s20_T3,s20_T3,Dataset/3_ROI/UBFCPhys_RAW/s20_T3.npz,6325,9,0.0,179.97609425692983,"forehead_strip,left_cheek_big,right_cheek_big",,35.13799999999772,1.000046010238773,val
UBFCPhys,UBFC_s2_T1,s2_T1,Dataset/3_ROI/UBFCPhys_RAW/s2_T1.npz,6325,9,0.0,179.97609425692983,"forehead_strip,left_cheek_big,right_cheek_big",,35.13799999999772,1.000046010238773,train
UBFCPhys,UBFC_s2_T1_x0.75,s2_T1,Dataset/3_ROI/MEGA_AUG/aug_npz/UBFCPhys_s2_T1_UBFC_s2_T1_x0.75.npz,8433,9,0.0,239.968126,"forehead_strip,left_cheek_big,right_cheek_big",,35.13799999999772,1.000046010238773,train
UBFCPhys,UBFC_s2_T1_x1.2,s2_T1,Dataset/3_ROI/MEGA_AUG/aug_npz/UBFCPhys_s2_T1_UBFC_s2_T1_x1.2.npz,5271,9,0.0,149.980079,"forehead_strip,left_cheek_big,right_cheek_big",,35.13799999999772,1.000046010238773,train
UBFCPhys,UBFC_s2_T1_x1.4,s2_T1,Dataset/3_ROI/MEGA_AUG/aug_npz/UBFCPhys_s2_T1_UBFC_s2_T1_x1.4.npz,4518,9,0.0,128.550287,"forehead_strip,left_cheek_big,right_cheek_big",,35.13799999999772,1.000046010238773,train
UBFCPhys,UBFC_s2_T1_x1.6,s2_T1,Dataset/3_ROI/MEGA_AUG/aug_npz/UBFCPhys_s2_T1_UBFC_s2_T1_x1.6.npz,3953,9,0.0,112.470829,"forehead_strip,left_cheek_big,right_cheek_big",,35.13799999999772,1.000046010238773,train
UBFCPhys,UBFC_s2_T1_x1.8,s2_T1,Dataset/3_ROI/MEGA_AUG/aug_npz/UBFCPhys_s2_T1_UBFC_s2_T1_x1.8.npz,3514,9,0.0,99.977233,"forehead_strip,left_cheek_big,right_cheek_big",,35.13799999999772,1.000046010238773,train
UBFCPhys,UBFC_s2_T2,s2_T2,Dataset/3_ROI/UBFCPhys_RAW/s2_T2.npz,6325,9,0.0,179.97609425692983,"forehead_strip,left_cheek_big,right_cheek_big",,35.13799999999772,1.000046010238773,train
UBFCPhys,UBFC_s2_T2_x0.75,s2_T2,Dataset/3_ROI/MEGA_AUG/aug_npz/UBFCPhys_s2_T2_UBFC_s2_T2_x0.75.npz,8433,9,0.0,239.968126,"forehead_strip,left_cheek_big,right_cheek_big",,35.13799999999772,1.000046010238773,train
UBFCPhys,UBFC_s2_T2_x1.2,s2_T2,Dataset/3_ROI/MEGA_AUG/aug_npz/UBFCPhys_s2_T2_UBFC_s2_T2_x1.2.npz,5271,9,0.0,149.980079,"forehead_strip,left_cheek_big,right_cheek_big",,35.13799999999772,1.000046010238773,train
UBFCPhys,UBFC_s2_T2_x1.4,s2_T2,Dataset/3_ROI/MEGA_AUG/aug_npz/UBFCPhys_s2_T2_UBFC_s2_T2_x1.4.npz,4518,9,0.0,128.550287,"forehead_strip,left_cheek_big,right_cheek_big",,35.13799999999772,1.000046010238773,train
UBFCPhys,UBFC_s2_T2_x1.6,s2_T2,Dataset/3_ROI/MEGA_AUG/aug_npz/UBFCPhys_s2_T2_UBFC_s2_T2_x1.6.npz,3953,9,0.0,112.470829,"forehead_strip,left_cheek_big,right_cheek_big",,35.13799999999772,1.000046010238773,train
UBFCPhys,UBFC_s2_T2_x1.8,s2_T2,Dataset/3_ROI/MEGA_AUG/aug_npz/UBFCPhys_s2_T2_UBFC_s2_T2_x1.8.npz,3514,9,0.0,99.977233,"forehead_strip,left_cheek_big,right_cheek_big",,35.13799999999772,1.000046010238773,train
UBFCPhys,UBFC_s2_T3,s2_T3,Dataset/3_ROI/UBFCPhys_RAW/s2_T3.npz,6325,9,0.0,179.97609425692983,"forehead_strip,left_cheek_big,right_cheek_big",,35.13799999999772,1.000046010238773,train
UBFCPhys,UBFC_s2_T3_x0.55,s2_T3,Dataset/3_ROI/MEGA_AUG/aug_npz/UBFCPhys_s2_T3_UBFC_s2_T3_x0.55.npz,11500,9,0.0,327.252547,"forehead_strip,left_cheek_big,right_cheek_big",,35.13799999999772,1.000046010238773,train
UBFCPhys,UBFC_s2_T3_x0.65,s2_T3,Dataset/3_ROI/MEGA_AUG/aug_npz/UBFCPhys_s2_T3_UBFC_s2_T3_x0.65.npz,9731,9,0.0,276.908191,"forehead_strip,left_cheek_big,right_cheek_big",,35.13799999999772,1.000046010238773,train
UBFCPhys,UBFC_s2_T3_x0.75,s2_T3,Dataset/3_ROI/MEGA_AUG/aug_npz/UBFCPhys_s2_T3_UBFC_s2_T3_x0.75.npz,8433,9,0.0,239.968126,"forehead_strip,left_cheek_big,right_cheek_big",,35.13799999999772,1.000046010238773,train
UBFCPhys,UBFC_s2_T3_x1.2,s2_T3,Dataset/3_ROI/MEGA_AUG/aug_npz/UBFCPhys_s2_T3_UBFC_s2_T3_x1.2.npz,5271,9,0.0,149.980079,"forehead_strip,left_cheek_big,right_cheek_big",,35.13799999999772,1.000046010238773,train
UBFCPhys,UBFC_s2_T3_x1.4,s2_T3,Dataset/3_ROI/MEGA_AUG/aug_npz/UBFCPhys_s2_T3_UBFC_s2_T3_x1.4.npz,4518,9,0.0,128.550287,"forehead_strip,left_cheek_big,right_cheek_big",,35.13799999999772,1.000046010238773,train
UBFCPhys,UBFC_s2_T3_x1.6,s2_T3,Dataset/3_ROI/MEGA_AUG/aug_npz/UBFCPhys_s2_T3_UBFC_s2_T3_x1.6.npz,3953,9,0.0,112.470829,"forehead_strip,left_cheek_big,right_cheek_big",,35.13799999999772,1.000046010238773,train
UBFCPhys,UBFC_s2_T3_x1.8,s2_T3,Dataset/3_ROI/MEGA_AUG/aug_npz/UBFCPhys_s2_T3_UBFC_s2_T3_x1.8.npz,3514,9,0.0,99.977233,"forehead_strip,left_cheek_big,right_cheek_big",,35.13799999999772,1.000046010238773,train
UBFCPhys,UBFC_s3_T1,s3_T1,Dataset/3_ROI/UBFCPhys_RAW/s3_T1.npz,6325,9,0.0,179.97609425692983,"forehead_strip,left_cheek_big,right_cheek_big",,35.13799999999772,1.000046010238773,train
UBFCPhys,UBFC_s3_T1_x0.55,s3_T1,Dataset/3_ROI/MEGA_AUG/aug_npz/UBFCPhys_s3_T1_UBFC_s3_T1_x0.55.npz,11500,9,0.0,327.252547,"forehead_strip,left_cheek_big,right_cheek_big",,35.13799999999772,1.000046010238773,train
UBFCPhys,UBFC_s3_T1_x0.65,s3_T1,Dataset/3_ROI/MEGA_AUG/aug_npz/UBFCPhys_s3_T1_UBFC_s3_T1_x0.65.npz,9731,9,0.0,276.908191,"forehead_strip,left_cheek_big,right_cheek_big",,35.13799999999772,1.000046010238773,train
UBFCPhys,UBFC_s3_T1_x0.75,s3_T1,Dataset/3_ROI/MEGA_AUG/aug_npz/UBFCPhys_s3_T1_UBFC_s3_T1_x0.75.npz,8433,9,0.0,239.968126,"forehead_strip,left_cheek_big,right_cheek_big",,35.13799999999772,1.000046010238773,train
UBFCPhys,UBFC_s3_T1_x1.2,s3_T1,Dataset/3_ROI/MEGA_AUG/aug_npz/UBFCPhys_s3_T1_UBFC_s3_T1_x1.2.npz,5271,9,0.0,149.980079,"forehead_strip,left_cheek_big,right_cheek_big",,35.13799999999772,1.000046010238773,train
UBFCPhys,UBFC_s3_T1_x1.4,s3_T1,Dataset/3_ROI/MEGA_AUG/aug_npz/UBFCPhys_s3_T1_UBFC_s3_T1_x1.4.npz,4518,9,0.0,128.550287,"forehead_strip,left_cheek_big,right_cheek_big",,35.13799999999772,1.000046010238773,train
UBFCPhys,UBFC_s3_T1_x1.6,s3_T1,Dataset/3_ROI/MEGA_AUG/aug_npz/UBFCPhys_s3_T1_UBFC_s3_T1_x1.6.npz,3953,9,0.0,112.470829,"forehead_strip,left_cheek_big,right_cheek_big",,35.13799999999772,1.000046010238773,train
UBFCPhys,UBFC_s3_T1_x1.8,s3_T1,Dataset/3_ROI/MEGA_AUG/aug_npz/UBFCPhys_s3_T1_UBFC_s3_T1_x1.8.npz,3514,9,0.0,99.977233,"forehead_strip,left_cheek_big,right_cheek_big",,35.13799999999772,1.000046010238773,train
UBFCPhys,UBFC_s3_T2,s3_T2,Dataset/3_ROI/UBFCPhys_RAW/s3_T2.npz,6325,9,0.0,179.97609425692983,"forehead_strip,left_cheek_big,right_cheek_big",,35.13799999999772,1.000046010238773,train
UBFCPhys,UBFC_s3_T2_x0.55,s3_T2,Dataset/3_ROI/MEGA_AUG/aug_npz/UBFCPhys_s3_T2_UBFC_s3_T2_x0.55.npz,11500,9,0.0,327.252547,"forehead_strip,left_cheek_big,right_cheek_big",,35.13799999999772,1.000046010238773,train
UBFCPhys,UBFC_s3_T2_x0.65,s3_T2,Dataset/3_ROI/MEGA_AUG/aug_npz/UBFCPhys_s3_T2_UBFC_s3_T2_x0.65.npz,9731,9,0.0,276.908191,"forehead_strip,left_cheek_big,right_cheek_big",,35.13799999999772,1.000046010238773,train
UBFCPhys,UBFC_s3_T2_x0.75,s3_T2,Dataset/3_ROI/MEGA_AUG/aug_npz/UBFCPhys_s3_T2_UBFC_s3_T2_x0.75.npz,8433,9,0.0,239.968126,"forehead_strip,left_cheek_big,right_cheek_big",,35.13799999999772,1.000046010238773,train
UBFCPhys,UBFC_s3_T2_x1.2,s3_T2,Dataset/3_ROI/MEGA_AUG/aug_npz/UBFCPhys_s3_T2_UBFC_s3_T2_x1.2.npz,5271,9,0.0,149.980079,"forehead_strip,left_cheek_big,right_cheek_big",,35.13799999999772,1.000046010238773,train
UBFCPhys,UBFC_s3_T2_x1.4,s3_T2,Dataset/3_ROI/MEGA_AUG/aug_npz/UBFCPhys_s3_T2_UBFC_s3_T2_x1.4.npz,4518,9,0.0,128.550287,"forehead_strip,left_cheek_big,right_cheek_big",,35.13799999999772,1.000046010238773,train
UBFCPhys,UBFC_s3_T2_x1.6,s3_T2,Dataset/3_ROI/MEGA_AUG/aug_npz/UBFCPhys_s3_T2_UBFC_s3_T2_x1.6.npz,3953,9,0.0,112.470829,"forehead_strip,left_cheek_big,right_cheek_big",,35.13799999999772,1.000046010238773,train
UBFCPhys,UBFC_s3_T2_x1.8,s3_T2,Dataset/3_ROI/MEGA_AUG/aug_npz/UBFCPhys_s3_T2_UBFC_s3_T2_x1.8.npz,3514,9,0.0,99.977233,"forehead_strip,left_cheek_big,right_cheek_big",,35.13799999999772,1.000046010238773,train
UBFCPhys,UBFC_s3_T3,s3_T3,Dataset/3_ROI/UBFCPhys_RAW/s3_T3.npz,6325,9,0.0,179.97609425692983,"forehead_strip,left_cheek_big,right_cheek_big",,35.13799999999772,1.000046010238773,train
UBFCPhys,UBFC_s3_T3_x0.55,s3_T3,Dataset/3_ROI/MEGA_AUG/aug_npz/UBFCPhys_s3_T3_UBFC_s3_T3_x0.55.npz,11500,9,0.0,327.252547,"forehead_strip,left_cheek_big,right_cheek_big",,35.13799999999772,1.000046010238773,train
UBFCPhys,UBFC_s3_T3_x0.65,s3_T3,Dataset/3_ROI/MEGA_AUG/aug_npz/UBFCPhys_s3_T3_UBFC_s3_T3_x0.65.npz,9731,9,0.0,276.908191,"forehead_strip,left_cheek_big,right_cheek_big",,35.13799999999772,1.000046010238773,train
UBFCPhys,UBFC_s3_T3_x0.75,s3_T3,Dataset/3_ROI/MEGA_AUG/aug_npz/UBFCPhys_s3_T3_UBFC_s3_T3_x0.75.npz,8433,9,0.0,239.968126,"forehead_strip,left_cheek_big,right_cheek_big",,35.13799999999772,1.000046010238773,train
UBFCPhys,UBFC_s3_T3_x1.2,s3_T3,Dataset/3_ROI/MEGA_AUG/aug_npz/UBFCPhys_s3_T3_UBFC_s3_T3_x1.2.npz,5271,9,0.0,149.980079,"forehead_strip,left_cheek_big,right_cheek_big",,35.13799999999772,1.000046010238773,train
UBFCPhys,UBFC_s3_T3_x1.4,s3_T3,Dataset/3_ROI/MEGA_AUG/aug_npz/UBFCPhys_s3_T3_UBFC_s3_T3_x1.4.npz,4518,9,0.0,128.550287,"forehead_strip,left_cheek_big,right_cheek_big",,35.13799999999772,1.000046010238773,train
UBFCPhys,UBFC_s3_T3_x1.6,s3_T3,Dataset/3_ROI/MEGA_AUG/aug_npz/UBFCPhys_s3_T3_UBFC_s3_T3_x1.6.npz,3953,9,0.0,112.470829,"forehead_strip,left_cheek_big,right_cheek_big",,35.13799999999772,1.000046010238773,train
UBFCPhys,UBFC_s4_T1,s4_T1,Dataset/3_ROI/UBFCPhys_RAW/s4_T1.npz,6325,9,0.0,179.97609425692983,"forehead_strip,left_cheek_big,right_cheek_big",,35.13799999999772,1.000046010238773,train
UBFCPhys,UBFC_s4_T1_x0.55,s4_T1,Dataset/3_ROI/MEGA_AUG/aug_npz/UBFCPhys_s4_T1_UBFC_s4_T1_x0.55.npz,11500,9,0.0,327.252547,"forehead_strip,left_cheek_big,right_cheek_big",,35.13799999999772,1.000046010238773,train
UBFCPhys,UBFC_s4_T1_x0.65,s4_T1,Dataset/3_ROI/MEGA_AUG/aug_npz/UBFCPhys_s4_T1_UBFC_s4_T1_x0.65.npz,9731,9,0.0,276.908191,"forehead_strip,left_cheek_big,right_cheek_big",,35.13799999999772,1.000046010238773,train
UBFCPhys,UBFC_s4_T1_x0.75,s4_T1,Dataset/3_ROI/MEGA_AUG/aug_npz/UBFCPhys_s4_T1_UBFC_s4_T1_x0.75.npz,8433,9,0.0,239.968126,"forehead_strip,left_cheek_big,right_cheek_big",,35.13799999999772,1.000046010238773,train
UBFCPhys,UBFC_s4_T1_x1.2,s4_T1,Dataset/3_ROI/MEGA_AUG/aug_npz/UBFCPhys_s4_T1_UBFC_s4_T1_x1.2.npz,5271,9,0.0,149.980079,"forehead_strip,left_cheek_big,right_cheek_big",,35.13799999999772,1.000046010238773,train
UBFCPhys,UBFC_s4_T1_x1.4,s4_T1,Dataset/3_ROI/MEGA_AUG/aug_npz/UBFCPhys_s4_T1_UBFC_s4_T1_x1.4.npz,4518,9,0.0,128.550287,"forehead_strip,left_cheek_big,right_cheek_big",,35.13799999999772,1.000046010238773,train
UBFCPhys,UBFC_s4_T1_x1.6,s4_T1,Dataset/3_ROI/MEGA_AUG/aug_npz/UBFCPhys_s4_T1_UBFC_s4_T1_x1.6.npz,3953,9,0.0,112.470829,"forehead_strip,left_cheek_big,right_cheek_big",,35.13799999999772,1.000046010238773,train
UBFCPhys,UBFC_s4_T1_x1.8,s4_T1,Dataset/3_ROI/MEGA_AUG/aug_npz/UBFCPhys_s4_T1_UBFC_s4_T1_x1.8.npz,3514,9,0.0,99.977233,"forehead_strip,left_cheek_big,right_cheek_big",,35.13799999999772,1.000046010238773,train
UBFCPhys,UBFC_s4_T2,s4_T2,Dataset/3_ROI/UBFCPhys_RAW/s4_T2.npz,6325,9,0.0,179.97609425692983,"forehead_strip,left_cheek_big,right_cheek_big",,35.13799999999772,1.000046010238773,train
UBFCPhys,UBFC_s4_T2_x0.75,s4_T2,Dataset/3_ROI/MEGA_AUG/aug_npz/UBFCPhys_s4_T2_UBFC_s4_T2_x0.75.npz,8433,9,0.0,239.968126,"forehead_strip,left_cheek_big,right_cheek_big",,35.13799999999772,1.000046010238773,train
UBFCPhys,UBFC_s4_T2_x1.2,s4_T2,Dataset/3_ROI/MEGA_AUG/aug_npz/UBFCPhys_s4_T2_UBFC_s4_T2_x1.2.npz,5271,9,0.0,149.980079,"forehead_strip,left_cheek_big,right_cheek_big",,35.13799999999772,1.000046010238773,train
UBFCPhys,UBFC_s4_T2_x1.4,s4_T2,Dataset/3_ROI/MEGA_AUG/aug_npz/UBFCPhys_s4_T2_UBFC_s4_T2_x1.4.npz,4518,9,0.0,128.550287,"forehead_strip,left_cheek_big,right_cheek_big",,35.13799999999772,1.000046010238773,train
UBFCPhys,UBFC_s4_T2_x1.6,s4_T2,Dataset/3_ROI/MEGA_AUG/aug_npz/UBFCPhys_s4_T2_UBFC_s4_T2_x1.6.npz,3953,9,0.0,112.470829,"forehead_strip,left_cheek_big,right_cheek_big",,35.13799999999772,1.000046010238773,train
UBFCPhys,UBFC_s4_T2_x1.8,s4_T2,Dataset/3_ROI/MEGA_AUG/aug_npz/UBFCPhys_s4_T2_UBFC_s4_T2_x1.8.npz,3514,9,0.0,99.977233,"forehead_strip,left_cheek_big,right_cheek_big",,35.13799999999772,1.000046010238773,train
UBFCPhys,UBFC_s4_T3,s4_T3,Dataset/3_ROI/UBFCPhys_RAW/s4_T3.npz,6325,9,0.0,179.97609425692983,"forehead_strip,left_cheek_big,right_cheek_big",,35.13799999999772,1.000046010238773,train
UBFCPhys,UBFC_s4_T3_x0.55,s4_T3,Dataset/3_ROI/MEGA_AUG/aug_npz/UBFCPhys_s4_T3_UBFC_s4_T3_x0.55.npz,11500,9,0.0,327.252547,"forehead_strip,left_cheek_big,right_cheek_big",,35.13799999999772,1.000046010238773,train
UBFCPhys,UBFC_s4_T3_x0.65,s4_T3,Dataset/3_ROI/MEGA_AUG/aug_npz/UBFCPhys_s4_T3_UBFC_s4_T3_x0.65.npz,9731,9,0.0,276.908191,"forehead_strip,left_cheek_big,right_cheek_big",,35.13799999999772,1.000046010238773,train
UBFCPhys,UBFC_s4_T3_x0.75,s4_T3,Dataset/3_ROI/MEGA_AUG/aug_npz/UBFCPhys_s4_T3_UBFC_s4_T3_x0.75.npz,8433,9,0.0,239.968126,"forehead_strip,left_cheek_big,right_cheek_big",,35.13799999999772,1.000046010238773,train
UBFCPhys,UBFC_s4_T3_x1.2,s4_T3,Dataset/3_ROI/MEGA_AUG/aug_npz/UBFCPhys_s4_T3_UBFC_s4_T3_x1.2.npz,5271,9,0.0,149.980079,"forehead_strip,left_cheek_big,right_cheek_big",,35.13799999999772,1.000046010238773,train
UBFCPhys,UBFC_s4_T3_x1.4,s4_T3,Dataset/3_ROI/MEGA_AUG/aug_npz/UBFCPhys_s4_T3_UBFC_s4_T3_x1.4.npz,4518,9,0.0,128.550287,"forehead_strip,left_cheek_big,right_cheek_big",,35.13799999999772,1.000046010238773,train
UBFCPhys,UBFC_s4_T3_x1.6,s4_T3,Dataset/3_ROI/MEGA_AUG/aug_npz/UBFCPhys_s4_T3_UBFC_s4_T3_x1.6.npz,3953,9,0.0,112.470829,"forehead_strip,left_cheek_big,right_cheek_big",,35.13799999999772,1.000046010238773,train
UBFCPhys,UBFC_s4_T3_x1.8,s4_T3,Dataset/3_ROI/MEGA_AUG/aug_npz/UBFCPhys_s4_T3_UBFC_s4_T3_x1.8.npz,3514,9,0.0,99.977233,"forehead_strip,left_cheek_big,right_cheek_big",,35.13799999999772,1.000046010238773,train
UBFCPhys,UBFC_s5_T1,s5_T1,Dataset/3_ROI/UBFCPhys_RAW/s5_T1.npz,6325,9,0.0,179.97609425692983,"forehead_strip,left_cheek_big,right_cheek_big",,35.13799999999772,1.000046010238773,train
UBFCPhys,UBFC_s5_T1_x0.55,s5_T1,Dataset/3_ROI/MEGA_AUG/aug_npz/UBFCPhys_s5_T1_UBFC_s5_T1_x0.55.npz,11500,9,0.0,327.252547,"forehead_strip,left_cheek_big,right_cheek_big",,35.13799999999772,1.000046010238773,train
UBFCPhys,UBFC_s5_T1_x0.65,s5_T1,Dataset/3_ROI/MEGA_AUG/aug_npz/UBFCPhys_s5_T1_UBFC_s5_T1_x0.65.npz,9731,9,0.0,276.908191,"forehead_strip,left_cheek_big,right_cheek_big",,35.13799999999772,1.000046010238773,train
UBFCPhys,UBFC_s5_T1_x0.75,s5_T1,Dataset/3_ROI/MEGA_AUG/aug_npz/UBFCPhys_s5_T1_UBFC_s5_T1_x0.75.npz,8433,9,0.0,239.968126,"forehead_strip,left_cheek_big,right_cheek_big",,35.13799999999772,1.000046010238773,train
UBFCPhys,UBFC_s5_T1_x1.2,s5_T1,Dataset/3_ROI/MEGA_AUG/aug_npz/UBFCPhys_s5_T1_UBFC_s5_T1_x1.2.npz,5271,9,0.0,149.980079,"forehead_strip,left_cheek_big,right_cheek_big",,35.13799999999772,1.000046010238773,train
UBFCPhys,UBFC_s5_T1_x1.4,s5_T1,Dataset/3_ROI/MEGA_AUG/aug_npz/UBFCPhys_s5_T1_UBFC_s5_T1_x1.4.npz,4518,9,0.0,128.550287,"forehead_strip,left_cheek_big,right_cheek_big",,35.13799999999772,1.000046010238773,train
UBFCPhys,UBFC_s5_T1_x1.6,s5_T1,Dataset/3_ROI/MEGA_AUG/aug_npz/UBFCPhys_s5_T1_UBFC_s5_T1_x1.6.npz,3953,9,0.0,112.470829,"forehead_strip,left_cheek_big,right_cheek_big",,35.13799999999772,1.000046010238773,train
UBFCPhys,UBFC_s5_T1_x1.8,s5_T1,Dataset/3_ROI/MEGA_AUG/aug_npz/UBFCPhys_s5_T1_UBFC_s5_T1_x1.8.npz,3514,9,0.0,99.977233,"forehead_strip,left_cheek_big,right_cheek_big",,35.13799999999772,1.000046010238773,train
UBFCPhys,UBFC_s5_T2,s5_T2,Dataset/3_ROI/UBFCPhys_RAW/s5_T2.npz,6325,9,0.0,179.97609425692983,"forehead_strip,left_cheek_big,right_cheek_big",,35.13799999999772,1.000046010238773,train
UBFCPhys,UBFC_s5_T2_x0.55,s5_T2,Dataset/3_ROI/MEGA_AUG/aug_npz/UBFCPhys_s5_T2_UBFC_s5_T2_x0.55.npz,11500,9,0.0,327.252547,"forehead_strip,left_cheek_big,right_cheek_big",,35.13799999999772,1.000046010238773,train
UBFCPhys,UBFC_s5_T2_x0.65,s5_T2,Dataset/3_ROI/MEGA_AUG/aug_npz/UBFCPhys_s5_T2_UBFC_s5_T2_x0.65.npz,9731,9,0.0,276.908191,"forehead_strip,left_cheek_big,right_cheek_big",,35.13799999999772,1.000046010238773,train
UBFCPhys,UBFC_s5_T2_x0.75,s5_T2,Dataset/3_ROI/MEGA_AUG/aug_npz/UBFCPhys_s5_T2_UBFC_s5_T2_x0.75.npz,8433,9,0.0,239.968126,"forehead_strip,left_cheek_big,right_cheek_big",,35.13799999999772,1.000046010238773,train
UBFCPhys,UBFC_s5_T2_x1.2,s5_T2,Dataset/3_ROI/MEGA_AUG/aug_npz/UBFCPhys_s5_T2_UBFC_s5_T2_x1.2.npz,5271,9,0.0,149.980079,"forehead_strip,left_cheek_big,right_cheek_big",,35.13799999999772,1.000046010238773,train
UBFCPhys,UBFC_s5_T2_x1.4,s5_T2,Dataset/3_ROI/MEGA_AUG/aug_npz/UBFCPhys_s5_T2_UBFC_s5_T2_x1.4.npz,4518,9,0.0,128.550287,"forehead_strip,left_cheek_big,right_cheek_big",,35.13799999999772,1.000046010238773,train
UBFCPhys,UBFC_s5_T2_x1.6,s5_T2,Dataset/3_ROI/MEGA_AUG/aug_npz/UBFCPhys_s5_T2_UBFC_s5_T2_x1.6.npz,3953,9,0.0,112.470829,"forehead_strip,left_cheek_big,right_cheek_big",,35.13799999999772,1.000046010238773,train
UBFCPhys,UBFC_s5_T2_x1.8,s5_T2,Dataset/3_ROI/MEGA_AUG/aug_npz/UBFCPhys_s5_T2_UBFC_s5_T2_x1.8.npz,3514,9,0.0,99.977233,"forehead_strip,left_cheek_big,right_cheek_big",,35.13799999999772,1.000046010238773,train
UBFCPhys,UBFC_s5_T3,s5_T3,Dataset/3_ROI/UBFCPhys_RAW/s5_T3.npz,6325,9,0.0,179.97609425692983,"forehead_strip,left_cheek_big,right_cheek_big",,35.13799999999772,1.000046010238773,train
UBFCPhys,UBFC_s5_T3_x0.55,s5_T3,Dataset/3_ROI/MEGA_AUG/aug_npz/UBFCPhys_s5_T3_UBFC_s5_T3_x0.55.npz,11500,9,0.0,327.252547,"forehead_strip,left_cheek_big,right_cheek_big",,35.13799999999772,1.000046010238773,train
UBFCPhys,UBFC_s5_T3_x0.65,s5_T3,Dataset/3_ROI/MEGA_AUG/aug_npz/UBFCPhys_s5_T3_UBFC_s5_T3_x0.65.npz,9731,9,0.0,276.908191,"forehead_strip,left_cheek_big,right_cheek_big",,35.13799999999772,1.000046010238773,train
UBFCPhys,UBFC_s5_T3_x0.75,s5_T3,Dataset/3_ROI/MEGA_AUG/aug_npz/UBFCPhys_s5_T3_UBFC_s5_T3_x0.75.npz,8433,9,0.0,239.968126,"forehead_strip,left_cheek_big,right_cheek_big",,35.13799999999772,1.000046010238773,train
UBFCPhys,UBFC_s5_T3_x1.2,s5_T3,Dataset/3_ROI/MEGA_AUG/aug_npz/UBFCPhys_s5_T3_UBFC_s5_T3_x1.2.npz,5271,9,0.0,149.980079,"forehead_strip,left_cheek_big,right_cheek_big",,35.13799999999772,1.000046010238773,train
UBFCPhys,UBFC_s5_T3_x1.4,s5_T3,Dataset/3_ROI/MEGA_AUG/aug_npz/UBFCPhys_s5_T3_UBFC_s5_T3_x1.4.npz,4518,9,0.0,128.550287,"forehead_strip,left_cheek_big,right_cheek_big",,35.13799999999772,1.000046010238773,train
UBFCPhys,UBFC_s5_T3_x1.6,s5_T3,Dataset/3_ROI/MEGA_AUG/aug_npz/UBFCPhys_s5_T3_UBFC_s5_T3_x1.6.npz,3953,9,0.0,112.470829,"forehead_strip,left_cheek_big,right_cheek_big",,35.13799999999772,1.000046010238773,train
UBFCPhys,UBFC_s5_T3_x1.8,s5_T3,Dataset/3_ROI/MEGA_AUG/aug_npz/UBFCPhys_s5_T3_UBFC_s5_T3_x1.8.npz,3514,9,0.0,99.977233,"forehead_strip,left_cheek_big,right_cheek_big",,35.13799999999772,1.000046010238773,train
UBFCPhys,UBFC_s6_T1,s6_T1,Dataset/3_ROI/UBFCPhys_RAW/s6_T1.npz,6325,9,0.0,179.97609425692983,"forehead_strip,left_cheek_big,right_cheek_big",,35.13799999999772,1.000046010238773,train
UBFCPhys,UBFC_s6_T1_x0.55,s6_T1,Dataset/3_ROI/MEGA_AUG/aug_npz/UBFCPhys_s6_T1_UBFC_s6_T1_x0.55.npz,11500,9,0.0,327.252547,"forehead_strip,left_cheek_big,right_cheek_big",,35.13799999999772,1.000046010238773,train
UBFCPhys,UBFC_s6_T1_x0.65,s6_T1,Dataset/3_ROI/MEGA_AUG/aug_npz/UBFCPhys_s6_T1_UBFC_s6_T1_x0.65.npz,9731,9,0.0,276.908191,"forehead_strip,left_cheek_big,right_cheek_big",,35.13799999999772,1.000046010238773,train
UBFCPhys,UBFC_s6_T1_x0.75,s6_T1,Dataset/3_ROI/MEGA_AUG/aug_npz/UBFCPhys_s6_T1_UBFC_s6_T1_x0.75.npz,8433,9,0.0,239.968126,"forehead_strip,left_cheek_big,right_cheek_big",,35.13799999999772,1.000046010238773,train
UBFCPhys,UBFC_s6_T1_x1.2,s6_T1,Dataset/3_ROI/MEGA_AUG/aug_npz/UBFCPhys_s6_T1_UBFC_s6_T1_x1.2.npz,5271,9,0.0,149.980079,"forehead_strip,left_cheek_big,right_cheek_big",,35.13799999999772,1.000046010238773,train
UBFCPhys,UBFC_s6_T1_x1.4,s6_T1,Dataset/3_ROI/MEGA_AUG/aug_npz/UBFCPhys_s6_T1_UBFC_s6_T1_x1.4.npz,4518,9,0.0,128.550287,"forehead_strip,left_cheek_big,right_cheek_big",,35.13799999999772,1.000046010238773,train
UBFCPhys,UBFC_s6_T1_x1.6,s6_T1,Dataset/3_ROI/MEGA_AUG/aug_npz/UBFCPhys_s6_T1_UBFC_s6_T1_x1.6.npz,3953,9,0.0,112.470829,"forehead_strip,left_cheek_big,right_cheek_big",,35.13799999999772,1.000046010238773,train
UBFCPhys,UBFC_s6_T1_x1.8,s6_T1,Dataset/3_ROI/MEGA_AUG/aug_npz/UBFCPhys_s6_T1_UBFC_s6_T1_x1.8.npz,3514,9,0.0,99.977233,"forehead_strip,left_cheek_big,right_cheek_big",,35.13799999999772,1.000046010238773,train
UBFCPhys,UBFC_s6_T2,s6_T2,Dataset/3_ROI/UBFCPhys_RAW/s6_T2.npz,6325,9,0.0,179.97609425692983,"forehead_strip,left_cheek_big,right_cheek_big",,35.13799999999772,1.000046010238773,train
UBFCPhys,UBFC_s6_T2_x0.75,s6_T2,Dataset/3_ROI/MEGA_AUG/aug_npz/UBFCPhys_s6_T2_UBFC_s6_T2_x0.75.npz,8433,9,0.0,239.968126,"forehead_strip,left_cheek_big,right_cheek_big",,35.13799999999772,1.000046010238773,train
UBFCPhys,UBFC_s6_T2_x1.2,s6_T2,Dataset/3_ROI/MEGA_AUG/aug_npz/UBFCPhys_s6_T2_UBFC_s6_T2_x1.2.npz,5271,9,0.0,149.980079,"forehead_strip,left_cheek_big,right_cheek_big",,35.13799999999772,1.000046010238773,train
UBFCPhys,UBFC_s6_T2_x1.4,s6_T2,Dataset/3_ROI/MEGA_AUG/aug_npz/UBFCPhys_s6_T2_UBFC_s6_T2_x1.4.npz,4518,9,0.0,128.550287,"forehead_strip,left_cheek_big,right_cheek_big",,35.13799999999772,1.000046010238773,train
UBFCPhys,UBFC_s6_T2_x1.6,s6_T2,Dataset/3_ROI/MEGA_AUG/aug_npz/UBFCPhys_s6_T2_UBFC_s6_T2_x1.6.npz,3953,9,0.0,112.470829,"forehead_strip,left_cheek_big,right_cheek_big",,35.13799999999772,1.000046010238773,train
UBFCPhys,UBFC_s6_T2_x1.8,s6_T2,Dataset/3_ROI/MEGA_AUG/aug_npz/UBFCPhys_s6_T2_UBFC_s6_T2_x1.8.npz,3514,9,0.0,99.977233,"forehead_strip,left_cheek_big,right_cheek_big",,35.13799999999772,1.000046010238773,train
UBFCPhys,UBFC_s6_T3,s6_T3,Dataset/3_ROI/UBFCPhys_RAW/s6_T3.npz,6325,9,0.0,179.97609425692983,"forehead_strip,left_cheek_big,right_cheek_big",,35.13799999999772,1.000046010238773,train
UBFCPhys,UBFC_s6_T3_x0.55,s6_T3,Dataset/3_ROI/MEGA_AUG/aug_npz/UBFCPhys_s6_T3_UBFC_s6_T3_x0.55.npz,11500,9,0.0,327.252547,"forehead_strip,left_cheek_big,right_cheek_big",,35.13799999999772,1.000046010238773,train
UBFCPhys,UBFC_s6_T3_x0.65,s6_T3,Dataset/3_ROI/MEGA_AUG/aug_npz/UBFCPhys_s6_T3_UBFC_s6_T3_x0.65.npz,9731,9,0.0,276.908191,"forehead_strip,left_cheek_big,right_cheek_big",,35.13799999999772,1.000046010238773,train
UBFCPhys,UBFC_s6_T3_x0.75,s6_T3,Dataset/3_ROI/MEGA_AUG/aug_npz/UBFCPhys_s6_T3_UBFC_s6_T3_x0.75.npz,8433,9,0.0,239.968126,"forehead_strip,left_cheek_big,right_cheek_big",,35.13799999999772,1.000046010238773,train
UBFCPhys,UBFC_s6_T3_x1.2,s6_T3,Dataset/3_ROI/MEGA_AUG/aug_npz/UBFCPhys_s6_T3_UBFC_s6_T3_x1.2.npz,5271,9,0.0,149.980079,"forehead_strip,left_cheek_big,right_cheek_big",,35.13799999999772,1.000046010238773,train
UBFCPhys,UBFC_s6_T3_x1.4,s6_T3,Dataset/3_ROI/MEGA_AUG/aug_npz/UBFCPhys_s6_T3_UBFC_s6_T3_x1.4.npz,4518,9,0.0,128.550287,"forehead_strip,left_cheek_big,right_cheek_big",,35.13799999999772,1.000046010238773,train
UBFCPhys,UBFC_s6_T3_x1.6,s6_T3,Dataset/3_ROI/MEGA_AUG/aug_npz/UBFCPhys_s6_T3_UBFC_s6_T3_x1.6.npz,3953,9,0.0,112.470829,"forehead_strip,left_cheek_big,right_cheek_big",,35.13799999999772,1.000046010238773,train
UBFCPhys,UBFC_s7_T1,s7_T1,Dataset/3_ROI/UBFCPhys_RAW/s7_T1.npz,6325,9,0.0,179.97609425692983,"forehead_strip,left_cheek_big,right_cheek_big",,35.13799999999772,1.000046010238773,train
UBFCPhys,UBFC_s7_T1_x0.65,s7_T1,Dataset/3_ROI/MEGA_AUG/aug_npz/UBFCPhys_s7_T1_UBFC_s7_T1_x0.65.npz,9731,9,0.0,276.908191,"forehead_strip,left_cheek_big,right_cheek_big",,35.13799999999772,1.000046010238773,train
UBFCPhys,UBFC_s7_T1_x0.75,s7_T1,Dataset/3_ROI/MEGA_AUG/aug_npz/UBFCPhys_s7_T1_UBFC_s7_T1_x0.75.npz,8433,9,0.0,239.968126,"forehead_strip,left_cheek_big,right_cheek_big",,35.13799999999772,1.000046010238773,train
UBFCPhys,UBFC_s7_T1_x1.2,s7_T1,Dataset/3_ROI/MEGA_AUG/aug_npz/UBFCPhys_s7_T1_UBFC_s7_T1_x1.2.npz,5271,9,0.0,149.980079,"forehead_strip,left_cheek_big,right_cheek_big",,35.13799999999772,1.000046010238773,train
UBFCPhys,UBFC_s7_T1_x1.4,s7_T1,Dataset/3_ROI/MEGA_AUG/aug_npz/UBFCPhys_s7_T1_UBFC_s7_T1_x1.4.npz,4518,9,0.0,128.550287,"forehead_strip,left_cheek_big,right_cheek_big",,35.13799999999772,1.000046010238773,train
UBFCPhys,UBFC_s7_T1_x1.6,s7_T1,Dataset/3_ROI/MEGA_AUG/aug_npz/UBFCPhys_s7_T1_UBFC_s7_T1_x1.6.npz,3953,9,0.0,112.470829,"forehead_strip,left_cheek_big,right_cheek_big",,35.13799999999772,1.000046010238773,train
UBFCPhys,UBFC_s7_T1_x1.8,s7_T1,Dataset/3_ROI/MEGA_AUG/aug_npz/UBFCPhys_s7_T1_UBFC_s7_T1_x1.8.npz,3514,9,0.0,99.977233,"forehead_strip,left_cheek_big,right_cheek_big",,35.13799999999772,1.000046010238773,train
UBFCPhys,UBFC_s7_T2,s7_T2,Dataset/3_ROI/UBFCPhys_RAW/s7_T2.npz,6325,9,0.0,179.97609425692983,"forehead_strip,left_cheek_big,right_cheek_big",,35.13799999999772,1.000046010238773,train
UBFCPhys,UBFC_s7_T2_x0.65,s7_T2,Dataset/3_ROI/MEGA_AUG/aug_npz/UBFCPhys_s7_T2_UBFC_s7_T2_x0.65.npz,9731,9,0.0,276.908191,"forehead_strip,left_cheek_big,right_cheek_big",,35.13799999999772,1.000046010238773,train
UBFCPhys,UBFC_s7_T2_x0.75,s7_T2,Dataset/3_ROI/MEGA_AUG/aug_npz/UBFCPhys_s7_T2_UBFC_s7_T2_x0.75.npz,8433,9,0.0,239.968126,"forehead_strip,left_cheek_big,right_cheek_big",,35.13799999999772,1.000046010238773,train
UBFCPhys,UBFC_s7_T2_x1.2,s7_T2,Dataset/3_ROI/MEGA_AUG/aug_npz/UBFCPhys_s7_T2_UBFC_s7_T2_x1.2.npz,5271,9,0.0,149.980079,"forehead_strip,left_cheek_big,right_cheek_big",,35.13799999999772,1.000046010238773,train
UBFCPhys,UBFC_s7_T2_x1.4,s7_T2,Dataset/3_ROI/MEGA_AUG/aug_npz/UBFCPhys_s7_T2_UBFC_s7_T2_x1.4.npz,4518,9,0.0,128.550287,"forehead_strip,left_cheek_big,right_cheek_big",,35.13799999999772,1.000046010238773,train
UBFCPhys,UBFC_s7_T2_x1.6,s7_T2,Dataset/3_ROI/MEGA_AUG/aug_npz/UBFCPhys_s7_T2_UBFC_s7_T2_x1.6.npz,3953,9,0.0,112.470829,"forehead_strip,left_cheek_big,right_cheek_big",,35.13799999999772,1.000046010238773,train
UBFCPhys,UBFC_s7_T2_x1.8,s7_T2,Dataset/3_ROI/MEGA_AUG/aug_npz/UBFCPhys_s7_T2_UBFC_s7_T2_x1.8.npz,3514,9,0.0,99.977233,"forehead_strip,left_cheek_big,right_cheek_big",,35.13799999999772,1.000046010238773,train
UBFCPhys,UBFC_s7_T3,s7_T3,Dataset/3_ROI/UBFCPhys_RAW/s7_T3.npz,6325,9,0.0,179.97609425692983,"forehead_strip,left_cheek_big,right_cheek_big",,35.13799999999772,1.000046010238773,train
UBFCPhys,UBFC_s7_T3_x0.65,s7_T3,Dataset/3_ROI/MEGA_AUG/aug_npz/UBFCPhys_s7_T3_UBFC_s7_T3_x0.65.npz,9731,9,0.0,276.908191,"forehead_strip,left_cheek_big,right_cheek_big",,35.13799999999772,1.000046010238773,train
UBFCPhys,UBFC_s7_T3_x0.75,s7_T3,Dataset/3_ROI/MEGA_AUG/aug_npz/UBFCPhys_s7_T3_UBFC_s7_T3_x0.75.npz,8433,9,0.0,239.968126,"forehead_strip,left_cheek_big,right_cheek_big",,35.13799999999772,1.000046010238773,train
UBFCPhys,UBFC_s7_T3_x1.2,s7_T3,Dataset/3_ROI/MEGA_AUG/aug_npz/UBFCPhys_s7_T3_UBFC_s7_T3_x1.2.npz,5271,9,0.0,149.980079,"forehead_strip,left_cheek_big,right_cheek_big",,35.13799999999772,1.000046010238773,train
UBFCPhys,UBFC_s7_T3_x1.4,s7_T3,Dataset/3_ROI/MEGA_AUG/aug_npz/UBFCPhys_s7_T3_UBFC_s7_T3_x1.4.npz,4518,9,0.0,128.550287,"forehead_strip,left_cheek_big,right_cheek_big",,35.13799999999772,1.000046010238773,train
UBFCPhys,UBFC_s7_T3_x1.6,s7_T3,Dataset/3_ROI/MEGA_AUG/aug_npz/UBFCPhys_s7_T3_UBFC_s7_T3_x1.6.npz,3953,9,0.0,112.470829,"forehead_strip,left_cheek_big,right_cheek_big",,35.13799999999772,1.000046010238773,train
UBFCPhys,UBFC_s7_T3_x1.8,s7_T3,Dataset/3_ROI/MEGA_AUG/aug_npz/UBFCPhys_s7_T3_UBFC_s7_T3_x1.8.npz,3514,9,0.0,99.977233,"forehead_strip,left_cheek_big,right_cheek_big",,35.13799999999772,1.000046010238773,train
UBFCPhys,UBFC_s8_T1,s8_T1,Dataset/3_ROI/UBFCPhys_RAW/s8_T1.npz,6324,9,0.0,179.94763503898915,"forehead_strip,left_cheek_big,right_cheek_big",,35.13799999999772,1.000204170291001,train
UBFCPhys,UBFC_s8_T1_x0.55,s8_T1,Dataset/3_ROI/MEGA_AUG/aug_npz/UBFCPhys_s8_T1_UBFC_s8_T1_x0.55.npz,11498,9,0.0,327.195629,"forehead_strip,left_cheek_big,right_cheek_big",,35.13799999999772,1.000204170291001,train
UBFCPhys,UBFC_s8_T1_x0.65,s8_T1,Dataset/3_ROI/MEGA_AUG/aug_npz/UBFCPhys_s8_T1_UBFC_s8_T1_x0.65.npz,9729,9,0.0,276.851272,"forehead_strip,left_cheek_big,right_cheek_big",,35.13799999999772,1.000204170291001,train
UBFCPhys,UBFC_s8_T1_x0.75,s8_T1,Dataset/3_ROI/MEGA_AUG/aug_npz/UBFCPhys_s8_T1_UBFC_s8_T1_x0.75.npz,8432,9,0.0,239.939666,"forehead_strip,left_cheek_big,right_cheek_big",,35.13799999999772,1.000204170291001,train
UBFCPhys,UBFC_s8_T1_x1.2,s8_T1,Dataset/3_ROI/MEGA_AUG/aug_npz/UBFCPhys_s8_T1_UBFC_s8_T1_x1.2.npz,5270,9,0.0,149.951619,"forehead_strip,left_cheek_big,right_cheek_big",,35.13799999999772,1.000204170291001,train
UBFCPhys,UBFC_s8_T1_x1.4,s8_T1,Dataset/3_ROI/MEGA_AUG/aug_npz/UBFCPhys_s8_T1_UBFC_s8_T1_x1.4.npz,4517,9,0.0,128.521828,"forehead_strip,left_cheek_big,right_cheek_big",,35.13799999999772,1.000204170291001,train
UBFCPhys,UBFC_s8_T1_x1.6,s8_T1,Dataset/3_ROI/MEGA_AUG/aug_npz/UBFCPhys_s8_T1_UBFC_s8_T1_x1.6.npz,3952,9,0.0,112.442370,"forehead_strip,left_cheek_big,right_cheek_big",,35.13799999999772,1.000204170291001,train
UBFCPhys,UBFC_s8_T1_x1.8,s8_T1,Dataset/3_ROI/MEGA_AUG/aug_npz/UBFCPhys_s8_T1_UBFC_s8_T1_x1.8.npz,3513,9,0.0,99.948773,"forehead_strip,left_cheek_big,right_cheek_big",,35.13799999999772,1.000204170291001,train
UBFCPhys,UBFC_s8_T2,s8_T2,Dataset/3_ROI/UBFCPhys_RAW/s8_T2.npz,6325,9,0.0,179.97609425692983,"forehead_strip,left_cheek_big,right_cheek_big",,35.13799999999772,1.000046010238773,train
UBFCPhys,UBFC_s8_T2_x0.55,s8_T2,Dataset/3_ROI/MEGA_AUG/aug_npz/UBFCPhys_s8_T2_UBFC_s8_T2_x0.55.npz,11500,9,0.0,327.252547,"forehead_strip,left_cheek_big,right_cheek_big",,35.13799999999772,1.000046010238773,train
UBFCPhys,UBFC_s8_T2_x0.65,s8_T2,Dataset/3_ROI/MEGA_AUG/aug_npz/UBFCPhys_s8_T2_UBFC_s8_T2_x0.65.npz,9731,9,0.0,276.908191,"forehead_strip,left_cheek_big,right_cheek_big",,35.13799999999772,1.000046010238773,train
UBFCPhys,UBFC_s8_T2_x0.75,s8_T2,Dataset/3_ROI/MEGA_AUG/aug_npz/UBFCPhys_s8_T2_UBFC_s8_T2_x0.75.npz,8433,9,0.0,239.968126,"forehead_strip,left_cheek_big,right_cheek_big",,35.13799999999772,1.000046010238773,train
UBFCPhys,UBFC_s8_T2_x1.2,s8_T2,Dataset/3_ROI/MEGA_AUG/aug_npz/UBFCPhys_s8_T2_UBFC_s8_T2_x1.2.npz,5271,9,0.0,149.980079,"forehead_strip,left_cheek_big,right_cheek_big",,35.13799999999772,1.000046010238773,train
UBFCPhys,UBFC_s8_T2_x1.4,s8_T2,Dataset/3_ROI/MEGA_AUG/aug_npz/UBFCPhys_s8_T2_UBFC_s8_T2_x1.4.npz,4518,9,0.0,128.550287,"forehead_strip,left_cheek_big,right_cheek_big",,35.13799999999772,1.000046010238773,train
UBFCPhys,UBFC_s8_T2_x1.6,s8_T2,Dataset/3_ROI/MEGA_AUG/aug_npz/UBFCPhys_s8_T2_UBFC_s8_T2_x1.6.npz,3953,9,0.0,112.470829,"forehead_strip,left_cheek_big,right_cheek_big",,35.13799999999772,1.000046010238773,train
UBFCPhys,UBFC_s8_T2_x1.8,s8_T2,Dataset/3_ROI/MEGA_AUG/aug_npz/UBFCPhys_s8_T2_UBFC_s8_T2_x1.8.npz,3514,9,0.0,99.977233,"forehead_strip,left_cheek_big,right_cheek_big",,35.13799999999772,1.000046010238773,train
UBFCPhys,UBFC_s8_T3,s8_T3,Dataset/3_ROI/UBFCPhys_RAW/s8_T3.npz,6325,9,0.0,179.97609425692983,"forehead_strip,left_cheek_big,right_cheek_big",,35.13799999999772,1.000046010238773,train
UBFCPhys,UBFC_s8_T3_x0.65,s8_T3,Dataset/3_ROI/MEGA_AUG/aug_npz/UBFCPhys_s8_T3_UBFC_s8_T3_x0.65.npz,9731,9,0.0,276.908191,"forehead_strip,left_cheek_big,right_cheek_big",,35.13799999999772,1.000046010238773,train
UBFCPhys,UBFC_s8_T3_x0.75,s8_T3,Dataset/3_ROI/MEGA_AUG/aug_npz/UBFCPhys_s8_T3_UBFC_s8_T3_x0.75.npz,8433,9,0.0,239.968126,"forehead_strip,left_cheek_big,right_cheek_big",,35.13799999999772,1.000046010238773,train
UBFCPhys,UBFC_s8_T3_x1.2,s8_T3,Dataset/3_ROI/MEGA_AUG/aug_npz/UBFCPhys_s8_T3_UBFC_s8_T3_x1.2.npz,5271,9,0.0,149.980079,"forehead_strip,left_cheek_big,right_cheek_big",,35.13799999999772,1.000046010238773,train
UBFCPhys,UBFC_s8_T3_x1.4,s8_T3,Dataset/3_ROI/MEGA_AUG/aug_npz/UBFCPhys_s8_T3_UBFC_s8_T3_x1.4.npz,4518,9,0.0,128.550287,"forehead_strip,left_cheek_big,right_cheek_big",,35.13799999999772,1.000046010238773,train
UBFCPhys,UBFC_s8_T3_x1.6,s8_T3,Dataset/3_ROI/MEGA_AUG/aug_npz/UBFCPhys_s8_T3_UBFC_s8_T3_x1.6.npz,3953,9,0.0,112.470829,"forehead_strip,left_cheek_big,right_cheek_big",,35.13799999999772,1.000046010238773,train
UBFCPhys,UBFC_s8_T3_x1.8,s8_T3,Dataset/3_ROI/MEGA_AUG/aug_npz/UBFCPhys_s8_T3_UBFC_s8_T3_x1.8.npz,3514,9,0.0,99.977233,"forehead_strip,left_cheek_big,right_cheek_big",,35.13799999999772,1.000046010238773,train
UBFCPhys,UBFC_s9_T1,s9_T1,Dataset/3_ROI/UBFCPhys_RAW/s9_T1.npz,6325,9,0.0,179.97609425692983,"forehead_strip,left_cheek_big,right_cheek_big",,35.13799999999772,1.000046010238773,train
UBFCPhys,UBFC_s9_T1_x0.55,s9_T1,Dataset/3_ROI/MEGA_AUG/aug_npz/UBFCPhys_s9_T1_UBFC_s9_T1_x0.55.npz,11500,9,0.0,327.252547,"forehead_strip,left_cheek_big,right_cheek_big",,35.13799999999772,1.000046010238773,train
UBFCPhys,UBFC_s9_T1_x0.65,s9_T1,Dataset/3_ROI/MEGA_AUG/aug_npz/UBFCPhys_s9_T1_UBFC_s9_T1_x0.65.npz,9731,9,0.0,276.908191,"forehead_strip,left_cheek_big,right_cheek_big",,35.13799999999772,1.000046010238773,train
UBFCPhys,UBFC_s9_T1_x0.75,s9_T1,Dataset/3_ROI/MEGA_AUG/aug_npz/UBFCPhys_s9_T1_UBFC_s9_T1_x0.75.npz,8433,9,0.0,239.968126,"forehead_strip,left_cheek_big,right_cheek_big",,35.13799999999772,1.000046010238773,train
UBFCPhys,UBFC_s9_T1_x1.2,s9_T1,Dataset/3_ROI/MEGA_AUG/aug_npz/UBFCPhys_s9_T1_UBFC_s9_T1_x1.2.npz,5271,9,0.0,149.980079,"forehead_strip,left_cheek_big,right_cheek_big",,35.13799999999772,1.000046010238773,train
UBFCPhys,UBFC_s9_T1_x1.4,s9_T1,Dataset/3_ROI/MEGA_AUG/aug_npz/UBFCPhys_s9_T1_UBFC_s9_T1_x1.4.npz,4518,9,0.0,128.550287,"forehead_strip,left_cheek_big,right_cheek_big",,35.13799999999772,1.000046010238773,train
UBFCPhys,UBFC_s9_T1_x1.6,s9_T1,Dataset/3_ROI/MEGA_AUG/aug_npz/UBFCPhys_s9_T1_UBFC_s9_T1_x1.6.npz,3953,9,0.0,112.470829,"forehead_strip,left_cheek_big,right_cheek_big",,35.13799999999772,1.000046010238773,train
UBFCPhys,UBFC_s9_T1_x1.8,s9_T1,Dataset/3_ROI/MEGA_AUG/aug_npz/UBFCPhys_s9_T1_UBFC_s9_T1_x1.8.npz,3514,9,0.0,99.977233,"forehead_strip,left_cheek_big,right_cheek_big",,35.13799999999772,1.000046010238773,train
UBFCPhys,UBFC_s9_T2,s9_T2,Dataset/3_ROI/UBFCPhys_RAW/s9_T2.npz,6325,9,0.0,179.97609425692983,"forehead_strip,left_cheek_big,right_cheek_big",,35.13799999999772,1.000046010238773,train
UBFCPhys,UBFC_s9_T2_x0.55,s9_T2,Dataset/3_ROI/MEGA_AUG/aug_npz/UBFCPhys_s9_T2_UBFC_s9_T2_x0.55.npz,11500,9,0.0,327.252547,"forehead_strip,left_cheek_big,right_cheek_big",,35.13799999999772,1.000046010238773,train
UBFCPhys,UBFC_s9_T2_x0.65,s9_T2,Dataset/3_ROI/MEGA_AUG/aug_npz/UBFCPhys_s9_T2_UBFC_s9_T2_x0.65.npz,9731,9,0.0,276.908191,"forehead_strip,left_cheek_big,right_cheek_big",,35.13799999999772,1.000046010238773,train
UBFCPhys,UBFC_s9_T2_x0.75,s9_T2,Dataset/3_ROI/MEGA_AUG/aug_npz/UBFCPhys_s9_T2_UBFC_s9_T2_x0.75.npz,8433,9,0.0,239.968126,"forehead_strip,left_cheek_big,right_cheek_big",,35.13799999999772,1.000046010238773,train
UBFCPhys,UBFC_s9_T2_x1.2,s9_T2,Dataset/3_ROI/MEGA_AUG/aug_npz/UBFCPhys_s9_T2_UBFC_s9_T2_x1.2.npz,5271,9,0.0,149.980079,"forehead_strip,left_cheek_big,right_cheek_big",,35.13799999999772,1.000046010238773,train
UBFCPhys,UBFC_s9_T2_x1.4,s9_T2,Dataset/3_ROI/MEGA_AUG/aug_npz/UBFCPhys_s9_T2_UBFC_s9_T2_x1.4.npz,4518,9,0.0,128.550287,"forehead_strip,left_cheek_big,right_cheek_big",,35.13799999999772,1.000046010238773,train
UBFCPhys,UBFC_s9_T2_x1.6,s9_T2,Dataset/3_ROI/MEGA_AUG/aug_npz/UBFCPhys_s9_T2_UBFC_s9_T2_x1.6.npz,3953,9,0.0,112.470829,"forehead_strip,left_cheek_big,right_cheek_big",,35.13799999999772,1.000046010238773,train
UBFCPhys,UBFC_s9_T2_x1.8,s9_T2,Dataset/3_ROI/MEGA_AUG/aug_npz/UBFCPhys_s9_T2_UBFC_s9_T2_x1.8.npz,3514,9,0.0,99.977233,"forehead_strip,left_cheek_big,right_cheek_big",,35.13799999999772,1.000046010238773,train
UBFCPhys,UBFC_s9_T3,s9_T3,Dataset/3_ROI/UBFCPhys_RAW/s9_T3.npz,6325,9,0.0,179.97609425692983,"forehead_strip,left_cheek_big,right_cheek_big",,35.13799999999772,1.000046010238773,train
UBFCPhys,UBFC_s9_T3_x0.65,s9_T3,Dataset/3_ROI/MEGA_AUG/aug_npz/UBFCPhys_s9_T3_UBFC_s9_T3_x0.65.npz,9731,9,0.0,276.908191,"forehead_strip,left_cheek_big,right_cheek_big",,35.13799999999772,1.000046010238773,train
UBFCPhys,UBFC_s9_T3_x0.75,s9_T3,Dataset/3_ROI/MEGA_AUG/aug_npz/UBFCPhys_s9_T3_UBFC_s9_T3_x0.75.npz,8433,9,0.0,239.968126,"forehead_strip,left_cheek_big,right_cheek_big",,35.13799999999772,1.000046010238773,train
UBFCPhys,UBFC_s9_T3_x1.2,s9_T3,Dataset/3_ROI/MEGA_AUG/aug_npz/UBFCPhys_s9_T3_UBFC_s9_T3_x1.2.npz,5271,9,0.0,149.980079,"forehead_strip,left_cheek_big,right_cheek_big",,35.13799999999772,1.000046010238773,train
UBFCPhys,UBFC_s9_T3_x1.4,s9_T3,Dataset/3_ROI/MEGA_AUG/aug_npz/UBFCPhys_s9_T3_UBFC_s9_T3_x1.4.npz,4518,9,0.0,128.550287,"forehead_strip,left_cheek_big,right_cheek_big",,35.13799999999772,1.000046010238773,train
UBFCPhys,UBFC_s9_T3_x1.6,s9_T3,Dataset/3_ROI/MEGA_AUG/aug_npz/UBFCPhys_s9_T3_UBFC_s9_T3_x1.6.npz,3953,9,0.0,112.470829,"forehead_strip,left_cheek_big,right_cheek_big",,35.13799999999772,1.000046010238773,train
UBFCPhys,UBFC_s9_T3_x1.8,s9_T3,Dataset/3_ROI/MEGA_AUG/aug_npz/UBFCPhys_s9_T3_UBFC_s9_T3_x1.8.npz,3514,9,0.0,99.977233,"forehead_strip,left_cheek_big,right_cheek_big",,35.13799999999772,1.000046010238773,train
