dataset,seq,subject_id,path,T,C,t_start,t_end,roi_names,passed,fps_est,duration_ratio,split
PURE,'01-01,01,Dataset/3_ROI/PURE_RAW/01-01.npz,2026,9,0.0,67.700022,"forehead_strip,left_cheek_big,right_cheek_big",,29.99040307101764,0.99992240770616,train
PURE,'01-01_x0.65,01,Dataset/3_ROI/PURE-x-UBFC-x-Tokoyo-AUG/aug_npz/PURE_01_'01-01_x0.65.npz,2026,9,0.0,67.700022,"forehead_strip,left_cheek_big,right_cheek_big",,29.99040307101764,0.99992240770616,train
PURE,'01-01_x0.75,01,Dataset/3_ROI/PURE-x-UBFC-x-Tokoyo-AUG/aug_npz/PURE_01_'01-01_x0.75.npz,2026,9,0.0,67.700022,"forehead_strip,left_cheek_big,right_cheek_big",,29.99040307101764,0.99992240770616,train
PURE,'01-01_x1.2,01,Dataset/3_ROI/PURE-x-UBFC-x-Tokoyo-AUG/aug_npz/PURE_01_'01-01_x1.2.npz,2026,9,0.0,67.700022,"forehead_strip,left_cheek_big,right_cheek_big",,29.99040307101764,0.99992240770616,train
PURE,'01-01_x1.4,01,Dataset/3_ROI/PURE-x-UBFC-x-Tokoyo-AUG/aug_npz/PURE_01_'01-01_x1.4.npz,2026,9,0.0,67.700022,"forehead_strip,left_cheek_big,right_cheek_big",,29.99040307101764,0.99992240770616,train
PURE,'01-01_x1.6,01,Dataset/3_ROI/PURE-x-UBFC-x-Tokoyo-AUG/aug_npz/PURE_01_'01-01_x1.6.npz,2026,9,0.0,67.700022,"forehead_strip,left_cheek_big,right_cheek_big",,29.99040307101764,0.99992240770616,train
PURE,'01-01_x1.8,01,Dataset/3_ROI/PURE-x-UBFC-x-Tokoyo-AUG/aug_npz/PURE_01_'01-01_x1.8.npz,2026,9,0.0,67.700022,"forehead_strip,left_cheek_big,right_cheek_big",,29.99040307101764,0.99992240770616,train
PURE,'01-02,01,Dataset/3_ROI/PURE_RAW/01-02.npz,2023,9,0.0,67.600019,"forehead_strip,left_cheek_big,right_cheek_big",,29.99040307101764,0.999777263376213,train
PURE,'01-02_x0.55,01,Dataset/3_ROI/PURE-x-UBFC-x-Tokoyo-AUG/aug_npz/PURE_01_'01-02_x0.55.npz,2023,9,0.0,67.600019,"forehead_strip,left_cheek_big,right_cheek_big",,29.99040307101764,0.999777263376213,train
PURE,'01-02_x0.65,01,Dataset/3_ROI/PURE-x-UBFC-x-Tokoyo-AUG/aug_npz/PURE_01_'01-02_x0.65.npz,2023,9,0.0,67.600019,"forehead_strip,left_cheek_big,right_cheek_big",,29.99040307101764,0.999777263376213,train
PURE,'01-02_x0.75,01,Dataset/3_ROI/PURE-x-UBFC-x-Tokoyo-AUG/aug_npz/PURE_01_'01-02_x0.75.npz,2023,9,0.0,67.600019,"forehead_strip,left_cheek_big,right_cheek_big",,29.99040307101764,0.999777263376213,train
PURE,'01-02_x1.2,01,Dataset/3_ROI/PURE-x-UBFC-x-Tokoyo-AUG/aug_npz/PURE_01_'01-02_x1.2.npz,2023,9,0.0,67.600019,"forehead_strip,left_cheek_big,right_cheek_big",,29.99040307101764,0.999777263376213,train
PURE,'01-02_x1.4,01,Dataset/3_ROI/PURE-x-UBFC-x-Tokoyo-AUG/aug_npz/PURE_01_'01-02_x1.4.npz,2023,9,0.0,67.600019,"forehead_strip,left_cheek_big,right_cheek_big",,29.99040307101764,0.999777263376213,train
PURE,'01-02_x1.6,01,Dataset/3_ROI/PURE-x-UBFC-x-Tokoyo-AUG/aug_npz/PURE_01_'01-02_x1.6.npz,2023,9,0.0,67.600019,"forehead_strip,left_cheek_big,right_cheek_big",,29.99040307101764,0.999777263376213,train
PURE,'01-02_x1.8,01,Dataset/3_ROI/PURE-x-UBFC-x-Tokoyo-AUG/aug_npz/PURE_01_'01-02_x1.8.npz,2023,9,0.0,67.600019,"forehead_strip,left_cheek_big,right_cheek_big",,29.99040307101764,0.999777263376213,train
PURE,'01-03,01,Dataset/3_ROI/PURE_RAW/01-03.npz,2481,9,0.0,82.700022,"forehead_strip,left_cheek_big,right_cheek_big",,29.99040307101764,1.0002193348872386,train
PURE,'01-03_x0.55,01,Dataset/3_ROI/PURE-x-UBFC-x-Tokoyo-AUG/aug_npz/PURE_01_'01-03_x0.55.npz,2481,9,0.0,82.700022,"forehead_strip,left_cheek_big,right_cheek_big",,29.99040307101764,1.0002193348872386,train
PURE,'01-03_x0.65,01,Dataset/3_ROI/PURE-x-UBFC-x-Tokoyo-AUG/aug_npz/PURE_01_'01-03_x0.65.npz,2481,9,0.0,82.700022,"forehead_strip,left_cheek_big,right_cheek_big",,29.99040307101764,1.0002193348872386,train
PURE,'01-03_x0.75,01,Dataset/3_ROI/PURE-x-UBFC-x-Tokoyo-AUG/aug_npz/PURE_01_'01-03_x0.75.npz,2481,9,0.0,82.700022,"forehead_strip,left_cheek_big,right_cheek_big",,29.99040307101764,1.0002193348872386,train
PURE,'01-03_x1.2,01,Dataset/3_ROI/PURE-x-UBFC-x-Tokoyo-AUG/aug_npz/PURE_01_'01-03_x1.2.npz,2481,9,0.0,82.700022,"forehead_strip,left_cheek_big,right_cheek_big",,29.99040307101764,1.0002193348872386,train
PURE,'01-03_x1.4,01,Dataset/3_ROI/PURE-x-UBFC-x-Tokoyo-AUG/aug_npz/PURE_01_'01-03_x1.4.npz,2481,9,0.0,82.700022,"forehead_strip,left_cheek_big,right_cheek_big",,29.99040307101764,1.0002193348872386,train
PURE,'01-03_x1.6,01,Dataset/3_ROI/PURE-x-UBFC-x-Tokoyo-AUG/aug_npz/PURE_01_'01-03_x1.6.npz,2481,9,0.0,82.700022,"forehead_strip,left_cheek_big,right_cheek_big",,29.99040307101764,1.0002193348872386,train
PURE,'01-03_x1.8,01,Dataset/3_ROI/PURE-x-UBFC-x-Tokoyo-AUG/aug_npz/PURE_01_'01-03_x1.8.npz,2481,9,0.0,82.700022,"forehead_strip,left_cheek_big,right_cheek_big",,29.99040307101764,1.0002193348872386,train
PURE,'01-04,01,Dataset/3_ROI/PURE_RAW/01-04.npz,2492,9,0.0,83.03334500000001,"forehead_strip,left_cheek_big,right_cheek_big",,29.99040307101764,0.9998874066798104,train
PURE,'01-04_x0.55,01,Dataset/3_ROI/PURE-x-UBFC-x-Tokoyo-AUG/aug_npz/PURE_01_'01-04_x0.55.npz,2492,9,0.0,83.03334500000001,"forehead_strip,left_cheek_big,right_cheek_big",,29.99040307101764,0.9998874066798104,train
PURE,'01-04_x0.65,01,Dataset/3_ROI/PURE-x-UBFC-x-Tokoyo-AUG/aug_npz/PURE_01_'01-04_x0.65.npz,2492,9,0.0,83.03334500000001,"forehead_strip,left_cheek_big,right_cheek_big",,29.99040307101764,0.9998874066798104,train
PURE,'01-04_x0.75,01,Dataset/3_ROI/PURE-x-UBFC-x-Tokoyo-AUG/aug_npz/PURE_01_'01-04_x0.75.npz,2492,9,0.0,83.03334500000001,"forehead_strip,left_cheek_big,right_cheek_big",,29.99040307101764,0.9998874066798104,train
PURE,'01-04_x1.2,01,Dataset/3_ROI/PURE-x-UBFC-x-Tokoyo-AUG/aug_npz/PURE_01_'01-04_x1.2.npz,2492,9,0.0,83.03334500000001,"forehead_strip,left_cheek_big,right_cheek_big",,29.99040307101764,0.9998874066798104,train
PURE,'01-04_x1.4,01,Dataset/3_ROI/PURE-x-UBFC-x-Tokoyo-AUG/aug_npz/PURE_01_'01-04_x1.4.npz,2492,9,0.0,83.03334500000001,"forehead_strip,left_cheek_big,right_cheek_big",,29.99040307101764,0.9998874066798104,train
PURE,'01-04_x1.6,01,Dataset/3_ROI/PURE-x-UBFC-x-Tokoyo-AUG/aug_npz/PURE_01_'01-04_x1.6.npz,2492,9,0.0,83.03334500000001,"forehead_strip,left_cheek_big,right_cheek_big",,29.99040307101764,0.9998874066798104,train
PURE,'01-04_x1.8,01,Dataset/3_ROI/PURE-x-UBFC-x-Tokoyo-AUG/aug_npz/PURE_01_'01-04_x1.8.npz,2492,9,0.0,83.03334500000001,"forehead_strip,left_cheek_big,right_cheek_big",,29.99040307101764,0.9998874066798104,train
PURE,'01-05,01,Dataset/3_ROI/PURE_RAW/01-05.npz,2023,9,0.0,67.566675,"forehead_strip,left_cheek_big,right_cheek_big",,29.99040307101764,0.9998950814140256,train
PURE,'01-05_x0.65,01,Dataset/3_ROI/PURE-x-UBFC-x-Tokoyo-AUG/aug_npz/PURE_01_'01-05_x0.65.npz,2023,9,0.0,67.566675,"forehead_strip,left_cheek_big,right_cheek_big",,29.99040307101764,0.9998950814140256,train
PURE,'01-05_x0.75,01,Dataset/3_ROI/PURE-x-UBFC-x-Tokoyo-AUG/aug_npz/PURE_01_'01-05_x0.75.npz,2023,9,0.0,67.566675,"forehead_strip,left_cheek_big,right_cheek_big",,29.99040307101764,0.9998950814140256,train
PURE,'01-05_x1.2,01,Dataset/3_ROI/PURE-x-UBFC-x-Tokoyo-AUG/aug_npz/PURE_01_'01-05_x1.2.npz,2023,9,0.0,67.566675,"forehead_strip,left_cheek_big,right_cheek_big",,29.99040307101764,0.9998950814140256,train
PURE,'01-05_x1.4,01,Dataset/3_ROI/PURE-x-UBFC-x-Tokoyo-AUG/aug_npz/PURE_01_'01-05_x1.4.npz,2023,9,0.0,67.566675,"forehead_strip,left_cheek_big,right_cheek_big",,29.99040307101764,0.9998950814140256,train
PURE,'01-05_x1.6,01,Dataset/3_ROI/PURE-x-UBFC-x-Tokoyo-AUG/aug_npz/PURE_01_'01-05_x1.6.npz,2023,9,0.0,67.566675,"forehead_strip,left_cheek_big,right_cheek_big",,29.99040307101764,0.9998950814140256,train
PURE,'01-05_x1.8,01,Dataset/3_ROI/PURE-x-UBFC-x-Tokoyo-AUG/aug_npz/PURE_01_'01-05_x1.8.npz,2023,9,0.0,67.566675,"forehead_strip,left_cheek_big,right_cheek_big",,29.99040307101764,0.9998950814140256,train
PURE,'01-06,01,Dataset/3_ROI/PURE_RAW/01-06.npz,2041,9,0.0,68.0,"forehead_strip,left_cheek_big,right_cheek_big",,29.99040307101764,0.9999995147058824,train
PURE,'01-06_x0.65,01,Dataset/3_ROI/PURE-x-UBFC-x-Tokoyo-AUG/aug_npz/PURE_01_'01-06_x0.65.npz,2041,9,0.0,68.0,"forehead_strip,left_cheek_big,right_cheek_big",,29.99040307101764,0.9999995147058824,train
PURE,'01-06_x0.75,01,Dataset/3_ROI/PURE-x-UBFC-x-Tokoyo-AUG/aug_npz/PURE_01_'01-06_x0.75.npz,2041,9,0.0,68.0,"forehead_strip,left_cheek_big,right_cheek_big",,29.99040307101764,0.9999995147058824,train
PURE,'01-06_x1.2,01,Dataset/3_ROI/PURE-x-UBFC-x-Tokoyo-AUG/aug_npz/PURE_01_'01-06_x1.2.npz,2041,9,0.0,68.0,"forehead_strip,left_cheek_big,right_cheek_big",,29.99040307101764,0.9999995147058824,train
PURE,'01-06_x1.4,01,Dataset/3_ROI/PURE-x-UBFC-x-Tokoyo-AUG/aug_npz/PURE_01_'01-06_x1.4.npz,2041,9,0.0,68.0,"forehead_strip,left_cheek_big,right_cheek_big",,29.99040307101764,0.9999995147058824,train
PURE,'01-06_x1.6,01,Dataset/3_ROI/PURE-x-UBFC-x-Tokoyo-AUG/aug_npz/PURE_01_'01-06_x1.6.npz,2041,9,0.0,68.0,"forehead_strip,left_cheek_big,right_cheek_big",,29.99040307101764,0.9999995147058824,train
PURE,'01-06_x1.8,01,Dataset/3_ROI/PURE-x-UBFC-x-Tokoyo-AUG/aug_npz/PURE_01_'01-06_x1.8.npz,2041,9,0.0,68.0,"forehead_strip,left_cheek_big,right_cheek_big",,29.99040307101764,0.9999995147058824,train
PURE,'02-01,02,Dataset/3_ROI/PURE_RAW/02-01.npz,2039,9,0.0,67.93335,"forehead_strip,left_cheek_big,right_cheek_big",,29.995800587917213,0.9995679736094276,train
PURE,'02-01_x0.65,02,Dataset/3_ROI/PURE-x-UBFC-x-Tokoyo-AUG/aug_npz/PURE_02_'02-01_x0.65.npz,2039,9,0.0,67.93335,"forehead_strip,left_cheek_big,right_cheek_big",,29.995800587917213,0.9995679736094276,train
PURE,'02-01_x0.75,02,Dataset/3_ROI/PURE-x-UBFC-x-Tokoyo-AUG/aug_npz/PURE_02_'02-01_x0.75.npz,2039,9,0.0,67.93335,"forehead_strip,left_cheek_big,right_cheek_big",,29.995800587917213,0.9995679736094276,train
PURE,'02-01_x1.2,02,Dataset/3_ROI/PURE-x-UBFC-x-Tokoyo-AUG/aug_npz/PURE_02_'02-01_x1.2.npz,2039,9,0.0,67.93335,"forehead_strip,left_cheek_big,right_cheek_big",,29.995800587917213,0.9995679736094276,train
PURE,'02-01_x1.4,02,Dataset/3_ROI/PURE-x-UBFC-x-Tokoyo-AUG/aug_npz/PURE_02_'02-01_x1.4.npz,2039,9,0.0,67.93335,"forehead_strip,left_cheek_big,right_cheek_big",,29.995800587917213,0.9995679736094276,train
PURE,'02-01_x1.6,02,Dataset/3_ROI/PURE-x-UBFC-x-Tokoyo-AUG/aug_npz/PURE_02_'02-01_x1.6.npz,2039,9,0.0,67.93335,"forehead_strip,left_cheek_big,right_cheek_big",,29.995800587917213,0.9995679736094276,train
PURE,'02-01_x1.8,02,Dataset/3_ROI/PURE-x-UBFC-x-Tokoyo-AUG/aug_npz/PURE_02_'02-01_x1.8.npz,2039,9,0.0,67.93335,"forehead_strip,left_cheek_big,right_cheek_big",,29.995800587917213,0.9995679736094276,train
PURE,'02-02,02,Dataset/3_ROI/PURE_RAW/02-02.npz,1972,9,0.0,65.766683,"forehead_strip,left_cheek_big,right_cheek_big",,29.995800587917213,1.0001454687930666,train
PURE,'02-02_x0.55,02,Dataset/3_ROI/PURE-x-UBFC-x-Tokoyo-AUG/aug_npz/PURE_02_'02-02_x0.55.npz,1972,9,0.0,65.766683,"forehead_strip,left_cheek_big,right_cheek_big",,29.995800587917213,1.0001454687930666,train
PURE,'02-02_x0.65,02,Dataset/3_ROI/PURE-x-UBFC-x-Tokoyo-AUG/aug_npz/PURE_02_'02-02_x0.65.npz,1972,9,0.0,65.766683,"forehead_strip,left_cheek_big,right_cheek_big",,29.995800587917213,1.0001454687930666,train
PURE,'02-02_x0.75,02,Dataset/3_ROI/PURE-x-UBFC-x-Tokoyo-AUG/aug_npz/PURE_02_'02-02_x0.75.npz,1972,9,0.0,65.766683,"forehead_strip,left_cheek_big,right_cheek_big",,29.995800587917213,1.0001454687930666,train
PURE,'02-02_x1.2,02,Dataset/3_ROI/PURE-x-UBFC-x-Tokoyo-AUG/aug_npz/PURE_02_'02-02_x1.2.npz,1972,9,0.0,65.766683,"forehead_strip,left_cheek_big,right_cheek_big",,29.995800587917213,1.0001454687930666,train
PURE,'02-02_x1.4,02,Dataset/3_ROI/PURE-x-UBFC-x-Tokoyo-AUG/aug_npz/PURE_02_'02-02_x1.4.npz,1972,9,0.0,65.766683,"forehead_strip,left_cheek_big,right_cheek_big",,29.995800587917213,1.0001454687930666,train
PURE,'02-02_x1.6,02,Dataset/3_ROI/PURE-x-UBFC-x-Tokoyo-AUG/aug_npz/PURE_02_'02-02_x1.6.npz,1972,9,0.0,65.766683,"forehead_strip,left_cheek_big,right_cheek_big",,29.995800587917213,1.0001454687930666,train
PURE,'02-02_x1.8,02,Dataset/3_ROI/PURE-x-UBFC-x-Tokoyo-AUG/aug_npz/PURE_02_'02-02_x1.8.npz,1972,9,0.0,65.766683,"forehead_strip,left_cheek_big,right_cheek_big",,29.995800587917213,1.0001454687930666,train
PURE,'02-03,02,Dataset/3_ROI/PURE_RAW/02-03.npz,2185,9,0.0,72.866686,"forehead_strip,left_cheek_big,right_cheek_big",,29.995800587917213,1.0002609971860117,train
PURE,'02-03_x0.55,02,Dataset/3_ROI/PURE-x-UBFC-x-Tokoyo-AUG/aug_npz/PURE_02_'02-03_x0.55.npz,2185,9,0.0,72.866686,"forehead_strip,left_cheek_big,right_cheek_big",,29.995800587917213,1.0002609971860117,train
PURE,'02-03_x0.65,02,Dataset/3_ROI/PURE-x-UBFC-x-Tokoyo-AUG/aug_npz/PURE_02_'02-03_x0.65.npz,2185,9,0.0,72.866686,"forehead_strip,left_cheek_big,right_cheek_big",,29.995800587917213,1.0002609971860117,train
PURE,'02-03_x0.75,02,Dataset/3_ROI/PURE-x-UBFC-x-Tokoyo-AUG/aug_npz/PURE_02_'02-03_x0.75.npz,2185,9,0.0,72.866686,"forehead_strip,left_cheek_big,right_cheek_big",,29.995800587917213,1.0002609971860117,train
PURE,'02-03_x1.2,02,Dataset/3_ROI/PURE-x-UBFC-x-Tokoyo-AUG/aug_npz/PURE_02_'02-03_x1.2.npz,2185,9,0.0,72.866686,"forehead_strip,left_cheek_big,right_cheek_big",,29.995800587917213,1.0002609971860117,train
PURE,'02-03_x1.4,02,Dataset/3_ROI/PURE-x-UBFC-x-Tokoyo-AUG/aug_npz/PURE_02_'02-03_x1.4.npz,2185,9,0.0,72.866686,"forehead_strip,left_cheek_big,right_cheek_big",,29.995800587917213,1.0002609971860117,train
PURE,'02-03_x1.6,02,Dataset/3_ROI/PURE-x-UBFC-x-Tokoyo-AUG/aug_npz/PURE_02_'02-03_x1.6.npz,2185,9,0.0,72.866686,"forehead_strip,left_cheek_big,right_cheek_big",,29.995800587917213,1.0002609971860117,train
PURE,'02-03_x1.8,02,Dataset/3_ROI/PURE-x-UBFC-x-Tokoyo-AUG/aug_npz/PURE_02_'02-03_x1.8.npz,2185,9,0.0,72.866686,"forehead_strip,left_cheek_big,right_cheek_big",,29.995800587917213,1.0002609971860117,train
PURE,'02-04,02,Dataset/3_ROI/PURE_RAW/02-04.npz,2224,9,0.0,74.10002800000001,"forehead_strip,left_cheek_big,right_cheek_big",,29.995800587917213,1.0001614979146836,train
PURE,'02-04_x0.65,02,Dataset/3_ROI/PURE-x-UBFC-x-Tokoyo-AUG/aug_npz/PURE_02_'02-04_x0.65.npz,2224,9,0.0,74.10002800000001,"forehead_strip,left_cheek_big,right_cheek_big",,29.995800587917213,1.0001614979146836,train
PURE,'02-04_x0.75,02,Dataset/3_ROI/PURE-x-UBFC-x-Tokoyo-AUG/aug_npz/PURE_02_'02-04_x0.75.npz,2224,9,0.0,74.10002800000001,"forehead_strip,left_cheek_big,right_cheek_big",,29.995800587917213,1.0001614979146836,train
PURE,'02-04_x1.2,02,Dataset/3_ROI/PURE-x-UBFC-x-Tokoyo-AUG/aug_npz/PURE_02_'02-04_x1.2.npz,2224,9,0.0,74.10002800000001,"forehead_strip,left_cheek_big,right_cheek_big",,29.995800587917213,1.0001614979146836,train
PURE,'02-04_x1.4,02,Dataset/3_ROI/PURE-x-UBFC-x-Tokoyo-AUG/aug_npz/PURE_02_'02-04_x1.4.npz,2224,9,0.0,74.10002800000001,"forehead_strip,left_cheek_big,right_cheek_big",,29.995800587917213,1.0001614979146836,train
PURE,'02-04_x1.6,02,Dataset/3_ROI/PURE-x-UBFC-x-Tokoyo-AUG/aug_npz/PURE_02_'02-04_x1.6.npz,2224,9,0.0,74.10002800000001,"forehead_strip,left_cheek_big,right_cheek_big",,29.995800587917213,1.0001614979146836,train
PURE,'02-04_x1.8,02,Dataset/3_ROI/PURE-x-UBFC-x-Tokoyo-AUG/aug_npz/PURE_02_'02-04_x1.8.npz,2224,9,0.0,74.10002800000001,"forehead_strip,left_cheek_big,right_cheek_big",,29.995800587917213,1.0001614979146836,train
PURE,'02-05,02,Dataset/3_ROI/PURE_RAW/02-05.npz,1920,9,0.0,63.966678,"forehead_strip,left_cheek_big,right_cheek_big",,29.995800587917213,1.000020119850526,train
PURE,'02-05_x0.55,02,Dataset/3_ROI/PURE-x-UBFC-x-Tokoyo-AUG/aug_npz/PURE_02_'02-05_x0.55.npz,1920,9,0.0,63.966678,"forehead_strip,left_cheek_big,right_cheek_big",,29.995800587917213,1.000020119850526,train
PURE,'02-05_x0.65,02,Dataset/3_ROI/PURE-x-UBFC-x-Tokoyo-AUG/aug_npz/PURE_02_'02-05_x0.65.npz,1920,9,0.0,63.966678,"forehead_strip,left_cheek_big,right_cheek_big",,29.995800587917213,1.000020119850526,train
PURE,'02-05_x0.75,02,Dataset/3_ROI/PURE-x-UBFC-x-Tokoyo-AUG/aug_npz/PURE_02_'02-05_x0.75.npz,1920,9,0.0,63.966678,"forehead_strip,left_cheek_big,right_cheek_big",,29.995800587917213,1.000020119850526,train
PURE,'02-05_x1.2,02,Dataset/3_ROI/PURE-x-UBFC-x-Tokoyo-AUG/aug_npz/PURE_02_'02-05_x1.2.npz,1920,9,0.0,63.966678,"forehead_strip,left_cheek_big,right_cheek_big",,29.995800587917213,1.000020119850526,train
PURE,'02-05_x1.4,02,Dataset/3_ROI/PURE-x-UBFC-x-Tokoyo-AUG/aug_npz/PURE_02_'02-05_x1.4.npz,1920,9,0.0,63.966678,"forehead_strip,left_cheek_big,right_cheek_big",,29.995800587917213,1.000020119850526,train
PURE,'02-05_x1.6,02,Dataset/3_ROI/PURE-x-UBFC-x-Tokoyo-AUG/aug_npz/PURE_02_'02-05_x1.6.npz,1920,9,0.0,63.966678,"forehead_strip,left_cheek_big,right_cheek_big",,29.995800587917213,1.000020119850526,train
PURE,'02-05_x1.8,02,Dataset/3_ROI/PURE-x-UBFC-x-Tokoyo-AUG/aug_npz/PURE_02_'02-05_x1.8.npz,1920,9,0.0,63.966678,"forehead_strip,left_cheek_big,right_cheek_big",,29.995800587917213,1.000020119850526,train
PURE,'02-06,02,Dataset/3_ROI/PURE_RAW/02-06.npz,1943,9,0.0,64.73334100000001,"forehead_strip,left_cheek_big,right_cheek_big",,29.995800587917213,0.9995467714233998,train
PURE,'02-06_x0.65,02,Dataset/3_ROI/PURE-x-UBFC-x-Tokoyo-AUG/aug_npz/PURE_02_'02-06_x0.65.npz,1943,9,0.0,64.73334100000001,"forehead_strip,left_cheek_big,right_cheek_big",,29.995800587917213,0.9995467714233998,train
PURE,'02-06_x0.75,02,Dataset/3_ROI/PURE-x-UBFC-x-Tokoyo-AUG/aug_npz/PURE_02_'02-06_x0.75.npz,1943,9,0.0,64.73334100000001,"forehead_strip,left_cheek_big,right_cheek_big",,29.995800587917213,0.9995467714233998,train
PURE,'02-06_x1.2,02,Dataset/3_ROI/PURE-x-UBFC-x-Tokoyo-AUG/aug_npz/PURE_02_'02-06_x1.2.npz,1943,9,0.0,64.73334100000001,"forehead_strip,left_cheek_big,right_cheek_big",,29.995800587917213,0.9995467714233998,train
PURE,'02-06_x1.4,02,Dataset/3_ROI/PURE-x-UBFC-x-Tokoyo-AUG/aug_npz/PURE_02_'02-06_x1.4.npz,1943,9,0.0,64.73334100000001,"forehead_strip,left_cheek_big,right_cheek_big",,29.995800587917213,0.9995467714233998,train
PURE,'02-06_x1.6,02,Dataset/3_ROI/PURE-x-UBFC-x-Tokoyo-AUG/aug_npz/PURE_02_'02-06_x1.6.npz,1943,9,0.0,64.73334100000001,"forehead_strip,left_cheek_big,right_cheek_big",,29.995800587917213,0.9995467714233998,train
PURE,'02-06_x1.8,02,Dataset/3_ROI/PURE-x-UBFC-x-Tokoyo-AUG/aug_npz/PURE_02_'02-06_x1.8.npz,1943,9,0.0,64.73334100000001,"forehead_strip,left_cheek_big,right_cheek_big",,29.995800587917213,0.9995467714233998,train
PURE,'03-01,03,Dataset/3_ROI/PURE_RAW/03-01.npz,1974,9,0.0,65.766677,"forehead_strip,left_cheek_big,right_cheek_big",,30.001200048000594,1.0001424885736587,train
PURE,'03-01_x1.2,03,Dataset/3_ROI/PURE-x-UBFC-x-Tokoyo-AUG/aug_npz/PURE_03_'03-01_x1.2.npz,1974,9,0.0,65.766677,"forehead_strip,left_cheek_big,right_cheek_big",,30.001200048000594,1.0001424885736587,train
PURE,'03-01_x1.4,03,Dataset/3_ROI/PURE-x-UBFC-x-Tokoyo-AUG/aug_npz/PURE_03_'03-01_x1.4.npz,1974,9,0.0,65.766677,"forehead_strip,left_cheek_big,right_cheek_big",,30.001200048000594,1.0001424885736587,train
PURE,'03-01_x1.6,03,Dataset/3_ROI/PURE-x-UBFC-x-Tokoyo-AUG/aug_npz/PURE_03_'03-01_x1.6.npz,1974,9,0.0,65.766677,"forehead_strip,left_cheek_big,right_cheek_big",,30.001200048000594,1.0001424885736587,train
PURE,'03-01_x1.8,03,Dataset/3_ROI/PURE-x-UBFC-x-Tokoyo-AUG/aug_npz/PURE_03_'03-01_x1.8.npz,1974,9,0.0,65.766677,"forehead_strip,left_cheek_big,right_cheek_big",,30.001200048000594,1.0001424885736587,train
PURE,'03-02,03,Dataset/3_ROI/PURE_RAW/03-02.npz,2019,9,0.0,67.266682,"forehead_strip,left_cheek_big,right_cheek_big",,30.001200048000594,0.9999596382648992,train
PURE,'03-02_x0.75,03,Dataset/3_ROI/PURE-x-UBFC-x-Tokoyo-AUG/aug_npz/PURE_03_'03-02_x0.75.npz,2019,9,0.0,67.266682,"forehead_strip,left_cheek_big,right_cheek_big",,30.001200048000594,0.9999596382648992,train
PURE,'03-02_x1.2,03,Dataset/3_ROI/PURE-x-UBFC-x-Tokoyo-AUG/aug_npz/PURE_03_'03-02_x1.2.npz,2019,9,0.0,67.266682,"forehead_strip,left_cheek_big,right_cheek_big",,30.001200048000594,0.9999596382648992,train
PURE,'03-02_x1.4,03,Dataset/3_ROI/PURE-x-UBFC-x-Tokoyo-AUG/aug_npz/PURE_03_'03-02_x1.4.npz,2019,9,0.0,67.266682,"forehead_strip,left_cheek_big,right_cheek_big",,30.001200048000594,0.9999596382648992,train
PURE,'03-02_x1.6,03,Dataset/3_ROI/PURE-x-UBFC-x-Tokoyo-AUG/aug_npz/PURE_03_'03-02_x1.6.npz,2019,9,0.0,67.266682,"forehead_strip,left_cheek_big,right_cheek_big",,30.001200048000594,0.9999596382648992,train
PURE,'03-02_x1.8,03,Dataset/3_ROI/PURE-x-UBFC-x-Tokoyo-AUG/aug_npz/PURE_03_'03-02_x1.8.npz,2019,9,0.0,67.266682,"forehead_strip,left_cheek_big,right_cheek_big",,30.001200048000594,0.9999596382648992,train
PURE,'03-03,03,Dataset/3_ROI/PURE_RAW/03-03.npz,2200,9,0.0,73.56668,"forehead_strip,left_cheek_big,right_cheek_big",,30.001200048000594,1.0002498685546228,train
PURE,'03-03_x0.75,03,Dataset/3_ROI/PURE-x-UBFC-x-Tokoyo-AUG/aug_npz/PURE_03_'03-03_x0.75.npz,2200,9,0.0,73.56668,"forehead_strip,left_cheek_big,right_cheek_big",,30.001200048000594,1.0002498685546228,train
PURE,'03-03_x1.2,03,Dataset/3_ROI/PURE-x-UBFC-x-Tokoyo-AUG/aug_npz/PURE_03_'03-03_x1.2.npz,2200,9,0.0,73.56668,"forehead_strip,left_cheek_big,right_cheek_big",,30.001200048000594,1.0002498685546228,train
PURE,'03-03_x1.4,03,Dataset/3_ROI/PURE-x-UBFC-x-Tokoyo-AUG/aug_npz/PURE_03_'03-03_x1.4.npz,2200,9,0.0,73.56668,"forehead_strip,left_cheek_big,right_cheek_big",,30.001200048000594,1.0002498685546228,train
PURE,'03-03_x1.6,03,Dataset/3_ROI/PURE-x-UBFC-x-Tokoyo-AUG/aug_npz/PURE_03_'03-03_x1.6.npz,2200,9,0.0,73.56668,"forehead_strip,left_cheek_big,right_cheek_big",,30.001200048000594,1.0002498685546228,train
PURE,'03-03_x1.8,03,Dataset/3_ROI/PURE-x-UBFC-x-Tokoyo-AUG/aug_npz/PURE_03_'03-03_x1.8.npz,2200,9,0.0,73.56668,"forehead_strip,left_cheek_big,right_cheek_big",,30.001200048000594,1.0002498685546228,train
PURE,'03-04,03,Dataset/3_ROI/PURE_RAW/03-04.npz,2245,9,0.0,75.000009,"forehead_strip,left_cheek_big,right_cheek_big",,30.001200048000594,1.0000811333235973,train
PURE,'03-04_x1.2,03,Dataset/3_ROI/PURE-x-UBFC-x-Tokoyo-AUG/aug_npz/PURE_03_'03-04_x1.2.npz,2245,9,0.0,75.000009,"forehead_strip,left_cheek_big,right_cheek_big",,30.001200048000594,1.0000811333235973,train
PURE,'03-04_x1.4,03,Dataset/3_ROI/PURE-x-UBFC-x-Tokoyo-AUG/aug_npz/PURE_03_'03-04_x1.4.npz,2245,9,0.0,75.000009,"forehead_strip,left_cheek_big,right_cheek_big",,30.001200048000594,1.0000811333235973,train
PURE,'03-04_x1.6,03,Dataset/3_ROI/PURE-x-UBFC-x-Tokoyo-AUG/aug_npz/PURE_03_'03-04_x1.6.npz,2245,9,0.0,75.000009,"forehead_strip,left_cheek_big,right_cheek_big",,30.001200048000594,1.0000811333235973,train
PURE,'03-04_x1.8,03,Dataset/3_ROI/PURE-x-UBFC-x-Tokoyo-AUG/aug_npz/PURE_03_'03-04_x1.8.npz,2245,9,0.0,75.000009,"forehead_strip,left_cheek_big,right_cheek_big",,30.001200048000594,1.0000811333235973,train
PURE,'03-05,03,Dataset/3_ROI/PURE_RAW/03-05.npz,1935,9,0.0,64.566677,"forehead_strip,left_cheek_big,right_cheek_big",,30.001200048000594,1.00017036651894,train
PURE,'03-05_x1.2,03,Dataset/3_ROI/PURE-x-UBFC-x-Tokoyo-AUG/aug_npz/PURE_03_'03-05_x1.2.npz,1935,9,0.0,64.566677,"forehead_strip,left_cheek_big,right_cheek_big",,30.001200048000594,1.00017036651894,train
PURE,'03-05_x1.4,03,Dataset/3_ROI/PURE-x-UBFC-x-Tokoyo-AUG/aug_npz/PURE_03_'03-05_x1.4.npz,1935,9,0.0,64.566677,"forehead_strip,left_cheek_big,right_cheek_big",,30.001200048000594,1.00017036651894,train
PURE,'03-05_x1.6,03,Dataset/3_ROI/PURE-x-UBFC-x-Tokoyo-AUG/aug_npz/PURE_03_'03-05_x1.6.npz,1935,9,0.0,64.566677,"forehead_strip,left_cheek_big,right_cheek_big",,30.001200048000594,1.00017036651894,train
PURE,'03-05_x1.8,03,Dataset/3_ROI/PURE-x-UBFC-x-Tokoyo-AUG/aug_npz/PURE_03_'03-05_x1.8.npz,1935,9,0.0,64.566677,"forehead_strip,left_cheek_big,right_cheek_big",,30.001200048000594,1.00017036651894,train
PURE,'03-06,03,Dataset/3_ROI/PURE_RAW/03-06.npz,1950,9,0.0,65.066675,"forehead_strip,left_cheek_big,right_cheek_big",,30.001200048000594,0.9999316393530177,train
PURE,'03-06_x0.75,03,Dataset/3_ROI/PURE-x-UBFC-x-Tokoyo-AUG/aug_npz/PURE_03_'03-06_x0.75.npz,1950,9,0.0,65.066675,"forehead_strip,left_cheek_big,right_cheek_big",,30.001200048000594,0.9999316393530177,train
PURE,'03-06_x1.2,03,Dataset/3_ROI/PURE-x-UBFC-x-Tokoyo-AUG/aug_npz/PURE_03_'03-06_x1.2.npz,1950,9,0.0,65.066675,"forehead_strip,left_cheek_big,right_cheek_big",,30.001200048000594,0.9999316393530177,train
PURE,'03-06_x1.4,03,Dataset/3_ROI/PURE-x-UBFC-x-Tokoyo-AUG/aug_npz/PURE_03_'03-06_x1.4.npz,1950,9,0.0,65.066675,"forehead_strip,left_cheek_big,right_cheek_big",,30.001200048000594,0.9999316393530177,train
PURE,'03-06_x1.6,03,Dataset/3_ROI/PURE-x-UBFC-x-Tokoyo-AUG/aug_npz/PURE_03_'03-06_x1.6.npz,1950,9,0.0,65.066675,"forehead_strip,left_cheek_big,right_cheek_big",,30.001200048000594,0.9999316393530177,train
PURE,'03-06_x1.8,03,Dataset/3_ROI/PURE-x-UBFC-x-Tokoyo-AUG/aug_npz/PURE_03_'03-06_x1.8.npz,1950,9,0.0,65.066675,"forehead_strip,left_cheek_big,right_cheek_big",,30.001200048000594,0.9999316393530177,train
PURE,'04-01,04,Dataset/3_ROI/PURE_RAW/04-01.npz,1961,9,0.0,65.56667300000001,"forehead_strip,left_cheek_big,right_cheek_big",,30.001200048000594,0.9998689273131184,train
PURE,'04-01_x0.75,04,Dataset/3_ROI/PURE-x-UBFC-x-Tokoyo-AUG/aug_npz/PURE_04_'04-01_x0.75.npz,1961,9,0.0,65.56667300000001,"forehead_strip,left_cheek_big,right_cheek_big",,30.001200048000594,0.9998689273131184,train
PURE,'04-01_x1.2,04,Dataset/3_ROI/PURE-x-UBFC-x-Tokoyo-AUG/aug_npz/PURE_04_'04-01_x1.2.npz,1961,9,0.0,65.56667300000001,"forehead_strip,left_cheek_big,right_cheek_big",,30.001200048000594,0.9998689273131184,train
PURE,'04-01_x1.4,04,Dataset/3_ROI/PURE-x-UBFC-x-Tokoyo-AUG/aug_npz/PURE_04_'04-01_x1.4.npz,1961,9,0.0,65.56667300000001,"forehead_strip,left_cheek_big,right_cheek_big",,30.001200048000594,0.9998689273131184,train
PURE,'04-01_x1.6,04,Dataset/3_ROI/PURE-x-UBFC-x-Tokoyo-AUG/aug_npz/PURE_04_'04-01_x1.6.npz,1961,9,0.0,65.56667300000001,"forehead_strip,left_cheek_big,right_cheek_big",,30.001200048000594,0.9998689273131184,train
PURE,'04-01_x1.8,04,Dataset/3_ROI/PURE-x-UBFC-x-Tokoyo-AUG/aug_npz/PURE_04_'04-01_x1.8.npz,1961,9,0.0,65.56667300000001,"forehead_strip,left_cheek_big,right_cheek_big",,30.001200048000594,0.9998689273131184,train
PURE,'04-02,04,Dataset/3_ROI/PURE_RAW/04-02.npz,2026,9,0.0,67.500011,"forehead_strip,left_cheek_big,right_cheek_big",,30.001200048000594,1.0000585925830443,train
PURE,'04-02_x0.65,04,Dataset/3_ROI/PURE-x-UBFC-x-Tokoyo-AUG/aug_npz/PURE_04_'04-02_x0.65.npz,2026,9,0.0,67.500011,"forehead_strip,left_cheek_big,right_cheek_big",,30.001200048000594,1.0000585925830443,train
PURE,'04-02_x0.75,04,Dataset/3_ROI/PURE-x-UBFC-x-Tokoyo-AUG/aug_npz/PURE_04_'04-02_x0.75.npz,2026,9,0.0,67.500011,"forehead_strip,left_cheek_big,right_cheek_big",,30.001200048000594,1.0000585925830443,train
PURE,'04-02_x1.2,04,Dataset/3_ROI/PURE-x-UBFC-x-Tokoyo-AUG/aug_npz/PURE_04_'04-02_x1.2.npz,2026,9,0.0,67.500011,"forehead_strip,left_cheek_big,right_cheek_big",,30.001200048000594,1.0000585925830443,train
PURE,'04-02_x1.4,04,Dataset/3_ROI/PURE-x-UBFC-x-Tokoyo-AUG/aug_npz/PURE_04_'04-02_x1.4.npz,2026,9,0.0,67.500011,"forehead_strip,left_cheek_big,right_cheek_big",,30.001200048000594,1.0000585925830443,train
PURE,'04-02_x1.6,04,Dataset/3_ROI/PURE-x-UBFC-x-Tokoyo-AUG/aug_npz/PURE_04_'04-02_x1.6.npz,2026,9,0.0,67.500011,"forehead_strip,left_cheek_big,right_cheek_big",,30.001200048000594,1.0000585925830443,train
PURE,'04-02_x1.8,04,Dataset/3_ROI/PURE-x-UBFC-x-Tokoyo-AUG/aug_npz/PURE_04_'04-02_x1.8.npz,2026,9,0.0,67.500011,"forehead_strip,left_cheek_big,right_cheek_big",,30.001200048000594,1.0000585925830443,train
PURE,'04-03,04,Dataset/3_ROI/PURE_RAW/04-03.npz,2269,9,0.0,75.600014,"forehead_strip,left_cheek_big,right_cheek_big",,30.001200048000594,0.9996766667265432,train
PURE,'04-03_x0.65,04,Dataset/3_ROI/PURE-x-UBFC-x-Tokoyo-AUG/aug_npz/PURE_04_'04-03_x0.65.npz,2269,9,0.0,75.600014,"forehead_strip,left_cheek_big,right_cheek_big",,30.001200048000594,0.9996766667265432,train
PURE,'04-03_x0.75,04,Dataset/3_ROI/PURE-x-UBFC-x-Tokoyo-AUG/aug_npz/PURE_04_'04-03_x0.75.npz,2269,9,0.0,75.600014,"forehead_strip,left_cheek_big,right_cheek_big",,30.001200048000594,0.9996766667265432,train
PURE,'04-03_x1.2,04,Dataset/3_ROI/PURE-x-UBFC-x-Tokoyo-AUG/aug_npz/PURE_04_'04-03_x1.2.npz,2269,9,0.0,75.600014,"forehead_strip,left_cheek_big,right_cheek_big",,30.001200048000594,0.9996766667265432,train
PURE,'04-03_x1.4,04,Dataset/3_ROI/PURE-x-UBFC-x-Tokoyo-AUG/aug_npz/PURE_04_'04-03_x1.4.npz,2269,9,0.0,75.600014,"forehead_strip,left_cheek_big,right_cheek_big",,30.001200048000594,0.9996766667265432,train
PURE,'04-03_x1.6,04,Dataset/3_ROI/PURE-x-UBFC-x-Tokoyo-AUG/aug_npz/PURE_04_'04-03_x1.6.npz,2269,9,0.0,75.600014,"forehead_strip,left_cheek_big,right_cheek_big",,30.001200048000594,0.9996766667265432,train
PURE,'04-03_x1.8,04,Dataset/3_ROI/PURE-x-UBFC-x-Tokoyo-AUG/aug_npz/PURE_04_'04-03_x1.8.npz,2269,9,0.0,75.600014,"forehead_strip,left_cheek_big,right_cheek_big",,30.001200048000594,0.9996766667265432,train
PURE,'04-04,04,Dataset/3_ROI/PURE_RAW/04-04.npz,2281,9,0.0,76.00001,"forehead_strip,left_cheek_big,right_cheek_big",,30.001200048000594,1.0000654078861304,train
PURE,'04-04_x0.65,04,Dataset/3_ROI/PURE-x-UBFC-x-Tokoyo-AUG/aug_npz/PURE_04_'04-04_x0.65.npz,2281,9,0.0,76.00001,"forehead_strip,left_cheek_big,right_cheek_big",,30.001200048000594,1.0000654078861304,train
PURE,'04-04_x0.75,04,Dataset/3_ROI/PURE-x-UBFC-x-Tokoyo-AUG/aug_npz/PURE_04_'04-04_x0.75.npz,2281,9,0.0,76.00001,"forehead_strip,left_cheek_big,right_cheek_big",,30.001200048000594,1.0000654078861304,train
PURE,'04-04_x1.2,04,Dataset/3_ROI/PURE-x-UBFC-x-Tokoyo-AUG/aug_npz/PURE_04_'04-04_x1.2.npz,2281,9,0.0,76.00001,"forehead_strip,left_cheek_big,right_cheek_big",,30.001200048000594,1.0000654078861304,train
PURE,'04-04_x1.4,04,Dataset/3_ROI/PURE-x-UBFC-x-Tokoyo-AUG/aug_npz/PURE_04_'04-04_x1.4.npz,2281,9,0.0,76.00001,"forehead_strip,left_cheek_big,right_cheek_big",,30.001200048000594,1.0000654078861304,train
PURE,'04-04_x1.6,04,Dataset/3_ROI/PURE-x-UBFC-x-Tokoyo-AUG/aug_npz/PURE_04_'04-04_x1.6.npz,2281,9,0.0,76.00001,"forehead_strip,left_cheek_big,right_cheek_big",,30.001200048000594,1.0000654078861304,train
PURE,'04-04_x1.8,04,Dataset/3_ROI/PURE-x-UBFC-x-Tokoyo-AUG/aug_npz/PURE_04_'04-04_x1.8.npz,2281,9,0.0,76.00001,"forehead_strip,left_cheek_big,right_cheek_big",,30.001200048000594,1.0000654078861304,train
PURE,'04-05,04,Dataset/3_ROI/PURE_RAW/04-05.npz,1950,9,0.0,64.966679,"forehead_strip,left_cheek_big,right_cheek_big",,30.001200048000594,1.0003889840205624,train
PURE,'04-05_x0.65,04,Dataset/3_ROI/PURE-x-UBFC-x-Tokoyo-AUG/aug_npz/PURE_04_'04-05_x0.65.npz,1950,9,0.0,64.966679,"forehead_strip,left_cheek_big,right_cheek_big",,30.001200048000594,1.0003889840205624,train
PURE,'04-05_x0.75,04,Dataset/3_ROI/PURE-x-UBFC-x-Tokoyo-AUG/aug_npz/PURE_04_'04-05_x0.75.npz,1950,9,0.0,64.966679,"forehead_strip,left_cheek_big,right_cheek_big",,30.001200048000594,1.0003889840205624,train
PURE,'04-05_x1.2,04,Dataset/3_ROI/PURE-x-UBFC-x-Tokoyo-AUG/aug_npz/PURE_04_'04-05_x1.2.npz,1950,9,0.0,64.966679,"forehead_strip,left_cheek_big,right_cheek_big",,30.001200048000594,1.0003889840205624,train
PURE,'04-05_x1.4,04,Dataset/3_ROI/PURE-x-UBFC-x-Tokoyo-AUG/aug_npz/PURE_04_'04-05_x1.4.npz,1950,9,0.0,64.966679,"forehead_strip,left_cheek_big,right_cheek_big",,30.001200048000594,1.0003889840205624,train
PURE,'04-05_x1.6,04,Dataset/3_ROI/PURE-x-UBFC-x-Tokoyo-AUG/aug_npz/PURE_04_'04-05_x1.6.npz,1950,9,0.0,64.966679,"forehead_strip,left_cheek_big,right_cheek_big",,30.001200048000594,1.0003889840205624,train
PURE,'04-05_x1.8,04,Dataset/3_ROI/PURE-x-UBFC-x-Tokoyo-AUG/aug_npz/PURE_04_'04-05_x1.8.npz,1950,9,0.0,64.966679,"forehead_strip,left_cheek_big,right_cheek_big",,30.001200048000594,1.0003889840205624,train
PURE,'04-06,04,Dataset/3_ROI/PURE_RAW/04-06.npz,1962,9,0.0,65.56667300000001,"forehead_strip,left_cheek_big,right_cheek_big",,30.001200048000594,1.0001563446722392,train
PURE,'04-06_x0.65,04,Dataset/3_ROI/PURE-x-UBFC-x-Tokoyo-AUG/aug_npz/PURE_04_'04-06_x0.65.npz,1962,9,0.0,65.56667300000001,"forehead_strip,left_cheek_big,right_cheek_big",,30.001200048000594,1.0001563446722392,train
PURE,'04-06_x0.75,04,Dataset/3_ROI/PURE-x-UBFC-x-Tokoyo-AUG/aug_npz/PURE_04_'04-06_x0.75.npz,1962,9,0.0,65.56667300000001,"forehead_strip,left_cheek_big,right_cheek_big",,30.001200048000594,1.0001563446722392,train
PURE,'04-06_x1.2,04,Dataset/3_ROI/PURE-x-UBFC-x-Tokoyo-AUG/aug_npz/PURE_04_'04-06_x1.2.npz,1962,9,0.0,65.56667300000001,"forehead_strip,left_cheek_big,right_cheek_big",,30.001200048000594,1.0001563446722392,train
PURE,'04-06_x1.4,04,Dataset/3_ROI/PURE-x-UBFC-x-Tokoyo-AUG/aug_npz/PURE_04_'04-06_x1.4.npz,1962,9,0.0,65.56667300000001,"forehead_strip,left_cheek_big,right_cheek_big",,30.001200048000594,1.0001563446722392,train
PURE,'04-06_x1.6,04,Dataset/3_ROI/PURE-x-UBFC-x-Tokoyo-AUG/aug_npz/PURE_04_'04-06_x1.6.npz,1962,9,0.0,65.56667300000001,"forehead_strip,left_cheek_big,right_cheek_big",,30.001200048000594,1.0001563446722392,train
PURE,'04-06_x1.8,04,Dataset/3_ROI/PURE-x-UBFC-x-Tokoyo-AUG/aug_npz/PURE_04_'04-06_x1.8.npz,1962,9,0.0,65.56667300000001,"forehead_strip,left_cheek_big,right_cheek_big",,30.001200048000594,1.0001563446722392,train
PURE,'05-01,05,Dataset/3_ROI/PURE_RAW/05-01.npz,1984,9,0.0,66.166678,"forehead_strip,left_cheek_big,right_cheek_big",,30.001200048000594,0.999770231777391,val
PURE,'05-02,05,Dataset/3_ROI/PURE_RAW/05-02.npz,2006,9,0.0,66.833348,"forehead_strip,left_cheek_big,right_cheek_big",,30.001200048000594,1.0002187081814309,val
PURE,'05-03,05,Dataset/3_ROI/PURE_RAW/05-03.npz,2279,9,0.0,76.00001,"forehead_strip,left_cheek_big,right_cheek_big",,30.001200048000594,0.9998700921223564,val
PURE,'05-04,05,Dataset/3_ROI/PURE_RAW/05-04.npz,2311,9,0.0,77.13335000000001,"forehead_strip,left_cheek_big,right_cheek_big",,30.001200048000594,0.9998962835141998,val
PURE,'05-05,05,Dataset/3_ROI/PURE_RAW/05-05.npz,1963,9,0.0,65.433344,"forehead_strip,left_cheek_big,right_cheek_big",,30.001200048000594,0.999855165586524,val
PURE,'05-06,05,Dataset/3_ROI/PURE_RAW/05-06.npz,1961,9,0.0,65.66668,"forehead_strip,left_cheek_big,right_cheek_big",,30.001200048000594,0.9996741117412972,val
PURE,'06-01,06,Dataset/3_ROI/PURE_RAW/06-01.npz,1971,9,0.0,65.833342,"forehead_strip,left_cheek_big,right_cheek_big",,30.000300003000977,1.0001842683301725,train
PURE,'06-01_x0.75,06,Dataset/3_ROI/PURE-x-UBFC-x-Tokoyo-AUG/aug_npz/PURE_06_'06-01_x0.75.npz,1971,9,0.0,65.833342,"forehead_strip,left_cheek_big,right_cheek_big",,30.000300003000977,1.0001842683301725,train
PURE,'06-01_x1.2,06,Dataset/3_ROI/PURE-x-UBFC-x-Tokoyo-AUG/aug_npz/PURE_06_'06-01_x1.2.npz,1971,9,0.0,65.833342,"forehead_strip,left_cheek_big,right_cheek_big",,30.000300003000977,1.0001842683301725,train
PURE,'06-01_x1.4,06,Dataset/3_ROI/PURE-x-UBFC-x-Tokoyo-AUG/aug_npz/PURE_06_'06-01_x1.4.npz,1971,9,0.0,65.833342,"forehead_strip,left_cheek_big,right_cheek_big",,30.000300003000977,1.0001842683301725,train
PURE,'06-01_x1.6,06,Dataset/3_ROI/PURE-x-UBFC-x-Tokoyo-AUG/aug_npz/PURE_06_'06-01_x1.6.npz,1971,9,0.0,65.833342,"forehead_strip,left_cheek_big,right_cheek_big",,30.000300003000977,1.0001842683301725,train
PURE,'06-01_x1.8,06,Dataset/3_ROI/PURE-x-UBFC-x-Tokoyo-AUG/aug_npz/PURE_06_'06-01_x1.8.npz,1971,9,0.0,65.833342,"forehead_strip,left_cheek_big,right_cheek_big",,30.000300003000977,1.0001842683301725,train
PURE,'06-03,06,Dataset/3_ROI/PURE_RAW/06-03.npz,2269,9,0.0,75.600015,"forehead_strip,left_cheek_big,right_cheek_big",,30.000300003000977,0.9999953703712888,train
PURE,'06-03_x0.65,06,Dataset/3_ROI/PURE-x-UBFC-x-Tokoyo-AUG/aug_npz/PURE_06_'06-03_x0.65.npz,2269,9,0.0,75.600015,"forehead_strip,left_cheek_big,right_cheek_big",,30.000300003000977,0.9999953703712888,train
PURE,'06-03_x0.75,06,Dataset/3_ROI/PURE-x-UBFC-x-Tokoyo-AUG/aug_npz/PURE_06_'06-03_x0.75.npz,2269,9,0.0,75.600015,"forehead_strip,left_cheek_big,right_cheek_big",,30.000300003000977,0.9999953703712888,train
PURE,'06-03_x1.2,06,Dataset/3_ROI/PURE-x-UBFC-x-Tokoyo-AUG/aug_npz/PURE_06_'06-03_x1.2.npz,2269,9,0.0,75.600015,"forehead_strip,left_cheek_big,right_cheek_big",,30.000300003000977,0.9999953703712888,train
PURE,'06-03_x1.4,06,Dataset/3_ROI/PURE-x-UBFC-x-Tokoyo-AUG/aug_npz/PURE_06_'06-03_x1.4.npz,2269,9,0.0,75.600015,"forehead_strip,left_cheek_big,right_cheek_big",,30.000300003000977,0.9999953703712888,train
PURE,'06-03_x1.6,06,Dataset/3_ROI/PURE-x-UBFC-x-Tokoyo-AUG/aug_npz/PURE_06_'06-03_x1.6.npz,2269,9,0.0,75.600015,"forehead_strip,left_cheek_big,right_cheek_big",,30.000300003000977,0.9999953703712888,train
PURE,'06-03_x1.8,06,Dataset/3_ROI/PURE-x-UBFC-x-Tokoyo-AUG/aug_npz/PURE_06_'06-03_x1.8.npz,2269,9,0.0,75.600015,"forehead_strip,left_cheek_big,right_cheek_big",,30.000300003000977,0.9999953703712888,train
PURE,'06-04,06,Dataset/3_ROI/PURE_RAW/06-04.npz,2278,9,0.0,75.90000900000001,"forehead_strip,left_cheek_big,right_cheek_big",,30.000300003000977,0.9996134914819312,train
PURE,'06-04_x0.55,06,Dataset/3_ROI/PURE-x-UBFC-x-Tokoyo-AUG/aug_npz/PURE_06_'06-04_x0.55.npz,2278,9,0.0,75.90000900000001,"forehead_strip,left_cheek_big,right_cheek_big",,30.000300003000977,0.9996134914819312,train
PURE,'06-04_x0.65,06,Dataset/3_ROI/PURE-x-UBFC-x-Tokoyo-AUG/aug_npz/PURE_06_'06-04_x0.65.npz,2278,9,0.0,75.90000900000001,"forehead_strip,left_cheek_big,right_cheek_big",,30.000300003000977,0.9996134914819312,train
PURE,'06-04_x0.75,06,Dataset/3_ROI/PURE-x-UBFC-x-Tokoyo-AUG/aug_npz/PURE_06_'06-04_x0.75.npz,2278,9,0.0,75.90000900000001,"forehead_strip,left_cheek_big,right_cheek_big",,30.000300003000977,0.9996134914819312,train
PURE,'06-04_x1.2,06,Dataset/3_ROI/PURE-x-UBFC-x-Tokoyo-AUG/aug_npz/PURE_06_'06-04_x1.2.npz,2278,9,0.0,75.90000900000001,"forehead_strip,left_cheek_big,right_cheek_big",,30.000300003000977,0.9996134914819312,train
PURE,'06-04_x1.4,06,Dataset/3_ROI/PURE-x-UBFC-x-Tokoyo-AUG/aug_npz/PURE_06_'06-04_x1.4.npz,2278,9,0.0,75.90000900000001,"forehead_strip,left_cheek_big,right_cheek_big",,30.000300003000977,0.9996134914819312,train
PURE,'06-04_x1.6,06,Dataset/3_ROI/PURE-x-UBFC-x-Tokoyo-AUG/aug_npz/PURE_06_'06-04_x1.6.npz,2278,9,0.0,75.90000900000001,"forehead_strip,left_cheek_big,right_cheek_big",,30.000300003000977,0.9996134914819312,train
PURE,'06-04_x1.8,06,Dataset/3_ROI/PURE-x-UBFC-x-Tokoyo-AUG/aug_npz/PURE_06_'06-04_x1.8.npz,2278,9,0.0,75.90000900000001,"forehead_strip,left_cheek_big,right_cheek_big",,30.000300003000977,0.9996134914819312,train
PURE,'06-05,06,Dataset/3_ROI/PURE_RAW/06-05.npz,1959,9,0.0,65.266688,"forehead_strip,left_cheek_big,right_cheek_big",,30.000300003000977,0.9997133147004488,train
PURE,'06-05_x0.65,06,Dataset/3_ROI/PURE-x-UBFC-x-Tokoyo-AUG/aug_npz/PURE_06_'06-05_x0.65.npz,1959,9,0.0,65.266688,"forehead_strip,left_cheek_big,right_cheek_big",,30.000300003000977,0.9997133147004488,train
PURE,'06-05_x0.75,06,Dataset/3_ROI/PURE-x-UBFC-x-Tokoyo-AUG/aug_npz/PURE_06_'06-05_x0.75.npz,1959,9,0.0,65.266688,"forehead_strip,left_cheek_big,right_cheek_big",,30.000300003000977,0.9997133147004488,train
PURE,'06-05_x1.2,06,Dataset/3_ROI/PURE-x-UBFC-x-Tokoyo-AUG/aug_npz/PURE_06_'06-05_x1.2.npz,1959,9,0.0,65.266688,"forehead_strip,left_cheek_big,right_cheek_big",,30.000300003000977,0.9997133147004488,train
PURE,'06-05_x1.4,06,Dataset/3_ROI/PURE-x-UBFC-x-Tokoyo-AUG/aug_npz/PURE_06_'06-05_x1.4.npz,1959,9,0.0,65.266688,"forehead_strip,left_cheek_big,right_cheek_big",,30.000300003000977,0.9997133147004488,train
PURE,'06-05_x1.6,06,Dataset/3_ROI/PURE-x-UBFC-x-Tokoyo-AUG/aug_npz/PURE_06_'06-05_x1.6.npz,1959,9,0.0,65.266688,"forehead_strip,left_cheek_big,right_cheek_big",,30.000300003000977,0.9997133147004488,train
PURE,'06-05_x1.8,06,Dataset/3_ROI/PURE-x-UBFC-x-Tokoyo-AUG/aug_npz/PURE_06_'06-05_x1.8.npz,1959,9,0.0,65.266688,"forehead_strip,left_cheek_big,right_cheek_big",,30.000300003000977,0.9997133147004488,train
PURE,'06-06,06,Dataset/3_ROI/PURE_RAW/06-06.npz,1969,9,0.0,65.600014,"forehead_strip,left_cheek_big,right_cheek_big",,30.000300003000977,1.0003977285736556,train
PURE,'06-06_x0.65,06,Dataset/3_ROI/PURE-x-UBFC-x-Tokoyo-AUG/aug_npz/PURE_06_'06-06_x0.65.npz,1969,9,0.0,65.600014,"forehead_strip,left_cheek_big,right_cheek_big",,30.000300003000977,1.0003977285736556,train
PURE,'06-06_x0.75,06,Dataset/3_ROI/PURE-x-UBFC-x-Tokoyo-AUG/aug_npz/PURE_06_'06-06_x0.75.npz,1969,9,0.0,65.600014,"forehead_strip,left_cheek_big,right_cheek_big",,30.000300003000977,1.0003977285736556,train
PURE,'06-06_x1.2,06,Dataset/3_ROI/PURE-x-UBFC-x-Tokoyo-AUG/aug_npz/PURE_06_'06-06_x1.2.npz,1969,9,0.0,65.600014,"forehead_strip,left_cheek_big,right_cheek_big",,30.000300003000977,1.0003977285736556,train
PURE,'06-06_x1.4,06,Dataset/3_ROI/PURE-x-UBFC-x-Tokoyo-AUG/aug_npz/PURE_06_'06-06_x1.4.npz,1969,9,0.0,65.600014,"forehead_strip,left_cheek_big,right_cheek_big",,30.000300003000977,1.0003977285736556,train
PURE,'06-06_x1.6,06,Dataset/3_ROI/PURE-x-UBFC-x-Tokoyo-AUG/aug_npz/PURE_06_'06-06_x1.6.npz,1969,9,0.0,65.600014,"forehead_strip,left_cheek_big,right_cheek_big",,30.000300003000977,1.0003977285736556,train
PURE,'06-06_x1.8,06,Dataset/3_ROI/PURE-x-UBFC-x-Tokoyo-AUG/aug_npz/PURE_06_'06-06_x1.8.npz,1969,9,0.0,65.600014,"forehead_strip,left_cheek_big,right_cheek_big",,30.000300003000977,1.0003977285736556,train
PURE,'07-01,07,Dataset/3_ROI/PURE_RAW/07-01.npz,1954,9,0.0,65.399991,"forehead_strip,left_cheek_big,right_cheek_big",,29.99040307101764,0.9997062537822062,train
PURE,'07-01_x0.55,07,Dataset/3_ROI/PURE-x-UBFC-x-Tokoyo-AUG/aug_npz/PURE_07_'07-01_x0.55.npz,1954,9,0.0,65.399991,"forehead_strip,left_cheek_big,right_cheek_big",,29.99040307101764,0.9997062537822062,train
PURE,'07-01_x0.65,07,Dataset/3_ROI/PURE-x-UBFC-x-Tokoyo-AUG/aug_npz/PURE_07_'07-01_x0.65.npz,1954,9,0.0,65.399991,"forehead_strip,left_cheek_big,right_cheek_big",,29.99040307101764,0.9997062537822062,train
PURE,'07-01_x0.75,07,Dataset/3_ROI/PURE-x-UBFC-x-Tokoyo-AUG/aug_npz/PURE_07_'07-01_x0.75.npz,1954,9,0.0,65.399991,"forehead_strip,left_cheek_big,right_cheek_big",,29.99040307101764,0.9997062537822062,train
PURE,'07-01_x1.2,07,Dataset/3_ROI/PURE-x-UBFC-x-Tokoyo-AUG/aug_npz/PURE_07_'07-01_x1.2.npz,1954,9,0.0,65.399991,"forehead_strip,left_cheek_big,right_cheek_big",,29.99040307101764,0.9997062537822062,train
PURE,'07-01_x1.4,07,Dataset/3_ROI/PURE-x-UBFC-x-Tokoyo-AUG/aug_npz/PURE_07_'07-01_x1.4.npz,1954,9,0.0,65.399991,"forehead_strip,left_cheek_big,right_cheek_big",,29.99040307101764,0.9997062537822062,train
PURE,'07-02,07,Dataset/3_ROI/PURE_RAW/07-02.npz,2108,9,0.0,70.23334200000001,"forehead_strip,left_cheek_big,right_cheek_big",,29.99040307101764,0.9998665448669664,train
PURE,'07-02_x0.55,07,Dataset/3_ROI/PURE-x-UBFC-x-Tokoyo-AUG/aug_npz/PURE_07_'07-02_x0.55.npz,2108,9,0.0,70.23334200000001,"forehead_strip,left_cheek_big,right_cheek_big",,29.99040307101764,0.9998665448669664,train
PURE,'07-02_x0.65,07,Dataset/3_ROI/PURE-x-UBFC-x-Tokoyo-AUG/aug_npz/PURE_07_'07-02_x0.65.npz,2108,9,0.0,70.23334200000001,"forehead_strip,left_cheek_big,right_cheek_big",,29.99040307101764,0.9998665448669664,train
PURE,'07-02_x0.75,07,Dataset/3_ROI/PURE-x-UBFC-x-Tokoyo-AUG/aug_npz/PURE_07_'07-02_x0.75.npz,2108,9,0.0,70.23334200000001,"forehead_strip,left_cheek_big,right_cheek_big",,29.99040307101764,0.9998665448669664,train
PURE,'07-02_x1.2,07,Dataset/3_ROI/PURE-x-UBFC-x-Tokoyo-AUG/aug_npz/PURE_07_'07-02_x1.2.npz,2108,9,0.0,70.23334200000001,"forehead_strip,left_cheek_big,right_cheek_big",,29.99040307101764,0.9998665448669664,train
PURE,'07-03,07,Dataset/3_ROI/PURE_RAW/07-03.npz,2257,9,0.0,75.200007,"forehead_strip,left_cheek_big,right_cheek_big",,29.99040307101764,0.9999994547872848,train
PURE,'07-03_x0.55,07,Dataset/3_ROI/PURE-x-UBFC-x-Tokoyo-AUG/aug_npz/PURE_07_'07-03_x0.55.npz,2257,9,0.0,75.200007,"forehead_strip,left_cheek_big,right_cheek_big",,29.99040307101764,0.9999994547872848,train
PURE,'07-03_x0.65,07,Dataset/3_ROI/PURE-x-UBFC-x-Tokoyo-AUG/aug_npz/PURE_07_'07-03_x0.65.npz,2257,9,0.0,75.200007,"forehead_strip,left_cheek_big,right_cheek_big",,29.99040307101764,0.9999994547872848,train
PURE,'07-03_x0.75,07,Dataset/3_ROI/PURE-x-UBFC-x-Tokoyo-AUG/aug_npz/PURE_07_'07-03_x0.75.npz,2257,9,0.0,75.200007,"forehead_strip,left_cheek_big,right_cheek_big",,29.99040307101764,0.9999994547872848,train
PURE,'07-03_x1.2,07,Dataset/3_ROI/PURE-x-UBFC-x-Tokoyo-AUG/aug_npz/PURE_07_'07-03_x1.2.npz,2257,9,0.0,75.200007,"forehead_strip,left_cheek_big,right_cheek_big",,29.99040307101764,0.9999994547872848,train
PURE,'07-03_x1.4,07,Dataset/3_ROI/PURE-x-UBFC-x-Tokoyo-AUG/aug_npz/PURE_07_'07-03_x1.4.npz,2257,9,0.0,75.200007,"forehead_strip,left_cheek_big,right_cheek_big",,29.99040307101764,0.9999994547872848,train
PURE,'07-04,07,Dataset/3_ROI/PURE_RAW/07-04.npz,2270,9,0.0,75.966684,"forehead_strip,left_cheek_big,right_cheek_big",,29.99040307101764,1.0001029003714312,train
PURE,'07-04_x0.55,07,Dataset/3_ROI/PURE-x-UBFC-x-Tokoyo-AUG/aug_npz/PURE_07_'07-04_x0.55.npz,2270,9,0.0,75.966684,"forehead_strip,left_cheek_big,right_cheek_big",,29.99040307101764,1.0001029003714312,train
PURE,'07-04_x0.65,07,Dataset/3_ROI/PURE-x-UBFC-x-Tokoyo-AUG/aug_npz/PURE_07_'07-04_x0.65.npz,2270,9,0.0,75.966684,"forehead_strip,left_cheek_big,right_cheek_big",,29.99040307101764,1.0001029003714312,train
PURE,'07-04_x0.75,07,Dataset/3_ROI/PURE-x-UBFC-x-Tokoyo-AUG/aug_npz/PURE_07_'07-04_x0.75.npz,2270,9,0.0,75.966684,"forehead_strip,left_cheek_big,right_cheek_big",,29.99040307101764,1.0001029003714312,train
PURE,'07-04_x1.2,07,Dataset/3_ROI/PURE-x-UBFC-x-Tokoyo-AUG/aug_npz/PURE_07_'07-04_x1.2.npz,2270,9,0.0,75.966684,"forehead_strip,left_cheek_big,right_cheek_big",,29.99040307101764,1.0001029003714312,train
PURE,'07-04_x1.4,07,Dataset/3_ROI/PURE-x-UBFC-x-Tokoyo-AUG/aug_npz/PURE_07_'07-04_x1.4.npz,2270,9,0.0,75.966684,"forehead_strip,left_cheek_big,right_cheek_big",,29.99040307101764,1.0001029003714312,train
PURE,'07-05,07,Dataset/3_ROI/PURE_RAW/07-05.npz,1942,9,0.0,64.700004,"forehead_strip,left_cheek_big,right_cheek_big",,29.99040307101764,1.0002584853008665,train
PURE,'07-05_x0.55,07,Dataset/3_ROI/PURE-x-UBFC-x-Tokoyo-AUG/aug_npz/PURE_07_'07-05_x0.55.npz,1942,9,0.0,64.700004,"forehead_strip,left_cheek_big,right_cheek_big",,29.99040307101764,1.0002584853008665,train
PURE,'07-05_x0.65,07,Dataset/3_ROI/PURE-x-UBFC-x-Tokoyo-AUG/aug_npz/PURE_07_'07-05_x0.65.npz,1942,9,0.0,64.700004,"forehead_strip,left_cheek_big,right_cheek_big",,29.99040307101764,1.0002584853008665,train
PURE,'07-05_x0.75,07,Dataset/3_ROI/PURE-x-UBFC-x-Tokoyo-AUG/aug_npz/PURE_07_'07-05_x0.75.npz,1942,9,0.0,64.700004,"forehead_strip,left_cheek_big,right_cheek_big",,29.99040307101764,1.0002584853008665,train
PURE,'07-05_x1.2,07,Dataset/3_ROI/PURE-x-UBFC-x-Tokoyo-AUG/aug_npz/PURE_07_'07-05_x1.2.npz,1942,9,0.0,64.700004,"forehead_strip,left_cheek_big,right_cheek_big",,29.99040307101764,1.0002584853008665,train
PURE,'07-06,07,Dataset/3_ROI/PURE_RAW/07-06.npz,1960,9,0.0,65.30002,"forehead_strip,left_cheek_big,right_cheek_big",,29.99040307101764,1.000183522148998,train
PURE,'07-06_x0.55,07,Dataset/3_ROI/PURE-x-UBFC-x-Tokoyo-AUG/aug_npz/PURE_07_'07-06_x0.55.npz,1960,9,0.0,65.30002,"forehead_strip,left_cheek_big,right_cheek_big",,29.99040307101764,1.000183522148998,train
PURE,'07-06_x0.65,07,Dataset/3_ROI/PURE-x-UBFC-x-Tokoyo-AUG/aug_npz/PURE_07_'07-06_x0.65.npz,1960,9,0.0,65.30002,"forehead_strip,left_cheek_big,right_cheek_big",,29.99040307101764,1.000183522148998,train
PURE,'07-06_x0.75,07,Dataset/3_ROI/PURE-x-UBFC-x-Tokoyo-AUG/aug_npz/PURE_07_'07-06_x0.75.npz,1960,9,0.0,65.30002,"forehead_strip,left_cheek_big,right_cheek_big",,29.99040307101764,1.000183522148998,train
PURE,'07-06_x1.2,07,Dataset/3_ROI/PURE-x-UBFC-x-Tokoyo-AUG/aug_npz/PURE_07_'07-06_x1.2.npz,1960,9,0.0,65.30002,"forehead_strip,left_cheek_big,right_cheek_big",,29.99040307101764,1.000183522148998,train
PURE,'08-01,08,Dataset/3_ROI/PURE_RAW/08-01.npz,1963,9,0.0,65.400017,"forehead_strip,left_cheek_big,right_cheek_big",,30.000300003000977,1.0003663607610378,train
PURE,'08-01_x1.2,08,Dataset/3_ROI/PURE-x-UBFC-x-Tokoyo-AUG/aug_npz/PURE_08_'08-01_x1.2.npz,1963,9,0.0,65.400017,"forehead_strip,left_cheek_big,right_cheek_big",,30.000300003000977,1.0003663607610378,train
PURE,'08-01_x1.4,08,Dataset/3_ROI/PURE-x-UBFC-x-Tokoyo-AUG/aug_npz/PURE_08_'08-01_x1.4.npz,1963,9,0.0,65.400017,"forehead_strip,left_cheek_big,right_cheek_big",,30.000300003000977,1.0003663607610378,train
PURE,'08-01_x1.6,08,Dataset/3_ROI/PURE-x-UBFC-x-Tokoyo-AUG/aug_npz/PURE_08_'08-01_x1.6.npz,1963,9,0.0,65.400017,"forehead_strip,left_cheek_big,right_cheek_big",,30.000300003000977,1.0003663607610378,train
PURE,'08-01_x1.8,08,Dataset/3_ROI/PURE-x-UBFC-x-Tokoyo-AUG/aug_npz/PURE_08_'08-01_x1.8.npz,1963,9,0.0,65.400017,"forehead_strip,left_cheek_big,right_cheek_big",,30.000300003000977,1.0003663607610378,train
PURE,'08-02,08,Dataset/3_ROI/PURE_RAW/08-02.npz,1978,9,0.0,65.966672,"forehead_strip,left_cheek_big,right_cheek_big",,30.000300003000977,1.0004030065363916,train
PURE,'08-02_x0.75,08,Dataset/3_ROI/PURE-x-UBFC-x-Tokoyo-AUG/aug_npz/PURE_08_'08-02_x0.75.npz,1978,9,0.0,65.966672,"forehead_strip,left_cheek_big,right_cheek_big",,30.000300003000977,1.0004030065363916,train
PURE,'08-02_x1.2,08,Dataset/3_ROI/PURE-x-UBFC-x-Tokoyo-AUG/aug_npz/PURE_08_'08-02_x1.2.npz,1978,9,0.0,65.966672,"forehead_strip,left_cheek_big,right_cheek_big",,30.000300003000977,1.0004030065363916,train
PURE,'08-02_x1.4,08,Dataset/3_ROI/PURE-x-UBFC-x-Tokoyo-AUG/aug_npz/PURE_08_'08-02_x1.4.npz,1978,9,0.0,65.966672,"forehead_strip,left_cheek_big,right_cheek_big",,30.000300003000977,1.0004030065363916,train
PURE,'08-02_x1.6,08,Dataset/3_ROI/PURE-x-UBFC-x-Tokoyo-AUG/aug_npz/PURE_08_'08-02_x1.6.npz,1978,9,0.0,65.966672,"forehead_strip,left_cheek_big,right_cheek_big",,30.000300003000977,1.0004030065363916,train
PURE,'08-02_x1.8,08,Dataset/3_ROI/PURE-x-UBFC-x-Tokoyo-AUG/aug_npz/PURE_08_'08-02_x1.8.npz,1978,9,0.0,65.966672,"forehead_strip,left_cheek_big,right_cheek_big",,30.000300003000977,1.0004030065363916,train
PURE,'08-03,08,Dataset/3_ROI/PURE_RAW/08-03.npz,2259,9,0.0,75.466685,"forehead_strip,left_cheek_big,right_cheek_big",,30.000300003000977,1.0000020141337864,train
PURE,'08-03_x1.2,08,Dataset/3_ROI/PURE-x-UBFC-x-Tokoyo-AUG/aug_npz/PURE_08_'08-03_x1.2.npz,2259,9,0.0,75.466685,"forehead_strip,left_cheek_big,right_cheek_big",,30.000300003000977,1.0000020141337864,train
PURE,'08-03_x1.4,08,Dataset/3_ROI/PURE-x-UBFC-x-Tokoyo-AUG/aug_npz/PURE_08_'08-03_x1.4.npz,2259,9,0.0,75.466685,"forehead_strip,left_cheek_big,right_cheek_big",,30.000300003000977,1.0000020141337864,train
PURE,'08-03_x1.6,08,Dataset/3_ROI/PURE-x-UBFC-x-Tokoyo-AUG/aug_npz/PURE_08_'08-03_x1.6.npz,2259,9,0.0,75.466685,"forehead_strip,left_cheek_big,right_cheek_big",,30.000300003000977,1.0000020141337864,train
PURE,'08-03_x1.8,08,Dataset/3_ROI/PURE-x-UBFC-x-Tokoyo-AUG/aug_npz/PURE_08_'08-03_x1.8.npz,2259,9,0.0,75.466685,"forehead_strip,left_cheek_big,right_cheek_big",,30.000300003000977,1.0000020141337864,train
PURE,'08-04,08,Dataset/3_ROI/PURE_RAW/08-04.npz,2297,9,0.0,76.533359,"forehead_strip,left_cheek_big,right_cheek_big",,30.000300003000977,1.0001386062252933,train
PURE,'08-04_x1.2,08,Dataset/3_ROI/PURE-x-UBFC-x-Tokoyo-AUG/aug_npz/PURE_08_'08-04_x1.2.npz,2297,9,0.0,76.533359,"forehead_strip,left_cheek_big,right_cheek_big",,30.000300003000977,1.0001386062252933,train
PURE,'08-04_x1.4,08,Dataset/3_ROI/PURE-x-UBFC-x-Tokoyo-AUG/aug_npz/PURE_08_'08-04_x1.4.npz,2297,9,0.0,76.533359,"forehead_strip,left_cheek_big,right_cheek_big",,30.000300003000977,1.0001386062252933,train
PURE,'08-04_x1.6,08,Dataset/3_ROI/PURE-x-UBFC-x-Tokoyo-AUG/aug_npz/PURE_08_'08-04_x1.6.npz,2297,9,0.0,76.533359,"forehead_strip,left_cheek_big,right_cheek_big",,30.000300003000977,1.0001386062252933,train
PURE,'08-04_x1.8,08,Dataset/3_ROI/PURE-x-UBFC-x-Tokoyo-AUG/aug_npz/PURE_08_'08-04_x1.8.npz,2297,9,0.0,76.533359,"forehead_strip,left_cheek_big,right_cheek_big",,30.000300003000977,1.0001386062252933,train
PURE,'08-05,08,Dataset/3_ROI/PURE_RAW/08-05.npz,1951,9,0.0,65.066692,"forehead_strip,left_cheek_big,right_cheek_big",,30.000300003000977,0.9997816701669726,train
PURE,'08-05_x1.2,08,Dataset/3_ROI/PURE-x-UBFC-x-Tokoyo-AUG/aug_npz/PURE_08_'08-05_x1.2.npz,1951,9,0.0,65.066692,"forehead_strip,left_cheek_big,right_cheek_big",,30.000300003000977,0.9997816701669726,train
PURE,'08-05_x1.4,08,Dataset/3_ROI/PURE-x-UBFC-x-Tokoyo-AUG/aug_npz/PURE_08_'08-05_x1.4.npz,1951,9,0.0,65.066692,"forehead_strip,left_cheek_big,right_cheek_big",,30.000300003000977,0.9997816701669726,train
PURE,'08-05_x1.6,08,Dataset/3_ROI/PURE-x-UBFC-x-Tokoyo-AUG/aug_npz/PURE_08_'08-05_x1.6.npz,1951,9,0.0,65.066692,"forehead_strip,left_cheek_big,right_cheek_big",,30.000300003000977,0.9997816701669726,train
PURE,'08-05_x1.8,08,Dataset/3_ROI/PURE-x-UBFC-x-Tokoyo-AUG/aug_npz/PURE_08_'08-05_x1.8.npz,1951,9,0.0,65.066692,"forehead_strip,left_cheek_big,right_cheek_big",,30.000300003000977,0.9997816701669726,train
PURE,'08-06,08,Dataset/3_ROI/PURE_RAW/08-06.npz,1964,9,0.0,65.433351,"forehead_strip,left_cheek_big,right_cheek_big",,30.000300003000977,0.9996151351013643,train
PURE,'08-06_x1.2,08,Dataset/3_ROI/PURE-x-UBFC-x-Tokoyo-AUG/aug_npz/PURE_08_'08-06_x1.2.npz,1964,9,0.0,65.433351,"forehead_strip,left_cheek_big,right_cheek_big",,30.000300003000977,0.9996151351013643,train
PURE,'08-06_x1.4,08,Dataset/3_ROI/PURE-x-UBFC-x-Tokoyo-AUG/aug_npz/PURE_08_'08-06_x1.4.npz,1964,9,0.0,65.433351,"forehead_strip,left_cheek_big,right_cheek_big",,30.000300003000977,0.9996151351013643,train
PURE,'08-06_x1.6,08,Dataset/3_ROI/PURE-x-UBFC-x-Tokoyo-AUG/aug_npz/PURE_08_'08-06_x1.6.npz,1964,9,0.0,65.433351,"forehead_strip,left_cheek_big,right_cheek_big",,30.000300003000977,0.9996151351013643,train
PURE,'08-06_x1.8,08,Dataset/3_ROI/PURE-x-UBFC-x-Tokoyo-AUG/aug_npz/PURE_08_'08-06_x1.8.npz,1964,9,0.0,65.433351,"forehead_strip,left_cheek_big,right_cheek_big",,30.000300003000977,0.9996151351013643,train
PURE,'09-01,09,Dataset/3_ROI/PURE_RAW/09-01.npz,1965,9,0.0,65.46665300000001,"forehead_strip,left_cheek_big,right_cheek_big",,30.000300003000977,1.0000815071453248,train
PURE,'09-01_x1.2,09,Dataset/3_ROI/PURE-x-UBFC-x-Tokoyo-AUG/aug_npz/PURE_09_'09-01_x1.2.npz,1965,9,0.0,65.46665300000001,"forehead_strip,left_cheek_big,right_cheek_big",,30.000300003000977,1.0000815071453248,train
PURE,'09-01_x1.4,09,Dataset/3_ROI/PURE-x-UBFC-x-Tokoyo-AUG/aug_npz/PURE_09_'09-01_x1.4.npz,1965,9,0.0,65.46665300000001,"forehead_strip,left_cheek_big,right_cheek_big",,30.000300003000977,1.0000815071453248,train
PURE,'09-01_x1.6,09,Dataset/3_ROI/PURE-x-UBFC-x-Tokoyo-AUG/aug_npz/PURE_09_'09-01_x1.6.npz,1965,9,0.0,65.46665300000001,"forehead_strip,left_cheek_big,right_cheek_big",,30.000300003000977,1.0000815071453248,train
PURE,'09-01_x1.8,09,Dataset/3_ROI/PURE-x-UBFC-x-Tokoyo-AUG/aug_npz/PURE_09_'09-01_x1.8.npz,1965,9,0.0,65.46665300000001,"forehead_strip,left_cheek_big,right_cheek_big",,30.000300003000977,1.0000815071453248,train
PURE,'09-02,09,Dataset/3_ROI/PURE_RAW/09-02.npz,2017,9,0.0,67.20001,"forehead_strip,left_cheek_big,right_cheek_big",,30.000300003000977,0.99999912202394,train
PURE,'09-02_x1.2,09,Dataset/3_ROI/PURE-x-UBFC-x-Tokoyo-AUG/aug_npz/PURE_09_'09-02_x1.2.npz,2017,9,0.0,67.20001,"forehead_strip,left_cheek_big,right_cheek_big",,30.000300003000977,0.99999912202394,train
PURE,'09-02_x1.4,09,Dataset/3_ROI/PURE-x-UBFC-x-Tokoyo-AUG/aug_npz/PURE_09_'09-02_x1.4.npz,2017,9,0.0,67.20001,"forehead_strip,left_cheek_big,right_cheek_big",,30.000300003000977,0.99999912202394,train
PURE,'09-02_x1.6,09,Dataset/3_ROI/PURE-x-UBFC-x-Tokoyo-AUG/aug_npz/PURE_09_'09-02_x1.6.npz,2017,9,0.0,67.20001,"forehead_strip,left_cheek_big,right_cheek_big",,30.000300003000977,0.99999912202394,train
PURE,'09-02_x1.8,09,Dataset/3_ROI/PURE-x-UBFC-x-Tokoyo-AUG/aug_npz/PURE_09_'09-02_x1.8.npz,2017,9,0.0,67.20001,"forehead_strip,left_cheek_big,right_cheek_big",,30.000300003000977,0.99999912202394,train
PURE,'09-03,09,Dataset/3_ROI/PURE_RAW/09-03.npz,2285,9,0.0,76.13333800000001,"forehead_strip,left_cheek_big,right_cheek_big",,30.000300003000977,1.000349938682578,train
PURE,'09-03_x1.2,09,Dataset/3_ROI/PURE-x-UBFC-x-Tokoyo-AUG/aug_npz/PURE_09_'09-03_x1.2.npz,2285,9,0.0,76.13333800000001,"forehead_strip,left_cheek_big,right_cheek_big",,30.000300003000977,1.000349938682578,train
PURE,'09-03_x1.4,09,Dataset/3_ROI/PURE-x-UBFC-x-Tokoyo-AUG/aug_npz/PURE_09_'09-03_x1.4.npz,2285,9,0.0,76.13333800000001,"forehead_strip,left_cheek_big,right_cheek_big",,30.000300003000977,1.000349938682578,train
PURE,'09-03_x1.6,09,Dataset/3_ROI/PURE-x-UBFC-x-Tokoyo-AUG/aug_npz/PURE_09_'09-03_x1.6.npz,2285,9,0.0,76.13333800000001,"forehead_strip,left_cheek_big,right_cheek_big",,30.000300003000977,1.000349938682578,train
PURE,'09-03_x1.8,09,Dataset/3_ROI/PURE-x-UBFC-x-Tokoyo-AUG/aug_npz/PURE_09_'09-03_x1.8.npz,2285,9,0.0,76.13333800000001,"forehead_strip,left_cheek_big,right_cheek_big",,30.000300003000977,1.000349938682578,train
PURE,'09-04,09,Dataset/3_ROI/PURE_RAW/09-04.npz,2579,9,0.0,85.93334300000001,"forehead_strip,left_cheek_big,right_cheek_big",,30.000300003000977,1.0001369084407667,train
PURE,'09-04_x1.2,09,Dataset/3_ROI/PURE-x-UBFC-x-Tokoyo-AUG/aug_npz/PURE_09_'09-04_x1.2.npz,2579,9,0.0,85.93334300000001,"forehead_strip,left_cheek_big,right_cheek_big",,30.000300003000977,1.0001369084407667,train
PURE,'09-04_x1.4,09,Dataset/3_ROI/PURE-x-UBFC-x-Tokoyo-AUG/aug_npz/PURE_09_'09-04_x1.4.npz,2579,9,0.0,85.93334300000001,"forehead_strip,left_cheek_big,right_cheek_big",,30.000300003000977,1.0001369084407667,train
PURE,'09-04_x1.6,09,Dataset/3_ROI/PURE-x-UBFC-x-Tokoyo-AUG/aug_npz/PURE_09_'09-04_x1.6.npz,2579,9,0.0,85.93334300000001,"forehead_strip,left_cheek_big,right_cheek_big",,30.000300003000977,1.0001369084407667,train
PURE,'09-04_x1.8,09,Dataset/3_ROI/PURE-x-UBFC-x-Tokoyo-AUG/aug_npz/PURE_09_'09-04_x1.8.npz,2579,9,0.0,85.93334300000001,"forehead_strip,left_cheek_big,right_cheek_big",,30.000300003000977,1.0001369084407667,train
PURE,'09-05,09,Dataset/3_ROI/PURE_RAW/09-05.npz,1962,9,0.0,65.366685,"forehead_strip,left_cheek_big,right_cheek_big",,30.000300003000977,1.000156348757781,train
PURE,'09-05_x1.2,09,Dataset/3_ROI/PURE-x-UBFC-x-Tokoyo-AUG/aug_npz/PURE_09_'09-05_x1.2.npz,1962,9,0.0,65.366685,"forehead_strip,left_cheek_big,right_cheek_big",,30.000300003000977,1.000156348757781,train
PURE,'09-05_x1.4,09,Dataset/3_ROI/PURE-x-UBFC-x-Tokoyo-AUG/aug_npz/PURE_09_'09-05_x1.4.npz,1962,9,0.0,65.366685,"forehead_strip,left_cheek_big,right_cheek_big",,30.000300003000977,1.000156348757781,train
PURE,'09-05_x1.6,09,Dataset/3_ROI/PURE-x-UBFC-x-Tokoyo-AUG/aug_npz/PURE_09_'09-05_x1.6.npz,1962,9,0.0,65.366685,"forehead_strip,left_cheek_big,right_cheek_big",,30.000300003000977,1.000156348757781,train
PURE,'09-05_x1.8,09,Dataset/3_ROI/PURE-x-UBFC-x-Tokoyo-AUG/aug_npz/PURE_09_'09-05_x1.8.npz,1962,9,0.0,65.366685,"forehead_strip,left_cheek_big,right_cheek_big",,30.000300003000977,1.000156348757781,train
PURE,'09-06,09,Dataset/3_ROI/PURE_RAW/09-06.npz,1983,9,0.0,66.06667,"forehead_strip,left_cheek_big,right_cheek_big",,30.000300003000977,0.9999584056529564,train
PURE,'09-06_x1.2,09,Dataset/3_ROI/PURE-x-UBFC-x-Tokoyo-AUG/aug_npz/PURE_09_'09-06_x1.2.npz,1983,9,0.0,66.06667,"forehead_strip,left_cheek_big,right_cheek_big",,30.000300003000977,0.9999584056529564,train
PURE,'09-06_x1.4,09,Dataset/3_ROI/PURE-x-UBFC-x-Tokoyo-AUG/aug_npz/PURE_09_'09-06_x1.4.npz,1983,9,0.0,66.06667,"forehead_strip,left_cheek_big,right_cheek_big",,30.000300003000977,0.9999584056529564,train
PURE,'09-06_x1.6,09,Dataset/3_ROI/PURE-x-UBFC-x-Tokoyo-AUG/aug_npz/PURE_09_'09-06_x1.6.npz,1983,9,0.0,66.06667,"forehead_strip,left_cheek_big,right_cheek_big",,30.000300003000977,0.9999584056529564,train
PURE,'09-06_x1.8,09,Dataset/3_ROI/PURE-x-UBFC-x-Tokoyo-AUG/aug_npz/PURE_09_'09-06_x1.8.npz,1983,9,0.0,66.06667,"forehead_strip,left_cheek_big,right_cheek_big",,30.000300003000977,0.9999584056529564,train
PURE,'10-01,10,Dataset/3_ROI/PURE_RAW/10-01.npz,1952,9,0.0,65.166703,"forehead_strip,left_cheek_big,right_cheek_big",,29.99040307101764,1.0004491097240258,train
PURE,'10-01_x0.55,10,Dataset/3_ROI/PURE-x-UBFC-x-Tokoyo-AUG/aug_npz/PURE_10_'10-01_x0.55.npz,1952,9,0.0,65.166703,"forehead_strip,left_cheek_big,right_cheek_big",,29.99040307101764,1.0004491097240258,train
PURE,'10-01_x0.65,10,Dataset/3_ROI/PURE-x-UBFC-x-Tokoyo-AUG/aug_npz/PURE_10_'10-01_x0.65.npz,1952,9,0.0,65.166703,"forehead_strip,left_cheek_big,right_cheek_big",,29.99040307101764,1.0004491097240258,train
PURE,'10-01_x0.75,10,Dataset/3_ROI/PURE-x-UBFC-x-Tokoyo-AUG/aug_npz/PURE_10_'10-01_x0.75.npz,1952,9,0.0,65.166703,"forehead_strip,left_cheek_big,right_cheek_big",,29.99040307101764,1.0004491097240258,train
PURE,'10-01_x1.2,10,Dataset/3_ROI/PURE-x-UBFC-x-Tokoyo-AUG/aug_npz/PURE_10_'10-01_x1.2.npz,1952,9,0.0,65.166703,"forehead_strip,left_cheek_big,right_cheek_big",,29.99040307101764,1.0004491097240258,train
PURE,'10-01_x1.4,10,Dataset/3_ROI/PURE-x-UBFC-x-Tokoyo-AUG/aug_npz/PURE_10_'10-01_x1.4.npz,1952,9,0.0,65.166703,"forehead_strip,left_cheek_big,right_cheek_big",,29.99040307101764,1.0004491097240258,train
PURE,'10-01_x1.6,10,Dataset/3_ROI/PURE-x-UBFC-x-Tokoyo-AUG/aug_npz/PURE_10_'10-01_x1.6.npz,1952,9,0.0,65.166703,"forehead_strip,left_cheek_big,right_cheek_big",,29.99040307101764,1.0004491097240258,train
PURE,'10-01_x1.8,10,Dataset/3_ROI/PURE-x-UBFC-x-Tokoyo-AUG/aug_npz/PURE_10_'10-01_x1.8.npz,1952,9,0.0,65.166703,"forehead_strip,left_cheek_big,right_cheek_big",,29.99040307101764,1.0004491097240258,train
PURE,'10-02,10,Dataset/3_ROI/PURE_RAW/10-02.npz,1993,9,0.0,66.400018,"forehead_strip,left_cheek_big,right_cheek_big",,29.99040307101764,1.000545647442445,train
PURE,'10-02_x0.55,10,Dataset/3_ROI/PURE-x-UBFC-x-Tokoyo-AUG/aug_npz/PURE_10_'10-02_x0.55.npz,1993,9,0.0,66.400018,"forehead_strip,left_cheek_big,right_cheek_big",,29.99040307101764,1.000545647442445,train
PURE,'10-02_x0.65,10,Dataset/3_ROI/PURE-x-UBFC-x-Tokoyo-AUG/aug_npz/PURE_10_'10-02_x0.65.npz,1993,9,0.0,66.400018,"forehead_strip,left_cheek_big,right_cheek_big",,29.99040307101764,1.000545647442445,train
PURE,'10-02_x0.75,10,Dataset/3_ROI/PURE-x-UBFC-x-Tokoyo-AUG/aug_npz/PURE_10_'10-02_x0.75.npz,1993,9,0.0,66.400018,"forehead_strip,left_cheek_big,right_cheek_big",,29.99040307101764,1.000545647442445,train
PURE,'10-02_x1.2,10,Dataset/3_ROI/PURE-x-UBFC-x-Tokoyo-AUG/aug_npz/PURE_10_'10-02_x1.2.npz,1993,9,0.0,66.400018,"forehead_strip,left_cheek_big,right_cheek_big",,29.99040307101764,1.000545647442445,train
PURE,'10-02_x1.4,10,Dataset/3_ROI/PURE-x-UBFC-x-Tokoyo-AUG/aug_npz/PURE_10_'10-02_x1.4.npz,1993,9,0.0,66.400018,"forehead_strip,left_cheek_big,right_cheek_big",,29.99040307101764,1.000545647442445,train
PURE,'10-02_x1.6,10,Dataset/3_ROI/PURE-x-UBFC-x-Tokoyo-AUG/aug_npz/PURE_10_'10-02_x1.6.npz,1993,9,0.0,66.400018,"forehead_strip,left_cheek_big,right_cheek_big",,29.99040307101764,1.000545647442445,train
PURE,'10-02_x1.8,10,Dataset/3_ROI/PURE-x-UBFC-x-Tokoyo-AUG/aug_npz/PURE_10_'10-02_x1.8.npz,1993,9,0.0,66.400018,"forehead_strip,left_cheek_big,right_cheek_big",,29.99040307101764,1.000545647442445,train
PURE,'10-03,10,Dataset/3_ROI/PURE_RAW/10-03.npz,2300,9,0.0,76.73336,"forehead_strip,left_cheek_big,right_cheek_big",,29.99040307101764,1.0000107384845391,train
PURE,'10-03_x0.55,10,Dataset/3_ROI/PURE-x-UBFC-x-Tokoyo-AUG/aug_npz/PURE_10_'10-03_x0.55.npz,2300,9,0.0,76.73336,"forehead_strip,left_cheek_big,right_cheek_big",,29.99040307101764,1.0000107384845391,train
PURE,'10-03_x0.65,10,Dataset/3_ROI/PURE-x-UBFC-x-Tokoyo-AUG/aug_npz/PURE_10_'10-03_x0.65.npz,2300,9,0.0,76.73336,"forehead_strip,left_cheek_big,right_cheek_big",,29.99040307101764,1.0000107384845391,train
PURE,'10-03_x0.75,10,Dataset/3_ROI/PURE-x-UBFC-x-Tokoyo-AUG/aug_npz/PURE_10_'10-03_x0.75.npz,2300,9,0.0,76.73336,"forehead_strip,left_cheek_big,right_cheek_big",,29.99040307101764,1.0000107384845391,train
PURE,'10-03_x1.2,10,Dataset/3_ROI/PURE-x-UBFC-x-Tokoyo-AUG/aug_npz/PURE_10_'10-03_x1.2.npz,2300,9,0.0,76.73336,"forehead_strip,left_cheek_big,right_cheek_big",,29.99040307101764,1.0000107384845391,train
PURE,'10-03_x1.4,10,Dataset/3_ROI/PURE-x-UBFC-x-Tokoyo-AUG/aug_npz/PURE_10_'10-03_x1.4.npz,2300,9,0.0,76.73336,"forehead_strip,left_cheek_big,right_cheek_big",,29.99040307101764,1.0000107384845391,train
PURE,'10-03_x1.6,10,Dataset/3_ROI/PURE-x-UBFC-x-Tokoyo-AUG/aug_npz/PURE_10_'10-03_x1.6.npz,2300,9,0.0,76.73336,"forehead_strip,left_cheek_big,right_cheek_big",,29.99040307101764,1.0000107384845391,train
PURE,'10-03_x1.8,10,Dataset/3_ROI/PURE-x-UBFC-x-Tokoyo-AUG/aug_npz/PURE_10_'10-03_x1.8.npz,2300,9,0.0,76.73336,"forehead_strip,left_cheek_big,right_cheek_big",,29.99040307101764,1.0000107384845391,train
PURE,'10-04,10,Dataset/3_ROI/PURE_RAW/10-04.npz,2337,9,0.0,77.93333200000001,"forehead_strip,left_cheek_big,right_cheek_big",,29.99040307101764,0.999965534644406,train
PURE,'10-04_x0.55,10,Dataset/3_ROI/PURE-x-UBFC-x-Tokoyo-AUG/aug_npz/PURE_10_'10-04_x0.55.npz,2337,9,0.0,77.93333200000001,"forehead_strip,left_cheek_big,right_cheek_big",,29.99040307101764,0.999965534644406,train
PURE,'10-04_x0.65,10,Dataset/3_ROI/PURE-x-UBFC-x-Tokoyo-AUG/aug_npz/PURE_10_'10-04_x0.65.npz,2337,9,0.0,77.93333200000001,"forehead_strip,left_cheek_big,right_cheek_big",,29.99040307101764,0.999965534644406,train
PURE,'10-04_x0.75,10,Dataset/3_ROI/PURE-x-UBFC-x-Tokoyo-AUG/aug_npz/PURE_10_'10-04_x0.75.npz,2337,9,0.0,77.93333200000001,"forehead_strip,left_cheek_big,right_cheek_big",,29.99040307101764,0.999965534644406,train
PURE,'10-04_x1.2,10,Dataset/3_ROI/PURE-x-UBFC-x-Tokoyo-AUG/aug_npz/PURE_10_'10-04_x1.2.npz,2337,9,0.0,77.93333200000001,"forehead_strip,left_cheek_big,right_cheek_big",,29.99040307101764,0.999965534644406,train
PURE,'10-04_x1.4,10,Dataset/3_ROI/PURE-x-UBFC-x-Tokoyo-AUG/aug_npz/PURE_10_'10-04_x1.4.npz,2337,9,0.0,77.93333200000001,"forehead_strip,left_cheek_big,right_cheek_big",,29.99040307101764,0.999965534644406,train
PURE,'10-04_x1.6,10,Dataset/3_ROI/PURE-x-UBFC-x-Tokoyo-AUG/aug_npz/PURE_10_'10-04_x1.6.npz,2337,9,0.0,77.93333200000001,"forehead_strip,left_cheek_big,right_cheek_big",,29.99040307101764,0.999965534644406,train
PURE,'10-04_x1.8,10,Dataset/3_ROI/PURE-x-UBFC-x-Tokoyo-AUG/aug_npz/PURE_10_'10-04_x1.8.npz,2337,9,0.0,77.93333200000001,"forehead_strip,left_cheek_big,right_cheek_big",,29.99040307101764,0.999965534644406,train
PURE,'10-05,10,Dataset/3_ROI/PURE_RAW/10-05.npz,1959,9,0.0,65.266675,"forehead_strip,left_cheek_big,right_cheek_big",,29.99040307101764,1.0000130081699428,train
PURE,'10-05_x0.55,10,Dataset/3_ROI/PURE-x-UBFC-x-Tokoyo-AUG/aug_npz/PURE_10_'10-05_x0.55.npz,1959,9,0.0,65.266675,"forehead_strip,left_cheek_big,right_cheek_big",,29.99040307101764,1.0000130081699428,train
PURE,'10-05_x0.65,10,Dataset/3_ROI/PURE-x-UBFC-x-Tokoyo-AUG/aug_npz/PURE_10_'10-05_x0.65.npz,1959,9,0.0,65.266675,"forehead_strip,left_cheek_big,right_cheek_big",,29.99040307101764,1.0000130081699428,train
PURE,'10-05_x0.75,10,Dataset/3_ROI/PURE-x-UBFC-x-Tokoyo-AUG/aug_npz/PURE_10_'10-05_x0.75.npz,1959,9,0.0,65.266675,"forehead_strip,left_cheek_big,right_cheek_big",,29.99040307101764,1.0000130081699428,train
PURE,'10-05_x1.2,10,Dataset/3_ROI/PURE-x-UBFC-x-Tokoyo-AUG/aug_npz/PURE_10_'10-05_x1.2.npz,1959,9,0.0,65.266675,"forehead_strip,left_cheek_big,right_cheek_big",,29.99040307101764,1.0000130081699428,train
PURE,'10-05_x1.4,10,Dataset/3_ROI/PURE-x-UBFC-x-Tokoyo-AUG/aug_npz/PURE_10_'10-05_x1.4.npz,1959,9,0.0,65.266675,"forehead_strip,left_cheek_big,right_cheek_big",,29.99040307101764,1.0000130081699428,train
PURE,'10-05_x1.6,10,Dataset/3_ROI/PURE-x-UBFC-x-Tokoyo-AUG/aug_npz/PURE_10_'10-05_x1.6.npz,1959,9,0.0,65.266675,"forehead_strip,left_cheek_big,right_cheek_big",,29.99040307101764,1.0000130081699428,train
PURE,'10-05_x1.8,10,Dataset/3_ROI/PURE-x-UBFC-x-Tokoyo-AUG/aug_npz/PURE_10_'10-05_x1.8.npz,1959,9,0.0,65.266675,"forehead_strip,left_cheek_big,right_cheek_big",,29.99040307101764,1.0000130081699428,train
PURE,'10-06,10,Dataset/3_ROI/PURE_RAW/10-06.npz,1950,9,0.0,65.000011,"forehead_strip,left_cheek_big,right_cheek_big",,29.99040307101764,1.0001767076624033,train
PURE,'10-06_x0.55,10,Dataset/3_ROI/PURE-x-UBFC-x-Tokoyo-AUG/aug_npz/PURE_10_'10-06_x0.55.npz,1950,9,0.0,65.000011,"forehead_strip,left_cheek_big,right_cheek_big",,29.99040307101764,1.0001767076624033,train
PURE,'10-06_x0.65,10,Dataset/3_ROI/PURE-x-UBFC-x-Tokoyo-AUG/aug_npz/PURE_10_'10-06_x0.65.npz,1950,9,0.0,65.000011,"forehead_strip,left_cheek_big,right_cheek_big",,29.99040307101764,1.0001767076624033,train
PURE,'10-06_x0.75,10,Dataset/3_ROI/PURE-x-UBFC-x-Tokoyo-AUG/aug_npz/PURE_10_'10-06_x0.75.npz,1950,9,0.0,65.000011,"forehead_strip,left_cheek_big,right_cheek_big",,29.99040307101764,1.0001767076624033,train
PURE,'10-06_x1.2,10,Dataset/3_ROI/PURE-x-UBFC-x-Tokoyo-AUG/aug_npz/PURE_10_'10-06_x1.2.npz,1950,9,0.0,65.000011,"forehead_strip,left_cheek_big,right_cheek_big",,29.99040307101764,1.0001767076624033,train
PURE,'10-06_x1.4,10,Dataset/3_ROI/PURE-x-UBFC-x-Tokoyo-AUG/aug_npz/PURE_10_'10-06_x1.4.npz,1950,9,0.0,65.000011,"forehead_strip,left_cheek_big,right_cheek_big",,29.99040307101764,1.0001767076624033,train
PURE,'10-06_x1.6,10,Dataset/3_ROI/PURE-x-UBFC-x-Tokoyo-AUG/aug_npz/PURE_10_'10-06_x1.6.npz,1950,9,0.0,65.000011,"forehead_strip,left_cheek_big,right_cheek_big",,29.99040307101764,1.0001767076624033,train
PURE,'10-06_x1.8,10,Dataset/3_ROI/PURE-x-UBFC-x-Tokoyo-AUG/aug_npz/PURE_10_'10-06_x1.8.npz,1950,9,0.0,65.000011,"forehead_strip,left_cheek_big,right_cheek_big",,29.99040307101764,1.0001767076624033,train
TokyoTech,'Subj_01_Exercise_Frag4,Subj_01_Exercise_Frag4,Dataset/3_ROI/TokyoTech_RAW/Subj_01_Exercise_Frag4.npz,600,9,0.0,19.966666666666665,"forehead_strip,left_cheek_big,right_cheek_big",,,,train
TokyoTech,'Subj_01_Exercise_Frag4_x0.55,Subj_01_Exercise_Frag4,Dataset/3_ROI/PURE-x-UBFC-x-Tokoyo-AUG/aug_npz/TokyoTech_Subj_01_Exercise_Frag4_'Subj_01_Exercise_Frag4_x0.55.npz,600,9,0.0,19.966666666666665,"forehead_strip,left_cheek_big,right_cheek_big",,,,train
TokyoTech,'Subj_01_Exercise_Frag4_x0.65,Subj_01_Exercise_Frag4,Dataset/3_ROI/PURE-x-UBFC-x-Tokoyo-AUG/aug_npz/TokyoTech_Subj_01_Exercise_Frag4_'Subj_01_Exercise_Frag4_x0.65.npz,600,9,0.0,19.966666666666665,"forehead_strip,left_cheek_big,right_cheek_big",,,,train
TokyoTech,'Subj_01_Exercise_Frag4_x0.75,Subj_01_Exercise_Frag4,Dataset/3_ROI/PURE-x-UBFC-x-Tokoyo-AUG/aug_npz/TokyoTech_Subj_01_Exercise_Frag4_'Subj_01_Exercise_Frag4_x0.75.npz,600,9,0.0,19.966666666666665,"forehead_strip,left_cheek_big,right_cheek_big",,,,train
TokyoTech,'Subj_01_Exercise_Frag4_x1.2,Subj_01_Exercise_Frag4,Dataset/3_ROI/PURE-x-UBFC-x-Tokoyo-AUG/aug_npz/TokyoTech_Subj_01_Exercise_Frag4_'Subj_01_Exercise_Frag4_x1.2.npz,600,9,0.0,19.966666666666665,"forehead_strip,left_cheek_big,right_cheek_big",,,,train
TokyoTech,'Subj_01_Exercise_Frag4_x1.4,Subj_01_Exercise_Frag4,Dataset/3_ROI/PURE-x-UBFC-x-Tokoyo-AUG/aug_npz/TokyoTech_Subj_01_Exercise_Frag4_'Subj_01_Exercise_Frag4_x1.4.npz,600,9,0.0,19.966666666666665,"forehead_strip,left_cheek_big,right_cheek_big",,,,train
TokyoTech,'Subj_01_Exercise_Frag4_x1.6,Subj_01_Exercise_Frag4,Dataset/3_ROI/PURE-x-UBFC-x-Tokoyo-AUG/aug_npz/TokyoTech_Subj_01_Exercise_Frag4_'Subj_01_Exercise_Frag4_x1.6.npz,600,9,0.0,19.966666666666665,"forehead_strip,left_cheek_big,right_cheek_big",,,,train
TokyoTech,'Subj_01_Exercise_Frag4_x1.8,Subj_01_Exercise_Frag4,Dataset/3_ROI/PURE-x-UBFC-x-Tokoyo-AUG/aug_npz/TokyoTech_Subj_01_Exercise_Frag4_'Subj_01_Exercise_Frag4_x1.8.npz,600,9,0.0,19.966666666666665,"forehead_strip,left_cheek_big,right_cheek_big",,,,train
TokyoTech,'Subj_01_Exercise_Frag5,Subj_01_Exercise_Frag5,Dataset/3_ROI/TokyoTech_RAW/Subj_01_Exercise_Frag5.npz,600,9,0.0,19.966666666666665,"forehead_strip,left_cheek_big,right_cheek_big",,,,val
TokyoTech,'Subj_01_Exercise_Frag6,Subj_01_Exercise_Frag6,Dataset/3_ROI/TokyoTech_RAW/Subj_01_Exercise_Frag6.npz,600,9,0.0,19.966666666666665,"forehead_strip,left_cheek_big,right_cheek_big",,,,val
TokyoTech,'Subj_01_Post_Relax_Frag7,Subj_01_Post_Relax_Frag7,Dataset/3_ROI/TokyoTech_RAW/Subj_01_Post_Relax_Frag7.npz,600,9,0.0,19.966666666666665,"forehead_strip,left_cheek_big,right_cheek_big",,,,train
TokyoTech,'Subj_01_Post_Relax_Frag7_x0.55,Subj_01_Post_Relax_Frag7,Dataset/3_ROI/PURE-x-UBFC-x-Tokoyo-AUG/aug_npz/TokyoTech_Subj_01_Post_Relax_Frag7_'Subj_01_Post_Relax_Frag7_x0.55.npz,600,9,0.0,19.966666666666665,"forehead_strip,left_cheek_big,right_cheek_big",,,,train
TokyoTech,'Subj_01_Post_Relax_Frag7_x0.65,Subj_01_Post_Relax_Frag7,Dataset/3_ROI/PURE-x-UBFC-x-Tokoyo-AUG/aug_npz/TokyoTech_Subj_01_Post_Relax_Frag7_'Subj_01_Post_Relax_Frag7_x0.65.npz,600,9,0.0,19.966666666666665,"forehead_strip,left_cheek_big,right_cheek_big",,,,train
TokyoTech,'Subj_01_Post_Relax_Frag7_x0.75,Subj_01_Post_Relax_Frag7,Dataset/3_ROI/PURE-x-UBFC-x-Tokoyo-AUG/aug_npz/TokyoTech_Subj_01_Post_Relax_Frag7_'Subj_01_Post_Relax_Frag7_x0.75.npz,600,9,0.0,19.966666666666665,"forehead_strip,left_cheek_big,right_cheek_big",,,,train
TokyoTech,'Subj_01_Post_Relax_Frag7_x1.2,Subj_01_Post_Relax_Frag7,Dataset/3_ROI/PURE-x-UBFC-x-Tokoyo-AUG/aug_npz/TokyoTech_Subj_01_Post_Relax_Frag7_'Subj_01_Post_Relax_Frag7_x1.2.npz,600,9,0.0,19.966666666666665,"forehead_strip,left_cheek_big,right_cheek_big",,,,train
TokyoTech,'Subj_01_Post_Relax_Frag7_x1.4,Subj_01_Post_Relax_Frag7,Dataset/3_ROI/PURE-x-UBFC-x-Tokoyo-AUG/aug_npz/TokyoTech_Subj_01_Post_Relax_Frag7_'Subj_01_Post_Relax_Frag7_x1.4.npz,600,9,0.0,19.966666666666665,"forehead_strip,left_cheek_big,right_cheek_big",,,,train
TokyoTech,'Subj_01_Post_Relax_Frag7_x1.6,Subj_01_Post_Relax_Frag7,Dataset/3_ROI/PURE-x-UBFC-x-Tokoyo-AUG/aug_npz/TokyoTech_Subj_01_Post_Relax_Frag7_'Subj_01_Post_Relax_Frag7_x1.6.npz,600,9,0.0,19.966666666666665,"forehead_strip,left_cheek_big,right_cheek_big",,,,train
TokyoTech,'Subj_01_Post_Relax_Frag7_x1.8,Subj_01_Post_Relax_Frag7,Dataset/3_ROI/PURE-x-UBFC-x-Tokoyo-AUG/aug_npz/TokyoTech_Subj_01_Post_Relax_Frag7_'Subj_01_Post_Relax_Frag7_x1.8.npz,600,9,0.0,19.966666666666665,"forehead_strip,left_cheek_big,right_cheek_big",,,,train
TokyoTech,'Subj_01_Post_Relax_Frag8,Subj_01_Post_Relax_Frag8,Dataset/3_ROI/TokyoTech_RAW/Subj_01_Post_Relax_Frag8.npz,600,9,0.0,19.966666666666665,"forehead_strip,left_cheek_big,right_cheek_big",,,,train
TokyoTech,'Subj_01_Post_Relax_Frag8_x0.55,Subj_01_Post_Relax_Frag8,Dataset/3_ROI/PURE-x-UBFC-x-Tokoyo-AUG/aug_npz/TokyoTech_Subj_01_Post_Relax_Frag8_'Subj_01_Post_Relax_Frag8_x0.55.npz,600,9,0.0,19.966666666666665,"forehead_strip,left_cheek_big,right_cheek_big",,,,train
TokyoTech,'Subj_01_Post_Relax_Frag8_x0.65,Subj_01_Post_Relax_Frag8,Dataset/3_ROI/PURE-x-UBFC-x-Tokoyo-AUG/aug_npz/TokyoTech_Subj_01_Post_Relax_Frag8_'Subj_01_Post_Relax_Frag8_x0.65.npz,600,9,0.0,19.966666666666665,"forehead_strip,left_cheek_big,right_cheek_big",,,,train
TokyoTech,'Subj_01_Post_Relax_Frag8_x0.75,Subj_01_Post_Relax_Frag8,Dataset/3_ROI/PURE-x-UBFC-x-Tokoyo-AUG/aug_npz/TokyoTech_Subj_01_Post_Relax_Frag8_'Subj_01_Post_Relax_Frag8_x0.75.npz,600,9,0.0,19.966666666666665,"forehead_strip,left_cheek_big,right_cheek_big",,,,train
TokyoTech,'Subj_01_Post_Relax_Frag8_x1.2,Subj_01_Post_Relax_Frag8,Dataset/3_ROI/PURE-x-UBFC-x-Tokoyo-AUG/aug_npz/TokyoTech_Subj_01_Post_Relax_Frag8_'Subj_01_Post_Relax_Frag8_x1.2.npz,600,9,0.0,19.966666666666665,"forehead_strip,left_cheek_big,right_cheek_big",,,,train
TokyoTech,'Subj_01_Post_Relax_Frag8_x1.4,Subj_01_Post_Relax_Frag8,Dataset/3_ROI/PURE-x-UBFC-x-Tokoyo-AUG/aug_npz/TokyoTech_Subj_01_Post_Relax_Frag8_'Subj_01_Post_Relax_Frag8_x1.4.npz,600,9,0.0,19.966666666666665,"forehead_strip,left_cheek_big,right_cheek_big",,,,train
TokyoTech,'Subj_01_Post_Relax_Frag8_x1.6,Subj_01_Post_Relax_Frag8,Dataset/3_ROI/PURE-x-UBFC-x-Tokoyo-AUG/aug_npz/TokyoTech_Subj_01_Post_Relax_Frag8_'Subj_01_Post_Relax_Frag8_x1.6.npz,600,9,0.0,19.966666666666665,"forehead_strip,left_cheek_big,right_cheek_big",,,,train
TokyoTech,'Subj_01_Post_Relax_Frag8_x1.8,Subj_01_Post_Relax_Frag8,Dataset/3_ROI/PURE-x-UBFC-x-Tokoyo-AUG/aug_npz/TokyoTech_Subj_01_Post_Relax_Frag8_'Subj_01_Post_Relax_Frag8_x1.8.npz,600,9,0.0,19.966666666666665,"forehead_strip,left_cheek_big,right_cheek_big",,,,train
TokyoTech,'Subj_01_Post_Relax_Frag9,Subj_01_Post_Relax_Frag9,Dataset/3_ROI/TokyoTech_RAW/Subj_01_Post_Relax_Frag9.npz,600,9,0.0,19.966666666666665,"forehead_strip,left_cheek_big,right_cheek_big",,,,train
TokyoTech,'Subj_01_Post_Relax_Frag9_x0.55,Subj_01_Post_Relax_Frag9,Dataset/3_ROI/PURE-x-UBFC-x-Tokoyo-AUG/aug_npz/TokyoTech_Subj_01_Post_Relax_Frag9_'Subj_01_Post_Relax_Frag9_x0.55.npz,600,9,0.0,19.966666666666665,"forehead_strip,left_cheek_big,right_cheek_big",,,,train
TokyoTech,'Subj_01_Post_Relax_Frag9_x0.65,Subj_01_Post_Relax_Frag9,Dataset/3_ROI/PURE-x-UBFC-x-Tokoyo-AUG/aug_npz/TokyoTech_Subj_01_Post_Relax_Frag9_'Subj_01_Post_Relax_Frag9_x0.65.npz,600,9,0.0,19.966666666666665,"forehead_strip,left_cheek_big,right_cheek_big",,,,train
TokyoTech,'Subj_01_Post_Relax_Frag9_x0.75,Subj_01_Post_Relax_Frag9,Dataset/3_ROI/PURE-x-UBFC-x-Tokoyo-AUG/aug_npz/TokyoTech_Subj_01_Post_Relax_Frag9_'Subj_01_Post_Relax_Frag9_x0.75.npz,600,9,0.0,19.966666666666665,"forehead_strip,left_cheek_big,right_cheek_big",,,,train
TokyoTech,'Subj_01_Post_Relax_Frag9_x1.2,Subj_01_Post_Relax_Frag9,Dataset/3_ROI/PURE-x-UBFC-x-Tokoyo-AUG/aug_npz/TokyoTech_Subj_01_Post_Relax_Frag9_'Subj_01_Post_Relax_Frag9_x1.2.npz,600,9,0.0,19.966666666666665,"forehead_strip,left_cheek_big,right_cheek_big",,,,train
TokyoTech,'Subj_01_Post_Relax_Frag9_x1.4,Subj_01_Post_Relax_Frag9,Dataset/3_ROI/PURE-x-UBFC-x-Tokoyo-AUG/aug_npz/TokyoTech_Subj_01_Post_Relax_Frag9_'Subj_01_Post_Relax_Frag9_x1.4.npz,600,9,0.0,19.966666666666665,"forehead_strip,left_cheek_big,right_cheek_big",,,,train
TokyoTech,'Subj_01_Post_Relax_Frag9_x1.6,Subj_01_Post_Relax_Frag9,Dataset/3_ROI/PURE-x-UBFC-x-Tokoyo-AUG/aug_npz/TokyoTech_Subj_01_Post_Relax_Frag9_'Subj_01_Post_Relax_Frag9_x1.6.npz,600,9,0.0,19.966666666666665,"forehead_strip,left_cheek_big,right_cheek_big",,,,train
TokyoTech,'Subj_01_Post_Relax_Frag9_x1.8,Subj_01_Post_Relax_Frag9,Dataset/3_ROI/PURE-x-UBFC-x-Tokoyo-AUG/aug_npz/TokyoTech_Subj_01_Post_Relax_Frag9_'Subj_01_Post_Relax_Frag9_x1.8.npz,600,9,0.0,19.966666666666665,"forehead_strip,left_cheek_big,right_cheek_big",,,,train
TokyoTech,'Subj_01_Pre_Relax_Frag1,Subj_01_Pre_Relax_Frag1,Dataset/3_ROI/TokyoTech_RAW/Subj_01_Pre_Relax_Frag1.npz,600,9,0.0,19.966666666666665,"forehead_strip,left_cheek_big,right_cheek_big",,,,train
TokyoTech,'Subj_01_Pre_Relax_Frag1_x0.55,Subj_01_Pre_Relax_Frag1,Dataset/3_ROI/PURE-x-UBFC-x-Tokoyo-AUG/aug_npz/TokyoTech_Subj_01_Pre_Relax_Frag1_'Subj_01_Pre_Relax_Frag1_x0.55.npz,600,9,0.0,19.966666666666665,"forehead_strip,left_cheek_big,right_cheek_big",,,,train
TokyoTech,'Subj_01_Pre_Relax_Frag1_x0.65,Subj_01_Pre_Relax_Frag1,Dataset/3_ROI/PURE-x-UBFC-x-Tokoyo-AUG/aug_npz/TokyoTech_Subj_01_Pre_Relax_Frag1_'Subj_01_Pre_Relax_Frag1_x0.65.npz,600,9,0.0,19.966666666666665,"forehead_strip,left_cheek_big,right_cheek_big",,,,train
TokyoTech,'Subj_01_Pre_Relax_Frag1_x0.75,Subj_01_Pre_Relax_Frag1,Dataset/3_ROI/PURE-x-UBFC-x-Tokoyo-AUG/aug_npz/TokyoTech_Subj_01_Pre_Relax_Frag1_'Subj_01_Pre_Relax_Frag1_x0.75.npz,600,9,0.0,19.966666666666665,"forehead_strip,left_cheek_big,right_cheek_big",,,,train
TokyoTech,'Subj_01_Pre_Relax_Frag1_x1.2,Subj_01_Pre_Relax_Frag1,Dataset/3_ROI/PURE-x-UBFC-x-Tokoyo-AUG/aug_npz/TokyoTech_Subj_01_Pre_Relax_Frag1_'Subj_01_Pre_Relax_Frag1_x1.2.npz,600,9,0.0,19.966666666666665,"forehead_strip,left_cheek_big,right_cheek_big",,,,train
TokyoTech,'Subj_01_Pre_Relax_Frag1_x1.4,Subj_01_Pre_Relax_Frag1,Dataset/3_ROI/PURE-x-UBFC-x-Tokoyo-AUG/aug_npz/TokyoTech_Subj_01_Pre_Relax_Frag1_'Subj_01_Pre_Relax_Frag1_x1.4.npz,600,9,0.0,19.966666666666665,"forehead_strip,left_cheek_big,right_cheek_big",,,,train
TokyoTech,'Subj_01_Pre_Relax_Frag1_x1.6,Subj_01_Pre_Relax_Frag1,Dataset/3_ROI/PURE-x-UBFC-x-Tokoyo-AUG/aug_npz/TokyoTech_Subj_01_Pre_Relax_Frag1_'Subj_01_Pre_Relax_Frag1_x1.6.npz,600,9,0.0,19.966666666666665,"forehead_strip,left_cheek_big,right_cheek_big",,,,train
TokyoTech,'Subj_01_Pre_Relax_Frag1_x1.8,Subj_01_Pre_Relax_Frag1,Dataset/3_ROI/PURE-x-UBFC-x-Tokoyo-AUG/aug_npz/TokyoTech_Subj_01_Pre_Relax_Frag1_'Subj_01_Pre_Relax_Frag1_x1.8.npz,600,9,0.0,19.966666666666665,"forehead_strip,left_cheek_big,right_cheek_big",,,,train
TokyoTech,'Subj_01_Pre_Relax_Frag2,Subj_01_Pre_Relax_Frag2,Dataset/3_ROI/TokyoTech_RAW/Subj_01_Pre_Relax_Frag2.npz,600,9,0.0,19.966666666666665,"forehead_strip,left_cheek_big,right_cheek_big",,,,train
TokyoTech,'Subj_01_Pre_Relax_Frag2_x0.55,Subj_01_Pre_Relax_Frag2,Dataset/3_ROI/PURE-x-UBFC-x-Tokoyo-AUG/aug_npz/TokyoTech_Subj_01_Pre_Relax_Frag2_'Subj_01_Pre_Relax_Frag2_x0.55.npz,600,9,0.0,19.966666666666665,"forehead_strip,left_cheek_big,right_cheek_big",,,,train
TokyoTech,'Subj_01_Pre_Relax_Frag2_x0.65,Subj_01_Pre_Relax_Frag2,Dataset/3_ROI/PURE-x-UBFC-x-Tokoyo-AUG/aug_npz/TokyoTech_Subj_01_Pre_Relax_Frag2_'Subj_01_Pre_Relax_Frag2_x0.65.npz,600,9,0.0,19.966666666666665,"forehead_strip,left_cheek_big,right_cheek_big",,,,train
TokyoTech,'Subj_01_Pre_Relax_Frag2_x0.75,Subj_01_Pre_Relax_Frag2,Dataset/3_ROI/PURE-x-UBFC-x-Tokoyo-AUG/aug_npz/TokyoTech_Subj_01_Pre_Relax_Frag2_'Subj_01_Pre_Relax_Frag2_x0.75.npz,600,9,0.0,19.966666666666665,"forehead_strip,left_cheek_big,right_cheek_big",,,,train
TokyoTech,'Subj_01_Pre_Relax_Frag2_x1.2,Subj_01_Pre_Relax_Frag2,Dataset/3_ROI/PURE-x-UBFC-x-Tokoyo-AUG/aug_npz/TokyoTech_Subj_01_Pre_Relax_Frag2_'Subj_01_Pre_Relax_Frag2_x1.2.npz,600,9,0.0,19.966666666666665,"forehead_strip,left_cheek_big,right_cheek_big",,,,train
TokyoTech,'Subj_01_Pre_Relax_Frag2_x1.4,Subj_01_Pre_Relax_Frag2,Dataset/3_ROI/PURE-x-UBFC-x-Tokoyo-AUG/aug_npz/TokyoTech_Subj_01_Pre_Relax_Frag2_'Subj_01_Pre_Relax_Frag2_x1.4.npz,600,9,0.0,19.966666666666665,"forehead_strip,left_cheek_big,right_cheek_big",,,,train
TokyoTech,'Subj_01_Pre_Relax_Frag2_x1.6,Subj_01_Pre_Relax_Frag2,Dataset/3_ROI/PURE-x-UBFC-x-Tokoyo-AUG/aug_npz/TokyoTech_Subj_01_Pre_Relax_Frag2_'Subj_01_Pre_Relax_Frag2_x1.6.npz,600,9,0.0,19.966666666666665,"forehead_strip,left_cheek_big,right_cheek_big",,,,train
TokyoTech,'Subj_01_Pre_Relax_Frag2_x1.8,Subj_01_Pre_Relax_Frag2,Dataset/3_ROI/PURE-x-UBFC-x-Tokoyo-AUG/aug_npz/TokyoTech_Subj_01_Pre_Relax_Frag2_'Subj_01_Pre_Relax_Frag2_x1.8.npz,600,9,0.0,19.966666666666665,"forehead_strip,left_cheek_big,right_cheek_big",,,,train
TokyoTech,'Subj_01_Pre_Relax_Frag3,Subj_01_Pre_Relax_Frag3,Dataset/3_ROI/TokyoTech_RAW/Subj_01_Pre_Relax_Frag3.npz,600,9,0.0,19.966666666666665,"forehead_strip,left_cheek_big,right_cheek_big",,,,train
TokyoTech,'Subj_01_Pre_Relax_Frag3_x0.55,Subj_01_Pre_Relax_Frag3,Dataset/3_ROI/PURE-x-UBFC-x-Tokoyo-AUG/aug_npz/TokyoTech_Subj_01_Pre_Relax_Frag3_'Subj_01_Pre_Relax_Frag3_x0.55.npz,600,9,0.0,19.966666666666665,"forehead_strip,left_cheek_big,right_cheek_big",,,,train
TokyoTech,'Subj_01_Pre_Relax_Frag3_x0.65,Subj_01_Pre_Relax_Frag3,Dataset/3_ROI/PURE-x-UBFC-x-Tokoyo-AUG/aug_npz/TokyoTech_Subj_01_Pre_Relax_Frag3_'Subj_01_Pre_Relax_Frag3_x0.65.npz,600,9,0.0,19.966666666666665,"forehead_strip,left_cheek_big,right_cheek_big",,,,train
TokyoTech,'Subj_01_Pre_Relax_Frag3_x0.75,Subj_01_Pre_Relax_Frag3,Dataset/3_ROI/PURE-x-UBFC-x-Tokoyo-AUG/aug_npz/TokyoTech_Subj_01_Pre_Relax_Frag3_'Subj_01_Pre_Relax_Frag3_x0.75.npz,600,9,0.0,19.966666666666665,"forehead_strip,left_cheek_big,right_cheek_big",,,,train
TokyoTech,'Subj_01_Pre_Relax_Frag3_x1.2,Subj_01_Pre_Relax_Frag3,Dataset/3_ROI/PURE-x-UBFC-x-Tokoyo-AUG/aug_npz/TokyoTech_Subj_01_Pre_Relax_Frag3_'Subj_01_Pre_Relax_Frag3_x1.2.npz,600,9,0.0,19.966666666666665,"forehead_strip,left_cheek_big,right_cheek_big",,,,train
TokyoTech,'Subj_01_Pre_Relax_Frag3_x1.4,Subj_01_Pre_Relax_Frag3,Dataset/3_ROI/PURE-x-UBFC-x-Tokoyo-AUG/aug_npz/TokyoTech_Subj_01_Pre_Relax_Frag3_'Subj_01_Pre_Relax_Frag3_x1.4.npz,600,9,0.0,19.966666666666665,"forehead_strip,left_cheek_big,right_cheek_big",,,,train
TokyoTech,'Subj_01_Pre_Relax_Frag3_x1.6,Subj_01_Pre_Relax_Frag3,Dataset/3_ROI/PURE-x-UBFC-x-Tokoyo-AUG/aug_npz/TokyoTech_Subj_01_Pre_Relax_Frag3_'Subj_01_Pre_Relax_Frag3_x1.6.npz,600,9,0.0,19.966666666666665,"forehead_strip,left_cheek_big,right_cheek_big",,,,train
TokyoTech,'Subj_01_Pre_Relax_Frag3_x1.8,Subj_01_Pre_Relax_Frag3,Dataset/3_ROI/PURE-x-UBFC-x-Tokoyo-AUG/aug_npz/TokyoTech_Subj_01_Pre_Relax_Frag3_'Subj_01_Pre_Relax_Frag3_x1.8.npz,600,9,0.0,19.966666666666665,"forehead_strip,left_cheek_big,right_cheek_big",,,,train
TokyoTech,'Subj_02_Exercise_Frag4,Subj_02_Exercise_Frag4,Dataset/3_ROI/TokyoTech_RAW/Subj_02_Exercise_Frag4.npz,600,9,0.0,19.966666666666665,"forehead_strip,left_cheek_big,right_cheek_big",,,,train
TokyoTech,'Subj_02_Exercise_Frag4_x0.75,Subj_02_Exercise_Frag4,Dataset/3_ROI/PURE-x-UBFC-x-Tokoyo-AUG/aug_npz/TokyoTech_Subj_02_Exercise_Frag4_'Subj_02_Exercise_Frag4_x0.75.npz,600,9,0.0,19.966666666666665,"forehead_strip,left_cheek_big,right_cheek_big",,,,train
TokyoTech,'Subj_02_Exercise_Frag4_x1.2,Subj_02_Exercise_Frag4,Dataset/3_ROI/PURE-x-UBFC-x-Tokoyo-AUG/aug_npz/TokyoTech_Subj_02_Exercise_Frag4_'Subj_02_Exercise_Frag4_x1.2.npz,600,9,0.0,19.966666666666665,"forehead_strip,left_cheek_big,right_cheek_big",,,,train
TokyoTech,'Subj_02_Exercise_Frag4_x1.4,Subj_02_Exercise_Frag4,Dataset/3_ROI/PURE-x-UBFC-x-Tokoyo-AUG/aug_npz/TokyoTech_Subj_02_Exercise_Frag4_'Subj_02_Exercise_Frag4_x1.4.npz,600,9,0.0,19.966666666666665,"forehead_strip,left_cheek_big,right_cheek_big",,,,train
TokyoTech,'Subj_02_Exercise_Frag4_x1.6,Subj_02_Exercise_Frag4,Dataset/3_ROI/PURE-x-UBFC-x-Tokoyo-AUG/aug_npz/TokyoTech_Subj_02_Exercise_Frag4_'Subj_02_Exercise_Frag4_x1.6.npz,600,9,0.0,19.966666666666665,"forehead_strip,left_cheek_big,right_cheek_big",,,,train
TokyoTech,'Subj_02_Exercise_Frag4_x1.8,Subj_02_Exercise_Frag4,Dataset/3_ROI/PURE-x-UBFC-x-Tokoyo-AUG/aug_npz/TokyoTech_Subj_02_Exercise_Frag4_'Subj_02_Exercise_Frag4_x1.8.npz,600,9,0.0,19.966666666666665,"forehead_strip,left_cheek_big,right_cheek_big",,,,train
TokyoTech,'Subj_02_Exercise_Frag5,Subj_02_Exercise_Frag5,Dataset/3_ROI/TokyoTech_RAW/Subj_02_Exercise_Frag5.npz,600,9,0.0,19.966666666666665,"forehead_strip,left_cheek_big,right_cheek_big",,,,train
TokyoTech,'Subj_02_Exercise_Frag5_x0.75,Subj_02_Exercise_Frag5,Dataset/3_ROI/PURE-x-UBFC-x-Tokoyo-AUG/aug_npz/TokyoTech_Subj_02_Exercise_Frag5_'Subj_02_Exercise_Frag5_x0.75.npz,600,9,0.0,19.966666666666665,"forehead_strip,left_cheek_big,right_cheek_big",,,,train
TokyoTech,'Subj_02_Exercise_Frag5_x1.2,Subj_02_Exercise_Frag5,Dataset/3_ROI/PURE-x-UBFC-x-Tokoyo-AUG/aug_npz/TokyoTech_Subj_02_Exercise_Frag5_'Subj_02_Exercise_Frag5_x1.2.npz,600,9,0.0,19.966666666666665,"forehead_strip,left_cheek_big,right_cheek_big",,,,train
TokyoTech,'Subj_02_Exercise_Frag5_x1.4,Subj_02_Exercise_Frag5,Dataset/3_ROI/PURE-x-UBFC-x-Tokoyo-AUG/aug_npz/TokyoTech_Subj_02_Exercise_Frag5_'Subj_02_Exercise_Frag5_x1.4.npz,600,9,0.0,19.966666666666665,"forehead_strip,left_cheek_big,right_cheek_big",,,,train
TokyoTech,'Subj_02_Exercise_Frag5_x1.6,Subj_02_Exercise_Frag5,Dataset/3_ROI/PURE-x-UBFC-x-Tokoyo-AUG/aug_npz/TokyoTech_Subj_02_Exercise_Frag5_'Subj_02_Exercise_Frag5_x1.6.npz,600,9,0.0,19.966666666666665,"forehead_strip,left_cheek_big,right_cheek_big",,,,train
TokyoTech,'Subj_02_Exercise_Frag5_x1.8,Subj_02_Exercise_Frag5,Dataset/3_ROI/PURE-x-UBFC-x-Tokoyo-AUG/aug_npz/TokyoTech_Subj_02_Exercise_Frag5_'Subj_02_Exercise_Frag5_x1.8.npz,600,9,0.0,19.966666666666665,"forehead_strip,left_cheek_big,right_cheek_big",,,,train
TokyoTech,'Subj_02_Exercise_Frag6,Subj_02_Exercise_Frag6,Dataset/3_ROI/TokyoTech_RAW/Subj_02_Exercise_Frag6.npz,600,9,0.0,19.966666666666665,"forehead_strip,left_cheek_big,right_cheek_big",,,,train
TokyoTech,'Subj_02_Exercise_Frag6_x0.75,Subj_02_Exercise_Frag6,Dataset/3_ROI/PURE-x-UBFC-x-Tokoyo-AUG/aug_npz/TokyoTech_Subj_02_Exercise_Frag6_'Subj_02_Exercise_Frag6_x0.75.npz,600,9,0.0,19.966666666666665,"forehead_strip,left_cheek_big,right_cheek_big",,,,train
TokyoTech,'Subj_02_Exercise_Frag6_x1.2,Subj_02_Exercise_Frag6,Dataset/3_ROI/PURE-x-UBFC-x-Tokoyo-AUG/aug_npz/TokyoTech_Subj_02_Exercise_Frag6_'Subj_02_Exercise_Frag6_x1.2.npz,600,9,0.0,19.966666666666665,"forehead_strip,left_cheek_big,right_cheek_big",,,,train
TokyoTech,'Subj_02_Exercise_Frag6_x1.4,Subj_02_Exercise_Frag6,Dataset/3_ROI/PURE-x-UBFC-x-Tokoyo-AUG/aug_npz/TokyoTech_Subj_02_Exercise_Frag6_'Subj_02_Exercise_Frag6_x1.4.npz,600,9,0.0,19.966666666666665,"forehead_strip,left_cheek_big,right_cheek_big",,,,train
TokyoTech,'Subj_02_Exercise_Frag6_x1.6,Subj_02_Exercise_Frag6,Dataset/3_ROI/PURE-x-UBFC-x-Tokoyo-AUG/aug_npz/TokyoTech_Subj_02_Exercise_Frag6_'Subj_02_Exercise_Frag6_x1.6.npz,600,9,0.0,19.966666666666665,"forehead_strip,left_cheek_big,right_cheek_big",,,,train
TokyoTech,'Subj_02_Exercise_Frag6_x1.8,Subj_02_Exercise_Frag6,Dataset/3_ROI/PURE-x-UBFC-x-Tokoyo-AUG/aug_npz/TokyoTech_Subj_02_Exercise_Frag6_'Subj_02_Exercise_Frag6_x1.8.npz,600,9,0.0,19.966666666666665,"forehead_strip,left_cheek_big,right_cheek_big",,,,train
TokyoTech,'Subj_02_Post_Relax_Frag7,Subj_02_Post_Relax_Frag7,Dataset/3_ROI/TokyoTech_RAW/Subj_02_Post_Relax_Frag7.npz,600,9,0.0,19.966666666666665,"forehead_strip,left_cheek_big,right_cheek_big",,,,train
TokyoTech,'Subj_02_Post_Relax_Frag7_x0.75,Subj_02_Post_Relax_Frag7,Dataset/3_ROI/PURE-x-UBFC-x-Tokoyo-AUG/aug_npz/TokyoTech_Subj_02_Post_Relax_Frag7_'Subj_02_Post_Relax_Frag7_x0.75.npz,600,9,0.0,19.966666666666665,"forehead_strip,left_cheek_big,right_cheek_big",,,,train
TokyoTech,'Subj_02_Post_Relax_Frag7_x1.2,Subj_02_Post_Relax_Frag7,Dataset/3_ROI/PURE-x-UBFC-x-Tokoyo-AUG/aug_npz/TokyoTech_Subj_02_Post_Relax_Frag7_'Subj_02_Post_Relax_Frag7_x1.2.npz,600,9,0.0,19.966666666666665,"forehead_strip,left_cheek_big,right_cheek_big",,,,train
TokyoTech,'Subj_02_Post_Relax_Frag7_x1.4,Subj_02_Post_Relax_Frag7,Dataset/3_ROI/PURE-x-UBFC-x-Tokoyo-AUG/aug_npz/TokyoTech_Subj_02_Post_Relax_Frag7_'Subj_02_Post_Relax_Frag7_x1.4.npz,600,9,0.0,19.966666666666665,"forehead_strip,left_cheek_big,right_cheek_big",,,,train
TokyoTech,'Subj_02_Post_Relax_Frag7_x1.6,Subj_02_Post_Relax_Frag7,Dataset/3_ROI/PURE-x-UBFC-x-Tokoyo-AUG/aug_npz/TokyoTech_Subj_02_Post_Relax_Frag7_'Subj_02_Post_Relax_Frag7_x1.6.npz,600,9,0.0,19.966666666666665,"forehead_strip,left_cheek_big,right_cheek_big",,,,train
TokyoTech,'Subj_02_Post_Relax_Frag7_x1.8,Subj_02_Post_Relax_Frag7,Dataset/3_ROI/PURE-x-UBFC-x-Tokoyo-AUG/aug_npz/TokyoTech_Subj_02_Post_Relax_Frag7_'Subj_02_Post_Relax_Frag7_x1.8.npz,600,9,0.0,19.966666666666665,"forehead_strip,left_cheek_big,right_cheek_big",,,,train
TokyoTech,'Subj_02_Post_Relax_Frag8,Subj_02_Post_Relax_Frag8,Dataset/3_ROI/TokyoTech_RAW/Subj_02_Post_Relax_Frag8.npz,600,9,0.0,19.966666666666665,"forehead_strip,left_cheek_big,right_cheek_big",,,,train
TokyoTech,'Subj_02_Post_Relax_Frag8_x0.75,Subj_02_Post_Relax_Frag8,Dataset/3_ROI/PURE-x-UBFC-x-Tokoyo-AUG/aug_npz/TokyoTech_Subj_02_Post_Relax_Frag8_'Subj_02_Post_Relax_Frag8_x0.75.npz,600,9,0.0,19.966666666666665,"forehead_strip,left_cheek_big,right_cheek_big",,,,train
TokyoTech,'Subj_02_Post_Relax_Frag8_x1.2,Subj_02_Post_Relax_Frag8,Dataset/3_ROI/PURE-x-UBFC-x-Tokoyo-AUG/aug_npz/TokyoTech_Subj_02_Post_Relax_Frag8_'Subj_02_Post_Relax_Frag8_x1.2.npz,600,9,0.0,19.966666666666665,"forehead_strip,left_cheek_big,right_cheek_big",,,,train
TokyoTech,'Subj_02_Post_Relax_Frag8_x1.4,Subj_02_Post_Relax_Frag8,Dataset/3_ROI/PURE-x-UBFC-x-Tokoyo-AUG/aug_npz/TokyoTech_Subj_02_Post_Relax_Frag8_'Subj_02_Post_Relax_Frag8_x1.4.npz,600,9,0.0,19.966666666666665,"forehead_strip,left_cheek_big,right_cheek_big",,,,train
TokyoTech,'Subj_02_Post_Relax_Frag8_x1.6,Subj_02_Post_Relax_Frag8,Dataset/3_ROI/PURE-x-UBFC-x-Tokoyo-AUG/aug_npz/TokyoTech_Subj_02_Post_Relax_Frag8_'Subj_02_Post_Relax_Frag8_x1.6.npz,600,9,0.0,19.966666666666665,"forehead_strip,left_cheek_big,right_cheek_big",,,,train
TokyoTech,'Subj_02_Post_Relax_Frag8_x1.8,Subj_02_Post_Relax_Frag8,Dataset/3_ROI/PURE-x-UBFC-x-Tokoyo-AUG/aug_npz/TokyoTech_Subj_02_Post_Relax_Frag8_'Subj_02_Post_Relax_Frag8_x1.8.npz,600,9,0.0,19.966666666666665,"forehead_strip,left_cheek_big,right_cheek_big",,,,train
TokyoTech,'Subj_02_Post_Relax_Frag9,Subj_02_Post_Relax_Frag9,Dataset/3_ROI/TokyoTech_RAW/Subj_02_Post_Relax_Frag9.npz,600,9,0.0,19.966666666666665,"forehead_strip,left_cheek_big,right_cheek_big",,,,train
TokyoTech,'Subj_02_Post_Relax_Frag9_x0.75,Subj_02_Post_Relax_Frag9,Dataset/3_ROI/PURE-x-UBFC-x-Tokoyo-AUG/aug_npz/TokyoTech_Subj_02_Post_Relax_Frag9_'Subj_02_Post_Relax_Frag9_x0.75.npz,600,9,0.0,19.966666666666665,"forehead_strip,left_cheek_big,right_cheek_big",,,,train
TokyoTech,'Subj_02_Post_Relax_Frag9_x1.2,Subj_02_Post_Relax_Frag9,Dataset/3_ROI/PURE-x-UBFC-x-Tokoyo-AUG/aug_npz/TokyoTech_Subj_02_Post_Relax_Frag9_'Subj_02_Post_Relax_Frag9_x1.2.npz,600,9,0.0,19.966666666666665,"forehead_strip,left_cheek_big,right_cheek_big",,,,train
TokyoTech,'Subj_02_Post_Relax_Frag9_x1.4,Subj_02_Post_Relax_Frag9,Dataset/3_ROI/PURE-x-UBFC-x-Tokoyo-AUG/aug_npz/TokyoTech_Subj_02_Post_Relax_Frag9_'Subj_02_Post_Relax_Frag9_x1.4.npz,600,9,0.0,19.966666666666665,"forehead_strip,left_cheek_big,right_cheek_big",,,,train
TokyoTech,'Subj_02_Post_Relax_Frag9_x1.6,Subj_02_Post_Relax_Frag9,Dataset/3_ROI/PURE-x-UBFC-x-Tokoyo-AUG/aug_npz/TokyoTech_Subj_02_Post_Relax_Frag9_'Subj_02_Post_Relax_Frag9_x1.6.npz,600,9,0.0,19.966666666666665,"forehead_strip,left_cheek_big,right_cheek_big",,,,train
TokyoTech,'Subj_02_Post_Relax_Frag9_x1.8,Subj_02_Post_Relax_Frag9,Dataset/3_ROI/PURE-x-UBFC-x-Tokoyo-AUG/aug_npz/TokyoTech_Subj_02_Post_Relax_Frag9_'Subj_02_Post_Relax_Frag9_x1.8.npz,600,9,0.0,19.966666666666665,"forehead_strip,left_cheek_big,right_cheek_big",,,,train
TokyoTech,'Subj_02_Pre_Relax_Frag1,Subj_02_Pre_Relax_Frag1,Dataset/3_ROI/TokyoTech_RAW/Subj_02_Pre_Relax_Frag1.npz,600,9,0.0,19.966666666666665,"forehead_strip,left_cheek_big,right_cheek_big",,,,train
TokyoTech,'Subj_02_Pre_Relax_Frag1_x0.75,Subj_02_Pre_Relax_Frag1,Dataset/3_ROI/PURE-x-UBFC-x-Tokoyo-AUG/aug_npz/TokyoTech_Subj_02_Pre_Relax_Frag1_'Subj_02_Pre_Relax_Frag1_x0.75.npz,600,9,0.0,19.966666666666665,"forehead_strip,left_cheek_big,right_cheek_big",,,,train
TokyoTech,'Subj_02_Pre_Relax_Frag1_x1.2,Subj_02_Pre_Relax_Frag1,Dataset/3_ROI/PURE-x-UBFC-x-Tokoyo-AUG/aug_npz/TokyoTech_Subj_02_Pre_Relax_Frag1_'Subj_02_Pre_Relax_Frag1_x1.2.npz,600,9,0.0,19.966666666666665,"forehead_strip,left_cheek_big,right_cheek_big",,,,train
TokyoTech,'Subj_02_Pre_Relax_Frag1_x1.4,Subj_02_Pre_Relax_Frag1,Dataset/3_ROI/PURE-x-UBFC-x-Tokoyo-AUG/aug_npz/TokyoTech_Subj_02_Pre_Relax_Frag1_'Subj_02_Pre_Relax_Frag1_x1.4.npz,600,9,0.0,19.966666666666665,"forehead_strip,left_cheek_big,right_cheek_big",,,,train
TokyoTech,'Subj_02_Pre_Relax_Frag1_x1.6,Subj_02_Pre_Relax_Frag1,Dataset/3_ROI/PURE-x-UBFC-x-Tokoyo-AUG/aug_npz/TokyoTech_Subj_02_Pre_Relax_Frag1_'Subj_02_Pre_Relax_Frag1_x1.6.npz,600,9,0.0,19.966666666666665,"forehead_strip,left_cheek_big,right_cheek_big",,,,train
TokyoTech,'Subj_02_Pre_Relax_Frag1_x1.8,Subj_02_Pre_Relax_Frag1,Dataset/3_ROI/PURE-x-UBFC-x-Tokoyo-AUG/aug_npz/TokyoTech_Subj_02_Pre_Relax_Frag1_'Subj_02_Pre_Relax_Frag1_x1.8.npz,600,9,0.0,19.966666666666665,"forehead_strip,left_cheek_big,right_cheek_big",,,,train
TokyoTech,'Subj_02_Pre_Relax_Frag2,Subj_02_Pre_Relax_Frag2,Dataset/3_ROI/TokyoTech_RAW/Subj_02_Pre_Relax_Frag2.npz,600,9,0.0,19.966666666666665,"forehead_strip,left_cheek_big,right_cheek_big",,,,train
TokyoTech,'Subj_02_Pre_Relax_Frag2_x0.75,Subj_02_Pre_Relax_Frag2,Dataset/3_ROI/PURE-x-UBFC-x-Tokoyo-AUG/aug_npz/TokyoTech_Subj_02_Pre_Relax_Frag2_'Subj_02_Pre_Relax_Frag2_x0.75.npz,600,9,0.0,19.966666666666665,"forehead_strip,left_cheek_big,right_cheek_big",,,,train
TokyoTech,'Subj_02_Pre_Relax_Frag2_x1.2,Subj_02_Pre_Relax_Frag2,Dataset/3_ROI/PURE-x-UBFC-x-Tokoyo-AUG/aug_npz/TokyoTech_Subj_02_Pre_Relax_Frag2_'Subj_02_Pre_Relax_Frag2_x1.2.npz,600,9,0.0,19.966666666666665,"forehead_strip,left_cheek_big,right_cheek_big",,,,train
TokyoTech,'Subj_02_Pre_Relax_Frag2_x1.4,Subj_02_Pre_Relax_Frag2,Dataset/3_ROI/PURE-x-UBFC-x-Tokoyo-AUG/aug_npz/TokyoTech_Subj_02_Pre_Relax_Frag2_'Subj_02_Pre_Relax_Frag2_x1.4.npz,600,9,0.0,19.966666666666665,"forehead_strip,left_cheek_big,right_cheek_big",,,,train
TokyoTech,'Subj_02_Pre_Relax_Frag2_x1.6,Subj_02_Pre_Relax_Frag2,Dataset/3_ROI/PURE-x-UBFC-x-Tokoyo-AUG/aug_npz/TokyoTech_Subj_02_Pre_Relax_Frag2_'Subj_02_Pre_Relax_Frag2_x1.6.npz,600,9,0.0,19.966666666666665,"forehead_strip,left_cheek_big,right_cheek_big",,,,train
TokyoTech,'Subj_02_Pre_Relax_Frag2_x1.8,Subj_02_Pre_Relax_Frag2,Dataset/3_ROI/PURE-x-UBFC-x-Tokoyo-AUG/aug_npz/TokyoTech_Subj_02_Pre_Relax_Frag2_'Subj_02_Pre_Relax_Frag2_x1.8.npz,600,9,0.0,19.966666666666665,"forehead_strip,left_cheek_big,right_cheek_big",,,,train
TokyoTech,'Subj_02_Pre_Relax_Frag3,Subj_02_Pre_Relax_Frag3,Dataset/3_ROI/TokyoTech_RAW/Subj_02_Pre_Relax_Frag3.npz,600,9,0.0,19.966666666666665,"forehead_strip,left_cheek_big,right_cheek_big",,,,train
TokyoTech,'Subj_02_Pre_Relax_Frag3_x0.75,Subj_02_Pre_Relax_Frag3,Dataset/3_ROI/PURE-x-UBFC-x-Tokoyo-AUG/aug_npz/TokyoTech_Subj_02_Pre_Relax_Frag3_'Subj_02_Pre_Relax_Frag3_x0.75.npz,600,9,0.0,19.966666666666665,"forehead_strip,left_cheek_big,right_cheek_big",,,,train
TokyoTech,'Subj_02_Pre_Relax_Frag3_x1.2,Subj_02_Pre_Relax_Frag3,Dataset/3_ROI/PURE-x-UBFC-x-Tokoyo-AUG/aug_npz/TokyoTech_Subj_02_Pre_Relax_Frag3_'Subj_02_Pre_Relax_Frag3_x1.2.npz,600,9,0.0,19.966666666666665,"forehead_strip,left_cheek_big,right_cheek_big",,,,train
TokyoTech,'Subj_02_Pre_Relax_Frag3_x1.4,Subj_02_Pre_Relax_Frag3,Dataset/3_ROI/PURE-x-UBFC-x-Tokoyo-AUG/aug_npz/TokyoTech_Subj_02_Pre_Relax_Frag3_'Subj_02_Pre_Relax_Frag3_x1.4.npz,600,9,0.0,19.966666666666665,"forehead_strip,left_cheek_big,right_cheek_big",,,,train
TokyoTech,'Subj_02_Pre_Relax_Frag3_x1.6,Subj_02_Pre_Relax_Frag3,Dataset/3_ROI/PURE-x-UBFC-x-Tokoyo-AUG/aug_npz/TokyoTech_Subj_02_Pre_Relax_Frag3_'Subj_02_Pre_Relax_Frag3_x1.6.npz,600,9,0.0,19.966666666666665,"forehead_strip,left_cheek_big,right_cheek_big",,,,train
TokyoTech,'Subj_02_Pre_Relax_Frag3_x1.8,Subj_02_Pre_Relax_Frag3,Dataset/3_ROI/PURE-x-UBFC-x-Tokoyo-AUG/aug_npz/TokyoTech_Subj_02_Pre_Relax_Frag3_'Subj_02_Pre_Relax_Frag3_x1.8.npz,600,9,0.0,19.966666666666665,"forehead_strip,left_cheek_big,right_cheek_big",,,,train
TokyoTech,'Subj_03_Exercise_Frag4,Subj_03_Exercise_Frag4,Dataset/3_ROI/TokyoTech_RAW/Subj_03_Exercise_Frag4.npz,600,9,0.0,19.966666666666665,"forehead_strip,left_cheek_big,right_cheek_big",,,,train
TokyoTech,'Subj_03_Exercise_Frag4_x0.55,Subj_03_Exercise_Frag4,Dataset/3_ROI/PURE-x-UBFC-x-Tokoyo-AUG/aug_npz/TokyoTech_Subj_03_Exercise_Frag4_'Subj_03_Exercise_Frag4_x0.55.npz,600,9,0.0,19.966666666666665,"forehead_strip,left_cheek_big,right_cheek_big",,,,train
TokyoTech,'Subj_03_Exercise_Frag4_x0.65,Subj_03_Exercise_Frag4,Dataset/3_ROI/PURE-x-UBFC-x-Tokoyo-AUG/aug_npz/TokyoTech_Subj_03_Exercise_Frag4_'Subj_03_Exercise_Frag4_x0.65.npz,600,9,0.0,19.966666666666665,"forehead_strip,left_cheek_big,right_cheek_big",,,,train
TokyoTech,'Subj_03_Exercise_Frag4_x0.75,Subj_03_Exercise_Frag4,Dataset/3_ROI/PURE-x-UBFC-x-Tokoyo-AUG/aug_npz/TokyoTech_Subj_03_Exercise_Frag4_'Subj_03_Exercise_Frag4_x0.75.npz,600,9,0.0,19.966666666666665,"forehead_strip,left_cheek_big,right_cheek_big",,,,train
TokyoTech,'Subj_03_Exercise_Frag4_x1.2,Subj_03_Exercise_Frag4,Dataset/3_ROI/PURE-x-UBFC-x-Tokoyo-AUG/aug_npz/TokyoTech_Subj_03_Exercise_Frag4_'Subj_03_Exercise_Frag4_x1.2.npz,600,9,0.0,19.966666666666665,"forehead_strip,left_cheek_big,right_cheek_big",,,,train
TokyoTech,'Subj_03_Exercise_Frag4_x1.4,Subj_03_Exercise_Frag4,Dataset/3_ROI/PURE-x-UBFC-x-Tokoyo-AUG/aug_npz/TokyoTech_Subj_03_Exercise_Frag4_'Subj_03_Exercise_Frag4_x1.4.npz,600,9,0.0,19.966666666666665,"forehead_strip,left_cheek_big,right_cheek_big",,,,train
TokyoTech,'Subj_03_Exercise_Frag4_x1.6,Subj_03_Exercise_Frag4,Dataset/3_ROI/PURE-x-UBFC-x-Tokoyo-AUG/aug_npz/TokyoTech_Subj_03_Exercise_Frag4_'Subj_03_Exercise_Frag4_x1.6.npz,600,9,0.0,19.966666666666665,"forehead_strip,left_cheek_big,right_cheek_big",,,,train
TokyoTech,'Subj_03_Exercise_Frag4_x1.8,Subj_03_Exercise_Frag4,Dataset/3_ROI/PURE-x-UBFC-x-Tokoyo-AUG/aug_npz/TokyoTech_Subj_03_Exercise_Frag4_'Subj_03_Exercise_Frag4_x1.8.npz,600,9,0.0,19.966666666666665,"forehead_strip,left_cheek_big,right_cheek_big",,,,train
TokyoTech,'Subj_03_Exercise_Frag5,Subj_03_Exercise_Frag5,Dataset/3_ROI/TokyoTech_RAW/Subj_03_Exercise_Frag5.npz,600,9,0.0,19.966666666666665,"forehead_strip,left_cheek_big,right_cheek_big",,,,train
TokyoTech,'Subj_03_Exercise_Frag5_x0.55,Subj_03_Exercise_Frag5,Dataset/3_ROI/PURE-x-UBFC-x-Tokoyo-AUG/aug_npz/TokyoTech_Subj_03_Exercise_Frag5_'Subj_03_Exercise_Frag5_x0.55.npz,600,9,0.0,19.966666666666665,"forehead_strip,left_cheek_big,right_cheek_big",,,,train
TokyoTech,'Subj_03_Exercise_Frag5_x0.65,Subj_03_Exercise_Frag5,Dataset/3_ROI/PURE-x-UBFC-x-Tokoyo-AUG/aug_npz/TokyoTech_Subj_03_Exercise_Frag5_'Subj_03_Exercise_Frag5_x0.65.npz,600,9,0.0,19.966666666666665,"forehead_strip,left_cheek_big,right_cheek_big",,,,train
TokyoTech,'Subj_03_Exercise_Frag5_x0.75,Subj_03_Exercise_Frag5,Dataset/3_ROI/PURE-x-UBFC-x-Tokoyo-AUG/aug_npz/TokyoTech_Subj_03_Exercise_Frag5_'Subj_03_Exercise_Frag5_x0.75.npz,600,9,0.0,19.966666666666665,"forehead_strip,left_cheek_big,right_cheek_big",,,,train
TokyoTech,'Subj_03_Exercise_Frag5_x1.2,Subj_03_Exercise_Frag5,Dataset/3_ROI/PURE-x-UBFC-x-Tokoyo-AUG/aug_npz/TokyoTech_Subj_03_Exercise_Frag5_'Subj_03_Exercise_Frag5_x1.2.npz,600,9,0.0,19.966666666666665,"forehead_strip,left_cheek_big,right_cheek_big",,,,train
TokyoTech,'Subj_03_Exercise_Frag5_x1.4,Subj_03_Exercise_Frag5,Dataset/3_ROI/PURE-x-UBFC-x-Tokoyo-AUG/aug_npz/TokyoTech_Subj_03_Exercise_Frag5_'Subj_03_Exercise_Frag5_x1.4.npz,600,9,0.0,19.966666666666665,"forehead_strip,left_cheek_big,right_cheek_big",,,,train
TokyoTech,'Subj_03_Exercise_Frag5_x1.6,Subj_03_Exercise_Frag5,Dataset/3_ROI/PURE-x-UBFC-x-Tokoyo-AUG/aug_npz/TokyoTech_Subj_03_Exercise_Frag5_'Subj_03_Exercise_Frag5_x1.6.npz,600,9,0.0,19.966666666666665,"forehead_strip,left_cheek_big,right_cheek_big",,,,train
TokyoTech,'Subj_03_Exercise_Frag5_x1.8,Subj_03_Exercise_Frag5,Dataset/3_ROI/PURE-x-UBFC-x-Tokoyo-AUG/aug_npz/TokyoTech_Subj_03_Exercise_Frag5_'Subj_03_Exercise_Frag5_x1.8.npz,600,9,0.0,19.966666666666665,"forehead_strip,left_cheek_big,right_cheek_big",,,,train
TokyoTech,'Subj_03_Exercise_Frag6,Subj_03_Exercise_Frag6,Dataset/3_ROI/TokyoTech_RAW/Subj_03_Exercise_Frag6.npz,600,9,0.0,19.966666666666665,"forehead_strip,left_cheek_big,right_cheek_big",,,,val
TokyoTech,'Subj_03_Post_Relax_Frag7,Subj_03_Post_Relax_Frag7,Dataset/3_ROI/TokyoTech_RAW/Subj_03_Post_Relax_Frag7.npz,600,9,0.0,19.966666666666665,"forehead_strip,left_cheek_big,right_cheek_big",,,,val
TokyoTech,'Subj_03_Post_Relax_Frag8,Subj_03_Post_Relax_Frag8,Dataset/3_ROI/TokyoTech_RAW/Subj_03_Post_Relax_Frag8.npz,600,9,0.0,19.966666666666665,"forehead_strip,left_cheek_big,right_cheek_big",,,,train
TokyoTech,'Subj_03_Post_Relax_Frag8_x0.55,Subj_03_Post_Relax_Frag8,Dataset/3_ROI/PURE-x-UBFC-x-Tokoyo-AUG/aug_npz/TokyoTech_Subj_03_Post_Relax_Frag8_'Subj_03_Post_Relax_Frag8_x0.55.npz,600,9,0.0,19.966666666666665,"forehead_strip,left_cheek_big,right_cheek_big",,,,train
TokyoTech,'Subj_03_Post_Relax_Frag8_x0.65,Subj_03_Post_Relax_Frag8,Dataset/3_ROI/PURE-x-UBFC-x-Tokoyo-AUG/aug_npz/TokyoTech_Subj_03_Post_Relax_Frag8_'Subj_03_Post_Relax_Frag8_x0.65.npz,600,9,0.0,19.966666666666665,"forehead_strip,left_cheek_big,right_cheek_big",,,,train
TokyoTech,'Subj_03_Post_Relax_Frag8_x0.75,Subj_03_Post_Relax_Frag8,Dataset/3_ROI/PURE-x-UBFC-x-Tokoyo-AUG/aug_npz/TokyoTech_Subj_03_Post_Relax_Frag8_'Subj_03_Post_Relax_Frag8_x0.75.npz,600,9,0.0,19.966666666666665,"forehead_strip,left_cheek_big,right_cheek_big",,,,train
TokyoTech,'Subj_03_Post_Relax_Frag8_x1.2,Subj_03_Post_Relax_Frag8,Dataset/3_ROI/PURE-x-UBFC-x-Tokoyo-AUG/aug_npz/TokyoTech_Subj_03_Post_Relax_Frag8_'Subj_03_Post_Relax_Frag8_x1.2.npz,600,9,0.0,19.966666666666665,"forehead_strip,left_cheek_big,right_cheek_big",,,,train
TokyoTech,'Subj_03_Post_Relax_Frag8_x1.4,Subj_03_Post_Relax_Frag8,Dataset/3_ROI/PURE-x-UBFC-x-Tokoyo-AUG/aug_npz/TokyoTech_Subj_03_Post_Relax_Frag8_'Subj_03_Post_Relax_Frag8_x1.4.npz,600,9,0.0,19.966666666666665,"forehead_strip,left_cheek_big,right_cheek_big",,,,train
TokyoTech,'Subj_03_Post_Relax_Frag8_x1.6,Subj_03_Post_Relax_Frag8,Dataset/3_ROI/PURE-x-UBFC-x-Tokoyo-AUG/aug_npz/TokyoTech_Subj_03_Post_Relax_Frag8_'Subj_03_Post_Relax_Frag8_x1.6.npz,600,9,0.0,19.966666666666665,"forehead_strip,left_cheek_big,right_cheek_big",,,,train
TokyoTech,'Subj_03_Post_Relax_Frag8_x1.8,Subj_03_Post_Relax_Frag8,Dataset/3_ROI/PURE-x-UBFC-x-Tokoyo-AUG/aug_npz/TokyoTech_Subj_03_Post_Relax_Frag8_'Subj_03_Post_Relax_Frag8_x1.8.npz,600,9,0.0,19.966666666666665,"forehead_strip,left_cheek_big,right_cheek_big",,,,train
TokyoTech,'Subj_03_Post_Relax_Frag9,Subj_03_Post_Relax_Frag9,Dataset/3_ROI/TokyoTech_RAW/Subj_03_Post_Relax_Frag9.npz,600,9,0.0,19.966666666666665,"forehead_strip,left_cheek_big,right_cheek_big",,,,val
TokyoTech,'Subj_03_Pre_Relax_Frag1,Subj_03_Pre_Relax_Frag1,Dataset/3_ROI/TokyoTech_RAW/Subj_03_Pre_Relax_Frag1.npz,600,9,0.0,19.966666666666665,"forehead_strip,left_cheek_big,right_cheek_big",,,,train
TokyoTech,'Subj_03_Pre_Relax_Frag1_x0.55,Subj_03_Pre_Relax_Frag1,Dataset/3_ROI/PURE-x-UBFC-x-Tokoyo-AUG/aug_npz/TokyoTech_Subj_03_Pre_Relax_Frag1_'Subj_03_Pre_Relax_Frag1_x0.55.npz,600,9,0.0,19.966666666666665,"forehead_strip,left_cheek_big,right_cheek_big",,,,train
TokyoTech,'Subj_03_Pre_Relax_Frag1_x0.65,Subj_03_Pre_Relax_Frag1,Dataset/3_ROI/PURE-x-UBFC-x-Tokoyo-AUG/aug_npz/TokyoTech_Subj_03_Pre_Relax_Frag1_'Subj_03_Pre_Relax_Frag1_x0.65.npz,600,9,0.0,19.966666666666665,"forehead_strip,left_cheek_big,right_cheek_big",,,,train
TokyoTech,'Subj_03_Pre_Relax_Frag1_x0.75,Subj_03_Pre_Relax_Frag1,Dataset/3_ROI/PURE-x-UBFC-x-Tokoyo-AUG/aug_npz/TokyoTech_Subj_03_Pre_Relax_Frag1_'Subj_03_Pre_Relax_Frag1_x0.75.npz,600,9,0.0,19.966666666666665,"forehead_strip,left_cheek_big,right_cheek_big",,,,train
TokyoTech,'Subj_03_Pre_Relax_Frag1_x1.2,Subj_03_Pre_Relax_Frag1,Dataset/3_ROI/PURE-x-UBFC-x-Tokoyo-AUG/aug_npz/TokyoTech_Subj_03_Pre_Relax_Frag1_'Subj_03_Pre_Relax_Frag1_x1.2.npz,600,9,0.0,19.966666666666665,"forehead_strip,left_cheek_big,right_cheek_big",,,,train
TokyoTech,'Subj_03_Pre_Relax_Frag1_x1.4,Subj_03_Pre_Relax_Frag1,Dataset/3_ROI/PURE-x-UBFC-x-Tokoyo-AUG/aug_npz/TokyoTech_Subj_03_Pre_Relax_Frag1_'Subj_03_Pre_Relax_Frag1_x1.4.npz,600,9,0.0,19.966666666666665,"forehead_strip,left_cheek_big,right_cheek_big",,,,train
TokyoTech,'Subj_03_Pre_Relax_Frag1_x1.6,Subj_03_Pre_Relax_Frag1,Dataset/3_ROI/PURE-x-UBFC-x-Tokoyo-AUG/aug_npz/TokyoTech_Subj_03_Pre_Relax_Frag1_'Subj_03_Pre_Relax_Frag1_x1.6.npz,600,9,0.0,19.966666666666665,"forehead_strip,left_cheek_big,right_cheek_big",,,,train
TokyoTech,'Subj_03_Pre_Relax_Frag1_x1.8,Subj_03_Pre_Relax_Frag1,Dataset/3_ROI/PURE-x-UBFC-x-Tokoyo-AUG/aug_npz/TokyoTech_Subj_03_Pre_Relax_Frag1_'Subj_03_Pre_Relax_Frag1_x1.8.npz,600,9,0.0,19.966666666666665,"forehead_strip,left_cheek_big,right_cheek_big",,,,train
TokyoTech,'Subj_03_Pre_Relax_Frag2,Subj_03_Pre_Relax_Frag2,Dataset/3_ROI/TokyoTech_RAW/Subj_03_Pre_Relax_Frag2.npz,600,9,0.0,19.966666666666665,"forehead_strip,left_cheek_big,right_cheek_big",,,,train
TokyoTech,'Subj_03_Pre_Relax_Frag2_x0.55,Subj_03_Pre_Relax_Frag2,Dataset/3_ROI/PURE-x-UBFC-x-Tokoyo-AUG/aug_npz/TokyoTech_Subj_03_Pre_Relax_Frag2_'Subj_03_Pre_Relax_Frag2_x0.55.npz,600,9,0.0,19.966666666666665,"forehead_strip,left_cheek_big,right_cheek_big",,,,train
TokyoTech,'Subj_03_Pre_Relax_Frag2_x0.65,Subj_03_Pre_Relax_Frag2,Dataset/3_ROI/PURE-x-UBFC-x-Tokoyo-AUG/aug_npz/TokyoTech_Subj_03_Pre_Relax_Frag2_'Subj_03_Pre_Relax_Frag2_x0.65.npz,600,9,0.0,19.966666666666665,"forehead_strip,left_cheek_big,right_cheek_big",,,,train
TokyoTech,'Subj_03_Pre_Relax_Frag2_x0.75,Subj_03_Pre_Relax_Frag2,Dataset/3_ROI/PURE-x-UBFC-x-Tokoyo-AUG/aug_npz/TokyoTech_Subj_03_Pre_Relax_Frag2_'Subj_03_Pre_Relax_Frag2_x0.75.npz,600,9,0.0,19.966666666666665,"forehead_strip,left_cheek_big,right_cheek_big",,,,train
TokyoTech,'Subj_03_Pre_Relax_Frag2_x1.2,Subj_03_Pre_Relax_Frag2,Dataset/3_ROI/PURE-x-UBFC-x-Tokoyo-AUG/aug_npz/TokyoTech_Subj_03_Pre_Relax_Frag2_'Subj_03_Pre_Relax_Frag2_x1.2.npz,600,9,0.0,19.966666666666665,"forehead_strip,left_cheek_big,right_cheek_big",,,,train
TokyoTech,'Subj_03_Pre_Relax_Frag2_x1.4,Subj_03_Pre_Relax_Frag2,Dataset/3_ROI/PURE-x-UBFC-x-Tokoyo-AUG/aug_npz/TokyoTech_Subj_03_Pre_Relax_Frag2_'Subj_03_Pre_Relax_Frag2_x1.4.npz,600,9,0.0,19.966666666666665,"forehead_strip,left_cheek_big,right_cheek_big",,,,train
TokyoTech,'Subj_03_Pre_Relax_Frag2_x1.6,Subj_03_Pre_Relax_Frag2,Dataset/3_ROI/PURE-x-UBFC-x-Tokoyo-AUG/aug_npz/TokyoTech_Subj_03_Pre_Relax_Frag2_'Subj_03_Pre_Relax_Frag2_x1.6.npz,600,9,0.0,19.966666666666665,"forehead_strip,left_cheek_big,right_cheek_big",,,,train
TokyoTech,'Subj_03_Pre_Relax_Frag2_x1.8,Subj_03_Pre_Relax_Frag2,Dataset/3_ROI/PURE-x-UBFC-x-Tokoyo-AUG/aug_npz/TokyoTech_Subj_03_Pre_Relax_Frag2_'Subj_03_Pre_Relax_Frag2_x1.8.npz,600,9,0.0,19.966666666666665,"forehead_strip,left_cheek_big,right_cheek_big",,,,train
TokyoTech,'Subj_03_Pre_Relax_Frag3,Subj_03_Pre_Relax_Frag3,Dataset/3_ROI/TokyoTech_RAW/Subj_03_Pre_Relax_Frag3.npz,600,9,0.0,19.966666666666665,"forehead_strip,left_cheek_big,right_cheek_big",,,,train
TokyoTech,'Subj_03_Pre_Relax_Frag3_x0.55,Subj_03_Pre_Relax_Frag3,Dataset/3_ROI/PURE-x-UBFC-x-Tokoyo-AUG/aug_npz/TokyoTech_Subj_03_Pre_Relax_Frag3_'Subj_03_Pre_Relax_Frag3_x0.55.npz,600,9,0.0,19.966666666666665,"forehead_strip,left_cheek_big,right_cheek_big",,,,train
TokyoTech,'Subj_03_Pre_Relax_Frag3_x0.65,Subj_03_Pre_Relax_Frag3,Dataset/3_ROI/PURE-x-UBFC-x-Tokoyo-AUG/aug_npz/TokyoTech_Subj_03_Pre_Relax_Frag3_'Subj_03_Pre_Relax_Frag3_x0.65.npz,600,9,0.0,19.966666666666665,"forehead_strip,left_cheek_big,right_cheek_big",,,,train
TokyoTech,'Subj_03_Pre_Relax_Frag3_x0.75,Subj_03_Pre_Relax_Frag3,Dataset/3_ROI/PURE-x-UBFC-x-Tokoyo-AUG/aug_npz/TokyoTech_Subj_03_Pre_Relax_Frag3_'Subj_03_Pre_Relax_Frag3_x0.75.npz,600,9,0.0,19.966666666666665,"forehead_strip,left_cheek_big,right_cheek_big",,,,train
TokyoTech,'Subj_03_Pre_Relax_Frag3_x1.2,Subj_03_Pre_Relax_Frag3,Dataset/3_ROI/PURE-x-UBFC-x-Tokoyo-AUG/aug_npz/TokyoTech_Subj_03_Pre_Relax_Frag3_'Subj_03_Pre_Relax_Frag3_x1.2.npz,600,9,0.0,19.966666666666665,"forehead_strip,left_cheek_big,right_cheek_big",,,,train
TokyoTech,'Subj_03_Pre_Relax_Frag3_x1.4,Subj_03_Pre_Relax_Frag3,Dataset/3_ROI/PURE-x-UBFC-x-Tokoyo-AUG/aug_npz/TokyoTech_Subj_03_Pre_Relax_Frag3_'Subj_03_Pre_Relax_Frag3_x1.4.npz,600,9,0.0,19.966666666666665,"forehead_strip,left_cheek_big,right_cheek_big",,,,train
TokyoTech,'Subj_03_Pre_Relax_Frag3_x1.6,Subj_03_Pre_Relax_Frag3,Dataset/3_ROI/PURE-x-UBFC-x-Tokoyo-AUG/aug_npz/TokyoTech_Subj_03_Pre_Relax_Frag3_'Subj_03_Pre_Relax_Frag3_x1.6.npz,600,9,0.0,19.966666666666665,"forehead_strip,left_cheek_big,right_cheek_big",,,,train
TokyoTech,'Subj_03_Pre_Relax_Frag3_x1.8,Subj_03_Pre_Relax_Frag3,Dataset/3_ROI/PURE-x-UBFC-x-Tokoyo-AUG/aug_npz/TokyoTech_Subj_03_Pre_Relax_Frag3_'Subj_03_Pre_Relax_Frag3_x1.8.npz,600,9,0.0,19.966666666666665,"forehead_strip,left_cheek_big,right_cheek_big",,,,train
TokyoTech,'Subj_04_Exercise_Frag4,Subj_04_Exercise_Frag4,Dataset/3_ROI/TokyoTech_RAW/Subj_04_Exercise_Frag4.npz,600,9,0.0,19.966666666666665,"forehead_strip,left_cheek_big,right_cheek_big",,,,train
TokyoTech,'Subj_04_Exercise_Frag4_x0.55,Subj_04_Exercise_Frag4,Dataset/3_ROI/PURE-x-UBFC-x-Tokoyo-AUG/aug_npz/TokyoTech_Subj_04_Exercise_Frag4_'Subj_04_Exercise_Frag4_x0.55.npz,600,9,0.0,19.966666666666665,"forehead_strip,left_cheek_big,right_cheek_big",,,,train
TokyoTech,'Subj_04_Exercise_Frag4_x0.65,Subj_04_Exercise_Frag4,Dataset/3_ROI/PURE-x-UBFC-x-Tokoyo-AUG/aug_npz/TokyoTech_Subj_04_Exercise_Frag4_'Subj_04_Exercise_Frag4_x0.65.npz,600,9,0.0,19.966666666666665,"forehead_strip,left_cheek_big,right_cheek_big",,,,train
TokyoTech,'Subj_04_Exercise_Frag4_x0.75,Subj_04_Exercise_Frag4,Dataset/3_ROI/PURE-x-UBFC-x-Tokoyo-AUG/aug_npz/TokyoTech_Subj_04_Exercise_Frag4_'Subj_04_Exercise_Frag4_x0.75.npz,600,9,0.0,19.966666666666665,"forehead_strip,left_cheek_big,right_cheek_big",,,,train
TokyoTech,'Subj_04_Exercise_Frag4_x1.2,Subj_04_Exercise_Frag4,Dataset/3_ROI/PURE-x-UBFC-x-Tokoyo-AUG/aug_npz/TokyoTech_Subj_04_Exercise_Frag4_'Subj_04_Exercise_Frag4_x1.2.npz,600,9,0.0,19.966666666666665,"forehead_strip,left_cheek_big,right_cheek_big",,,,train
TokyoTech,'Subj_04_Exercise_Frag4_x1.4,Subj_04_Exercise_Frag4,Dataset/3_ROI/PURE-x-UBFC-x-Tokoyo-AUG/aug_npz/TokyoTech_Subj_04_Exercise_Frag4_'Subj_04_Exercise_Frag4_x1.4.npz,600,9,0.0,19.966666666666665,"forehead_strip,left_cheek_big,right_cheek_big",,,,train
TokyoTech,'Subj_04_Exercise_Frag4_x1.6,Subj_04_Exercise_Frag4,Dataset/3_ROI/PURE-x-UBFC-x-Tokoyo-AUG/aug_npz/TokyoTech_Subj_04_Exercise_Frag4_'Subj_04_Exercise_Frag4_x1.6.npz,600,9,0.0,19.966666666666665,"forehead_strip,left_cheek_big,right_cheek_big",,,,train
TokyoTech,'Subj_04_Exercise_Frag4_x1.8,Subj_04_Exercise_Frag4,Dataset/3_ROI/PURE-x-UBFC-x-Tokoyo-AUG/aug_npz/TokyoTech_Subj_04_Exercise_Frag4_'Subj_04_Exercise_Frag4_x1.8.npz,600,9,0.0,19.966666666666665,"forehead_strip,left_cheek_big,right_cheek_big",,,,train
TokyoTech,'Subj_04_Exercise_Frag5,Subj_04_Exercise_Frag5,Dataset/3_ROI/TokyoTech_RAW/Subj_04_Exercise_Frag5.npz,600,9,0.0,19.966666666666665,"forehead_strip,left_cheek_big,right_cheek_big",,,,train
TokyoTech,'Subj_04_Exercise_Frag5_x0.55,Subj_04_Exercise_Frag5,Dataset/3_ROI/PURE-x-UBFC-x-Tokoyo-AUG/aug_npz/TokyoTech_Subj_04_Exercise_Frag5_'Subj_04_Exercise_Frag5_x0.55.npz,600,9,0.0,19.966666666666665,"forehead_strip,left_cheek_big,right_cheek_big",,,,train
TokyoTech,'Subj_04_Exercise_Frag5_x0.65,Subj_04_Exercise_Frag5,Dataset/3_ROI/PURE-x-UBFC-x-Tokoyo-AUG/aug_npz/TokyoTech_Subj_04_Exercise_Frag5_'Subj_04_Exercise_Frag5_x0.65.npz,600,9,0.0,19.966666666666665,"forehead_strip,left_cheek_big,right_cheek_big",,,,train
TokyoTech,'Subj_04_Exercise_Frag5_x0.75,Subj_04_Exercise_Frag5,Dataset/3_ROI/PURE-x-UBFC-x-Tokoyo-AUG/aug_npz/TokyoTech_Subj_04_Exercise_Frag5_'Subj_04_Exercise_Frag5_x0.75.npz,600,9,0.0,19.966666666666665,"forehead_strip,left_cheek_big,right_cheek_big",,,,train
TokyoTech,'Subj_04_Exercise_Frag5_x1.2,Subj_04_Exercise_Frag5,Dataset/3_ROI/PURE-x-UBFC-x-Tokoyo-AUG/aug_npz/TokyoTech_Subj_04_Exercise_Frag5_'Subj_04_Exercise_Frag5_x1.2.npz,600,9,0.0,19.966666666666665,"forehead_strip,left_cheek_big,right_cheek_big",,,,train
TokyoTech,'Subj_04_Exercise_Frag5_x1.4,Subj_04_Exercise_Frag5,Dataset/3_ROI/PURE-x-UBFC-x-Tokoyo-AUG/aug_npz/TokyoTech_Subj_04_Exercise_Frag5_'Subj_04_Exercise_Frag5_x1.4.npz,600,9,0.0,19.966666666666665,"forehead_strip,left_cheek_big,right_cheek_big",,,,train
TokyoTech,'Subj_04_Exercise_Frag5_x1.6,Subj_04_Exercise_Frag5,Dataset/3_ROI/PURE-x-UBFC-x-Tokoyo-AUG/aug_npz/TokyoTech_Subj_04_Exercise_Frag5_'Subj_04_Exercise_Frag5_x1.6.npz,600,9,0.0,19.966666666666665,"forehead_strip,left_cheek_big,right_cheek_big",,,,train
TokyoTech,'Subj_04_Exercise_Frag5_x1.8,Subj_04_Exercise_Frag5,Dataset/3_ROI/PURE-x-UBFC-x-Tokoyo-AUG/aug_npz/TokyoTech_Subj_04_Exercise_Frag5_'Subj_04_Exercise_Frag5_x1.8.npz,600,9,0.0,19.966666666666665,"forehead_strip,left_cheek_big,right_cheek_big",,,,train
TokyoTech,'Subj_04_Exercise_Frag6,Subj_04_Exercise_Frag6,Dataset/3_ROI/TokyoTech_RAW/Subj_04_Exercise_Frag6.npz,600,9,0.0,19.966666666666665,"forehead_strip,left_cheek_big,right_cheek_big",,,,val
TokyoTech,'Subj_04_Post_Relax_Frag7,Subj_04_Post_Relax_Frag7,Dataset/3_ROI/TokyoTech_RAW/Subj_04_Post_Relax_Frag7.npz,600,9,0.0,19.966666666666665,"forehead_strip,left_cheek_big,right_cheek_big",,,,train
TokyoTech,'Subj_04_Post_Relax_Frag7_x0.55,Subj_04_Post_Relax_Frag7,Dataset/3_ROI/PURE-x-UBFC-x-Tokoyo-AUG/aug_npz/TokyoTech_Subj_04_Post_Relax_Frag7_'Subj_04_Post_Relax_Frag7_x0.55.npz,600,9,0.0,19.966666666666665,"forehead_strip,left_cheek_big,right_cheek_big",,,,train
TokyoTech,'Subj_04_Post_Relax_Frag7_x0.65,Subj_04_Post_Relax_Frag7,Dataset/3_ROI/PURE-x-UBFC-x-Tokoyo-AUG/aug_npz/TokyoTech_Subj_04_Post_Relax_Frag7_'Subj_04_Post_Relax_Frag7_x0.65.npz,600,9,0.0,19.966666666666665,"forehead_strip,left_cheek_big,right_cheek_big",,,,train
TokyoTech,'Subj_04_Post_Relax_Frag7_x0.75,Subj_04_Post_Relax_Frag7,Dataset/3_ROI/PURE-x-UBFC-x-Tokoyo-AUG/aug_npz/TokyoTech_Subj_04_Post_Relax_Frag7_'Subj_04_Post_Relax_Frag7_x0.75.npz,600,9,0.0,19.966666666666665,"forehead_strip,left_cheek_big,right_cheek_big",,,,train
TokyoTech,'Subj_04_Post_Relax_Frag7_x1.2,Subj_04_Post_Relax_Frag7,Dataset/3_ROI/PURE-x-UBFC-x-Tokoyo-AUG/aug_npz/TokyoTech_Subj_04_Post_Relax_Frag7_'Subj_04_Post_Relax_Frag7_x1.2.npz,600,9,0.0,19.966666666666665,"forehead_strip,left_cheek_big,right_cheek_big",,,,train
TokyoTech,'Subj_04_Post_Relax_Frag7_x1.4,Subj_04_Post_Relax_Frag7,Dataset/3_ROI/PURE-x-UBFC-x-Tokoyo-AUG/aug_npz/TokyoTech_Subj_04_Post_Relax_Frag7_'Subj_04_Post_Relax_Frag7_x1.4.npz,600,9,0.0,19.966666666666665,"forehead_strip,left_cheek_big,right_cheek_big",,,,train
TokyoTech,'Subj_04_Post_Relax_Frag7_x1.6,Subj_04_Post_Relax_Frag7,Dataset/3_ROI/PURE-x-UBFC-x-Tokoyo-AUG/aug_npz/TokyoTech_Subj_04_Post_Relax_Frag7_'Subj_04_Post_Relax_Frag7_x1.6.npz,600,9,0.0,19.966666666666665,"forehead_strip,left_cheek_big,right_cheek_big",,,,train
TokyoTech,'Subj_04_Post_Relax_Frag7_x1.8,Subj_04_Post_Relax_Frag7,Dataset/3_ROI/PURE-x-UBFC-x-Tokoyo-AUG/aug_npz/TokyoTech_Subj_04_Post_Relax_Frag7_'Subj_04_Post_Relax_Frag7_x1.8.npz,600,9,0.0,19.966666666666665,"forehead_strip,left_cheek_big,right_cheek_big",,,,train
TokyoTech,'Subj_04_Post_Relax_Frag8,Subj_04_Post_Relax_Frag8,Dataset/3_ROI/TokyoTech_RAW/Subj_04_Post_Relax_Frag8.npz,600,9,0.0,19.966666666666665,"forehead_strip,left_cheek_big,right_cheek_big",,,,train
TokyoTech,'Subj_04_Post_Relax_Frag8_x0.55,Subj_04_Post_Relax_Frag8,Dataset/3_ROI/PURE-x-UBFC-x-Tokoyo-AUG/aug_npz/TokyoTech_Subj_04_Post_Relax_Frag8_'Subj_04_Post_Relax_Frag8_x0.55.npz,600,9,0.0,19.966666666666665,"forehead_strip,left_cheek_big,right_cheek_big",,,,train
TokyoTech,'Subj_04_Post_Relax_Frag8_x0.65,Subj_04_Post_Relax_Frag8,Dataset/3_ROI/PURE-x-UBFC-x-Tokoyo-AUG/aug_npz/TokyoTech_Subj_04_Post_Relax_Frag8_'Subj_04_Post_Relax_Frag8_x0.65.npz,600,9,0.0,19.966666666666665,"forehead_strip,left_cheek_big,right_cheek_big",,,,train
TokyoTech,'Subj_04_Post_Relax_Frag8_x0.75,Subj_04_Post_Relax_Frag8,Dataset/3_ROI/PURE-x-UBFC-x-Tokoyo-AUG/aug_npz/TokyoTech_Subj_04_Post_Relax_Frag8_'Subj_04_Post_Relax_Frag8_x0.75.npz,600,9,0.0,19.966666666666665,"forehead_strip,left_cheek_big,right_cheek_big",,,,train
TokyoTech,'Subj_04_Post_Relax_Frag8_x1.2,Subj_04_Post_Relax_Frag8,Dataset/3_ROI/PURE-x-UBFC-x-Tokoyo-AUG/aug_npz/TokyoTech_Subj_04_Post_Relax_Frag8_'Subj_04_Post_Relax_Frag8_x1.2.npz,600,9,0.0,19.966666666666665,"forehead_strip,left_cheek_big,right_cheek_big",,,,train
TokyoTech,'Subj_04_Post_Relax_Frag8_x1.4,Subj_04_Post_Relax_Frag8,Dataset/3_ROI/PURE-x-UBFC-x-Tokoyo-AUG/aug_npz/TokyoTech_Subj_04_Post_Relax_Frag8_'Subj_04_Post_Relax_Frag8_x1.4.npz,600,9,0.0,19.966666666666665,"forehead_strip,left_cheek_big,right_cheek_big",,,,train
TokyoTech,'Subj_04_Post_Relax_Frag8_x1.6,Subj_04_Post_Relax_Frag8,Dataset/3_ROI/PURE-x-UBFC-x-Tokoyo-AUG/aug_npz/TokyoTech_Subj_04_Post_Relax_Frag8_'Subj_04_Post_Relax_Frag8_x1.6.npz,600,9,0.0,19.966666666666665,"forehead_strip,left_cheek_big,right_cheek_big",,,,train
TokyoTech,'Subj_04_Post_Relax_Frag8_x1.8,Subj_04_Post_Relax_Frag8,Dataset/3_ROI/PURE-x-UBFC-x-Tokoyo-AUG/aug_npz/TokyoTech_Subj_04_Post_Relax_Frag8_'Subj_04_Post_Relax_Frag8_x1.8.npz,600,9,0.0,19.966666666666665,"forehead_strip,left_cheek_big,right_cheek_big",,,,train
TokyoTech,'Subj_04_Post_Relax_Frag9,Subj_04_Post_Relax_Frag9,Dataset/3_ROI/TokyoTech_RAW/Subj_04_Post_Relax_Frag9.npz,600,9,0.0,19.966666666666665,"forehead_strip,left_cheek_big,right_cheek_big",,,,train
TokyoTech,'Subj_04_Post_Relax_Frag9_x0.55,Subj_04_Post_Relax_Frag9,Dataset/3_ROI/PURE-x-UBFC-x-Tokoyo-AUG/aug_npz/TokyoTech_Subj_04_Post_Relax_Frag9_'Subj_04_Post_Relax_Frag9_x0.55.npz,600,9,0.0,19.966666666666665,"forehead_strip,left_cheek_big,right_cheek_big",,,,train
TokyoTech,'Subj_04_Post_Relax_Frag9_x0.65,Subj_04_Post_Relax_Frag9,Dataset/3_ROI/PURE-x-UBFC-x-Tokoyo-AUG/aug_npz/TokyoTech_Subj_04_Post_Relax_Frag9_'Subj_04_Post_Relax_Frag9_x0.65.npz,600,9,0.0,19.966666666666665,"forehead_strip,left_cheek_big,right_cheek_big",,,,train
TokyoTech,'Subj_04_Post_Relax_Frag9_x0.75,Subj_04_Post_Relax_Frag9,Dataset/3_ROI/PURE-x-UBFC-x-Tokoyo-AUG/aug_npz/TokyoTech_Subj_04_Post_Relax_Frag9_'Subj_04_Post_Relax_Frag9_x0.75.npz,600,9,0.0,19.966666666666665,"forehead_strip,left_cheek_big,right_cheek_big",,,,train
TokyoTech,'Subj_04_Post_Relax_Frag9_x1.2,Subj_04_Post_Relax_Frag9,Dataset/3_ROI/PURE-x-UBFC-x-Tokoyo-AUG/aug_npz/TokyoTech_Subj_04_Post_Relax_Frag9_'Subj_04_Post_Relax_Frag9_x1.2.npz,600,9,0.0,19.966666666666665,"forehead_strip,left_cheek_big,right_cheek_big",,,,train
TokyoTech,'Subj_04_Post_Relax_Frag9_x1.4,Subj_04_Post_Relax_Frag9,Dataset/3_ROI/PURE-x-UBFC-x-Tokoyo-AUG/aug_npz/TokyoTech_Subj_04_Post_Relax_Frag9_'Subj_04_Post_Relax_Frag9_x1.4.npz,600,9,0.0,19.966666666666665,"forehead_strip,left_cheek_big,right_cheek_big",,,,train
TokyoTech,'Subj_04_Post_Relax_Frag9_x1.6,Subj_04_Post_Relax_Frag9,Dataset/3_ROI/PURE-x-UBFC-x-Tokoyo-AUG/aug_npz/TokyoTech_Subj_04_Post_Relax_Frag9_'Subj_04_Post_Relax_Frag9_x1.6.npz,600,9,0.0,19.966666666666665,"forehead_strip,left_cheek_big,right_cheek_big",,,,train
TokyoTech,'Subj_04_Post_Relax_Frag9_x1.8,Subj_04_Post_Relax_Frag9,Dataset/3_ROI/PURE-x-UBFC-x-Tokoyo-AUG/aug_npz/TokyoTech_Subj_04_Post_Relax_Frag9_'Subj_04_Post_Relax_Frag9_x1.8.npz,600,9,0.0,19.966666666666665,"forehead_strip,left_cheek_big,right_cheek_big",,,,train
TokyoTech,'Subj_04_Pre_Relax_Frag1,Subj_04_Pre_Relax_Frag1,Dataset/3_ROI/TokyoTech_RAW/Subj_04_Pre_Relax_Frag1.npz,600,9,0.0,19.966666666666665,"forehead_strip,left_cheek_big,right_cheek_big",,,,train
TokyoTech,'Subj_04_Pre_Relax_Frag1_x0.55,Subj_04_Pre_Relax_Frag1,Dataset/3_ROI/PURE-x-UBFC-x-Tokoyo-AUG/aug_npz/TokyoTech_Subj_04_Pre_Relax_Frag1_'Subj_04_Pre_Relax_Frag1_x0.55.npz,600,9,0.0,19.966666666666665,"forehead_strip,left_cheek_big,right_cheek_big",,,,train
TokyoTech,'Subj_04_Pre_Relax_Frag1_x0.65,Subj_04_Pre_Relax_Frag1,Dataset/3_ROI/PURE-x-UBFC-x-Tokoyo-AUG/aug_npz/TokyoTech_Subj_04_Pre_Relax_Frag1_'Subj_04_Pre_Relax_Frag1_x0.65.npz,600,9,0.0,19.966666666666665,"forehead_strip,left_cheek_big,right_cheek_big",,,,train
TokyoTech,'Subj_04_Pre_Relax_Frag1_x0.75,Subj_04_Pre_Relax_Frag1,Dataset/3_ROI/PURE-x-UBFC-x-Tokoyo-AUG/aug_npz/TokyoTech_Subj_04_Pre_Relax_Frag1_'Subj_04_Pre_Relax_Frag1_x0.75.npz,600,9,0.0,19.966666666666665,"forehead_strip,left_cheek_big,right_cheek_big",,,,train
TokyoTech,'Subj_04_Pre_Relax_Frag1_x1.2,Subj_04_Pre_Relax_Frag1,Dataset/3_ROI/PURE-x-UBFC-x-Tokoyo-AUG/aug_npz/TokyoTech_Subj_04_Pre_Relax_Frag1_'Subj_04_Pre_Relax_Frag1_x1.2.npz,600,9,0.0,19.966666666666665,"forehead_strip,left_cheek_big,right_cheek_big",,,,train
TokyoTech,'Subj_04_Pre_Relax_Frag1_x1.4,Subj_04_Pre_Relax_Frag1,Dataset/3_ROI/PURE-x-UBFC-x-Tokoyo-AUG/aug_npz/TokyoTech_Subj_04_Pre_Relax_Frag1_'Subj_04_Pre_Relax_Frag1_x1.4.npz,600,9,0.0,19.966666666666665,"forehead_strip,left_cheek_big,right_cheek_big",,,,train
TokyoTech,'Subj_04_Pre_Relax_Frag1_x1.6,Subj_04_Pre_Relax_Frag1,Dataset/3_ROI/PURE-x-UBFC-x-Tokoyo-AUG/aug_npz/TokyoTech_Subj_04_Pre_Relax_Frag1_'Subj_04_Pre_Relax_Frag1_x1.6.npz,600,9,0.0,19.966666666666665,"forehead_strip,left_cheek_big,right_cheek_big",,,,train
TokyoTech,'Subj_04_Pre_Relax_Frag1_x1.8,Subj_04_Pre_Relax_Frag1,Dataset/3_ROI/PURE-x-UBFC-x-Tokoyo-AUG/aug_npz/TokyoTech_Subj_04_Pre_Relax_Frag1_'Subj_04_Pre_Relax_Frag1_x1.8.npz,600,9,0.0,19.966666666666665,"forehead_strip,left_cheek_big,right_cheek_big",,,,train
TokyoTech,'Subj_04_Pre_Relax_Frag2,Subj_04_Pre_Relax_Frag2,Dataset/3_ROI/TokyoTech_RAW/Subj_04_Pre_Relax_Frag2.npz,600,9,0.0,19.966666666666665,"forehead_strip,left_cheek_big,right_cheek_big",,,,train
TokyoTech,'Subj_04_Pre_Relax_Frag2_x0.55,Subj_04_Pre_Relax_Frag2,Dataset/3_ROI/PURE-x-UBFC-x-Tokoyo-AUG/aug_npz/TokyoTech_Subj_04_Pre_Relax_Frag2_'Subj_04_Pre_Relax_Frag2_x0.55.npz,600,9,0.0,19.966666666666665,"forehead_strip,left_cheek_big,right_cheek_big",,,,train
TokyoTech,'Subj_04_Pre_Relax_Frag2_x0.65,Subj_04_Pre_Relax_Frag2,Dataset/3_ROI/PURE-x-UBFC-x-Tokoyo-AUG/aug_npz/TokyoTech_Subj_04_Pre_Relax_Frag2_'Subj_04_Pre_Relax_Frag2_x0.65.npz,600,9,0.0,19.966666666666665,"forehead_strip,left_cheek_big,right_cheek_big",,,,train
TokyoTech,'Subj_04_Pre_Relax_Frag2_x0.75,Subj_04_Pre_Relax_Frag2,Dataset/3_ROI/PURE-x-UBFC-x-Tokoyo-AUG/aug_npz/TokyoTech_Subj_04_Pre_Relax_Frag2_'Subj_04_Pre_Relax_Frag2_x0.75.npz,600,9,0.0,19.966666666666665,"forehead_strip,left_cheek_big,right_cheek_big",,,,train
TokyoTech,'Subj_04_Pre_Relax_Frag2_x1.2,Subj_04_Pre_Relax_Frag2,Dataset/3_ROI/PURE-x-UBFC-x-Tokoyo-AUG/aug_npz/TokyoTech_Subj_04_Pre_Relax_Frag2_'Subj_04_Pre_Relax_Frag2_x1.2.npz,600,9,0.0,19.966666666666665,"forehead_strip,left_cheek_big,right_cheek_big",,,,train
TokyoTech,'Subj_04_Pre_Relax_Frag2_x1.4,Subj_04_Pre_Relax_Frag2,Dataset/3_ROI/PURE-x-UBFC-x-Tokoyo-AUG/aug_npz/TokyoTech_Subj_04_Pre_Relax_Frag2_'Subj_04_Pre_Relax_Frag2_x1.4.npz,600,9,0.0,19.966666666666665,"forehead_strip,left_cheek_big,right_cheek_big",,,,train
TokyoTech,'Subj_04_Pre_Relax_Frag2_x1.6,Subj_04_Pre_Relax_Frag2,Dataset/3_ROI/PURE-x-UBFC-x-Tokoyo-AUG/aug_npz/TokyoTech_Subj_04_Pre_Relax_Frag2_'Subj_04_Pre_Relax_Frag2_x1.6.npz,600,9,0.0,19.966666666666665,"forehead_strip,left_cheek_big,right_cheek_big",,,,train
TokyoTech,'Subj_04_Pre_Relax_Frag2_x1.8,Subj_04_Pre_Relax_Frag2,Dataset/3_ROI/PURE-x-UBFC-x-Tokoyo-AUG/aug_npz/TokyoTech_Subj_04_Pre_Relax_Frag2_'Subj_04_Pre_Relax_Frag2_x1.8.npz,600,9,0.0,19.966666666666665,"forehead_strip,left_cheek_big,right_cheek_big",,,,train
TokyoTech,'Subj_04_Pre_Relax_Frag3,Subj_04_Pre_Relax_Frag3,Dataset/3_ROI/TokyoTech_RAW/Subj_04_Pre_Relax_Frag3.npz,600,9,0.0,19.966666666666665,"forehead_strip,left_cheek_big,right_cheek_big",,,,train
TokyoTech,'Subj_04_Pre_Relax_Frag3_x0.55,Subj_04_Pre_Relax_Frag3,Dataset/3_ROI/PURE-x-UBFC-x-Tokoyo-AUG/aug_npz/TokyoTech_Subj_04_Pre_Relax_Frag3_'Subj_04_Pre_Relax_Frag3_x0.55.npz,600,9,0.0,19.966666666666665,"forehead_strip,left_cheek_big,right_cheek_big",,,,train
TokyoTech,'Subj_04_Pre_Relax_Frag3_x0.65,Subj_04_Pre_Relax_Frag3,Dataset/3_ROI/PURE-x-UBFC-x-Tokoyo-AUG/aug_npz/TokyoTech_Subj_04_Pre_Relax_Frag3_'Subj_04_Pre_Relax_Frag3_x0.65.npz,600,9,0.0,19.966666666666665,"forehead_strip,left_cheek_big,right_cheek_big",,,,train
TokyoTech,'Subj_04_Pre_Relax_Frag3_x0.75,Subj_04_Pre_Relax_Frag3,Dataset/3_ROI/PURE-x-UBFC-x-Tokoyo-AUG/aug_npz/TokyoTech_Subj_04_Pre_Relax_Frag3_'Subj_04_Pre_Relax_Frag3_x0.75.npz,600,9,0.0,19.966666666666665,"forehead_strip,left_cheek_big,right_cheek_big",,,,train
TokyoTech,'Subj_04_Pre_Relax_Frag3_x1.2,Subj_04_Pre_Relax_Frag3,Dataset/3_ROI/PURE-x-UBFC-x-Tokoyo-AUG/aug_npz/TokyoTech_Subj_04_Pre_Relax_Frag3_'Subj_04_Pre_Relax_Frag3_x1.2.npz,600,9,0.0,19.966666666666665,"forehead_strip,left_cheek_big,right_cheek_big",,,,train
TokyoTech,'Subj_04_Pre_Relax_Frag3_x1.4,Subj_04_Pre_Relax_Frag3,Dataset/3_ROI/PURE-x-UBFC-x-Tokoyo-AUG/aug_npz/TokyoTech_Subj_04_Pre_Relax_Frag3_'Subj_04_Pre_Relax_Frag3_x1.4.npz,600,9,0.0,19.966666666666665,"forehead_strip,left_cheek_big,right_cheek_big",,,,train
TokyoTech,'Subj_04_Pre_Relax_Frag3_x1.6,Subj_04_Pre_Relax_Frag3,Dataset/3_ROI/PURE-x-UBFC-x-Tokoyo-AUG/aug_npz/TokyoTech_Subj_04_Pre_Relax_Frag3_'Subj_04_Pre_Relax_Frag3_x1.6.npz,600,9,0.0,19.966666666666665,"forehead_strip,left_cheek_big,right_cheek_big",,,,train
TokyoTech,'Subj_04_Pre_Relax_Frag3_x1.8,Subj_04_Pre_Relax_Frag3,Dataset/3_ROI/PURE-x-UBFC-x-Tokoyo-AUG/aug_npz/TokyoTech_Subj_04_Pre_Relax_Frag3_'Subj_04_Pre_Relax_Frag3_x1.8.npz,600,9,0.0,19.966666666666665,"forehead_strip,left_cheek_big,right_cheek_big",,,,train
TokyoTech,'Subj_05_Exercise_Frag4,Subj_05_Exercise_Frag4,Dataset/3_ROI/TokyoTech_RAW/Subj_05_Exercise_Frag4.npz,600,9,0.0,19.966666666666665,"forehead_strip,left_cheek_big,right_cheek_big",,,,train
TokyoTech,'Subj_05_Exercise_Frag4_x0.55,Subj_05_Exercise_Frag4,Dataset/3_ROI/PURE-x-UBFC-x-Tokoyo-AUG/aug_npz/TokyoTech_Subj_05_Exercise_Frag4_'Subj_05_Exercise_Frag4_x0.55.npz,600,9,0.0,19.966666666666665,"forehead_strip,left_cheek_big,right_cheek_big",,,,train
TokyoTech,'Subj_05_Exercise_Frag4_x0.65,Subj_05_Exercise_Frag4,Dataset/3_ROI/PURE-x-UBFC-x-Tokoyo-AUG/aug_npz/TokyoTech_Subj_05_Exercise_Frag4_'Subj_05_Exercise_Frag4_x0.65.npz,600,9,0.0,19.966666666666665,"forehead_strip,left_cheek_big,right_cheek_big",,,,train
TokyoTech,'Subj_05_Exercise_Frag4_x0.75,Subj_05_Exercise_Frag4,Dataset/3_ROI/PURE-x-UBFC-x-Tokoyo-AUG/aug_npz/TokyoTech_Subj_05_Exercise_Frag4_'Subj_05_Exercise_Frag4_x0.75.npz,600,9,0.0,19.966666666666665,"forehead_strip,left_cheek_big,right_cheek_big",,,,train
TokyoTech,'Subj_05_Exercise_Frag4_x1.2,Subj_05_Exercise_Frag4,Dataset/3_ROI/PURE-x-UBFC-x-Tokoyo-AUG/aug_npz/TokyoTech_Subj_05_Exercise_Frag4_'Subj_05_Exercise_Frag4_x1.2.npz,600,9,0.0,19.966666666666665,"forehead_strip,left_cheek_big,right_cheek_big",,,,train
TokyoTech,'Subj_05_Exercise_Frag4_x1.4,Subj_05_Exercise_Frag4,Dataset/3_ROI/PURE-x-UBFC-x-Tokoyo-AUG/aug_npz/TokyoTech_Subj_05_Exercise_Frag4_'Subj_05_Exercise_Frag4_x1.4.npz,600,9,0.0,19.966666666666665,"forehead_strip,left_cheek_big,right_cheek_big",,,,train
TokyoTech,'Subj_05_Exercise_Frag4_x1.6,Subj_05_Exercise_Frag4,Dataset/3_ROI/PURE-x-UBFC-x-Tokoyo-AUG/aug_npz/TokyoTech_Subj_05_Exercise_Frag4_'Subj_05_Exercise_Frag4_x1.6.npz,600,9,0.0,19.966666666666665,"forehead_strip,left_cheek_big,right_cheek_big",,,,train
TokyoTech,'Subj_05_Exercise_Frag4_x1.8,Subj_05_Exercise_Frag4,Dataset/3_ROI/PURE-x-UBFC-x-Tokoyo-AUG/aug_npz/TokyoTech_Subj_05_Exercise_Frag4_'Subj_05_Exercise_Frag4_x1.8.npz,600,9,0.0,19.966666666666665,"forehead_strip,left_cheek_big,right_cheek_big",,,,train
TokyoTech,'Subj_05_Exercise_Frag5,Subj_05_Exercise_Frag5,Dataset/3_ROI/TokyoTech_RAW/Subj_05_Exercise_Frag5.npz,600,9,0.0,19.966666666666665,"forehead_strip,left_cheek_big,right_cheek_big",,,,val
TokyoTech,'Subj_05_Exercise_Frag6,Subj_05_Exercise_Frag6,Dataset/3_ROI/TokyoTech_RAW/Subj_05_Exercise_Frag6.npz,600,9,0.0,19.966666666666665,"forehead_strip,left_cheek_big,right_cheek_big",,,,train
TokyoTech,'Subj_05_Exercise_Frag6_x0.55,Subj_05_Exercise_Frag6,Dataset/3_ROI/PURE-x-UBFC-x-Tokoyo-AUG/aug_npz/TokyoTech_Subj_05_Exercise_Frag6_'Subj_05_Exercise_Frag6_x0.55.npz,600,9,0.0,19.966666666666665,"forehead_strip,left_cheek_big,right_cheek_big",,,,train
TokyoTech,'Subj_05_Exercise_Frag6_x0.65,Subj_05_Exercise_Frag6,Dataset/3_ROI/PURE-x-UBFC-x-Tokoyo-AUG/aug_npz/TokyoTech_Subj_05_Exercise_Frag6_'Subj_05_Exercise_Frag6_x0.65.npz,600,9,0.0,19.966666666666665,"forehead_strip,left_cheek_big,right_cheek_big",,,,train
TokyoTech,'Subj_05_Exercise_Frag6_x0.75,Subj_05_Exercise_Frag6,Dataset/3_ROI/PURE-x-UBFC-x-Tokoyo-AUG/aug_npz/TokyoTech_Subj_05_Exercise_Frag6_'Subj_05_Exercise_Frag6_x0.75.npz,600,9,0.0,19.966666666666665,"forehead_strip,left_cheek_big,right_cheek_big",,,,train
TokyoTech,'Subj_05_Exercise_Frag6_x1.2,Subj_05_Exercise_Frag6,Dataset/3_ROI/PURE-x-UBFC-x-Tokoyo-AUG/aug_npz/TokyoTech_Subj_05_Exercise_Frag6_'Subj_05_Exercise_Frag6_x1.2.npz,600,9,0.0,19.966666666666665,"forehead_strip,left_cheek_big,right_cheek_big",,,,train
TokyoTech,'Subj_05_Exercise_Frag6_x1.4,Subj_05_Exercise_Frag6,Dataset/3_ROI/PURE-x-UBFC-x-Tokoyo-AUG/aug_npz/TokyoTech_Subj_05_Exercise_Frag6_'Subj_05_Exercise_Frag6_x1.4.npz,600,9,0.0,19.966666666666665,"forehead_strip,left_cheek_big,right_cheek_big",,,,train
TokyoTech,'Subj_05_Exercise_Frag6_x1.6,Subj_05_Exercise_Frag6,Dataset/3_ROI/PURE-x-UBFC-x-Tokoyo-AUG/aug_npz/TokyoTech_Subj_05_Exercise_Frag6_'Subj_05_Exercise_Frag6_x1.6.npz,600,9,0.0,19.966666666666665,"forehead_strip,left_cheek_big,right_cheek_big",,,,train
TokyoTech,'Subj_05_Exercise_Frag6_x1.8,Subj_05_Exercise_Frag6,Dataset/3_ROI/PURE-x-UBFC-x-Tokoyo-AUG/aug_npz/TokyoTech_Subj_05_Exercise_Frag6_'Subj_05_Exercise_Frag6_x1.8.npz,600,9,0.0,19.966666666666665,"forehead_strip,left_cheek_big,right_cheek_big",,,,train
TokyoTech,'Subj_05_Post_Relax_Frag7,Subj_05_Post_Relax_Frag7,Dataset/3_ROI/TokyoTech_RAW/Subj_05_Post_Relax_Frag7.npz,600,9,0.0,19.966666666666665,"forehead_strip,left_cheek_big,right_cheek_big",,,,train
TokyoTech,'Subj_05_Post_Relax_Frag7_x0.65,Subj_05_Post_Relax_Frag7,Dataset/3_ROI/PURE-x-UBFC-x-Tokoyo-AUG/aug_npz/TokyoTech_Subj_05_Post_Relax_Frag7_'Subj_05_Post_Relax_Frag7_x0.65.npz,600,9,0.0,19.966666666666665,"forehead_strip,left_cheek_big,right_cheek_big",,,,train
TokyoTech,'Subj_05_Post_Relax_Frag7_x0.75,Subj_05_Post_Relax_Frag7,Dataset/3_ROI/PURE-x-UBFC-x-Tokoyo-AUG/aug_npz/TokyoTech_Subj_05_Post_Relax_Frag7_'Subj_05_Post_Relax_Frag7_x0.75.npz,600,9,0.0,19.966666666666665,"forehead_strip,left_cheek_big,right_cheek_big",,,,train
TokyoTech,'Subj_05_Post_Relax_Frag7_x1.2,Subj_05_Post_Relax_Frag7,Dataset/3_ROI/PURE-x-UBFC-x-Tokoyo-AUG/aug_npz/TokyoTech_Subj_05_Post_Relax_Frag7_'Subj_05_Post_Relax_Frag7_x1.2.npz,600,9,0.0,19.966666666666665,"forehead_strip,left_cheek_big,right_cheek_big",,,,train
TokyoTech,'Subj_05_Post_Relax_Frag7_x1.4,Subj_05_Post_Relax_Frag7,Dataset/3_ROI/PURE-x-UBFC-x-Tokoyo-AUG/aug_npz/TokyoTech_Subj_05_Post_Relax_Frag7_'Subj_05_Post_Relax_Frag7_x1.4.npz,600,9,0.0,19.966666666666665,"forehead_strip,left_cheek_big,right_cheek_big",,,,train
TokyoTech,'Subj_05_Post_Relax_Frag7_x1.6,Subj_05_Post_Relax_Frag7,Dataset/3_ROI/PURE-x-UBFC-x-Tokoyo-AUG/aug_npz/TokyoTech_Subj_05_Post_Relax_Frag7_'Subj_05_Post_Relax_Frag7_x1.6.npz,600,9,0.0,19.966666666666665,"forehead_strip,left_cheek_big,right_cheek_big",,,,train
TokyoTech,'Subj_05_Post_Relax_Frag7_x1.8,Subj_05_Post_Relax_Frag7,Dataset/3_ROI/PURE-x-UBFC-x-Tokoyo-AUG/aug_npz/TokyoTech_Subj_05_Post_Relax_Frag7_'Subj_05_Post_Relax_Frag7_x1.8.npz,600,9,0.0,19.966666666666665,"forehead_strip,left_cheek_big,right_cheek_big",,,,train
TokyoTech,'Subj_05_Post_Relax_Frag8,Subj_05_Post_Relax_Frag8,Dataset/3_ROI/TokyoTech_RAW/Subj_05_Post_Relax_Frag8.npz,600,9,0.0,19.966666666666665,"forehead_strip,left_cheek_big,right_cheek_big",,,,train
TokyoTech,'Subj_05_Post_Relax_Frag8_x0.55,Subj_05_Post_Relax_Frag8,Dataset/3_ROI/PURE-x-UBFC-x-Tokoyo-AUG/aug_npz/TokyoTech_Subj_05_Post_Relax_Frag8_'Subj_05_Post_Relax_Frag8_x0.55.npz,600,9,0.0,19.966666666666665,"forehead_strip,left_cheek_big,right_cheek_big",,,,train
TokyoTech,'Subj_05_Post_Relax_Frag8_x0.65,Subj_05_Post_Relax_Frag8,Dataset/3_ROI/PURE-x-UBFC-x-Tokoyo-AUG/aug_npz/TokyoTech_Subj_05_Post_Relax_Frag8_'Subj_05_Post_Relax_Frag8_x0.65.npz,600,9,0.0,19.966666666666665,"forehead_strip,left_cheek_big,right_cheek_big",,,,train
TokyoTech,'Subj_05_Post_Relax_Frag8_x0.75,Subj_05_Post_Relax_Frag8,Dataset/3_ROI/PURE-x-UBFC-x-Tokoyo-AUG/aug_npz/TokyoTech_Subj_05_Post_Relax_Frag8_'Subj_05_Post_Relax_Frag8_x0.75.npz,600,9,0.0,19.966666666666665,"forehead_strip,left_cheek_big,right_cheek_big",,,,train
TokyoTech,'Subj_05_Post_Relax_Frag8_x1.2,Subj_05_Post_Relax_Frag8,Dataset/3_ROI/PURE-x-UBFC-x-Tokoyo-AUG/aug_npz/TokyoTech_Subj_05_Post_Relax_Frag8_'Subj_05_Post_Relax_Frag8_x1.2.npz,600,9,0.0,19.966666666666665,"forehead_strip,left_cheek_big,right_cheek_big",,,,train
TokyoTech,'Subj_05_Post_Relax_Frag8_x1.4,Subj_05_Post_Relax_Frag8,Dataset/3_ROI/PURE-x-UBFC-x-Tokoyo-AUG/aug_npz/TokyoTech_Subj_05_Post_Relax_Frag8_'Subj_05_Post_Relax_Frag8_x1.4.npz,600,9,0.0,19.966666666666665,"forehead_strip,left_cheek_big,right_cheek_big",,,,train
TokyoTech,'Subj_05_Post_Relax_Frag8_x1.6,Subj_05_Post_Relax_Frag8,Dataset/3_ROI/PURE-x-UBFC-x-Tokoyo-AUG/aug_npz/TokyoTech_Subj_05_Post_Relax_Frag8_'Subj_05_Post_Relax_Frag8_x1.6.npz,600,9,0.0,19.966666666666665,"forehead_strip,left_cheek_big,right_cheek_big",,,,train
TokyoTech,'Subj_05_Post_Relax_Frag8_x1.8,Subj_05_Post_Relax_Frag8,Dataset/3_ROI/PURE-x-UBFC-x-Tokoyo-AUG/aug_npz/TokyoTech_Subj_05_Post_Relax_Frag8_'Subj_05_Post_Relax_Frag8_x1.8.npz,600,9,0.0,19.966666666666665,"forehead_strip,left_cheek_big,right_cheek_big",,,,train
TokyoTech,'Subj_05_Post_Relax_Frag9,Subj_05_Post_Relax_Frag9,Dataset/3_ROI/TokyoTech_RAW/Subj_05_Post_Relax_Frag9.npz,600,9,0.0,19.966666666666665,"forehead_strip,left_cheek_big,right_cheek_big",,,,train
TokyoTech,'Subj_05_Post_Relax_Frag9_x0.65,Subj_05_Post_Relax_Frag9,Dataset/3_ROI/PURE-x-UBFC-x-Tokoyo-AUG/aug_npz/TokyoTech_Subj_05_Post_Relax_Frag9_'Subj_05_Post_Relax_Frag9_x0.65.npz,600,9,0.0,19.966666666666665,"forehead_strip,left_cheek_big,right_cheek_big",,,,train
TokyoTech,'Subj_05_Post_Relax_Frag9_x0.75,Subj_05_Post_Relax_Frag9,Dataset/3_ROI/PURE-x-UBFC-x-Tokoyo-AUG/aug_npz/TokyoTech_Subj_05_Post_Relax_Frag9_'Subj_05_Post_Relax_Frag9_x0.75.npz,600,9,0.0,19.966666666666665,"forehead_strip,left_cheek_big,right_cheek_big",,,,train
TokyoTech,'Subj_05_Post_Relax_Frag9_x1.2,Subj_05_Post_Relax_Frag9,Dataset/3_ROI/PURE-x-UBFC-x-Tokoyo-AUG/aug_npz/TokyoTech_Subj_05_Post_Relax_Frag9_'Subj_05_Post_Relax_Frag9_x1.2.npz,600,9,0.0,19.966666666666665,"forehead_strip,left_cheek_big,right_cheek_big",,,,train
TokyoTech,'Subj_05_Post_Relax_Frag9_x1.4,Subj_05_Post_Relax_Frag9,Dataset/3_ROI/PURE-x-UBFC-x-Tokoyo-AUG/aug_npz/TokyoTech_Subj_05_Post_Relax_Frag9_'Subj_05_Post_Relax_Frag9_x1.4.npz,600,9,0.0,19.966666666666665,"forehead_strip,left_cheek_big,right_cheek_big",,,,train
TokyoTech,'Subj_05_Post_Relax_Frag9_x1.6,Subj_05_Post_Relax_Frag9,Dataset/3_ROI/PURE-x-UBFC-x-Tokoyo-AUG/aug_npz/TokyoTech_Subj_05_Post_Relax_Frag9_'Subj_05_Post_Relax_Frag9_x1.6.npz,600,9,0.0,19.966666666666665,"forehead_strip,left_cheek_big,right_cheek_big",,,,train
TokyoTech,'Subj_05_Post_Relax_Frag9_x1.8,Subj_05_Post_Relax_Frag9,Dataset/3_ROI/PURE-x-UBFC-x-Tokoyo-AUG/aug_npz/TokyoTech_Subj_05_Post_Relax_Frag9_'Subj_05_Post_Relax_Frag9_x1.8.npz,600,9,0.0,19.966666666666665,"forehead_strip,left_cheek_big,right_cheek_big",,,,train
TokyoTech,'Subj_05_Pre_Relax_Frag1,Subj_05_Pre_Relax_Frag1,Dataset/3_ROI/TokyoTech_RAW/Subj_05_Pre_Relax_Frag1.npz,600,9,0.0,19.966666666666665,"forehead_strip,left_cheek_big,right_cheek_big",,,,train
TokyoTech,'Subj_05_Pre_Relax_Frag1_x0.65,Subj_05_Pre_Relax_Frag1,Dataset/3_ROI/PURE-x-UBFC-x-Tokoyo-AUG/aug_npz/TokyoTech_Subj_05_Pre_Relax_Frag1_'Subj_05_Pre_Relax_Frag1_x0.65.npz,600,9,0.0,19.966666666666665,"forehead_strip,left_cheek_big,right_cheek_big",,,,train
TokyoTech,'Subj_05_Pre_Relax_Frag1_x0.75,Subj_05_Pre_Relax_Frag1,Dataset/3_ROI/PURE-x-UBFC-x-Tokoyo-AUG/aug_npz/TokyoTech_Subj_05_Pre_Relax_Frag1_'Subj_05_Pre_Relax_Frag1_x0.75.npz,600,9,0.0,19.966666666666665,"forehead_strip,left_cheek_big,right_cheek_big",,,,train
TokyoTech,'Subj_05_Pre_Relax_Frag1_x1.2,Subj_05_Pre_Relax_Frag1,Dataset/3_ROI/PURE-x-UBFC-x-Tokoyo-AUG/aug_npz/TokyoTech_Subj_05_Pre_Relax_Frag1_'Subj_05_Pre_Relax_Frag1_x1.2.npz,600,9,0.0,19.966666666666665,"forehead_strip,left_cheek_big,right_cheek_big",,,,train
TokyoTech,'Subj_05_Pre_Relax_Frag1_x1.4,Subj_05_Pre_Relax_Frag1,Dataset/3_ROI/PURE-x-UBFC-x-Tokoyo-AUG/aug_npz/TokyoTech_Subj_05_Pre_Relax_Frag1_'Subj_05_Pre_Relax_Frag1_x1.4.npz,600,9,0.0,19.966666666666665,"forehead_strip,left_cheek_big,right_cheek_big",,,,train
TokyoTech,'Subj_05_Pre_Relax_Frag1_x1.6,Subj_05_Pre_Relax_Frag1,Dataset/3_ROI/PURE-x-UBFC-x-Tokoyo-AUG/aug_npz/TokyoTech_Subj_05_Pre_Relax_Frag1_'Subj_05_Pre_Relax_Frag1_x1.6.npz,600,9,0.0,19.966666666666665,"forehead_strip,left_cheek_big,right_cheek_big",,,,train
TokyoTech,'Subj_05_Pre_Relax_Frag1_x1.8,Subj_05_Pre_Relax_Frag1,Dataset/3_ROI/PURE-x-UBFC-x-Tokoyo-AUG/aug_npz/TokyoTech_Subj_05_Pre_Relax_Frag1_'Subj_05_Pre_Relax_Frag1_x1.8.npz,600,9,0.0,19.966666666666665,"forehead_strip,left_cheek_big,right_cheek_big",,,,train
TokyoTech,'Subj_05_Pre_Relax_Frag2,Subj_05_Pre_Relax_Frag2,Dataset/3_ROI/TokyoTech_RAW/Subj_05_Pre_Relax_Frag2.npz,600,9,0.0,19.966666666666665,"forehead_strip,left_cheek_big,right_cheek_big",,,,train
TokyoTech,'Subj_05_Pre_Relax_Frag2_x0.55,Subj_05_Pre_Relax_Frag2,Dataset/3_ROI/PURE-x-UBFC-x-Tokoyo-AUG/aug_npz/TokyoTech_Subj_05_Pre_Relax_Frag2_'Subj_05_Pre_Relax_Frag2_x0.55.npz,600,9,0.0,19.966666666666665,"forehead_strip,left_cheek_big,right_cheek_big",,,,train
TokyoTech,'Subj_05_Pre_Relax_Frag2_x0.65,Subj_05_Pre_Relax_Frag2,Dataset/3_ROI/PURE-x-UBFC-x-Tokoyo-AUG/aug_npz/TokyoTech_Subj_05_Pre_Relax_Frag2_'Subj_05_Pre_Relax_Frag2_x0.65.npz,600,9,0.0,19.966666666666665,"forehead_strip,left_cheek_big,right_cheek_big",,,,train
TokyoTech,'Subj_05_Pre_Relax_Frag2_x0.75,Subj_05_Pre_Relax_Frag2,Dataset/3_ROI/PURE-x-UBFC-x-Tokoyo-AUG/aug_npz/TokyoTech_Subj_05_Pre_Relax_Frag2_'Subj_05_Pre_Relax_Frag2_x0.75.npz,600,9,0.0,19.966666666666665,"forehead_strip,left_cheek_big,right_cheek_big",,,,train
TokyoTech,'Subj_05_Pre_Relax_Frag2_x1.2,Subj_05_Pre_Relax_Frag2,Dataset/3_ROI/PURE-x-UBFC-x-Tokoyo-AUG/aug_npz/TokyoTech_Subj_05_Pre_Relax_Frag2_'Subj_05_Pre_Relax_Frag2_x1.2.npz,600,9,0.0,19.966666666666665,"forehead_strip,left_cheek_big,right_cheek_big",,,,train
TokyoTech,'Subj_05_Pre_Relax_Frag2_x1.4,Subj_05_Pre_Relax_Frag2,Dataset/3_ROI/PURE-x-UBFC-x-Tokoyo-AUG/aug_npz/TokyoTech_Subj_05_Pre_Relax_Frag2_'Subj_05_Pre_Relax_Frag2_x1.4.npz,600,9,0.0,19.966666666666665,"forehead_strip,left_cheek_big,right_cheek_big",,,,train
TokyoTech,'Subj_05_Pre_Relax_Frag2_x1.6,Subj_05_Pre_Relax_Frag2,Dataset/3_ROI/PURE-x-UBFC-x-Tokoyo-AUG/aug_npz/TokyoTech_Subj_05_Pre_Relax_Frag2_'Subj_05_Pre_Relax_Frag2_x1.6.npz,600,9,0.0,19.966666666666665,"forehead_strip,left_cheek_big,right_cheek_big",,,,train
TokyoTech,'Subj_05_Pre_Relax_Frag2_x1.8,Subj_05_Pre_Relax_Frag2,Dataset/3_ROI/PURE-x-UBFC-x-Tokoyo-AUG/aug_npz/TokyoTech_Subj_05_Pre_Relax_Frag2_'Subj_05_Pre_Relax_Frag2_x1.8.npz,600,9,0.0,19.966666666666665,"forehead_strip,left_cheek_big,right_cheek_big",,,,train
TokyoTech,'Subj_05_Pre_Relax_Frag3,Subj_05_Pre_Relax_Frag3,Dataset/3_ROI/TokyoTech_RAW/Subj_05_Pre_Relax_Frag3.npz,600,9,0.0,19.966666666666665,"forehead_strip,left_cheek_big,right_cheek_big",,,,train
TokyoTech,'Subj_05_Pre_Relax_Frag3_x0.55,Subj_05_Pre_Relax_Frag3,Dataset/3_ROI/PURE-x-UBFC-x-Tokoyo-AUG/aug_npz/TokyoTech_Subj_05_Pre_Relax_Frag3_'Subj_05_Pre_Relax_Frag3_x0.55.npz,600,9,0.0,19.966666666666665,"forehead_strip,left_cheek_big,right_cheek_big",,,,train
TokyoTech,'Subj_05_Pre_Relax_Frag3_x0.65,Subj_05_Pre_Relax_Frag3,Dataset/3_ROI/PURE-x-UBFC-x-Tokoyo-AUG/aug_npz/TokyoTech_Subj_05_Pre_Relax_Frag3_'Subj_05_Pre_Relax_Frag3_x0.65.npz,600,9,0.0,19.966666666666665,"forehead_strip,left_cheek_big,right_cheek_big",,,,train
TokyoTech,'Subj_05_Pre_Relax_Frag3_x0.75,Subj_05_Pre_Relax_Frag3,Dataset/3_ROI/PURE-x-UBFC-x-Tokoyo-AUG/aug_npz/TokyoTech_Subj_05_Pre_Relax_Frag3_'Subj_05_Pre_Relax_Frag3_x0.75.npz,600,9,0.0,19.966666666666665,"forehead_strip,left_cheek_big,right_cheek_big",,,,train
TokyoTech,'Subj_05_Pre_Relax_Frag3_x1.2,Subj_05_Pre_Relax_Frag3,Dataset/3_ROI/PURE-x-UBFC-x-Tokoyo-AUG/aug_npz/TokyoTech_Subj_05_Pre_Relax_Frag3_'Subj_05_Pre_Relax_Frag3_x1.2.npz,600,9,0.0,19.966666666666665,"forehead_strip,left_cheek_big,right_cheek_big",,,,train
TokyoTech,'Subj_05_Pre_Relax_Frag3_x1.4,Subj_05_Pre_Relax_Frag3,Dataset/3_ROI/PURE-x-UBFC-x-Tokoyo-AUG/aug_npz/TokyoTech_Subj_05_Pre_Relax_Frag3_'Subj_05_Pre_Relax_Frag3_x1.4.npz,600,9,0.0,19.966666666666665,"forehead_strip,left_cheek_big,right_cheek_big",,,,train
TokyoTech,'Subj_05_Pre_Relax_Frag3_x1.6,Subj_05_Pre_Relax_Frag3,Dataset/3_ROI/PURE-x-UBFC-x-Tokoyo-AUG/aug_npz/TokyoTech_Subj_05_Pre_Relax_Frag3_'Subj_05_Pre_Relax_Frag3_x1.6.npz,600,9,0.0,19.966666666666665,"forehead_strip,left_cheek_big,right_cheek_big",,,,train
TokyoTech,'Subj_05_Pre_Relax_Frag3_x1.8,Subj_05_Pre_Relax_Frag3,Dataset/3_ROI/PURE-x-UBFC-x-Tokoyo-AUG/aug_npz/TokyoTech_Subj_05_Pre_Relax_Frag3_'Subj_05_Pre_Relax_Frag3_x1.8.npz,600,9,0.0,19.966666666666665,"forehead_strip,left_cheek_big,right_cheek_big",,,,train
TokyoTech,'Subj_06_Exercise_Frag4,Subj_06_Exercise_Frag4,Dataset/3_ROI/TokyoTech_RAW/Subj_06_Exercise_Frag4.npz,600,9,0.0,19.966666666666665,"forehead_strip,left_cheek_big,right_cheek_big",,,,train
TokyoTech,'Subj_06_Exercise_Frag4_x0.55,Subj_06_Exercise_Frag4,Dataset/3_ROI/PURE-x-UBFC-x-Tokoyo-AUG/aug_npz/TokyoTech_Subj_06_Exercise_Frag4_'Subj_06_Exercise_Frag4_x0.55.npz,600,9,0.0,19.966666666666665,"forehead_strip,left_cheek_big,right_cheek_big",,,,train
TokyoTech,'Subj_06_Exercise_Frag4_x0.65,Subj_06_Exercise_Frag4,Dataset/3_ROI/PURE-x-UBFC-x-Tokoyo-AUG/aug_npz/TokyoTech_Subj_06_Exercise_Frag4_'Subj_06_Exercise_Frag4_x0.65.npz,600,9,0.0,19.966666666666665,"forehead_strip,left_cheek_big,right_cheek_big",,,,train
TokyoTech,'Subj_06_Exercise_Frag4_x0.75,Subj_06_Exercise_Frag4,Dataset/3_ROI/PURE-x-UBFC-x-Tokoyo-AUG/aug_npz/TokyoTech_Subj_06_Exercise_Frag4_'Subj_06_Exercise_Frag4_x0.75.npz,600,9,0.0,19.966666666666665,"forehead_strip,left_cheek_big,right_cheek_big",,,,train
TokyoTech,'Subj_06_Exercise_Frag4_x1.2,Subj_06_Exercise_Frag4,Dataset/3_ROI/PURE-x-UBFC-x-Tokoyo-AUG/aug_npz/TokyoTech_Subj_06_Exercise_Frag4_'Subj_06_Exercise_Frag4_x1.2.npz,600,9,0.0,19.966666666666665,"forehead_strip,left_cheek_big,right_cheek_big",,,,train
TokyoTech,'Subj_06_Exercise_Frag4_x1.4,Subj_06_Exercise_Frag4,Dataset/3_ROI/PURE-x-UBFC-x-Tokoyo-AUG/aug_npz/TokyoTech_Subj_06_Exercise_Frag4_'Subj_06_Exercise_Frag4_x1.4.npz,600,9,0.0,19.966666666666665,"forehead_strip,left_cheek_big,right_cheek_big",,,,train
TokyoTech,'Subj_06_Exercise_Frag4_x1.6,Subj_06_Exercise_Frag4,Dataset/3_ROI/PURE-x-UBFC-x-Tokoyo-AUG/aug_npz/TokyoTech_Subj_06_Exercise_Frag4_'Subj_06_Exercise_Frag4_x1.6.npz,600,9,0.0,19.966666666666665,"forehead_strip,left_cheek_big,right_cheek_big",,,,train
TokyoTech,'Subj_06_Exercise_Frag4_x1.8,Subj_06_Exercise_Frag4,Dataset/3_ROI/PURE-x-UBFC-x-Tokoyo-AUG/aug_npz/TokyoTech_Subj_06_Exercise_Frag4_'Subj_06_Exercise_Frag4_x1.8.npz,600,9,0.0,19.966666666666665,"forehead_strip,left_cheek_big,right_cheek_big",,,,train
TokyoTech,'Subj_06_Exercise_Frag5,Subj_06_Exercise_Frag5,Dataset/3_ROI/TokyoTech_RAW/Subj_06_Exercise_Frag5.npz,600,9,0.0,19.966666666666665,"forehead_strip,left_cheek_big,right_cheek_big",,,,train
TokyoTech,'Subj_06_Exercise_Frag5_x0.55,Subj_06_Exercise_Frag5,Dataset/3_ROI/PURE-x-UBFC-x-Tokoyo-AUG/aug_npz/TokyoTech_Subj_06_Exercise_Frag5_'Subj_06_Exercise_Frag5_x0.55.npz,600,9,0.0,19.966666666666665,"forehead_strip,left_cheek_big,right_cheek_big",,,,train
TokyoTech,'Subj_06_Exercise_Frag5_x0.65,Subj_06_Exercise_Frag5,Dataset/3_ROI/PURE-x-UBFC-x-Tokoyo-AUG/aug_npz/TokyoTech_Subj_06_Exercise_Frag5_'Subj_06_Exercise_Frag5_x0.65.npz,600,9,0.0,19.966666666666665,"forehead_strip,left_cheek_big,right_cheek_big",,,,train
TokyoTech,'Subj_06_Exercise_Frag5_x0.75,Subj_06_Exercise_Frag5,Dataset/3_ROI/PURE-x-UBFC-x-Tokoyo-AUG/aug_npz/TokyoTech_Subj_06_Exercise_Frag5_'Subj_06_Exercise_Frag5_x0.75.npz,600,9,0.0,19.966666666666665,"forehead_strip,left_cheek_big,right_cheek_big",,,,train
TokyoTech,'Subj_06_Exercise_Frag5_x1.2,Subj_06_Exercise_Frag5,Dataset/3_ROI/PURE-x-UBFC-x-Tokoyo-AUG/aug_npz/TokyoTech_Subj_06_Exercise_Frag5_'Subj_06_Exercise_Frag5_x1.2.npz,600,9,0.0,19.966666666666665,"forehead_strip,left_cheek_big,right_cheek_big",,,,train
TokyoTech,'Subj_06_Exercise_Frag5_x1.4,Subj_06_Exercise_Frag5,Dataset/3_ROI/PURE-x-UBFC-x-Tokoyo-AUG/aug_npz/TokyoTech_Subj_06_Exercise_Frag5_'Subj_06_Exercise_Frag5_x1.4.npz,600,9,0.0,19.966666666666665,"forehead_strip,left_cheek_big,right_cheek_big",,,,train
TokyoTech,'Subj_06_Exercise_Frag5_x1.6,Subj_06_Exercise_Frag5,Dataset/3_ROI/PURE-x-UBFC-x-Tokoyo-AUG/aug_npz/TokyoTech_Subj_06_Exercise_Frag5_'Subj_06_Exercise_Frag5_x1.6.npz,600,9,0.0,19.966666666666665,"forehead_strip,left_cheek_big,right_cheek_big",,,,train
TokyoTech,'Subj_06_Exercise_Frag5_x1.8,Subj_06_Exercise_Frag5,Dataset/3_ROI/PURE-x-UBFC-x-Tokoyo-AUG/aug_npz/TokyoTech_Subj_06_Exercise_Frag5_'Subj_06_Exercise_Frag5_x1.8.npz,600,9,0.0,19.966666666666665,"forehead_strip,left_cheek_big,right_cheek_big",,,,train
TokyoTech,'Subj_06_Exercise_Frag6,Subj_06_Exercise_Frag6,Dataset/3_ROI/TokyoTech_RAW/Subj_06_Exercise_Frag6.npz,600,9,0.0,19.966666666666665,"forehead_strip,left_cheek_big,right_cheek_big",,,,train
TokyoTech,'Subj_06_Exercise_Frag6_x0.55,Subj_06_Exercise_Frag6,Dataset/3_ROI/PURE-x-UBFC-x-Tokoyo-AUG/aug_npz/TokyoTech_Subj_06_Exercise_Frag6_'Subj_06_Exercise_Frag6_x0.55.npz,600,9,0.0,19.966666666666665,"forehead_strip,left_cheek_big,right_cheek_big",,,,train
TokyoTech,'Subj_06_Exercise_Frag6_x0.65,Subj_06_Exercise_Frag6,Dataset/3_ROI/PURE-x-UBFC-x-Tokoyo-AUG/aug_npz/TokyoTech_Subj_06_Exercise_Frag6_'Subj_06_Exercise_Frag6_x0.65.npz,600,9,0.0,19.966666666666665,"forehead_strip,left_cheek_big,right_cheek_big",,,,train
TokyoTech,'Subj_06_Exercise_Frag6_x0.75,Subj_06_Exercise_Frag6,Dataset/3_ROI/PURE-x-UBFC-x-Tokoyo-AUG/aug_npz/TokyoTech_Subj_06_Exercise_Frag6_'Subj_06_Exercise_Frag6_x0.75.npz,600,9,0.0,19.966666666666665,"forehead_strip,left_cheek_big,right_cheek_big",,,,train
TokyoTech,'Subj_06_Exercise_Frag6_x1.2,Subj_06_Exercise_Frag6,Dataset/3_ROI/PURE-x-UBFC-x-Tokoyo-AUG/aug_npz/TokyoTech_Subj_06_Exercise_Frag6_'Subj_06_Exercise_Frag6_x1.2.npz,600,9,0.0,19.966666666666665,"forehead_strip,left_cheek_big,right_cheek_big",,,,train
TokyoTech,'Subj_06_Exercise_Frag6_x1.4,Subj_06_Exercise_Frag6,Dataset/3_ROI/PURE-x-UBFC-x-Tokoyo-AUG/aug_npz/TokyoTech_Subj_06_Exercise_Frag6_'Subj_06_Exercise_Frag6_x1.4.npz,600,9,0.0,19.966666666666665,"forehead_strip,left_cheek_big,right_cheek_big",,,,train
TokyoTech,'Subj_06_Exercise_Frag6_x1.6,Subj_06_Exercise_Frag6,Dataset/3_ROI/PURE-x-UBFC-x-Tokoyo-AUG/aug_npz/TokyoTech_Subj_06_Exercise_Frag6_'Subj_06_Exercise_Frag6_x1.6.npz,600,9,0.0,19.966666666666665,"forehead_strip,left_cheek_big,right_cheek_big",,,,train
TokyoTech,'Subj_06_Exercise_Frag6_x1.8,Subj_06_Exercise_Frag6,Dataset/3_ROI/PURE-x-UBFC-x-Tokoyo-AUG/aug_npz/TokyoTech_Subj_06_Exercise_Frag6_'Subj_06_Exercise_Frag6_x1.8.npz,600,9,0.0,19.966666666666665,"forehead_strip,left_cheek_big,right_cheek_big",,,,train
TokyoTech,'Subj_06_Post_Relax_Frag7,Subj_06_Post_Relax_Frag7,Dataset/3_ROI/TokyoTech_RAW/Subj_06_Post_Relax_Frag7.npz,600,9,0.0,19.966666666666665,"forehead_strip,left_cheek_big,right_cheek_big",,,,train
TokyoTech,'Subj_06_Post_Relax_Frag7_x0.65,Subj_06_Post_Relax_Frag7,Dataset/3_ROI/PURE-x-UBFC-x-Tokoyo-AUG/aug_npz/TokyoTech_Subj_06_Post_Relax_Frag7_'Subj_06_Post_Relax_Frag7_x0.65.npz,600,9,0.0,19.966666666666665,"forehead_strip,left_cheek_big,right_cheek_big",,,,train
TokyoTech,'Subj_06_Post_Relax_Frag7_x0.75,Subj_06_Post_Relax_Frag7,Dataset/3_ROI/PURE-x-UBFC-x-Tokoyo-AUG/aug_npz/TokyoTech_Subj_06_Post_Relax_Frag7_'Subj_06_Post_Relax_Frag7_x0.75.npz,600,9,0.0,19.966666666666665,"forehead_strip,left_cheek_big,right_cheek_big",,,,train
TokyoTech,'Subj_06_Post_Relax_Frag7_x1.2,Subj_06_Post_Relax_Frag7,Dataset/3_ROI/PURE-x-UBFC-x-Tokoyo-AUG/aug_npz/TokyoTech_Subj_06_Post_Relax_Frag7_'Subj_06_Post_Relax_Frag7_x1.2.npz,600,9,0.0,19.966666666666665,"forehead_strip,left_cheek_big,right_cheek_big",,,,train
TokyoTech,'Subj_06_Post_Relax_Frag7_x1.4,Subj_06_Post_Relax_Frag7,Dataset/3_ROI/PURE-x-UBFC-x-Tokoyo-AUG/aug_npz/TokyoTech_Subj_06_Post_Relax_Frag7_'Subj_06_Post_Relax_Frag7_x1.4.npz,600,9,0.0,19.966666666666665,"forehead_strip,left_cheek_big,right_cheek_big",,,,train
TokyoTech,'Subj_06_Post_Relax_Frag7_x1.6,Subj_06_Post_Relax_Frag7,Dataset/3_ROI/PURE-x-UBFC-x-Tokoyo-AUG/aug_npz/TokyoTech_Subj_06_Post_Relax_Frag7_'Subj_06_Post_Relax_Frag7_x1.6.npz,600,9,0.0,19.966666666666665,"forehead_strip,left_cheek_big,right_cheek_big",,,,train
TokyoTech,'Subj_06_Post_Relax_Frag7_x1.8,Subj_06_Post_Relax_Frag7,Dataset/3_ROI/PURE-x-UBFC-x-Tokoyo-AUG/aug_npz/TokyoTech_Subj_06_Post_Relax_Frag7_'Subj_06_Post_Relax_Frag7_x1.8.npz,600,9,0.0,19.966666666666665,"forehead_strip,left_cheek_big,right_cheek_big",,,,train
TokyoTech,'Subj_06_Post_Relax_Frag8,Subj_06_Post_Relax_Frag8,Dataset/3_ROI/TokyoTech_RAW/Subj_06_Post_Relax_Frag8.npz,600,9,0.0,19.966666666666665,"forehead_strip,left_cheek_big,right_cheek_big",,,,train
TokyoTech,'Subj_06_Post_Relax_Frag8_x0.75,Subj_06_Post_Relax_Frag8,Dataset/3_ROI/PURE-x-UBFC-x-Tokoyo-AUG/aug_npz/TokyoTech_Subj_06_Post_Relax_Frag8_'Subj_06_Post_Relax_Frag8_x0.75.npz,600,9,0.0,19.966666666666665,"forehead_strip,left_cheek_big,right_cheek_big",,,,train
TokyoTech,'Subj_06_Post_Relax_Frag8_x1.2,Subj_06_Post_Relax_Frag8,Dataset/3_ROI/PURE-x-UBFC-x-Tokoyo-AUG/aug_npz/TokyoTech_Subj_06_Post_Relax_Frag8_'Subj_06_Post_Relax_Frag8_x1.2.npz,600,9,0.0,19.966666666666665,"forehead_strip,left_cheek_big,right_cheek_big",,,,train
TokyoTech,'Subj_06_Post_Relax_Frag8_x1.4,Subj_06_Post_Relax_Frag8,Dataset/3_ROI/PURE-x-UBFC-x-Tokoyo-AUG/aug_npz/TokyoTech_Subj_06_Post_Relax_Frag8_'Subj_06_Post_Relax_Frag8_x1.4.npz,600,9,0.0,19.966666666666665,"forehead_strip,left_cheek_big,right_cheek_big",,,,train
TokyoTech,'Subj_06_Post_Relax_Frag8_x1.6,Subj_06_Post_Relax_Frag8,Dataset/3_ROI/PURE-x-UBFC-x-Tokoyo-AUG/aug_npz/TokyoTech_Subj_06_Post_Relax_Frag8_'Subj_06_Post_Relax_Frag8_x1.6.npz,600,9,0.0,19.966666666666665,"forehead_strip,left_cheek_big,right_cheek_big",,,,train
TokyoTech,'Subj_06_Post_Relax_Frag8_x1.8,Subj_06_Post_Relax_Frag8,Dataset/3_ROI/PURE-x-UBFC-x-Tokoyo-AUG/aug_npz/TokyoTech_Subj_06_Post_Relax_Frag8_'Subj_06_Post_Relax_Frag8_x1.8.npz,600,9,0.0,19.966666666666665,"forehead_strip,left_cheek_big,right_cheek_big",,,,train
TokyoTech,'Subj_06_Post_Relax_Frag9,Subj_06_Post_Relax_Frag9,Dataset/3_ROI/TokyoTech_RAW/Subj_06_Post_Relax_Frag9.npz,600,9,0.0,19.966666666666665,"forehead_strip,left_cheek_big,right_cheek_big",,,,train
TokyoTech,'Subj_06_Post_Relax_Frag9_x0.65,Subj_06_Post_Relax_Frag9,Dataset/3_ROI/PURE-x-UBFC-x-Tokoyo-AUG/aug_npz/TokyoTech_Subj_06_Post_Relax_Frag9_'Subj_06_Post_Relax_Frag9_x0.65.npz,600,9,0.0,19.966666666666665,"forehead_strip,left_cheek_big,right_cheek_big",,,,train
TokyoTech,'Subj_06_Post_Relax_Frag9_x0.75,Subj_06_Post_Relax_Frag9,Dataset/3_ROI/PURE-x-UBFC-x-Tokoyo-AUG/aug_npz/TokyoTech_Subj_06_Post_Relax_Frag9_'Subj_06_Post_Relax_Frag9_x0.75.npz,600,9,0.0,19.966666666666665,"forehead_strip,left_cheek_big,right_cheek_big",,,,train
TokyoTech,'Subj_06_Post_Relax_Frag9_x1.2,Subj_06_Post_Relax_Frag9,Dataset/3_ROI/PURE-x-UBFC-x-Tokoyo-AUG/aug_npz/TokyoTech_Subj_06_Post_Relax_Frag9_'Subj_06_Post_Relax_Frag9_x1.2.npz,600,9,0.0,19.966666666666665,"forehead_strip,left_cheek_big,right_cheek_big",,,,train
TokyoTech,'Subj_06_Post_Relax_Frag9_x1.4,Subj_06_Post_Relax_Frag9,Dataset/3_ROI/PURE-x-UBFC-x-Tokoyo-AUG/aug_npz/TokyoTech_Subj_06_Post_Relax_Frag9_'Subj_06_Post_Relax_Frag9_x1.4.npz,600,9,0.0,19.966666666666665,"forehead_strip,left_cheek_big,right_cheek_big",,,,train
TokyoTech,'Subj_06_Post_Relax_Frag9_x1.6,Subj_06_Post_Relax_Frag9,Dataset/3_ROI/PURE-x-UBFC-x-Tokoyo-AUG/aug_npz/TokyoTech_Subj_06_Post_Relax_Frag9_'Subj_06_Post_Relax_Frag9_x1.6.npz,600,9,0.0,19.966666666666665,"forehead_strip,left_cheek_big,right_cheek_big",,,,train
TokyoTech,'Subj_06_Post_Relax_Frag9_x1.8,Subj_06_Post_Relax_Frag9,Dataset/3_ROI/PURE-x-UBFC-x-Tokoyo-AUG/aug_npz/TokyoTech_Subj_06_Post_Relax_Frag9_'Subj_06_Post_Relax_Frag9_x1.8.npz,600,9,0.0,19.966666666666665,"forehead_strip,left_cheek_big,right_cheek_big",,,,train
TokyoTech,'Subj_06_Pre_Relax_Frag1,Subj_06_Pre_Relax_Frag1,Dataset/3_ROI/TokyoTech_RAW/Subj_06_Pre_Relax_Frag1.npz,600,9,0.0,19.966666666666665,"forehead_strip,left_cheek_big,right_cheek_big",,,,val
TokyoTech,'Subj_06_Pre_Relax_Frag2,Subj_06_Pre_Relax_Frag2,Dataset/3_ROI/TokyoTech_RAW/Subj_06_Pre_Relax_Frag2.npz,600,9,0.0,19.966666666666665,"forehead_strip,left_cheek_big,right_cheek_big",,,,val
TokyoTech,'Subj_06_Pre_Relax_Frag3,Subj_06_Pre_Relax_Frag3,Dataset/3_ROI/TokyoTech_RAW/Subj_06_Pre_Relax_Frag3.npz,600,9,0.0,19.966666666666665,"forehead_strip,left_cheek_big,right_cheek_big",,,,train
TokyoTech,'Subj_06_Pre_Relax_Frag3_x0.65,Subj_06_Pre_Relax_Frag3,Dataset/3_ROI/PURE-x-UBFC-x-Tokoyo-AUG/aug_npz/TokyoTech_Subj_06_Pre_Relax_Frag3_'Subj_06_Pre_Relax_Frag3_x0.65.npz,600,9,0.0,19.966666666666665,"forehead_strip,left_cheek_big,right_cheek_big",,,,train
TokyoTech,'Subj_06_Pre_Relax_Frag3_x0.75,Subj_06_Pre_Relax_Frag3,Dataset/3_ROI/PURE-x-UBFC-x-Tokoyo-AUG/aug_npz/TokyoTech_Subj_06_Pre_Relax_Frag3_'Subj_06_Pre_Relax_Frag3_x0.75.npz,600,9,0.0,19.966666666666665,"forehead_strip,left_cheek_big,right_cheek_big",,,,train
TokyoTech,'Subj_06_Pre_Relax_Frag3_x1.2,Subj_06_Pre_Relax_Frag3,Dataset/3_ROI/PURE-x-UBFC-x-Tokoyo-AUG/aug_npz/TokyoTech_Subj_06_Pre_Relax_Frag3_'Subj_06_Pre_Relax_Frag3_x1.2.npz,600,9,0.0,19.966666666666665,"forehead_strip,left_cheek_big,right_cheek_big",,,,train
TokyoTech,'Subj_06_Pre_Relax_Frag3_x1.4,Subj_06_Pre_Relax_Frag3,Dataset/3_ROI/PURE-x-UBFC-x-Tokoyo-AUG/aug_npz/TokyoTech_Subj_06_Pre_Relax_Frag3_'Subj_06_Pre_Relax_Frag3_x1.4.npz,600,9,0.0,19.966666666666665,"forehead_strip,left_cheek_big,right_cheek_big",,,,train
TokyoTech,'Subj_06_Pre_Relax_Frag3_x1.6,Subj_06_Pre_Relax_Frag3,Dataset/3_ROI/PURE-x-UBFC-x-Tokoyo-AUG/aug_npz/TokyoTech_Subj_06_Pre_Relax_Frag3_'Subj_06_Pre_Relax_Frag3_x1.6.npz,600,9,0.0,19.966666666666665,"forehead_strip,left_cheek_big,right_cheek_big",,,,train
TokyoTech,'Subj_06_Pre_Relax_Frag3_x1.8,Subj_06_Pre_Relax_Frag3,Dataset/3_ROI/PURE-x-UBFC-x-Tokoyo-AUG/aug_npz/TokyoTech_Subj_06_Pre_Relax_Frag3_'Subj_06_Pre_Relax_Frag3_x1.8.npz,600,9,0.0,19.966666666666665,"forehead_strip,left_cheek_big,right_cheek_big",,,,train
TokyoTech,'Subj_07_Exercise_Frag4,Subj_07_Exercise_Frag4,Dataset/3_ROI/TokyoTech_RAW/Subj_07_Exercise_Frag4.npz,600,9,0.0,19.966666666666665,"forehead_strip,left_cheek_big,right_cheek_big",,,,train
TokyoTech,'Subj_07_Exercise_Frag4_x0.55,Subj_07_Exercise_Frag4,Dataset/3_ROI/PURE-x-UBFC-x-Tokoyo-AUG/aug_npz/TokyoTech_Subj_07_Exercise_Frag4_'Subj_07_Exercise_Frag4_x0.55.npz,600,9,0.0,19.966666666666665,"forehead_strip,left_cheek_big,right_cheek_big",,,,train
TokyoTech,'Subj_07_Exercise_Frag4_x0.65,Subj_07_Exercise_Frag4,Dataset/3_ROI/PURE-x-UBFC-x-Tokoyo-AUG/aug_npz/TokyoTech_Subj_07_Exercise_Frag4_'Subj_07_Exercise_Frag4_x0.65.npz,600,9,0.0,19.966666666666665,"forehead_strip,left_cheek_big,right_cheek_big",,,,train
TokyoTech,'Subj_07_Exercise_Frag4_x0.75,Subj_07_Exercise_Frag4,Dataset/3_ROI/PURE-x-UBFC-x-Tokoyo-AUG/aug_npz/TokyoTech_Subj_07_Exercise_Frag4_'Subj_07_Exercise_Frag4_x0.75.npz,600,9,0.0,19.966666666666665,"forehead_strip,left_cheek_big,right_cheek_big",,,,train
TokyoTech,'Subj_07_Exercise_Frag4_x1.2,Subj_07_Exercise_Frag4,Dataset/3_ROI/PURE-x-UBFC-x-Tokoyo-AUG/aug_npz/TokyoTech_Subj_07_Exercise_Frag4_'Subj_07_Exercise_Frag4_x1.2.npz,600,9,0.0,19.966666666666665,"forehead_strip,left_cheek_big,right_cheek_big",,,,train
TokyoTech,'Subj_07_Exercise_Frag4_x1.4,Subj_07_Exercise_Frag4,Dataset/3_ROI/PURE-x-UBFC-x-Tokoyo-AUG/aug_npz/TokyoTech_Subj_07_Exercise_Frag4_'Subj_07_Exercise_Frag4_x1.4.npz,600,9,0.0,19.966666666666665,"forehead_strip,left_cheek_big,right_cheek_big",,,,train
TokyoTech,'Subj_07_Exercise_Frag4_x1.6,Subj_07_Exercise_Frag4,Dataset/3_ROI/PURE-x-UBFC-x-Tokoyo-AUG/aug_npz/TokyoTech_Subj_07_Exercise_Frag4_'Subj_07_Exercise_Frag4_x1.6.npz,600,9,0.0,19.966666666666665,"forehead_strip,left_cheek_big,right_cheek_big",,,,train
TokyoTech,'Subj_07_Exercise_Frag4_x1.8,Subj_07_Exercise_Frag4,Dataset/3_ROI/PURE-x-UBFC-x-Tokoyo-AUG/aug_npz/TokyoTech_Subj_07_Exercise_Frag4_'Subj_07_Exercise_Frag4_x1.8.npz,600,9,0.0,19.966666666666665,"forehead_strip,left_cheek_big,right_cheek_big",,,,train
TokyoTech,'Subj_07_Exercise_Frag5,Subj_07_Exercise_Frag5,Dataset/3_ROI/TokyoTech_RAW/Subj_07_Exercise_Frag5.npz,600,9,0.0,19.966666666666665,"forehead_strip,left_cheek_big,right_cheek_big",,,,train
TokyoTech,'Subj_07_Exercise_Frag5_x0.55,Subj_07_Exercise_Frag5,Dataset/3_ROI/PURE-x-UBFC-x-Tokoyo-AUG/aug_npz/TokyoTech_Subj_07_Exercise_Frag5_'Subj_07_Exercise_Frag5_x0.55.npz,600,9,0.0,19.966666666666665,"forehead_strip,left_cheek_big,right_cheek_big",,,,train
TokyoTech,'Subj_07_Exercise_Frag5_x0.65,Subj_07_Exercise_Frag5,Dataset/3_ROI/PURE-x-UBFC-x-Tokoyo-AUG/aug_npz/TokyoTech_Subj_07_Exercise_Frag5_'Subj_07_Exercise_Frag5_x0.65.npz,600,9,0.0,19.966666666666665,"forehead_strip,left_cheek_big,right_cheek_big",,,,train
TokyoTech,'Subj_07_Exercise_Frag5_x0.75,Subj_07_Exercise_Frag5,Dataset/3_ROI/PURE-x-UBFC-x-Tokoyo-AUG/aug_npz/TokyoTech_Subj_07_Exercise_Frag5_'Subj_07_Exercise_Frag5_x0.75.npz,600,9,0.0,19.966666666666665,"forehead_strip,left_cheek_big,right_cheek_big",,,,train
TokyoTech,'Subj_07_Exercise_Frag5_x1.2,Subj_07_Exercise_Frag5,Dataset/3_ROI/PURE-x-UBFC-x-Tokoyo-AUG/aug_npz/TokyoTech_Subj_07_Exercise_Frag5_'Subj_07_Exercise_Frag5_x1.2.npz,600,9,0.0,19.966666666666665,"forehead_strip,left_cheek_big,right_cheek_big",,,,train
TokyoTech,'Subj_07_Exercise_Frag5_x1.4,Subj_07_Exercise_Frag5,Dataset/3_ROI/PURE-x-UBFC-x-Tokoyo-AUG/aug_npz/TokyoTech_Subj_07_Exercise_Frag5_'Subj_07_Exercise_Frag5_x1.4.npz,600,9,0.0,19.966666666666665,"forehead_strip,left_cheek_big,right_cheek_big",,,,train
TokyoTech,'Subj_07_Exercise_Frag5_x1.6,Subj_07_Exercise_Frag5,Dataset/3_ROI/PURE-x-UBFC-x-Tokoyo-AUG/aug_npz/TokyoTech_Subj_07_Exercise_Frag5_'Subj_07_Exercise_Frag5_x1.6.npz,600,9,0.0,19.966666666666665,"forehead_strip,left_cheek_big,right_cheek_big",,,,train
TokyoTech,'Subj_07_Exercise_Frag5_x1.8,Subj_07_Exercise_Frag5,Dataset/3_ROI/PURE-x-UBFC-x-Tokoyo-AUG/aug_npz/TokyoTech_Subj_07_Exercise_Frag5_'Subj_07_Exercise_Frag5_x1.8.npz,600,9,0.0,19.966666666666665,"forehead_strip,left_cheek_big,right_cheek_big",,,,train
TokyoTech,'Subj_07_Exercise_Frag6,Subj_07_Exercise_Frag6,Dataset/3_ROI/TokyoTech_RAW/Subj_07_Exercise_Frag6.npz,600,9,0.0,19.966666666666665,"forehead_strip,left_cheek_big,right_cheek_big",,,,train
TokyoTech,'Subj_07_Exercise_Frag6_x0.55,Subj_07_Exercise_Frag6,Dataset/3_ROI/PURE-x-UBFC-x-Tokoyo-AUG/aug_npz/TokyoTech_Subj_07_Exercise_Frag6_'Subj_07_Exercise_Frag6_x0.55.npz,600,9,0.0,19.966666666666665,"forehead_strip,left_cheek_big,right_cheek_big",,,,train
TokyoTech,'Subj_07_Exercise_Frag6_x0.65,Subj_07_Exercise_Frag6,Dataset/3_ROI/PURE-x-UBFC-x-Tokoyo-AUG/aug_npz/TokyoTech_Subj_07_Exercise_Frag6_'Subj_07_Exercise_Frag6_x0.65.npz,600,9,0.0,19.966666666666665,"forehead_strip,left_cheek_big,right_cheek_big",,,,train
TokyoTech,'Subj_07_Exercise_Frag6_x0.75,Subj_07_Exercise_Frag6,Dataset/3_ROI/PURE-x-UBFC-x-Tokoyo-AUG/aug_npz/TokyoTech_Subj_07_Exercise_Frag6_'Subj_07_Exercise_Frag6_x0.75.npz,600,9,0.0,19.966666666666665,"forehead_strip,left_cheek_big,right_cheek_big",,,,train
TokyoTech,'Subj_07_Exercise_Frag6_x1.2,Subj_07_Exercise_Frag6,Dataset/3_ROI/PURE-x-UBFC-x-Tokoyo-AUG/aug_npz/TokyoTech_Subj_07_Exercise_Frag6_'Subj_07_Exercise_Frag6_x1.2.npz,600,9,0.0,19.966666666666665,"forehead_strip,left_cheek_big,right_cheek_big",,,,train
TokyoTech,'Subj_07_Exercise_Frag6_x1.4,Subj_07_Exercise_Frag6,Dataset/3_ROI/PURE-x-UBFC-x-Tokoyo-AUG/aug_npz/TokyoTech_Subj_07_Exercise_Frag6_'Subj_07_Exercise_Frag6_x1.4.npz,600,9,0.0,19.966666666666665,"forehead_strip,left_cheek_big,right_cheek_big",,,,train
TokyoTech,'Subj_07_Exercise_Frag6_x1.6,Subj_07_Exercise_Frag6,Dataset/3_ROI/PURE-x-UBFC-x-Tokoyo-AUG/aug_npz/TokyoTech_Subj_07_Exercise_Frag6_'Subj_07_Exercise_Frag6_x1.6.npz,600,9,0.0,19.966666666666665,"forehead_strip,left_cheek_big,right_cheek_big",,,,train
TokyoTech,'Subj_07_Exercise_Frag6_x1.8,Subj_07_Exercise_Frag6,Dataset/3_ROI/PURE-x-UBFC-x-Tokoyo-AUG/aug_npz/TokyoTech_Subj_07_Exercise_Frag6_'Subj_07_Exercise_Frag6_x1.8.npz,600,9,0.0,19.966666666666665,"forehead_strip,left_cheek_big,right_cheek_big",,,,train
TokyoTech,'Subj_07_Post_Relax_Frag7,Subj_07_Post_Relax_Frag7,Dataset/3_ROI/TokyoTech_RAW/Subj_07_Post_Relax_Frag7.npz,600,9,0.0,19.966666666666665,"forehead_strip,left_cheek_big,right_cheek_big",,,,train
TokyoTech,'Subj_07_Post_Relax_Frag7_x0.65,Subj_07_Post_Relax_Frag7,Dataset/3_ROI/PURE-x-UBFC-x-Tokoyo-AUG/aug_npz/TokyoTech_Subj_07_Post_Relax_Frag7_'Subj_07_Post_Relax_Frag7_x0.65.npz,600,9,0.0,19.966666666666665,"forehead_strip,left_cheek_big,right_cheek_big",,,,train
TokyoTech,'Subj_07_Post_Relax_Frag7_x0.75,Subj_07_Post_Relax_Frag7,Dataset/3_ROI/PURE-x-UBFC-x-Tokoyo-AUG/aug_npz/TokyoTech_Subj_07_Post_Relax_Frag7_'Subj_07_Post_Relax_Frag7_x0.75.npz,600,9,0.0,19.966666666666665,"forehead_strip,left_cheek_big,right_cheek_big",,,,train
TokyoTech,'Subj_07_Post_Relax_Frag7_x1.2,Subj_07_Post_Relax_Frag7,Dataset/3_ROI/PURE-x-UBFC-x-Tokoyo-AUG/aug_npz/TokyoTech_Subj_07_Post_Relax_Frag7_'Subj_07_Post_Relax_Frag7_x1.2.npz,600,9,0.0,19.966666666666665,"forehead_strip,left_cheek_big,right_cheek_big",,,,train
TokyoTech,'Subj_07_Post_Relax_Frag7_x1.4,Subj_07_Post_Relax_Frag7,Dataset/3_ROI/PURE-x-UBFC-x-Tokoyo-AUG/aug_npz/TokyoTech_Subj_07_Post_Relax_Frag7_'Subj_07_Post_Relax_Frag7_x1.4.npz,600,9,0.0,19.966666666666665,"forehead_strip,left_cheek_big,right_cheek_big",,,,train
TokyoTech,'Subj_07_Post_Relax_Frag7_x1.6,Subj_07_Post_Relax_Frag7,Dataset/3_ROI/PURE-x-UBFC-x-Tokoyo-AUG/aug_npz/TokyoTech_Subj_07_Post_Relax_Frag7_'Subj_07_Post_Relax_Frag7_x1.6.npz,600,9,0.0,19.966666666666665,"forehead_strip,left_cheek_big,right_cheek_big",,,,train
TokyoTech,'Subj_07_Post_Relax_Frag7_x1.8,Subj_07_Post_Relax_Frag7,Dataset/3_ROI/PURE-x-UBFC-x-Tokoyo-AUG/aug_npz/TokyoTech_Subj_07_Post_Relax_Frag7_'Subj_07_Post_Relax_Frag7_x1.8.npz,600,9,0.0,19.966666666666665,"forehead_strip,left_cheek_big,right_cheek_big",,,,train
TokyoTech,'Subj_07_Post_Relax_Frag8,Subj_07_Post_Relax_Frag8,Dataset/3_ROI/TokyoTech_RAW/Subj_07_Post_Relax_Frag8.npz,600,9,0.0,19.966666666666665,"forehead_strip,left_cheek_big,right_cheek_big",,,,train
TokyoTech,'Subj_07_Post_Relax_Frag8_x0.65,Subj_07_Post_Relax_Frag8,Dataset/3_ROI/PURE-x-UBFC-x-Tokoyo-AUG/aug_npz/TokyoTech_Subj_07_Post_Relax_Frag8_'Subj_07_Post_Relax_Frag8_x0.65.npz,600,9,0.0,19.966666666666665,"forehead_strip,left_cheek_big,right_cheek_big",,,,train
TokyoTech,'Subj_07_Post_Relax_Frag8_x0.75,Subj_07_Post_Relax_Frag8,Dataset/3_ROI/PURE-x-UBFC-x-Tokoyo-AUG/aug_npz/TokyoTech_Subj_07_Post_Relax_Frag8_'Subj_07_Post_Relax_Frag8_x0.75.npz,600,9,0.0,19.966666666666665,"forehead_strip,left_cheek_big,right_cheek_big",,,,train
TokyoTech,'Subj_07_Post_Relax_Frag8_x1.2,Subj_07_Post_Relax_Frag8,Dataset/3_ROI/PURE-x-UBFC-x-Tokoyo-AUG/aug_npz/TokyoTech_Subj_07_Post_Relax_Frag8_'Subj_07_Post_Relax_Frag8_x1.2.npz,600,9,0.0,19.966666666666665,"forehead_strip,left_cheek_big,right_cheek_big",,,,train
TokyoTech,'Subj_07_Post_Relax_Frag8_x1.4,Subj_07_Post_Relax_Frag8,Dataset/3_ROI/PURE-x-UBFC-x-Tokoyo-AUG/aug_npz/TokyoTech_Subj_07_Post_Relax_Frag8_'Subj_07_Post_Relax_Frag8_x1.4.npz,600,9,0.0,19.966666666666665,"forehead_strip,left_cheek_big,right_cheek_big",,,,train
TokyoTech,'Subj_07_Post_Relax_Frag8_x1.6,Subj_07_Post_Relax_Frag8,Dataset/3_ROI/PURE-x-UBFC-x-Tokoyo-AUG/aug_npz/TokyoTech_Subj_07_Post_Relax_Frag8_'Subj_07_Post_Relax_Frag8_x1.6.npz,600,9,0.0,19.966666666666665,"forehead_strip,left_cheek_big,right_cheek_big",,,,train
TokyoTech,'Subj_07_Post_Relax_Frag8_x1.8,Subj_07_Post_Relax_Frag8,Dataset/3_ROI/PURE-x-UBFC-x-Tokoyo-AUG/aug_npz/TokyoTech_Subj_07_Post_Relax_Frag8_'Subj_07_Post_Relax_Frag8_x1.8.npz,600,9,0.0,19.966666666666665,"forehead_strip,left_cheek_big,right_cheek_big",,,,train
TokyoTech,'Subj_07_Post_Relax_Frag9,Subj_07_Post_Relax_Frag9,Dataset/3_ROI/TokyoTech_RAW/Subj_07_Post_Relax_Frag9.npz,600,9,0.0,19.966666666666665,"forehead_strip,left_cheek_big,right_cheek_big",,,,val
TokyoTech,'Subj_07_Pre_Relax_Frag1,Subj_07_Pre_Relax_Frag1,Dataset/3_ROI/TokyoTech_RAW/Subj_07_Pre_Relax_Frag1.npz,600,9,0.0,19.966666666666665,"forehead_strip,left_cheek_big,right_cheek_big",,,,val
TokyoTech,'Subj_07_Pre_Relax_Frag2,Subj_07_Pre_Relax_Frag2,Dataset/3_ROI/TokyoTech_RAW/Subj_07_Pre_Relax_Frag2.npz,600,9,0.0,19.966666666666665,"forehead_strip,left_cheek_big,right_cheek_big",,,,train
TokyoTech,'Subj_07_Pre_Relax_Frag2_x0.75,Subj_07_Pre_Relax_Frag2,Dataset/3_ROI/PURE-x-UBFC-x-Tokoyo-AUG/aug_npz/TokyoTech_Subj_07_Pre_Relax_Frag2_'Subj_07_Pre_Relax_Frag2_x0.75.npz,600,9,0.0,19.966666666666665,"forehead_strip,left_cheek_big,right_cheek_big",,,,train
TokyoTech,'Subj_07_Pre_Relax_Frag2_x1.2,Subj_07_Pre_Relax_Frag2,Dataset/3_ROI/PURE-x-UBFC-x-Tokoyo-AUG/aug_npz/TokyoTech_Subj_07_Pre_Relax_Frag2_'Subj_07_Pre_Relax_Frag2_x1.2.npz,600,9,0.0,19.966666666666665,"forehead_strip,left_cheek_big,right_cheek_big",,,,train
TokyoTech,'Subj_07_Pre_Relax_Frag2_x1.4,Subj_07_Pre_Relax_Frag2,Dataset/3_ROI/PURE-x-UBFC-x-Tokoyo-AUG/aug_npz/TokyoTech_Subj_07_Pre_Relax_Frag2_'Subj_07_Pre_Relax_Frag2_x1.4.npz,600,9,0.0,19.966666666666665,"forehead_strip,left_cheek_big,right_cheek_big",,,,train
TokyoTech,'Subj_07_Pre_Relax_Frag2_x1.6,Subj_07_Pre_Relax_Frag2,Dataset/3_ROI/PURE-x-UBFC-x-Tokoyo-AUG/aug_npz/TokyoTech_Subj_07_Pre_Relax_Frag2_'Subj_07_Pre_Relax_Frag2_x1.6.npz,600,9,0.0,19.966666666666665,"forehead_strip,left_cheek_big,right_cheek_big",,,,train
TokyoTech,'Subj_07_Pre_Relax_Frag2_x1.8,Subj_07_Pre_Relax_Frag2,Dataset/3_ROI/PURE-x-UBFC-x-Tokoyo-AUG/aug_npz/TokyoTech_Subj_07_Pre_Relax_Frag2_'Subj_07_Pre_Relax_Frag2_x1.8.npz,600,9,0.0,19.966666666666665,"forehead_strip,left_cheek_big,right_cheek_big",,,,train
TokyoTech,'Subj_07_Pre_Relax_Frag3,Subj_07_Pre_Relax_Frag3,Dataset/3_ROI/TokyoTech_RAW/Subj_07_Pre_Relax_Frag3.npz,600,9,0.0,19.966666666666665,"forehead_strip,left_cheek_big,right_cheek_big",,,,train
TokyoTech,'Subj_07_Pre_Relax_Frag3_x0.65,Subj_07_Pre_Relax_Frag3,Dataset/3_ROI/PURE-x-UBFC-x-Tokoyo-AUG/aug_npz/TokyoTech_Subj_07_Pre_Relax_Frag3_'Subj_07_Pre_Relax_Frag3_x0.65.npz,600,9,0.0,19.966666666666665,"forehead_strip,left_cheek_big,right_cheek_big",,,,train
TokyoTech,'Subj_07_Pre_Relax_Frag3_x0.75,Subj_07_Pre_Relax_Frag3,Dataset/3_ROI/PURE-x-UBFC-x-Tokoyo-AUG/aug_npz/TokyoTech_Subj_07_Pre_Relax_Frag3_'Subj_07_Pre_Relax_Frag3_x0.75.npz,600,9,0.0,19.966666666666665,"forehead_strip,left_cheek_big,right_cheek_big",,,,train
TokyoTech,'Subj_07_Pre_Relax_Frag3_x1.2,Subj_07_Pre_Relax_Frag3,Dataset/3_ROI/PURE-x-UBFC-x-Tokoyo-AUG/aug_npz/TokyoTech_Subj_07_Pre_Relax_Frag3_'Subj_07_Pre_Relax_Frag3_x1.2.npz,600,9,0.0,19.966666666666665,"forehead_strip,left_cheek_big,right_cheek_big",,,,train
TokyoTech,'Subj_07_Pre_Relax_Frag3_x1.4,Subj_07_Pre_Relax_Frag3,Dataset/3_ROI/PURE-x-UBFC-x-Tokoyo-AUG/aug_npz/TokyoTech_Subj_07_Pre_Relax_Frag3_'Subj_07_Pre_Relax_Frag3_x1.4.npz,600,9,0.0,19.966666666666665,"forehead_strip,left_cheek_big,right_cheek_big",,,,train
TokyoTech,'Subj_07_Pre_Relax_Frag3_x1.6,Subj_07_Pre_Relax_Frag3,Dataset/3_ROI/PURE-x-UBFC-x-Tokoyo-AUG/aug_npz/TokyoTech_Subj_07_Pre_Relax_Frag3_'Subj_07_Pre_Relax_Frag3_x1.6.npz,600,9,0.0,19.966666666666665,"forehead_strip,left_cheek_big,right_cheek_big",,,,train
TokyoTech,'Subj_07_Pre_Relax_Frag3_x1.8,Subj_07_Pre_Relax_Frag3,Dataset/3_ROI/PURE-x-UBFC-x-Tokoyo-AUG/aug_npz/TokyoTech_Subj_07_Pre_Relax_Frag3_'Subj_07_Pre_Relax_Frag3_x1.8.npz,600,9,0.0,19.966666666666665,"forehead_strip,left_cheek_big,right_cheek_big",,,,train
TokyoTech,'Subj_08_Exercise_Frag4,Subj_08_Exercise_Frag4,Dataset/3_ROI/TokyoTech_RAW/Subj_08_Exercise_Frag4.npz,600,9,0.0,19.966666666666665,"forehead_strip,left_cheek_big,right_cheek_big",,,,val
TokyoTech,'Subj_08_Exercise_Frag5,Subj_08_Exercise_Frag5,Dataset/3_ROI/TokyoTech_RAW/Subj_08_Exercise_Frag5.npz,600,9,0.0,19.966666666666665,"forehead_strip,left_cheek_big,right_cheek_big",,,,train
TokyoTech,'Subj_08_Exercise_Frag5_x0.55,Subj_08_Exercise_Frag5,Dataset/3_ROI/PURE-x-UBFC-x-Tokoyo-AUG/aug_npz/TokyoTech_Subj_08_Exercise_Frag5_'Subj_08_Exercise_Frag5_x0.55.npz,600,9,0.0,19.966666666666665,"forehead_strip,left_cheek_big,right_cheek_big",,,,train
TokyoTech,'Subj_08_Exercise_Frag5_x0.65,Subj_08_Exercise_Frag5,Dataset/3_ROI/PURE-x-UBFC-x-Tokoyo-AUG/aug_npz/TokyoTech_Subj_08_Exercise_Frag5_'Subj_08_Exercise_Frag5_x0.65.npz,600,9,0.0,19.966666666666665,"forehead_strip,left_cheek_big,right_cheek_big",,,,train
TokyoTech,'Subj_08_Exercise_Frag5_x0.75,Subj_08_Exercise_Frag5,Dataset/3_ROI/PURE-x-UBFC-x-Tokoyo-AUG/aug_npz/TokyoTech_Subj_08_Exercise_Frag5_'Subj_08_Exercise_Frag5_x0.75.npz,600,9,0.0,19.966666666666665,"forehead_strip,left_cheek_big,right_cheek_big",,,,train
TokyoTech,'Subj_08_Exercise_Frag5_x1.2,Subj_08_Exercise_Frag5,Dataset/3_ROI/PURE-x-UBFC-x-Tokoyo-AUG/aug_npz/TokyoTech_Subj_08_Exercise_Frag5_'Subj_08_Exercise_Frag5_x1.2.npz,600,9,0.0,19.966666666666665,"forehead_strip,left_cheek_big,right_cheek_big",,,,train
TokyoTech,'Subj_08_Exercise_Frag5_x1.4,Subj_08_Exercise_Frag5,Dataset/3_ROI/PURE-x-UBFC-x-Tokoyo-AUG/aug_npz/TokyoTech_Subj_08_Exercise_Frag5_'Subj_08_Exercise_Frag5_x1.4.npz,600,9,0.0,19.966666666666665,"forehead_strip,left_cheek_big,right_cheek_big",,,,train
TokyoTech,'Subj_08_Exercise_Frag5_x1.6,Subj_08_Exercise_Frag5,Dataset/3_ROI/PURE-x-UBFC-x-Tokoyo-AUG/aug_npz/TokyoTech_Subj_08_Exercise_Frag5_'Subj_08_Exercise_Frag5_x1.6.npz,600,9,0.0,19.966666666666665,"forehead_strip,left_cheek_big,right_cheek_big",,,,train
TokyoTech,'Subj_08_Exercise_Frag5_x1.8,Subj_08_Exercise_Frag5,Dataset/3_ROI/PURE-x-UBFC-x-Tokoyo-AUG/aug_npz/TokyoTech_Subj_08_Exercise_Frag5_'Subj_08_Exercise_Frag5_x1.8.npz,600,9,0.0,19.966666666666665,"forehead_strip,left_cheek_big,right_cheek_big",,,,train
TokyoTech,'Subj_08_Exercise_Frag6,Subj_08_Exercise_Frag6,Dataset/3_ROI/TokyoTech_RAW/Subj_08_Exercise_Frag6.npz,600,9,0.0,19.966666666666665,"forehead_strip,left_cheek_big,right_cheek_big",,,,train
TokyoTech,'Subj_08_Exercise_Frag6_x0.55,Subj_08_Exercise_Frag6,Dataset/3_ROI/PURE-x-UBFC-x-Tokoyo-AUG/aug_npz/TokyoTech_Subj_08_Exercise_Frag6_'Subj_08_Exercise_Frag6_x0.55.npz,600,9,0.0,19.966666666666665,"forehead_strip,left_cheek_big,right_cheek_big",,,,train
TokyoTech,'Subj_08_Exercise_Frag6_x0.65,Subj_08_Exercise_Frag6,Dataset/3_ROI/PURE-x-UBFC-x-Tokoyo-AUG/aug_npz/TokyoTech_Subj_08_Exercise_Frag6_'Subj_08_Exercise_Frag6_x0.65.npz,600,9,0.0,19.966666666666665,"forehead_strip,left_cheek_big,right_cheek_big",,,,train
TokyoTech,'Subj_08_Exercise_Frag6_x0.75,Subj_08_Exercise_Frag6,Dataset/3_ROI/PURE-x-UBFC-x-Tokoyo-AUG/aug_npz/TokyoTech_Subj_08_Exercise_Frag6_'Subj_08_Exercise_Frag6_x0.75.npz,600,9,0.0,19.966666666666665,"forehead_strip,left_cheek_big,right_cheek_big",,,,train
TokyoTech,'Subj_08_Exercise_Frag6_x1.2,Subj_08_Exercise_Frag6,Dataset/3_ROI/PURE-x-UBFC-x-Tokoyo-AUG/aug_npz/TokyoTech_Subj_08_Exercise_Frag6_'Subj_08_Exercise_Frag6_x1.2.npz,600,9,0.0,19.966666666666665,"forehead_strip,left_cheek_big,right_cheek_big",,,,train
TokyoTech,'Subj_08_Exercise_Frag6_x1.4,Subj_08_Exercise_Frag6,Dataset/3_ROI/PURE-x-UBFC-x-Tokoyo-AUG/aug_npz/TokyoTech_Subj_08_Exercise_Frag6_'Subj_08_Exercise_Frag6_x1.4.npz,600,9,0.0,19.966666666666665,"forehead_strip,left_cheek_big,right_cheek_big",,,,train
TokyoTech,'Subj_08_Exercise_Frag6_x1.6,Subj_08_Exercise_Frag6,Dataset/3_ROI/PURE-x-UBFC-x-Tokoyo-AUG/aug_npz/TokyoTech_Subj_08_Exercise_Frag6_'Subj_08_Exercise_Frag6_x1.6.npz,600,9,0.0,19.966666666666665,"forehead_strip,left_cheek_big,right_cheek_big",,,,train
TokyoTech,'Subj_08_Exercise_Frag6_x1.8,Subj_08_Exercise_Frag6,Dataset/3_ROI/PURE-x-UBFC-x-Tokoyo-AUG/aug_npz/TokyoTech_Subj_08_Exercise_Frag6_'Subj_08_Exercise_Frag6_x1.8.npz,600,9,0.0,19.966666666666665,"forehead_strip,left_cheek_big,right_cheek_big",,,,train
TokyoTech,'Subj_08_Post_Relax_Frag7,Subj_08_Post_Relax_Frag7,Dataset/3_ROI/TokyoTech_RAW/Subj_08_Post_Relax_Frag7.npz,600,9,0.0,19.966666666666665,"forehead_strip,left_cheek_big,right_cheek_big",,,,train
TokyoTech,'Subj_08_Post_Relax_Frag7_x0.55,Subj_08_Post_Relax_Frag7,Dataset/3_ROI/PURE-x-UBFC-x-Tokoyo-AUG/aug_npz/TokyoTech_Subj_08_Post_Relax_Frag7_'Subj_08_Post_Relax_Frag7_x0.55.npz,600,9,0.0,19.966666666666665,"forehead_strip,left_cheek_big,right_cheek_big",,,,train
TokyoTech,'Subj_08_Post_Relax_Frag7_x0.65,Subj_08_Post_Relax_Frag7,Dataset/3_ROI/PURE-x-UBFC-x-Tokoyo-AUG/aug_npz/TokyoTech_Subj_08_Post_Relax_Frag7_'Subj_08_Post_Relax_Frag7_x0.65.npz,600,9,0.0,19.966666666666665,"forehead_strip,left_cheek_big,right_cheek_big",,,,train
TokyoTech,'Subj_08_Post_Relax_Frag7_x0.75,Subj_08_Post_Relax_Frag7,Dataset/3_ROI/PURE-x-UBFC-x-Tokoyo-AUG/aug_npz/TokyoTech_Subj_08_Post_Relax_Frag7_'Subj_08_Post_Relax_Frag7_x0.75.npz,600,9,0.0,19.966666666666665,"forehead_strip,left_cheek_big,right_cheek_big",,,,train
TokyoTech,'Subj_08_Post_Relax_Frag7_x1.2,Subj_08_Post_Relax_Frag7,Dataset/3_ROI/PURE-x-UBFC-x-Tokoyo-AUG/aug_npz/TokyoTech_Subj_08_Post_Relax_Frag7_'Subj_08_Post_Relax_Frag7_x1.2.npz,600,9,0.0,19.966666666666665,"forehead_strip,left_cheek_big,right_cheek_big",,,,train
TokyoTech,'Subj_08_Post_Relax_Frag7_x1.4,Subj_08_Post_Relax_Frag7,Dataset/3_ROI/PURE-x-UBFC-x-Tokoyo-AUG/aug_npz/TokyoTech_Subj_08_Post_Relax_Frag7_'Subj_08_Post_Relax_Frag7_x1.4.npz,600,9,0.0,19.966666666666665,"forehead_strip,left_cheek_big,right_cheek_big",,,,train
TokyoTech,'Subj_08_Post_Relax_Frag7_x1.6,Subj_08_Post_Relax_Frag7,Dataset/3_ROI/PURE-x-UBFC-x-Tokoyo-AUG/aug_npz/TokyoTech_Subj_08_Post_Relax_Frag7_'Subj_08_Post_Relax_Frag7_x1.6.npz,600,9,0.0,19.966666666666665,"forehead_strip,left_cheek_big,right_cheek_big",,,,train
TokyoTech,'Subj_08_Post_Relax_Frag7_x1.8,Subj_08_Post_Relax_Frag7,Dataset/3_ROI/PURE-x-UBFC-x-Tokoyo-AUG/aug_npz/TokyoTech_Subj_08_Post_Relax_Frag7_'Subj_08_Post_Relax_Frag7_x1.8.npz,600,9,0.0,19.966666666666665,"forehead_strip,left_cheek_big,right_cheek_big",,,,train
TokyoTech,'Subj_08_Post_Relax_Frag8,Subj_08_Post_Relax_Frag8,Dataset/3_ROI/TokyoTech_RAW/Subj_08_Post_Relax_Frag8.npz,600,9,0.0,19.966666666666665,"forehead_strip,left_cheek_big,right_cheek_big",,,,train
TokyoTech,'Subj_08_Post_Relax_Frag8_x0.65,Subj_08_Post_Relax_Frag8,Dataset/3_ROI/PURE-x-UBFC-x-Tokoyo-AUG/aug_npz/TokyoTech_Subj_08_Post_Relax_Frag8_'Subj_08_Post_Relax_Frag8_x0.65.npz,600,9,0.0,19.966666666666665,"forehead_strip,left_cheek_big,right_cheek_big",,,,train
TokyoTech,'Subj_08_Post_Relax_Frag8_x0.75,Subj_08_Post_Relax_Frag8,Dataset/3_ROI/PURE-x-UBFC-x-Tokoyo-AUG/aug_npz/TokyoTech_Subj_08_Post_Relax_Frag8_'Subj_08_Post_Relax_Frag8_x0.75.npz,600,9,0.0,19.966666666666665,"forehead_strip,left_cheek_big,right_cheek_big",,,,train
TokyoTech,'Subj_08_Post_Relax_Frag8_x1.2,Subj_08_Post_Relax_Frag8,Dataset/3_ROI/PURE-x-UBFC-x-Tokoyo-AUG/aug_npz/TokyoTech_Subj_08_Post_Relax_Frag8_'Subj_08_Post_Relax_Frag8_x1.2.npz,600,9,0.0,19.966666666666665,"forehead_strip,left_cheek_big,right_cheek_big",,,,train
TokyoTech,'Subj_08_Post_Relax_Frag8_x1.4,Subj_08_Post_Relax_Frag8,Dataset/3_ROI/PURE-x-UBFC-x-Tokoyo-AUG/aug_npz/TokyoTech_Subj_08_Post_Relax_Frag8_'Subj_08_Post_Relax_Frag8_x1.4.npz,600,9,0.0,19.966666666666665,"forehead_strip,left_cheek_big,right_cheek_big",,,,train
TokyoTech,'Subj_08_Post_Relax_Frag8_x1.6,Subj_08_Post_Relax_Frag8,Dataset/3_ROI/PURE-x-UBFC-x-Tokoyo-AUG/aug_npz/TokyoTech_Subj_08_Post_Relax_Frag8_'Subj_08_Post_Relax_Frag8_x1.6.npz,600,9,0.0,19.966666666666665,"forehead_strip,left_cheek_big,right_cheek_big",,,,train
TokyoTech,'Subj_08_Post_Relax_Frag8_x1.8,Subj_08_Post_Relax_Frag8,Dataset/3_ROI/PURE-x-UBFC-x-Tokoyo-AUG/aug_npz/TokyoTech_Subj_08_Post_Relax_Frag8_'Subj_08_Post_Relax_Frag8_x1.8.npz,600,9,0.0,19.966666666666665,"forehead_strip,left_cheek_big,right_cheek_big",,,,train
TokyoTech,'Subj_08_Post_Relax_Frag9,Subj_08_Post_Relax_Frag9,Dataset/3_ROI/TokyoTech_RAW/Subj_08_Post_Relax_Frag9.npz,600,9,0.0,19.966666666666665,"forehead_strip,left_cheek_big,right_cheek_big",,,,train
TokyoTech,'Subj_08_Post_Relax_Frag9_x0.55,Subj_08_Post_Relax_Frag9,Dataset/3_ROI/PURE-x-UBFC-x-Tokoyo-AUG/aug_npz/TokyoTech_Subj_08_Post_Relax_Frag9_'Subj_08_Post_Relax_Frag9_x0.55.npz,600,9,0.0,19.966666666666665,"forehead_strip,left_cheek_big,right_cheek_big",,,,train
TokyoTech,'Subj_08_Post_Relax_Frag9_x0.65,Subj_08_Post_Relax_Frag9,Dataset/3_ROI/PURE-x-UBFC-x-Tokoyo-AUG/aug_npz/TokyoTech_Subj_08_Post_Relax_Frag9_'Subj_08_Post_Relax_Frag9_x0.65.npz,600,9,0.0,19.966666666666665,"forehead_strip,left_cheek_big,right_cheek_big",,,,train
TokyoTech,'Subj_08_Post_Relax_Frag9_x0.75,Subj_08_Post_Relax_Frag9,Dataset/3_ROI/PURE-x-UBFC-x-Tokoyo-AUG/aug_npz/TokyoTech_Subj_08_Post_Relax_Frag9_'Subj_08_Post_Relax_Frag9_x0.75.npz,600,9,0.0,19.966666666666665,"forehead_strip,left_cheek_big,right_cheek_big",,,,train
TokyoTech,'Subj_08_Post_Relax_Frag9_x1.2,Subj_08_Post_Relax_Frag9,Dataset/3_ROI/PURE-x-UBFC-x-Tokoyo-AUG/aug_npz/TokyoTech_Subj_08_Post_Relax_Frag9_'Subj_08_Post_Relax_Frag9_x1.2.npz,600,9,0.0,19.966666666666665,"forehead_strip,left_cheek_big,right_cheek_big",,,,train
TokyoTech,'Subj_08_Post_Relax_Frag9_x1.4,Subj_08_Post_Relax_Frag9,Dataset/3_ROI/PURE-x-UBFC-x-Tokoyo-AUG/aug_npz/TokyoTech_Subj_08_Post_Relax_Frag9_'Subj_08_Post_Relax_Frag9_x1.4.npz,600,9,0.0,19.966666666666665,"forehead_strip,left_cheek_big,right_cheek_big",,,,train
TokyoTech,'Subj_08_Post_Relax_Frag9_x1.6,Subj_08_Post_Relax_Frag9,Dataset/3_ROI/PURE-x-UBFC-x-Tokoyo-AUG/aug_npz/TokyoTech_Subj_08_Post_Relax_Frag9_'Subj_08_Post_Relax_Frag9_x1.6.npz,600,9,0.0,19.966666666666665,"forehead_strip,left_cheek_big,right_cheek_big",,,,train
TokyoTech,'Subj_08_Post_Relax_Frag9_x1.8,Subj_08_Post_Relax_Frag9,Dataset/3_ROI/PURE-x-UBFC-x-Tokoyo-AUG/aug_npz/TokyoTech_Subj_08_Post_Relax_Frag9_'Subj_08_Post_Relax_Frag9_x1.8.npz,600,9,0.0,19.966666666666665,"forehead_strip,left_cheek_big,right_cheek_big",,,,train
TokyoTech,'Subj_08_Pre_Relax_Frag1,Subj_08_Pre_Relax_Frag1,Dataset/3_ROI/TokyoTech_RAW/Subj_08_Pre_Relax_Frag1.npz,600,9,0.0,19.966666666666665,"forehead_strip,left_cheek_big,right_cheek_big",,,,val
TokyoTech,'Subj_08_Pre_Relax_Frag2,Subj_08_Pre_Relax_Frag2,Dataset/3_ROI/TokyoTech_RAW/Subj_08_Pre_Relax_Frag2.npz,600,9,0.0,19.966666666666665,"forehead_strip,left_cheek_big,right_cheek_big",,,,train
TokyoTech,'Subj_08_Pre_Relax_Frag2_x0.55,Subj_08_Pre_Relax_Frag2,Dataset/3_ROI/PURE-x-UBFC-x-Tokoyo-AUG/aug_npz/TokyoTech_Subj_08_Pre_Relax_Frag2_'Subj_08_Pre_Relax_Frag2_x0.55.npz,600,9,0.0,19.966666666666665,"forehead_strip,left_cheek_big,right_cheek_big",,,,train
TokyoTech,'Subj_08_Pre_Relax_Frag2_x0.65,Subj_08_Pre_Relax_Frag2,Dataset/3_ROI/PURE-x-UBFC-x-Tokoyo-AUG/aug_npz/TokyoTech_Subj_08_Pre_Relax_Frag2_'Subj_08_Pre_Relax_Frag2_x0.65.npz,600,9,0.0,19.966666666666665,"forehead_strip,left_cheek_big,right_cheek_big",,,,train
TokyoTech,'Subj_08_Pre_Relax_Frag2_x0.75,Subj_08_Pre_Relax_Frag2,Dataset/3_ROI/PURE-x-UBFC-x-Tokoyo-AUG/aug_npz/TokyoTech_Subj_08_Pre_Relax_Frag2_'Subj_08_Pre_Relax_Frag2_x0.75.npz,600,9,0.0,19.966666666666665,"forehead_strip,left_cheek_big,right_cheek_big",,,,train
TokyoTech,'Subj_08_Pre_Relax_Frag2_x1.2,Subj_08_Pre_Relax_Frag2,Dataset/3_ROI/PURE-x-UBFC-x-Tokoyo-AUG/aug_npz/TokyoTech_Subj_08_Pre_Relax_Frag2_'Subj_08_Pre_Relax_Frag2_x1.2.npz,600,9,0.0,19.966666666666665,"forehead_strip,left_cheek_big,right_cheek_big",,,,train
TokyoTech,'Subj_08_Pre_Relax_Frag2_x1.4,Subj_08_Pre_Relax_Frag2,Dataset/3_ROI/PURE-x-UBFC-x-Tokoyo-AUG/aug_npz/TokyoTech_Subj_08_Pre_Relax_Frag2_'Subj_08_Pre_Relax_Frag2_x1.4.npz,600,9,0.0,19.966666666666665,"forehead_strip,left_cheek_big,right_cheek_big",,,,train
TokyoTech,'Subj_08_Pre_Relax_Frag2_x1.6,Subj_08_Pre_Relax_Frag2,Dataset/3_ROI/PURE-x-UBFC-x-Tokoyo-AUG/aug_npz/TokyoTech_Subj_08_Pre_Relax_Frag2_'Subj_08_Pre_Relax_Frag2_x1.6.npz,600,9,0.0,19.966666666666665,"forehead_strip,left_cheek_big,right_cheek_big",,,,train
TokyoTech,'Subj_08_Pre_Relax_Frag2_x1.8,Subj_08_Pre_Relax_Frag2,Dataset/3_ROI/PURE-x-UBFC-x-Tokoyo-AUG/aug_npz/TokyoTech_Subj_08_Pre_Relax_Frag2_'Subj_08_Pre_Relax_Frag2_x1.8.npz,600,9,0.0,19.966666666666665,"forehead_strip,left_cheek_big,right_cheek_big",,,,train
TokyoTech,'Subj_08_Pre_Relax_Frag3,Subj_08_Pre_Relax_Frag3,Dataset/3_ROI/TokyoTech_RAW/Subj_08_Pre_Relax_Frag3.npz,600,9,0.0,19.966666666666665,"forehead_strip,left_cheek_big,right_cheek_big",,,,train
TokyoTech,'Subj_08_Pre_Relax_Frag3_x0.65,Subj_08_Pre_Relax_Frag3,Dataset/3_ROI/PURE-x-UBFC-x-Tokoyo-AUG/aug_npz/TokyoTech_Subj_08_Pre_Relax_Frag3_'Subj_08_Pre_Relax_Frag3_x0.65.npz,600,9,0.0,19.966666666666665,"forehead_strip,left_cheek_big,right_cheek_big",,,,train
TokyoTech,'Subj_08_Pre_Relax_Frag3_x0.75,Subj_08_Pre_Relax_Frag3,Dataset/3_ROI/PURE-x-UBFC-x-Tokoyo-AUG/aug_npz/TokyoTech_Subj_08_Pre_Relax_Frag3_'Subj_08_Pre_Relax_Frag3_x0.75.npz,600,9,0.0,19.966666666666665,"forehead_strip,left_cheek_big,right_cheek_big",,,,train
TokyoTech,'Subj_08_Pre_Relax_Frag3_x1.2,Subj_08_Pre_Relax_Frag3,Dataset/3_ROI/PURE-x-UBFC-x-Tokoyo-AUG/aug_npz/TokyoTech_Subj_08_Pre_Relax_Frag3_'Subj_08_Pre_Relax_Frag3_x1.2.npz,600,9,0.0,19.966666666666665,"forehead_strip,left_cheek_big,right_cheek_big",,,,train
TokyoTech,'Subj_08_Pre_Relax_Frag3_x1.4,Subj_08_Pre_Relax_Frag3,Dataset/3_ROI/PURE-x-UBFC-x-Tokoyo-AUG/aug_npz/TokyoTech_Subj_08_Pre_Relax_Frag3_'Subj_08_Pre_Relax_Frag3_x1.4.npz,600,9,0.0,19.966666666666665,"forehead_strip,left_cheek_big,right_cheek_big",,,,train
TokyoTech,'Subj_08_Pre_Relax_Frag3_x1.6,Subj_08_Pre_Relax_Frag3,Dataset/3_ROI/PURE-x-UBFC-x-Tokoyo-AUG/aug_npz/TokyoTech_Subj_08_Pre_Relax_Frag3_'Subj_08_Pre_Relax_Frag3_x1.6.npz,600,9,0.0,19.966666666666665,"forehead_strip,left_cheek_big,right_cheek_big",,,,train
TokyoTech,'Subj_08_Pre_Relax_Frag3_x1.8,Subj_08_Pre_Relax_Frag3,Dataset/3_ROI/PURE-x-UBFC-x-Tokoyo-AUG/aug_npz/TokyoTech_Subj_08_Pre_Relax_Frag3_'Subj_08_Pre_Relax_Frag3_x1.8.npz,600,9,0.0,19.966666666666665,"forehead_strip,left_cheek_big,right_cheek_big",,,,train
TokyoTech,'Subj_09_Exercise_Frag4,Subj_09_Exercise_Frag4,Dataset/3_ROI/TokyoTech_RAW/Subj_09_Exercise_Frag4.npz,600,9,0.0,19.966666666666665,"forehead_strip,left_cheek_big,right_cheek_big",,,,train
TokyoTech,'Subj_09_Exercise_Frag4_x0.55,Subj_09_Exercise_Frag4,Dataset/3_ROI/PURE-x-UBFC-x-Tokoyo-AUG/aug_npz/TokyoTech_Subj_09_Exercise_Frag4_'Subj_09_Exercise_Frag4_x0.55.npz,600,9,0.0,19.966666666666665,"forehead_strip,left_cheek_big,right_cheek_big",,,,train
TokyoTech,'Subj_09_Exercise_Frag4_x0.65,Subj_09_Exercise_Frag4,Dataset/3_ROI/PURE-x-UBFC-x-Tokoyo-AUG/aug_npz/TokyoTech_Subj_09_Exercise_Frag4_'Subj_09_Exercise_Frag4_x0.65.npz,600,9,0.0,19.966666666666665,"forehead_strip,left_cheek_big,right_cheek_big",,,,train
TokyoTech,'Subj_09_Exercise_Frag4_x0.75,Subj_09_Exercise_Frag4,Dataset/3_ROI/PURE-x-UBFC-x-Tokoyo-AUG/aug_npz/TokyoTech_Subj_09_Exercise_Frag4_'Subj_09_Exercise_Frag4_x0.75.npz,600,9,0.0,19.966666666666665,"forehead_strip,left_cheek_big,right_cheek_big",,,,train
TokyoTech,'Subj_09_Exercise_Frag4_x1.2,Subj_09_Exercise_Frag4,Dataset/3_ROI/PURE-x-UBFC-x-Tokoyo-AUG/aug_npz/TokyoTech_Subj_09_Exercise_Frag4_'Subj_09_Exercise_Frag4_x1.2.npz,600,9,0.0,19.966666666666665,"forehead_strip,left_cheek_big,right_cheek_big",,,,train
TokyoTech,'Subj_09_Exercise_Frag4_x1.4,Subj_09_Exercise_Frag4,Dataset/3_ROI/PURE-x-UBFC-x-Tokoyo-AUG/aug_npz/TokyoTech_Subj_09_Exercise_Frag4_'Subj_09_Exercise_Frag4_x1.4.npz,600,9,0.0,19.966666666666665,"forehead_strip,left_cheek_big,right_cheek_big",,,,train
TokyoTech,'Subj_09_Exercise_Frag4_x1.6,Subj_09_Exercise_Frag4,Dataset/3_ROI/PURE-x-UBFC-x-Tokoyo-AUG/aug_npz/TokyoTech_Subj_09_Exercise_Frag4_'Subj_09_Exercise_Frag4_x1.6.npz,600,9,0.0,19.966666666666665,"forehead_strip,left_cheek_big,right_cheek_big",,,,train
TokyoTech,'Subj_09_Exercise_Frag5,Subj_09_Exercise_Frag5,Dataset/3_ROI/TokyoTech_RAW/Subj_09_Exercise_Frag5.npz,600,9,0.0,19.966666666666665,"forehead_strip,left_cheek_big,right_cheek_big",,,,train
TokyoTech,'Subj_09_Exercise_Frag5_x0.55,Subj_09_Exercise_Frag5,Dataset/3_ROI/PURE-x-UBFC-x-Tokoyo-AUG/aug_npz/TokyoTech_Subj_09_Exercise_Frag5_'Subj_09_Exercise_Frag5_x0.55.npz,600,9,0.0,19.966666666666665,"forehead_strip,left_cheek_big,right_cheek_big",,,,train
TokyoTech,'Subj_09_Exercise_Frag5_x0.65,Subj_09_Exercise_Frag5,Dataset/3_ROI/PURE-x-UBFC-x-Tokoyo-AUG/aug_npz/TokyoTech_Subj_09_Exercise_Frag5_'Subj_09_Exercise_Frag5_x0.65.npz,600,9,0.0,19.966666666666665,"forehead_strip,left_cheek_big,right_cheek_big",,,,train
TokyoTech,'Subj_09_Exercise_Frag5_x0.75,Subj_09_Exercise_Frag5,Dataset/3_ROI/PURE-x-UBFC-x-Tokoyo-AUG/aug_npz/TokyoTech_Subj_09_Exercise_Frag5_'Subj_09_Exercise_Frag5_x0.75.npz,600,9,0.0,19.966666666666665,"forehead_strip,left_cheek_big,right_cheek_big",,,,train
TokyoTech,'Subj_09_Exercise_Frag5_x1.2,Subj_09_Exercise_Frag5,Dataset/3_ROI/PURE-x-UBFC-x-Tokoyo-AUG/aug_npz/TokyoTech_Subj_09_Exercise_Frag5_'Subj_09_Exercise_Frag5_x1.2.npz,600,9,0.0,19.966666666666665,"forehead_strip,left_cheek_big,right_cheek_big",,,,train
TokyoTech,'Subj_09_Exercise_Frag5_x1.4,Subj_09_Exercise_Frag5,Dataset/3_ROI/PURE-x-UBFC-x-Tokoyo-AUG/aug_npz/TokyoTech_Subj_09_Exercise_Frag5_'Subj_09_Exercise_Frag5_x1.4.npz,600,9,0.0,19.966666666666665,"forehead_strip,left_cheek_big,right_cheek_big",,,,train
TokyoTech,'Subj_09_Exercise_Frag5_x1.6,Subj_09_Exercise_Frag5,Dataset/3_ROI/PURE-x-UBFC-x-Tokoyo-AUG/aug_npz/TokyoTech_Subj_09_Exercise_Frag5_'Subj_09_Exercise_Frag5_x1.6.npz,600,9,0.0,19.966666666666665,"forehead_strip,left_cheek_big,right_cheek_big",,,,train
TokyoTech,'Subj_09_Exercise_Frag5_x1.8,Subj_09_Exercise_Frag5,Dataset/3_ROI/PURE-x-UBFC-x-Tokoyo-AUG/aug_npz/TokyoTech_Subj_09_Exercise_Frag5_'Subj_09_Exercise_Frag5_x1.8.npz,600,9,0.0,19.966666666666665,"forehead_strip,left_cheek_big,right_cheek_big",,,,train
TokyoTech,'Subj_09_Exercise_Frag6,Subj_09_Exercise_Frag6,Dataset/3_ROI/TokyoTech_RAW/Subj_09_Exercise_Frag6.npz,600,9,0.0,19.966666666666665,"forehead_strip,left_cheek_big,right_cheek_big",,,,val
TokyoTech,'Subj_09_Post_Relax_Frag7,Subj_09_Post_Relax_Frag7,Dataset/3_ROI/TokyoTech_RAW/Subj_09_Post_Relax_Frag7.npz,600,9,0.0,19.966666666666665,"forehead_strip,left_cheek_big,right_cheek_big",,,,val
TokyoTech,'Subj_09_Post_Relax_Frag8,Subj_09_Post_Relax_Frag8,Dataset/3_ROI/TokyoTech_RAW/Subj_09_Post_Relax_Frag8.npz,600,9,0.0,19.966666666666665,"forehead_strip,left_cheek_big,right_cheek_big",,,,train
TokyoTech,'Subj_09_Post_Relax_Frag8_x0.55,Subj_09_Post_Relax_Frag8,Dataset/3_ROI/PURE-x-UBFC-x-Tokoyo-AUG/aug_npz/TokyoTech_Subj_09_Post_Relax_Frag8_'Subj_09_Post_Relax_Frag8_x0.55.npz,600,9,0.0,19.966666666666665,"forehead_strip,left_cheek_big,right_cheek_big",,,,train
TokyoTech,'Subj_09_Post_Relax_Frag8_x0.65,Subj_09_Post_Relax_Frag8,Dataset/3_ROI/PURE-x-UBFC-x-Tokoyo-AUG/aug_npz/TokyoTech_Subj_09_Post_Relax_Frag8_'Subj_09_Post_Relax_Frag8_x0.65.npz,600,9,0.0,19.966666666666665,"forehead_strip,left_cheek_big,right_cheek_big",,,,train
TokyoTech,'Subj_09_Post_Relax_Frag8_x0.75,Subj_09_Post_Relax_Frag8,Dataset/3_ROI/PURE-x-UBFC-x-Tokoyo-AUG/aug_npz/TokyoTech_Subj_09_Post_Relax_Frag8_'Subj_09_Post_Relax_Frag8_x0.75.npz,600,9,0.0,19.966666666666665,"forehead_strip,left_cheek_big,right_cheek_big",,,,train
TokyoTech,'Subj_09_Post_Relax_Frag8_x1.2,Subj_09_Post_Relax_Frag8,Dataset/3_ROI/PURE-x-UBFC-x-Tokoyo-AUG/aug_npz/TokyoTech_Subj_09_Post_Relax_Frag8_'Subj_09_Post_Relax_Frag8_x1.2.npz,600,9,0.0,19.966666666666665,"forehead_strip,left_cheek_big,right_cheek_big",,,,train
TokyoTech,'Subj_09_Post_Relax_Frag8_x1.4,Subj_09_Post_Relax_Frag8,Dataset/3_ROI/PURE-x-UBFC-x-Tokoyo-AUG/aug_npz/TokyoTech_Subj_09_Post_Relax_Frag8_'Subj_09_Post_Relax_Frag8_x1.4.npz,600,9,0.0,19.966666666666665,"forehead_strip,left_cheek_big,right_cheek_big",,,,train
TokyoTech,'Subj_09_Post_Relax_Frag8_x1.6,Subj_09_Post_Relax_Frag8,Dataset/3_ROI/PURE-x-UBFC-x-Tokoyo-AUG/aug_npz/TokyoTech_Subj_09_Post_Relax_Frag8_'Subj_09_Post_Relax_Frag8_x1.6.npz,600,9,0.0,19.966666666666665,"forehead_strip,left_cheek_big,right_cheek_big",,,,train
TokyoTech,'Subj_09_Post_Relax_Frag8_x1.8,Subj_09_Post_Relax_Frag8,Dataset/3_ROI/PURE-x-UBFC-x-Tokoyo-AUG/aug_npz/TokyoTech_Subj_09_Post_Relax_Frag8_'Subj_09_Post_Relax_Frag8_x1.8.npz,600,9,0.0,19.966666666666665,"forehead_strip,left_cheek_big,right_cheek_big",,,,train
TokyoTech,'Subj_09_Post_Relax_Frag9,Subj_09_Post_Relax_Frag9,Dataset/3_ROI/TokyoTech_RAW/Subj_09_Post_Relax_Frag9.npz,600,9,0.0,19.966666666666665,"forehead_strip,left_cheek_big,right_cheek_big",,,,train
TokyoTech,'Subj_09_Post_Relax_Frag9_x0.55,Subj_09_Post_Relax_Frag9,Dataset/3_ROI/PURE-x-UBFC-x-Tokoyo-AUG/aug_npz/TokyoTech_Subj_09_Post_Relax_Frag9_'Subj_09_Post_Relax_Frag9_x0.55.npz,600,9,0.0,19.966666666666665,"forehead_strip,left_cheek_big,right_cheek_big",,,,train
TokyoTech,'Subj_09_Post_Relax_Frag9_x0.65,Subj_09_Post_Relax_Frag9,Dataset/3_ROI/PURE-x-UBFC-x-Tokoyo-AUG/aug_npz/TokyoTech_Subj_09_Post_Relax_Frag9_'Subj_09_Post_Relax_Frag9_x0.65.npz,600,9,0.0,19.966666666666665,"forehead_strip,left_cheek_big,right_cheek_big",,,,train
TokyoTech,'Subj_09_Post_Relax_Frag9_x0.75,Subj_09_Post_Relax_Frag9,Dataset/3_ROI/PURE-x-UBFC-x-Tokoyo-AUG/aug_npz/TokyoTech_Subj_09_Post_Relax_Frag9_'Subj_09_Post_Relax_Frag9_x0.75.npz,600,9,0.0,19.966666666666665,"forehead_strip,left_cheek_big,right_cheek_big",,,,train
TokyoTech,'Subj_09_Post_Relax_Frag9_x1.2,Subj_09_Post_Relax_Frag9,Dataset/3_ROI/PURE-x-UBFC-x-Tokoyo-AUG/aug_npz/TokyoTech_Subj_09_Post_Relax_Frag9_'Subj_09_Post_Relax_Frag9_x1.2.npz,600,9,0.0,19.966666666666665,"forehead_strip,left_cheek_big,right_cheek_big",,,,train
TokyoTech,'Subj_09_Post_Relax_Frag9_x1.4,Subj_09_Post_Relax_Frag9,Dataset/3_ROI/PURE-x-UBFC-x-Tokoyo-AUG/aug_npz/TokyoTech_Subj_09_Post_Relax_Frag9_'Subj_09_Post_Relax_Frag9_x1.4.npz,600,9,0.0,19.966666666666665,"forehead_strip,left_cheek_big,right_cheek_big",,,,train
TokyoTech,'Subj_09_Post_Relax_Frag9_x1.6,Subj_09_Post_Relax_Frag9,Dataset/3_ROI/PURE-x-UBFC-x-Tokoyo-AUG/aug_npz/TokyoTech_Subj_09_Post_Relax_Frag9_'Subj_09_Post_Relax_Frag9_x1.6.npz,600,9,0.0,19.966666666666665,"forehead_strip,left_cheek_big,right_cheek_big",,,,train
TokyoTech,'Subj_09_Post_Relax_Frag9_x1.8,Subj_09_Post_Relax_Frag9,Dataset/3_ROI/PURE-x-UBFC-x-Tokoyo-AUG/aug_npz/TokyoTech_Subj_09_Post_Relax_Frag9_'Subj_09_Post_Relax_Frag9_x1.8.npz,600,9,0.0,19.966666666666665,"forehead_strip,left_cheek_big,right_cheek_big",,,,train
TokyoTech,'Subj_09_Pre_Relax_Frag1,Subj_09_Pre_Relax_Frag1,Dataset/3_ROI/TokyoTech_RAW/Subj_09_Pre_Relax_Frag1.npz,600,9,0.0,19.966666666666665,"forehead_strip,left_cheek_big,right_cheek_big",,,,train
TokyoTech,'Subj_09_Pre_Relax_Frag1_x0.55,Subj_09_Pre_Relax_Frag1,Dataset/3_ROI/PURE-x-UBFC-x-Tokoyo-AUG/aug_npz/TokyoTech_Subj_09_Pre_Relax_Frag1_'Subj_09_Pre_Relax_Frag1_x0.55.npz,600,9,0.0,19.966666666666665,"forehead_strip,left_cheek_big,right_cheek_big",,,,train
TokyoTech,'Subj_09_Pre_Relax_Frag1_x0.65,Subj_09_Pre_Relax_Frag1,Dataset/3_ROI/PURE-x-UBFC-x-Tokoyo-AUG/aug_npz/TokyoTech_Subj_09_Pre_Relax_Frag1_'Subj_09_Pre_Relax_Frag1_x0.65.npz,600,9,0.0,19.966666666666665,"forehead_strip,left_cheek_big,right_cheek_big",,,,train
TokyoTech,'Subj_09_Pre_Relax_Frag1_x0.75,Subj_09_Pre_Relax_Frag1,Dataset/3_ROI/PURE-x-UBFC-x-Tokoyo-AUG/aug_npz/TokyoTech_Subj_09_Pre_Relax_Frag1_'Subj_09_Pre_Relax_Frag1_x0.75.npz,600,9,0.0,19.966666666666665,"forehead_strip,left_cheek_big,right_cheek_big",,,,train
TokyoTech,'Subj_09_Pre_Relax_Frag1_x1.2,Subj_09_Pre_Relax_Frag1,Dataset/3_ROI/PURE-x-UBFC-x-Tokoyo-AUG/aug_npz/TokyoTech_Subj_09_Pre_Relax_Frag1_'Subj_09_Pre_Relax_Frag1_x1.2.npz,600,9,0.0,19.966666666666665,"forehead_strip,left_cheek_big,right_cheek_big",,,,train
TokyoTech,'Subj_09_Pre_Relax_Frag1_x1.4,Subj_09_Pre_Relax_Frag1,Dataset/3_ROI/PURE-x-UBFC-x-Tokoyo-AUG/aug_npz/TokyoTech_Subj_09_Pre_Relax_Frag1_'Subj_09_Pre_Relax_Frag1_x1.4.npz,600,9,0.0,19.966666666666665,"forehead_strip,left_cheek_big,right_cheek_big",,,,train
TokyoTech,'Subj_09_Pre_Relax_Frag1_x1.6,Subj_09_Pre_Relax_Frag1,Dataset/3_ROI/PURE-x-UBFC-x-Tokoyo-AUG/aug_npz/TokyoTech_Subj_09_Pre_Relax_Frag1_'Subj_09_Pre_Relax_Frag1_x1.6.npz,600,9,0.0,19.966666666666665,"forehead_strip,left_cheek_big,right_cheek_big",,,,train
TokyoTech,'Subj_09_Pre_Relax_Frag1_x1.8,Subj_09_Pre_Relax_Frag1,Dataset/3_ROI/PURE-x-UBFC-x-Tokoyo-AUG/aug_npz/TokyoTech_Subj_09_Pre_Relax_Frag1_'Subj_09_Pre_Relax_Frag1_x1.8.npz,600,9,0.0,19.966666666666665,"forehead_strip,left_cheek_big,right_cheek_big",,,,train
TokyoTech,'Subj_09_Pre_Relax_Frag2,Subj_09_Pre_Relax_Frag2,Dataset/3_ROI/TokyoTech_RAW/Subj_09_Pre_Relax_Frag2.npz,600,9,0.0,19.966666666666665,"forehead_strip,left_cheek_big,right_cheek_big",,,,train
TokyoTech,'Subj_09_Pre_Relax_Frag2_x0.55,Subj_09_Pre_Relax_Frag2,Dataset/3_ROI/PURE-x-UBFC-x-Tokoyo-AUG/aug_npz/TokyoTech_Subj_09_Pre_Relax_Frag2_'Subj_09_Pre_Relax_Frag2_x0.55.npz,600,9,0.0,19.966666666666665,"forehead_strip,left_cheek_big,right_cheek_big",,,,train
TokyoTech,'Subj_09_Pre_Relax_Frag2_x0.65,Subj_09_Pre_Relax_Frag2,Dataset/3_ROI/PURE-x-UBFC-x-Tokoyo-AUG/aug_npz/TokyoTech_Subj_09_Pre_Relax_Frag2_'Subj_09_Pre_Relax_Frag2_x0.65.npz,600,9,0.0,19.966666666666665,"forehead_strip,left_cheek_big,right_cheek_big",,,,train
TokyoTech,'Subj_09_Pre_Relax_Frag2_x0.75,Subj_09_Pre_Relax_Frag2,Dataset/3_ROI/PURE-x-UBFC-x-Tokoyo-AUG/aug_npz/TokyoTech_Subj_09_Pre_Relax_Frag2_'Subj_09_Pre_Relax_Frag2_x0.75.npz,600,9,0.0,19.966666666666665,"forehead_strip,left_cheek_big,right_cheek_big",,,,train
TokyoTech,'Subj_09_Pre_Relax_Frag2_x1.2,Subj_09_Pre_Relax_Frag2,Dataset/3_ROI/PURE-x-UBFC-x-Tokoyo-AUG/aug_npz/TokyoTech_Subj_09_Pre_Relax_Frag2_'Subj_09_Pre_Relax_Frag2_x1.2.npz,600,9,0.0,19.966666666666665,"forehead_strip,left_cheek_big,right_cheek_big",,,,train
TokyoTech,'Subj_09_Pre_Relax_Frag2_x1.4,Subj_09_Pre_Relax_Frag2,Dataset/3_ROI/PURE-x-UBFC-x-Tokoyo-AUG/aug_npz/TokyoTech_Subj_09_Pre_Relax_Frag2_'Subj_09_Pre_Relax_Frag2_x1.4.npz,600,9,0.0,19.966666666666665,"forehead_strip,left_cheek_big,right_cheek_big",,,,train
TokyoTech,'Subj_09_Pre_Relax_Frag2_x1.6,Subj_09_Pre_Relax_Frag2,Dataset/3_ROI/PURE-x-UBFC-x-Tokoyo-AUG/aug_npz/TokyoTech_Subj_09_Pre_Relax_Frag2_'Subj_09_Pre_Relax_Frag2_x1.6.npz,600,9,0.0,19.966666666666665,"forehead_strip,left_cheek_big,right_cheek_big",,,,train
TokyoTech,'Subj_09_Pre_Relax_Frag2_x1.8,Subj_09_Pre_Relax_Frag2,Dataset/3_ROI/PURE-x-UBFC-x-Tokoyo-AUG/aug_npz/TokyoTech_Subj_09_Pre_Relax_Frag2_'Subj_09_Pre_Relax_Frag2_x1.8.npz,600,9,0.0,19.966666666666665,"forehead_strip,left_cheek_big,right_cheek_big",,,,train
TokyoTech,'Subj_09_Pre_Relax_Frag3,Subj_09_Pre_Relax_Frag3,Dataset/3_ROI/TokyoTech_RAW/Subj_09_Pre_Relax_Frag3.npz,600,9,0.0,19.966666666666665,"forehead_strip,left_cheek_big,right_cheek_big",,,,train
TokyoTech,'Subj_09_Pre_Relax_Frag3_x0.55,Subj_09_Pre_Relax_Frag3,Dataset/3_ROI/PURE-x-UBFC-x-Tokoyo-AUG/aug_npz/TokyoTech_Subj_09_Pre_Relax_Frag3_'Subj_09_Pre_Relax_Frag3_x0.55.npz,600,9,0.0,19.966666666666665,"forehead_strip,left_cheek_big,right_cheek_big",,,,train
TokyoTech,'Subj_09_Pre_Relax_Frag3_x0.65,Subj_09_Pre_Relax_Frag3,Dataset/3_ROI/PURE-x-UBFC-x-Tokoyo-AUG/aug_npz/TokyoTech_Subj_09_Pre_Relax_Frag3_'Subj_09_Pre_Relax_Frag3_x0.65.npz,600,9,0.0,19.966666666666665,"forehead_strip,left_cheek_big,right_cheek_big",,,,train
TokyoTech,'Subj_09_Pre_Relax_Frag3_x0.75,Subj_09_Pre_Relax_Frag3,Dataset/3_ROI/PURE-x-UBFC-x-Tokoyo-AUG/aug_npz/TokyoTech_Subj_09_Pre_Relax_Frag3_'Subj_09_Pre_Relax_Frag3_x0.75.npz,600,9,0.0,19.966666666666665,"forehead_strip,left_cheek_big,right_cheek_big",,,,train
TokyoTech,'Subj_09_Pre_Relax_Frag3_x1.2,Subj_09_Pre_Relax_Frag3,Dataset/3_ROI/PURE-x-UBFC-x-Tokoyo-AUG/aug_npz/TokyoTech_Subj_09_Pre_Relax_Frag3_'Subj_09_Pre_Relax_Frag3_x1.2.npz,600,9,0.0,19.966666666666665,"forehead_strip,left_cheek_big,right_cheek_big",,,,train
TokyoTech,'Subj_09_Pre_Relax_Frag3_x1.4,Subj_09_Pre_Relax_Frag3,Dataset/3_ROI/PURE-x-UBFC-x-Tokoyo-AUG/aug_npz/TokyoTech_Subj_09_Pre_Relax_Frag3_'Subj_09_Pre_Relax_Frag3_x1.4.npz,600,9,0.0,19.966666666666665,"forehead_strip,left_cheek_big,right_cheek_big",,,,train
TokyoTech,'Subj_09_Pre_Relax_Frag3_x1.6,Subj_09_Pre_Relax_Frag3,Dataset/3_ROI/PURE-x-UBFC-x-Tokoyo-AUG/aug_npz/TokyoTech_Subj_09_Pre_Relax_Frag3_'Subj_09_Pre_Relax_Frag3_x1.6.npz,600,9,0.0,19.966666666666665,"forehead_strip,left_cheek_big,right_cheek_big",,,,train
TokyoTech,'Subj_09_Pre_Relax_Frag3_x1.8,Subj_09_Pre_Relax_Frag3,Dataset/3_ROI/PURE-x-UBFC-x-Tokoyo-AUG/aug_npz/TokyoTech_Subj_09_Pre_Relax_Frag3_'Subj_09_Pre_Relax_Frag3_x1.8.npz,600,9,0.0,19.966666666666665,"forehead_strip,left_cheek_big,right_cheek_big",,,,train
UBFC,'vid_1,vid_1,Dataset/3_ROI/UBFC_RAW/vid_1.npz,1547,9,0.0,52.82922362295981,"forehead_strip,left_cheek_big,right_cheek_big",,29.26410599999992,0.997383576485123,train
UBFC,'vid_1_x0.55,vid_1,Dataset/3_ROI/PURE-x-UBFC-x-Tokoyo-AUG/aug_npz/UBFC_vid_1_'vid_1_x0.55.npz,1547,9,0.0,52.82922362295981,"forehead_strip,left_cheek_big,right_cheek_big",,29.26410599999992,0.997383576485123,train
UBFC,'vid_1_x0.65,vid_1,Dataset/3_ROI/PURE-x-UBFC-x-Tokoyo-AUG/aug_npz/UBFC_vid_1_'vid_1_x0.65.npz,1547,9,0.0,52.82922362295981,"forehead_strip,left_cheek_big,right_cheek_big",,29.26410599999992,0.997383576485123,train
UBFC,'vid_1_x0.75,vid_1,Dataset/3_ROI/PURE-x-UBFC-x-Tokoyo-AUG/aug_npz/UBFC_vid_1_'vid_1_x0.75.npz,1547,9,0.0,52.82922362295981,"forehead_strip,left_cheek_big,right_cheek_big",,29.26410599999992,0.997383576485123,train
UBFC,'vid_1_x1.2,vid_1,Dataset/3_ROI/PURE-x-UBFC-x-Tokoyo-AUG/aug_npz/UBFC_vid_1_'vid_1_x1.2.npz,1547,9,0.0,52.82922362295981,"forehead_strip,left_cheek_big,right_cheek_big",,29.26410599999992,0.997383576485123,train
UBFC,'vid_1_x1.4,vid_1,Dataset/3_ROI/PURE-x-UBFC-x-Tokoyo-AUG/aug_npz/UBFC_vid_1_'vid_1_x1.4.npz,1547,9,0.0,52.82922362295981,"forehead_strip,left_cheek_big,right_cheek_big",,29.26410599999992,0.997383576485123,train
UBFC,'vid_1_x1.6,vid_1,Dataset/3_ROI/PURE-x-UBFC-x-Tokoyo-AUG/aug_npz/UBFC_vid_1_'vid_1_x1.6.npz,1547,9,0.0,52.82922362295981,"forehead_strip,left_cheek_big,right_cheek_big",,29.26410599999992,0.997383576485123,train
UBFC,'vid_10,vid_10,Dataset/3_ROI/UBFC_RAW/vid_10.npz,2024,9,0.0,67.71438867496765,"forehead_strip,left_cheek_big,right_cheek_big",,29.875481999999906,1.0000237959031142,train
UBFC,'vid_10_x0.55,vid_10,Dataset/3_ROI/PURE-x-UBFC-x-Tokoyo-AUG/aug_npz/UBFC_vid_10_'vid_10_x0.55.npz,2024,9,0.0,67.71438867496765,"forehead_strip,left_cheek_big,right_cheek_big",,29.875481999999906,1.0000237959031142,train
UBFC,'vid_10_x0.65,vid_10,Dataset/3_ROI/PURE-x-UBFC-x-Tokoyo-AUG/aug_npz/UBFC_vid_10_'vid_10_x0.65.npz,2024,9,0.0,67.71438867496765,"forehead_strip,left_cheek_big,right_cheek_big",,29.875481999999906,1.0000237959031142,train
UBFC,'vid_10_x0.75,vid_10,Dataset/3_ROI/PURE-x-UBFC-x-Tokoyo-AUG/aug_npz/UBFC_vid_10_'vid_10_x0.75.npz,2024,9,0.0,67.71438867496765,"forehead_strip,left_cheek_big,right_cheek_big",,29.875481999999906,1.0000237959031142,train
UBFC,'vid_10_x1.2,vid_10,Dataset/3_ROI/PURE-x-UBFC-x-Tokoyo-AUG/aug_npz/UBFC_vid_10_'vid_10_x1.2.npz,2024,9,0.0,67.71438867496765,"forehead_strip,left_cheek_big,right_cheek_big",,29.875481999999906,1.0000237959031142,train
UBFC,'vid_10_x1.4,vid_10,Dataset/3_ROI/PURE-x-UBFC-x-Tokoyo-AUG/aug_npz/UBFC_vid_10_'vid_10_x1.4.npz,2024,9,0.0,67.71438867496765,"forehead_strip,left_cheek_big,right_cheek_big",,29.875481999999906,1.0000237959031142,train
UBFC,'vid_11,vid_11,Dataset/3_ROI/UBFC_RAW/vid_11.npz,2031,9,0.0,68.34853903146013,"forehead_strip,left_cheek_big,right_cheek_big",,29.70070799999974,1.0004603019901477,train
UBFC,'vid_11_x0.55,vid_11,Dataset/3_ROI/PURE-x-UBFC-x-Tokoyo-AUG/aug_npz/UBFC_vid_11_'vid_11_x0.55.npz,2031,9,0.0,68.34853903146013,"forehead_strip,left_cheek_big,right_cheek_big",,29.70070799999974,1.0004603019901477,train
UBFC,'vid_11_x0.65,vid_11,Dataset/3_ROI/PURE-x-UBFC-x-Tokoyo-AUG/aug_npz/UBFC_vid_11_'vid_11_x0.65.npz,2031,9,0.0,68.34853903146013,"forehead_strip,left_cheek_big,right_cheek_big",,29.70070799999974,1.0004603019901477,train
UBFC,'vid_11_x0.75,vid_11,Dataset/3_ROI/PURE-x-UBFC-x-Tokoyo-AUG/aug_npz/UBFC_vid_11_'vid_11_x0.75.npz,2031,9,0.0,68.34853903146013,"forehead_strip,left_cheek_big,right_cheek_big",,29.70070799999974,1.0004603019901477,train
UBFC,'vid_11_x1.2,vid_11,Dataset/3_ROI/PURE-x-UBFC-x-Tokoyo-AUG/aug_npz/UBFC_vid_11_'vid_11_x1.2.npz,2031,9,0.0,68.34853903146013,"forehead_strip,left_cheek_big,right_cheek_big",,29.70070799999974,1.0004603019901477,train
UBFC,'vid_11_x1.4,vid_11,Dataset/3_ROI/PURE-x-UBFC-x-Tokoyo-AUG/aug_npz/UBFC_vid_11_'vid_11_x1.4.npz,2031,9,0.0,68.34853903146013,"forehead_strip,left_cheek_big,right_cheek_big",,29.70070799999974,1.0004603019901477,train
UBFC,'vid_12,vid_12,Dataset/3_ROI/UBFC_RAW/vid_12.npz,1989,9,0.0,68.48162728881238,"forehead_strip,left_cheek_big,right_cheek_big",,29.029683999999616,0.9987642336760564,train
UBFC,'vid_12_x0.65,vid_12,Dataset/3_ROI/PURE-x-UBFC-x-Tokoyo-AUG/aug_npz/UBFC_vid_12_'vid_12_x0.65.npz,1989,9,0.0,68.48162728881238,"forehead_strip,left_cheek_big,right_cheek_big",,29.029683999999616,0.9987642336760564,train
UBFC,'vid_12_x0.75,vid_12,Dataset/3_ROI/PURE-x-UBFC-x-Tokoyo-AUG/aug_npz/UBFC_vid_12_'vid_12_x0.75.npz,1989,9,0.0,68.48162728881238,"forehead_strip,left_cheek_big,right_cheek_big",,29.029683999999616,0.9987642336760564,train
UBFC,'vid_12_x1.2,vid_12,Dataset/3_ROI/PURE-x-UBFC-x-Tokoyo-AUG/aug_npz/UBFC_vid_12_'vid_12_x1.2.npz,1989,9,0.0,68.48162728881238,"forehead_strip,left_cheek_big,right_cheek_big",,29.029683999999616,0.9987642336760564,train
UBFC,'vid_12_x1.4,vid_12,Dataset/3_ROI/PURE-x-UBFC-x-Tokoyo-AUG/aug_npz/UBFC_vid_12_'vid_12_x1.4.npz,1989,9,0.0,68.48162728881238,"forehead_strip,left_cheek_big,right_cheek_big",,29.029683999999616,0.9987642336760564,train
UBFC,'vid_12_x1.6,vid_12,Dataset/3_ROI/PURE-x-UBFC-x-Tokoyo-AUG/aug_npz/UBFC_vid_12_'vid_12_x1.6.npz,1989,9,0.0,68.48162728881238,"forehead_strip,left_cheek_big,right_cheek_big",,29.029683999999616,0.9987642336760564,train
UBFC,'vid_12_x1.8,vid_12,Dataset/3_ROI/PURE-x-UBFC-x-Tokoyo-AUG/aug_npz/UBFC_vid_12_'vid_12_x1.8.npz,1989,9,0.0,68.48162728881238,"forehead_strip,left_cheek_big,right_cheek_big",,29.029683999999616,0.9987642336760564,train
UBFC,'vid_13,vid_13,Dataset/3_ROI/UBFC_RAW/vid_13.npz,2018,9,0.0,67.7066024847014,"forehead_strip,left_cheek_big,right_cheek_big",,29.790299999999014,1.0002717240951906,train
UBFC,'vid_13_x0.55,vid_13,Dataset/3_ROI/PURE-x-UBFC-x-Tokoyo-AUG/aug_npz/UBFC_vid_13_'vid_13_x0.55.npz,2018,9,0.0,67.7066024847014,"forehead_strip,left_cheek_big,right_cheek_big",,29.790299999999014,1.0002717240951906,train
UBFC,'vid_13_x0.65,vid_13,Dataset/3_ROI/PURE-x-UBFC-x-Tokoyo-AUG/aug_npz/UBFC_vid_13_'vid_13_x0.65.npz,2018,9,0.0,67.7066024847014,"forehead_strip,left_cheek_big,right_cheek_big",,29.790299999999014,1.0002717240951906,train
UBFC,'vid_13_x0.75,vid_13,Dataset/3_ROI/PURE-x-UBFC-x-Tokoyo-AUG/aug_npz/UBFC_vid_13_'vid_13_x0.75.npz,2018,9,0.0,67.7066024847014,"forehead_strip,left_cheek_big,right_cheek_big",,29.790299999999014,1.0002717240951906,train
UBFC,'vid_13_x1.2,vid_13,Dataset/3_ROI/PURE-x-UBFC-x-Tokoyo-AUG/aug_npz/UBFC_vid_13_'vid_13_x1.2.npz,2018,9,0.0,67.7066024847014,"forehead_strip,left_cheek_big,right_cheek_big",,29.790299999999014,1.0002717240951906,train
UBFC,'vid_13_x1.4,vid_13,Dataset/3_ROI/PURE-x-UBFC-x-Tokoyo-AUG/aug_npz/UBFC_vid_13_'vid_13_x1.4.npz,2018,9,0.0,67.7066024847014,"forehead_strip,left_cheek_big,right_cheek_big",,29.790299999999014,1.0002717240951906,train
UBFC,'vid_14,vid_14,Dataset/3_ROI/UBFC_RAW/vid_14.npz,1993,9,0.0,67.81969915086128,"forehead_strip,left_cheek_big,right_cheek_big",,29.371996999999823,1.0007121949779114,train
UBFC,'vid_14_x0.55,vid_14,Dataset/3_ROI/PURE-x-UBFC-x-Tokoyo-AUG/aug_npz/UBFC_vid_14_'vid_14_x0.55.npz,1993,9,0.0,67.81969915086128,"forehead_strip,left_cheek_big,right_cheek_big",,29.371996999999823,1.0007121949779114,train
UBFC,'vid_14_x0.65,vid_14,Dataset/3_ROI/PURE-x-UBFC-x-Tokoyo-AUG/aug_npz/UBFC_vid_14_'vid_14_x0.65.npz,1993,9,0.0,67.81969915086128,"forehead_strip,left_cheek_big,right_cheek_big",,29.371996999999823,1.0007121949779114,train
UBFC,'vid_14_x0.75,vid_14,Dataset/3_ROI/PURE-x-UBFC-x-Tokoyo-AUG/aug_npz/UBFC_vid_14_'vid_14_x0.75.npz,1993,9,0.0,67.81969915086128,"forehead_strip,left_cheek_big,right_cheek_big",,29.371996999999823,1.0007121949779114,train
UBFC,'vid_14_x1.2,vid_14,Dataset/3_ROI/PURE-x-UBFC-x-Tokoyo-AUG/aug_npz/UBFC_vid_14_'vid_14_x1.2.npz,1993,9,0.0,67.81969915086128,"forehead_strip,left_cheek_big,right_cheek_big",,29.371996999999823,1.0007121949779114,train
UBFC,'vid_14_x1.4,vid_14,Dataset/3_ROI/PURE-x-UBFC-x-Tokoyo-AUG/aug_npz/UBFC_vid_14_'vid_14_x1.4.npz,1993,9,0.0,67.81969915086128,"forehead_strip,left_cheek_big,right_cheek_big",,29.371996999999823,1.0007121949779114,train
UBFC,'vid_14_x1.6,vid_14,Dataset/3_ROI/PURE-x-UBFC-x-Tokoyo-AUG/aug_npz/UBFC_vid_14_'vid_14_x1.6.npz,1993,9,0.0,67.81969915086128,"forehead_strip,left_cheek_big,right_cheek_big",,29.371996999999823,1.0007121949779114,train
UBFC,'vid_14_x1.8,vid_14,Dataset/3_ROI/PURE-x-UBFC-x-Tokoyo-AUG/aug_npz/UBFC_vid_14_'vid_14_x1.8.npz,1993,9,0.0,67.81969915086128,"forehead_strip,left_cheek_big,right_cheek_big",,29.371996999999823,1.0007121949779114,train
UBFC,'vid_15,vid_15,Dataset/3_ROI/UBFC_RAW/vid_15.npz,2020,9,0.0,68.231272720735,"forehead_strip,left_cheek_big,right_cheek_big",,29.590536999999937,1.0005529323689948,train
UBFC,'vid_15_x0.55,vid_15,Dataset/3_ROI/PURE-x-UBFC-x-Tokoyo-AUG/aug_npz/UBFC_vid_15_'vid_15_x0.55.npz,2020,9,0.0,68.231272720735,"forehead_strip,left_cheek_big,right_cheek_big",,29.590536999999937,1.0005529323689948,train
UBFC,'vid_15_x0.65,vid_15,Dataset/3_ROI/PURE-x-UBFC-x-Tokoyo-AUG/aug_npz/UBFC_vid_15_'vid_15_x0.65.npz,2020,9,0.0,68.231272720735,"forehead_strip,left_cheek_big,right_cheek_big",,29.590536999999937,1.0005529323689948,train
UBFC,'vid_15_x0.75,vid_15,Dataset/3_ROI/PURE-x-UBFC-x-Tokoyo-AUG/aug_npz/UBFC_vid_15_'vid_15_x0.75.npz,2020,9,0.0,68.231272720735,"forehead_strip,left_cheek_big,right_cheek_big",,29.590536999999937,1.0005529323689948,train
UBFC,'vid_15_x1.2,vid_15,Dataset/3_ROI/PURE-x-UBFC-x-Tokoyo-AUG/aug_npz/UBFC_vid_15_'vid_15_x1.2.npz,2020,9,0.0,68.231272720735,"forehead_strip,left_cheek_big,right_cheek_big",,29.590536999999937,1.0005529323689948,train
UBFC,'vid_15_x1.4,vid_15,Dataset/3_ROI/PURE-x-UBFC-x-Tokoyo-AUG/aug_npz/UBFC_vid_15_'vid_15_x1.4.npz,2020,9,0.0,68.231272720735,"forehead_strip,left_cheek_big,right_cheek_big",,29.590536999999937,1.0005529323689948,train
UBFC,'vid_15_x1.6,vid_15,Dataset/3_ROI/PURE-x-UBFC-x-Tokoyo-AUG/aug_npz/UBFC_vid_15_'vid_15_x1.6.npz,2020,9,0.0,68.231272720735,"forehead_strip,left_cheek_big,right_cheek_big",,29.590536999999937,1.0005529323689948,train
UBFC,'vid_16,vid_16,Dataset/3_ROI/UBFC_RAW/vid_16.npz,2050,9,0.0,68.4555401145456,"forehead_strip,left_cheek_big,right_cheek_big",,29.93183600000144,0.9999921099951196,val
UBFC,'vid_17,vid_17,Dataset/3_ROI/UBFC_RAW/vid_17.npz,2046,9,0.0,68.3195955266133,"forehead_strip,left_cheek_big,right_cheek_big",,29.93284700000055,0.9987178564811734,train
UBFC,'vid_17_x0.55,vid_17,Dataset/3_ROI/PURE-x-UBFC-x-Tokoyo-AUG/aug_npz/UBFC_vid_17_'vid_17_x0.55.npz,2046,9,0.0,68.3195955266133,"forehead_strip,left_cheek_big,right_cheek_big",,29.93284700000055,0.9987178564811734,train
UBFC,'vid_17_x0.65,vid_17,Dataset/3_ROI/PURE-x-UBFC-x-Tokoyo-AUG/aug_npz/UBFC_vid_17_'vid_17_x0.65.npz,2046,9,0.0,68.3195955266133,"forehead_strip,left_cheek_big,right_cheek_big",,29.93284700000055,0.9987178564811734,train
UBFC,'vid_17_x0.75,vid_17,Dataset/3_ROI/PURE-x-UBFC-x-Tokoyo-AUG/aug_npz/UBFC_vid_17_'vid_17_x0.75.npz,2046,9,0.0,68.3195955266133,"forehead_strip,left_cheek_big,right_cheek_big",,29.93284700000055,0.9987178564811734,train
UBFC,'vid_17_x1.2,vid_17,Dataset/3_ROI/PURE-x-UBFC-x-Tokoyo-AUG/aug_npz/UBFC_vid_17_'vid_17_x1.2.npz,2046,9,0.0,68.3195955266133,"forehead_strip,left_cheek_big,right_cheek_big",,29.93284700000055,0.9987178564811734,train
UBFC,'vid_17_x1.4,vid_17,Dataset/3_ROI/PURE-x-UBFC-x-Tokoyo-AUG/aug_npz/UBFC_vid_17_'vid_17_x1.4.npz,2046,9,0.0,68.3195955266133,"forehead_strip,left_cheek_big,right_cheek_big",,29.93284700000055,0.9987178564811734,train
UBFC,'vid_17_x1.6,vid_17,Dataset/3_ROI/PURE-x-UBFC-x-Tokoyo-AUG/aug_npz/UBFC_vid_17_'vid_17_x1.6.npz,2046,9,0.0,68.3195955266133,"forehead_strip,left_cheek_big,right_cheek_big",,29.93284700000055,0.9987178564811734,train
UBFC,'vid_17_x1.8,vid_17,Dataset/3_ROI/PURE-x-UBFC-x-Tokoyo-AUG/aug_npz/UBFC_vid_17_'vid_17_x1.8.npz,2046,9,0.0,68.3195955266133,"forehead_strip,left_cheek_big,right_cheek_big",,29.93284700000055,0.9987178564811734,train
UBFC,'vid_18,vid_18,Dataset/3_ROI/UBFC_RAW/vid_18.npz,2034,9,0.0,68.34120433741084,"forehead_strip,left_cheek_big,right_cheek_big",,29.747793000000016,1.0003628215632072,train
UBFC,'vid_18_x0.55,vid_18,Dataset/3_ROI/PURE-x-UBFC-x-Tokoyo-AUG/aug_npz/UBFC_vid_18_'vid_18_x0.55.npz,2034,9,0.0,68.34120433741084,"forehead_strip,left_cheek_big,right_cheek_big",,29.747793000000016,1.0003628215632072,train
UBFC,'vid_18_x0.65,vid_18,Dataset/3_ROI/PURE-x-UBFC-x-Tokoyo-AUG/aug_npz/UBFC_vid_18_'vid_18_x0.65.npz,2034,9,0.0,68.34120433741084,"forehead_strip,left_cheek_big,right_cheek_big",,29.747793000000016,1.0003628215632072,train
UBFC,'vid_18_x0.75,vid_18,Dataset/3_ROI/PURE-x-UBFC-x-Tokoyo-AUG/aug_npz/UBFC_vid_18_'vid_18_x0.75.npz,2034,9,0.0,68.34120433741084,"forehead_strip,left_cheek_big,right_cheek_big",,29.747793000000016,1.0003628215632072,train
UBFC,'vid_18_x1.2,vid_18,Dataset/3_ROI/PURE-x-UBFC-x-Tokoyo-AUG/aug_npz/UBFC_vid_18_'vid_18_x1.2.npz,2034,9,0.0,68.34120433741084,"forehead_strip,left_cheek_big,right_cheek_big",,29.747793000000016,1.0003628215632072,train
UBFC,'vid_18_x1.4,vid_18,Dataset/3_ROI/PURE-x-UBFC-x-Tokoyo-AUG/aug_npz/UBFC_vid_18_'vid_18_x1.4.npz,2034,9,0.0,68.34120433741084,"forehead_strip,left_cheek_big,right_cheek_big",,29.747793000000016,1.0003628215632072,train
UBFC,'vid_20,vid_20,Dataset/3_ROI/UBFC_RAW/vid_20.npz,2016,9,0.0,68.2924008791723,"forehead_strip,left_cheek_big,right_cheek_big",,29.505479000000044,1.000535917911166,val
UBFC,'vid_22,vid_22,Dataset/3_ROI/UBFC_RAW/vid_22.npz,2032,9,0.0,68.26736781835946,"forehead_strip,left_cheek_big,right_cheek_big",,29.750671000001383,1.000419412415559,train
UBFC,'vid_22_x0.55,vid_22,Dataset/3_ROI/PURE-x-UBFC-x-Tokoyo-AUG/aug_npz/UBFC_vid_22_'vid_22_x0.55.npz,2032,9,0.0,68.26736781835946,"forehead_strip,left_cheek_big,right_cheek_big",,29.750671000001383,1.000419412415559,train
UBFC,'vid_22_x0.65,vid_22,Dataset/3_ROI/PURE-x-UBFC-x-Tokoyo-AUG/aug_npz/UBFC_vid_22_'vid_22_x0.65.npz,2032,9,0.0,68.26736781835946,"forehead_strip,left_cheek_big,right_cheek_big",,29.750671000001383,1.000419412415559,train
UBFC,'vid_22_x0.75,vid_22,Dataset/3_ROI/PURE-x-UBFC-x-Tokoyo-AUG/aug_npz/UBFC_vid_22_'vid_22_x0.75.npz,2032,9,0.0,68.26736781835946,"forehead_strip,left_cheek_big,right_cheek_big",,29.750671000001383,1.000419412415559,train
UBFC,'vid_22_x1.2,vid_22,Dataset/3_ROI/PURE-x-UBFC-x-Tokoyo-AUG/aug_npz/UBFC_vid_22_'vid_22_x1.2.npz,2032,9,0.0,68.26736781835946,"forehead_strip,left_cheek_big,right_cheek_big",,29.750671000001383,1.000419412415559,train
UBFC,'vid_22_x1.4,vid_22,Dataset/3_ROI/PURE-x-UBFC-x-Tokoyo-AUG/aug_npz/UBFC_vid_22_'vid_22_x1.4.npz,2032,9,0.0,68.26736781835946,"forehead_strip,left_cheek_big,right_cheek_big",,29.750671000001383,1.000419412415559,train
UBFC,'vid_22_x1.6,vid_22,Dataset/3_ROI/PURE-x-UBFC-x-Tokoyo-AUG/aug_npz/UBFC_vid_22_'vid_22_x1.6.npz,2032,9,0.0,68.26736781835946,"forehead_strip,left_cheek_big,right_cheek_big",,29.750671000001383,1.000419412415559,train
UBFC,'vid_23,vid_23,Dataset/3_ROI/UBFC_RAW/vid_23.npz,1958,9,0.0,67.63302520966583,"forehead_strip,left_cheek_big,right_cheek_big",,28.93556799999969,1.000058769962187,train
UBFC,'vid_23_x0.75,vid_23,Dataset/3_ROI/PURE-x-UBFC-x-Tokoyo-AUG/aug_npz/UBFC_vid_23_'vid_23_x0.75.npz,1958,9,0.0,67.63302520966583,"forehead_strip,left_cheek_big,right_cheek_big",,28.93556799999969,1.000058769962187,train
UBFC,'vid_23_x1.2,vid_23,Dataset/3_ROI/PURE-x-UBFC-x-Tokoyo-AUG/aug_npz/UBFC_vid_23_'vid_23_x1.2.npz,1958,9,0.0,67.63302520966583,"forehead_strip,left_cheek_big,right_cheek_big",,28.93556799999969,1.000058769962187,train
UBFC,'vid_23_x1.4,vid_23,Dataset/3_ROI/PURE-x-UBFC-x-Tokoyo-AUG/aug_npz/UBFC_vid_23_'vid_23_x1.4.npz,1958,9,0.0,67.63302520966583,"forehead_strip,left_cheek_big,right_cheek_big",,28.93556799999969,1.000058769962187,train
UBFC,'vid_23_x1.6,vid_23,Dataset/3_ROI/PURE-x-UBFC-x-Tokoyo-AUG/aug_npz/UBFC_vid_23_'vid_23_x1.6.npz,1958,9,0.0,67.63302520966583,"forehead_strip,left_cheek_big,right_cheek_big",,28.93556799999969,1.000058769962187,train
UBFC,'vid_23_x1.8,vid_23,Dataset/3_ROI/PURE-x-UBFC-x-Tokoyo-AUG/aug_npz/UBFC_vid_23_'vid_23_x1.8.npz,1958,9,0.0,67.63302520966583,"forehead_strip,left_cheek_big,right_cheek_big",,28.93556799999969,1.000058769962187,train
UBFC,'vid_24,vid_24,Dataset/3_ROI/UBFC_RAW/vid_24.npz,2009,9,0.0,68.37347471478762,"forehead_strip,left_cheek_big,right_cheek_big",,29.36811399999982,1.000724334771912,train
UBFC,'vid_24_x0.55,vid_24,Dataset/3_ROI/PURE-x-UBFC-x-Tokoyo-AUG/aug_npz/UBFC_vid_24_'vid_24_x0.55.npz,2009,9,0.0,68.37347471478762,"forehead_strip,left_cheek_big,right_cheek_big",,29.36811399999982,1.000724334771912,train
UBFC,'vid_24_x0.65,vid_24,Dataset/3_ROI/PURE-x-UBFC-x-Tokoyo-AUG/aug_npz/UBFC_vid_24_'vid_24_x0.65.npz,2009,9,0.0,68.37347471478762,"forehead_strip,left_cheek_big,right_cheek_big",,29.36811399999982,1.000724334771912,train
UBFC,'vid_24_x0.75,vid_24,Dataset/3_ROI/PURE-x-UBFC-x-Tokoyo-AUG/aug_npz/UBFC_vid_24_'vid_24_x0.75.npz,2009,9,0.0,68.37347471478762,"forehead_strip,left_cheek_big,right_cheek_big",,29.36811399999982,1.000724334771912,train
UBFC,'vid_24_x1.2,vid_24,Dataset/3_ROI/PURE-x-UBFC-x-Tokoyo-AUG/aug_npz/UBFC_vid_24_'vid_24_x1.2.npz,2009,9,0.0,68.37347471478762,"forehead_strip,left_cheek_big,right_cheek_big",,29.36811399999982,1.000724334771912,train
UBFC,'vid_24_x1.4,vid_24,Dataset/3_ROI/PURE-x-UBFC-x-Tokoyo-AUG/aug_npz/UBFC_vid_24_'vid_24_x1.4.npz,2009,9,0.0,68.37347471478762,"forehead_strip,left_cheek_big,right_cheek_big",,29.36811399999982,1.000724334771912,train
UBFC,'vid_24_x1.6,vid_24,Dataset/3_ROI/PURE-x-UBFC-x-Tokoyo-AUG/aug_npz/UBFC_vid_24_'vid_24_x1.6.npz,2009,9,0.0,68.37347471478762,"forehead_strip,left_cheek_big,right_cheek_big",,29.36811399999982,1.000724334771912,train
UBFC,'vid_25,vid_25,Dataset/3_ROI/UBFC_RAW/vid_25.npz,1448,9,0.0,62.35246499719199,"forehead_strip,left_cheek_big,right_cheek_big",,23.20678099999996,1.0012274575321354,val
UBFC,'vid_26,vid_26,Dataset/3_ROI/UBFC_RAW/vid_26.npz,1485,9,0.0,63.57314488722407,"forehead_strip,left_cheek_big,right_cheek_big",,23.34318999999923,0.9996831226886792,train
UBFC,'vid_26_x0.55,vid_26,Dataset/3_ROI/PURE-x-UBFC-x-Tokoyo-AUG/aug_npz/UBFC_vid_26_'vid_26_x0.55.npz,1485,9,0.0,63.57314488722407,"forehead_strip,left_cheek_big,right_cheek_big",,23.34318999999923,0.9996831226886792,train
UBFC,'vid_26_x0.65,vid_26,Dataset/3_ROI/PURE-x-UBFC-x-Tokoyo-AUG/aug_npz/UBFC_vid_26_'vid_26_x0.65.npz,1485,9,0.0,63.57314488722407,"forehead_strip,left_cheek_big,right_cheek_big",,23.34318999999923,0.9996831226886792,train
UBFC,'vid_26_x0.75,vid_26,Dataset/3_ROI/PURE-x-UBFC-x-Tokoyo-AUG/aug_npz/UBFC_vid_26_'vid_26_x0.75.npz,1485,9,0.0,63.57314488722407,"forehead_strip,left_cheek_big,right_cheek_big",,23.34318999999923,0.9996831226886792,train
UBFC,'vid_26_x1.2,vid_26,Dataset/3_ROI/PURE-x-UBFC-x-Tokoyo-AUG/aug_npz/UBFC_vid_26_'vid_26_x1.2.npz,1485,9,0.0,63.57314488722407,"forehead_strip,left_cheek_big,right_cheek_big",,23.34318999999923,0.9996831226886792,train
UBFC,'vid_26_x1.4,vid_26,Dataset/3_ROI/PURE-x-UBFC-x-Tokoyo-AUG/aug_npz/UBFC_vid_26_'vid_26_x1.4.npz,1485,9,0.0,63.57314488722407,"forehead_strip,left_cheek_big,right_cheek_big",,23.34318999999923,0.9996831226886792,train
UBFC,'vid_26_x1.6,vid_26,Dataset/3_ROI/PURE-x-UBFC-x-Tokoyo-AUG/aug_npz/UBFC_vid_26_'vid_26_x1.6.npz,1485,9,0.0,63.57314488722407,"forehead_strip,left_cheek_big,right_cheek_big",,23.34318999999923,0.9996831226886792,train
UBFC,'vid_26_x1.8,vid_26,Dataset/3_ROI/PURE-x-UBFC-x-Tokoyo-AUG/aug_npz/UBFC_vid_26_'vid_26_x1.8.npz,1485,9,0.0,63.57314488722407,"forehead_strip,left_cheek_big,right_cheek_big",,23.34318999999923,0.9996831226886792,train
UBFC,'vid_27,vid_27,Dataset/3_ROI/UBFC_RAW/vid_27.npz,1431,9,0.0,61.20312504012442,"forehead_strip,left_cheek_big,right_cheek_big",,23.364819999999906,0.9998182275804196,train
UBFC,'vid_27_x0.55,vid_27,Dataset/3_ROI/PURE-x-UBFC-x-Tokoyo-AUG/aug_npz/UBFC_vid_27_'vid_27_x0.55.npz,1431,9,0.0,61.20312504012442,"forehead_strip,left_cheek_big,right_cheek_big",,23.364819999999906,0.9998182275804196,train
UBFC,'vid_27_x0.65,vid_27,Dataset/3_ROI/PURE-x-UBFC-x-Tokoyo-AUG/aug_npz/UBFC_vid_27_'vid_27_x0.65.npz,1431,9,0.0,61.20312504012442,"forehead_strip,left_cheek_big,right_cheek_big",,23.364819999999906,0.9998182275804196,train
UBFC,'vid_27_x0.75,vid_27,Dataset/3_ROI/PURE-x-UBFC-x-Tokoyo-AUG/aug_npz/UBFC_vid_27_'vid_27_x0.75.npz,1431,9,0.0,61.20312504012442,"forehead_strip,left_cheek_big,right_cheek_big",,23.364819999999906,0.9998182275804196,train
UBFC,'vid_27_x1.2,vid_27,Dataset/3_ROI/PURE-x-UBFC-x-Tokoyo-AUG/aug_npz/UBFC_vid_27_'vid_27_x1.2.npz,1431,9,0.0,61.20312504012442,"forehead_strip,left_cheek_big,right_cheek_big",,23.364819999999906,0.9998182275804196,train
UBFC,'vid_27_x1.4,vid_27,Dataset/3_ROI/PURE-x-UBFC-x-Tokoyo-AUG/aug_npz/UBFC_vid_27_'vid_27_x1.4.npz,1431,9,0.0,61.20312504012442,"forehead_strip,left_cheek_big,right_cheek_big",,23.364819999999906,0.9998182275804196,train
UBFC,'vid_27_x1.6,vid_27,Dataset/3_ROI/PURE-x-UBFC-x-Tokoyo-AUG/aug_npz/UBFC_vid_27_'vid_27_x1.6.npz,1431,9,0.0,61.20312504012442,"forehead_strip,left_cheek_big,right_cheek_big",,23.364819999999906,0.9998182275804196,train
UBFC,'vid_27_x1.8,vid_27,Dataset/3_ROI/PURE-x-UBFC-x-Tokoyo-AUG/aug_npz/UBFC_vid_27_'vid_27_x1.8.npz,1431,9,0.0,61.20312504012442,"forehead_strip,left_cheek_big,right_cheek_big",,23.364819999999906,0.9998182275804196,train
UBFC,'vid_3,vid_3,Dataset/3_ROI/UBFC_RAW/vid_3.npz,1801,9,0.0,60.91726991403321,"forehead_strip,left_cheek_big,right_cheek_big",,29.54827099999956,1.0001925576438888,train
UBFC,'vid_3_x0.55,vid_3,Dataset/3_ROI/PURE-x-UBFC-x-Tokoyo-AUG/aug_npz/UBFC_vid_3_'vid_3_x0.55.npz,1801,9,0.0,60.91726991403321,"forehead_strip,left_cheek_big,right_cheek_big",,29.54827099999956,1.0001925576438888,train
UBFC,'vid_3_x0.65,vid_3,Dataset/3_ROI/PURE-x-UBFC-x-Tokoyo-AUG/aug_npz/UBFC_vid_3_'vid_3_x0.65.npz,1801,9,0.0,60.91726991403321,"forehead_strip,left_cheek_big,right_cheek_big",,29.54827099999956,1.0001925576438888,train
UBFC,'vid_3_x0.75,vid_3,Dataset/3_ROI/PURE-x-UBFC-x-Tokoyo-AUG/aug_npz/UBFC_vid_3_'vid_3_x0.75.npz,1801,9,0.0,60.91726991403321,"forehead_strip,left_cheek_big,right_cheek_big",,29.54827099999956,1.0001925576438888,train
UBFC,'vid_3_x1.2,vid_3,Dataset/3_ROI/PURE-x-UBFC-x-Tokoyo-AUG/aug_npz/UBFC_vid_3_'vid_3_x1.2.npz,1801,9,0.0,60.91726991403321,"forehead_strip,left_cheek_big,right_cheek_big",,29.54827099999956,1.0001925576438888,train
UBFC,'vid_3_x1.4,vid_3,Dataset/3_ROI/PURE-x-UBFC-x-Tokoyo-AUG/aug_npz/UBFC_vid_3_'vid_3_x1.4.npz,1801,9,0.0,60.91726991403321,"forehead_strip,left_cheek_big,right_cheek_big",,29.54827099999956,1.0001925576438888,train
UBFC,'vid_3_x1.6,vid_3,Dataset/3_ROI/PURE-x-UBFC-x-Tokoyo-AUG/aug_npz/UBFC_vid_3_'vid_3_x1.6.npz,1801,9,0.0,60.91726991403321,"forehead_strip,left_cheek_big,right_cheek_big",,29.54827099999956,1.0001925576438888,train
UBFC,'vid_3_x1.8,vid_3,Dataset/3_ROI/PURE-x-UBFC-x-Tokoyo-AUG/aug_npz/UBFC_vid_3_'vid_3_x1.8.npz,1801,9,0.0,60.91726991403321,"forehead_strip,left_cheek_big,right_cheek_big",,29.54827099999956,1.0001925576438888,train
UBFC,'vid_30,vid_30,Dataset/3_ROI/UBFC_RAW/vid_30.npz,2028,9,0.0,68.06113763771846,"forehead_strip,left_cheek_big,right_cheek_big",,29.782046999999437,1.0000714410962013,val
UBFC,'vid_31,vid_31,Dataset/3_ROI/UBFC_RAW/vid_31.npz,2027,9,0.0,68.40580375637674,"forehead_strip,left_cheek_big,right_cheek_big",,29.61736999999953,1.0004268094521225,train
UBFC,'vid_31_x0.55,vid_31,Dataset/3_ROI/PURE-x-UBFC-x-Tokoyo-AUG/aug_npz/UBFC_vid_31_'vid_31_x0.55.npz,2027,9,0.0,68.40580375637674,"forehead_strip,left_cheek_big,right_cheek_big",,29.61736999999953,1.0004268094521225,train
UBFC,'vid_31_x0.65,vid_31,Dataset/3_ROI/PURE-x-UBFC-x-Tokoyo-AUG/aug_npz/UBFC_vid_31_'vid_31_x0.65.npz,2027,9,0.0,68.40580375637674,"forehead_strip,left_cheek_big,right_cheek_big",,29.61736999999953,1.0004268094521225,train
UBFC,'vid_31_x0.75,vid_31,Dataset/3_ROI/PURE-x-UBFC-x-Tokoyo-AUG/aug_npz/UBFC_vid_31_'vid_31_x0.75.npz,2027,9,0.0,68.40580375637674,"forehead_strip,left_cheek_big,right_cheek_big",,29.61736999999953,1.0004268094521225,train
UBFC,'vid_31_x1.2,vid_31,Dataset/3_ROI/PURE-x-UBFC-x-Tokoyo-AUG/aug_npz/UBFC_vid_31_'vid_31_x1.2.npz,2027,9,0.0,68.40580375637674,"forehead_strip,left_cheek_big,right_cheek_big",,29.61736999999953,1.0004268094521225,train
UBFC,'vid_31_x1.4,vid_31,Dataset/3_ROI/PURE-x-UBFC-x-Tokoyo-AUG/aug_npz/UBFC_vid_31_'vid_31_x1.4.npz,2027,9,0.0,68.40580375637674,"forehead_strip,left_cheek_big,right_cheek_big",,29.61736999999953,1.0004268094521225,train
UBFC,'vid_31_x1.6,vid_31,Dataset/3_ROI/PURE-x-UBFC-x-Tokoyo-AUG/aug_npz/UBFC_vid_31_'vid_31_x1.6.npz,2027,9,0.0,68.40580375637674,"forehead_strip,left_cheek_big,right_cheek_big",,29.61736999999953,1.0004268094521225,train
UBFC,'vid_31_x1.8,vid_31,Dataset/3_ROI/PURE-x-UBFC-x-Tokoyo-AUG/aug_npz/UBFC_vid_31_'vid_31_x1.8.npz,2027,9,0.0,68.40580375637674,"forehead_strip,left_cheek_big,right_cheek_big",,29.61736999999953,1.0004268094521225,train
UBFC,'vid_32,vid_32,Dataset/3_ROI/UBFC_RAW/vid_32.npz,2033,9,0.0,68.076881044294,"forehead_strip,left_cheek_big,right_cheek_big",,29.84860599999863,1.0002367757667323,val
UBFC,'vid_33,vid_33,Dataset/3_ROI/UBFC_RAW/vid_33.npz,1999,9,0.0,68.38955167842097,"forehead_strip,left_cheek_big,right_cheek_big",,29.214989000000557,1.0008985045240235,train
UBFC,'vid_33_x0.55,vid_33,Dataset/3_ROI/PURE-x-UBFC-x-Tokoyo-AUG/aug_npz/UBFC_vid_33_'vid_33_x0.55.npz,1999,9,0.0,68.38955167842097,"forehead_strip,left_cheek_big,right_cheek_big",,29.214989000000557,1.0008985045240235,train
UBFC,'vid_33_x0.65,vid_33,Dataset/3_ROI/PURE-x-UBFC-x-Tokoyo-AUG/aug_npz/UBFC_vid_33_'vid_33_x0.65.npz,1999,9,0.0,68.38955167842097,"forehead_strip,left_cheek_big,right_cheek_big",,29.214989000000557,1.0008985045240235,train
UBFC,'vid_33_x0.75,vid_33,Dataset/3_ROI/PURE-x-UBFC-x-Tokoyo-AUG/aug_npz/UBFC_vid_33_'vid_33_x0.75.npz,1999,9,0.0,68.38955167842097,"forehead_strip,left_cheek_big,right_cheek_big",,29.214989000000557,1.0008985045240235,train
UBFC,'vid_33_x1.2,vid_33,Dataset/3_ROI/PURE-x-UBFC-x-Tokoyo-AUG/aug_npz/UBFC_vid_33_'vid_33_x1.2.npz,1999,9,0.0,68.38955167842097,"forehead_strip,left_cheek_big,right_cheek_big",,29.214989000000557,1.0008985045240235,train
UBFC,'vid_33_x1.4,vid_33,Dataset/3_ROI/PURE-x-UBFC-x-Tokoyo-AUG/aug_npz/UBFC_vid_33_'vid_33_x1.4.npz,1999,9,0.0,68.38955167842097,"forehead_strip,left_cheek_big,right_cheek_big",,29.214989000000557,1.0008985045240235,train
UBFC,'vid_34,vid_34,Dataset/3_ROI/UBFC_RAW/vid_34.npz,2035,9,0.0,67.8549828926379,"forehead_strip,left_cheek_big,right_cheek_big",,29.97569099999937,1.000088675983776,val
UBFC,'vid_35,vid_35,Dataset/3_ROI/UBFC_RAW/vid_35.npz,2051,9,0.0,68.54809680556171,"forehead_strip,left_cheek_big,right_cheek_big",,29.90600900000105,0.999706821830244,train
UBFC,'vid_35_x0.55,vid_35,Dataset/3_ROI/PURE-x-UBFC-x-Tokoyo-AUG/aug_npz/UBFC_vid_35_'vid_35_x0.55.npz,2051,9,0.0,68.54809680556171,"forehead_strip,left_cheek_big,right_cheek_big",,29.90600900000105,0.999706821830244,train
UBFC,'vid_35_x0.65,vid_35,Dataset/3_ROI/PURE-x-UBFC-x-Tokoyo-AUG/aug_npz/UBFC_vid_35_'vid_35_x0.65.npz,2051,9,0.0,68.54809680556171,"forehead_strip,left_cheek_big,right_cheek_big",,29.90600900000105,0.999706821830244,train
UBFC,'vid_35_x0.75,vid_35,Dataset/3_ROI/PURE-x-UBFC-x-Tokoyo-AUG/aug_npz/UBFC_vid_35_'vid_35_x0.75.npz,2051,9,0.0,68.54809680556171,"forehead_strip,left_cheek_big,right_cheek_big",,29.90600900000105,0.999706821830244,train
UBFC,'vid_35_x1.2,vid_35,Dataset/3_ROI/PURE-x-UBFC-x-Tokoyo-AUG/aug_npz/UBFC_vid_35_'vid_35_x1.2.npz,2051,9,0.0,68.54809680556171,"forehead_strip,left_cheek_big,right_cheek_big",,29.90600900000105,0.999706821830244,train
UBFC,'vid_35_x1.4,vid_35,Dataset/3_ROI/PURE-x-UBFC-x-Tokoyo-AUG/aug_npz/UBFC_vid_35_'vid_35_x1.4.npz,2051,9,0.0,68.54809680556171,"forehead_strip,left_cheek_big,right_cheek_big",,29.90600900000105,0.999706821830244,train
UBFC,'vid_35_x1.6,vid_35,Dataset/3_ROI/PURE-x-UBFC-x-Tokoyo-AUG/aug_npz/UBFC_vid_35_'vid_35_x1.6.npz,2051,9,0.0,68.54809680556171,"forehead_strip,left_cheek_big,right_cheek_big",,29.90600900000105,0.999706821830244,train
UBFC,'vid_36,vid_36,Dataset/3_ROI/UBFC_RAW/vid_36.npz,2052,9,0.0,68.58013146988421,"forehead_strip,left_cheek_big,right_cheek_big",,29.90662099999925,1.0000418274222331,train
UBFC,'vid_36_x0.55,vid_36,Dataset/3_ROI/PURE-x-UBFC-x-Tokoyo-AUG/aug_npz/UBFC_vid_36_'vid_36_x0.55.npz,2052,9,0.0,68.58013146988421,"forehead_strip,left_cheek_big,right_cheek_big",,29.90662099999925,1.0000418274222331,train
UBFC,'vid_36_x0.65,vid_36,Dataset/3_ROI/PURE-x-UBFC-x-Tokoyo-AUG/aug_npz/UBFC_vid_36_'vid_36_x0.65.npz,2052,9,0.0,68.58013146988421,"forehead_strip,left_cheek_big,right_cheek_big",,29.90662099999925,1.0000418274222331,train
UBFC,'vid_36_x0.75,vid_36,Dataset/3_ROI/PURE-x-UBFC-x-Tokoyo-AUG/aug_npz/UBFC_vid_36_'vid_36_x0.75.npz,2052,9,0.0,68.58013146988421,"forehead_strip,left_cheek_big,right_cheek_big",,29.90662099999925,1.0000418274222331,train
UBFC,'vid_36_x1.2,vid_36,Dataset/3_ROI/PURE-x-UBFC-x-Tokoyo-AUG/aug_npz/UBFC_vid_36_'vid_36_x1.2.npz,2052,9,0.0,68.58013146988421,"forehead_strip,left_cheek_big,right_cheek_big",,29.90662099999925,1.0000418274222331,train
UBFC,'vid_36_x1.4,vid_36,Dataset/3_ROI/PURE-x-UBFC-x-Tokoyo-AUG/aug_npz/UBFC_vid_36_'vid_36_x1.4.npz,2052,9,0.0,68.58013146988421,"forehead_strip,left_cheek_big,right_cheek_big",,29.90662099999925,1.0000418274222331,train
UBFC,'vid_37,vid_37,Dataset/3_ROI/UBFC_RAW/vid_37.npz,2032,9,0.0,68.17562497511808,"forehead_strip,left_cheek_big,right_cheek_big",,29.790706000000192,0.9996534688882324,train
UBFC,'vid_37_x0.75,vid_37,Dataset/3_ROI/PURE-x-UBFC-x-Tokoyo-AUG/aug_npz/UBFC_vid_37_'vid_37_x0.75.npz,2032,9,0.0,68.17562497511808,"forehead_strip,left_cheek_big,right_cheek_big",,29.790706000000192,0.9996534688882324,train
UBFC,'vid_37_x1.2,vid_37,Dataset/3_ROI/PURE-x-UBFC-x-Tokoyo-AUG/aug_npz/UBFC_vid_37_'vid_37_x1.2.npz,2032,9,0.0,68.17562497511808,"forehead_strip,left_cheek_big,right_cheek_big",,29.790706000000192,0.9996534688882324,train
UBFC,'vid_37_x1.4,vid_37,Dataset/3_ROI/PURE-x-UBFC-x-Tokoyo-AUG/aug_npz/UBFC_vid_37_'vid_37_x1.4.npz,2032,9,0.0,68.17562497511808,"forehead_strip,left_cheek_big,right_cheek_big",,29.790706000000192,0.9996534688882324,train
UBFC,'vid_37_x1.6,vid_37,Dataset/3_ROI/PURE-x-UBFC-x-Tokoyo-AUG/aug_npz/UBFC_vid_37_'vid_37_x1.6.npz,2032,9,0.0,68.17562497511808,"forehead_strip,left_cheek_big,right_cheek_big",,29.790706000000192,0.9996534688882324,train
UBFC,'vid_37_x1.8,vid_37,Dataset/3_ROI/PURE-x-UBFC-x-Tokoyo-AUG/aug_npz/UBFC_vid_37_'vid_37_x1.8.npz,2032,9,0.0,68.17562497511808,"forehead_strip,left_cheek_big,right_cheek_big",,29.790706000000192,0.9996534688882324,train
UBFC,'vid_38,vid_38,Dataset/3_ROI/UBFC_RAW/vid_38.npz,2050,9,0.0,68.48287209612067,"forehead_strip,left_cheek_big,right_cheek_big",,29.91988999999965,1.0002647071205466,train
UBFC,'vid_38_x0.55,vid_38,Dataset/3_ROI/PURE-x-UBFC-x-Tokoyo-AUG/aug_npz/UBFC_vid_38_'vid_38_x0.55.npz,2050,9,0.0,68.48287209612067,"forehead_strip,left_cheek_big,right_cheek_big",,29.91988999999965,1.0002647071205466,train
UBFC,'vid_38_x0.65,vid_38,Dataset/3_ROI/PURE-x-UBFC-x-Tokoyo-AUG/aug_npz/UBFC_vid_38_'vid_38_x0.65.npz,2050,9,0.0,68.48287209612067,"forehead_strip,left_cheek_big,right_cheek_big",,29.91988999999965,1.0002647071205466,train
UBFC,'vid_38_x0.75,vid_38,Dataset/3_ROI/PURE-x-UBFC-x-Tokoyo-AUG/aug_npz/UBFC_vid_38_'vid_38_x0.75.npz,2050,9,0.0,68.48287209612067,"forehead_strip,left_cheek_big,right_cheek_big",,29.91988999999965,1.0002647071205466,train
UBFC,'vid_38_x1.2,vid_38,Dataset/3_ROI/PURE-x-UBFC-x-Tokoyo-AUG/aug_npz/UBFC_vid_38_'vid_38_x1.2.npz,2050,9,0.0,68.48287209612067,"forehead_strip,left_cheek_big,right_cheek_big",,29.91988999999965,1.0002647071205466,train
UBFC,'vid_38_x1.4,vid_38,Dataset/3_ROI/PURE-x-UBFC-x-Tokoyo-AUG/aug_npz/UBFC_vid_38_'vid_38_x1.4.npz,2050,9,0.0,68.48287209612067,"forehead_strip,left_cheek_big,right_cheek_big",,29.91988999999965,1.0002647071205466,train
UBFC,'vid_39,vid_39,Dataset/3_ROI/UBFC_RAW/vid_39.npz,2037,9,0.0,68.5729890255263,"forehead_strip,left_cheek_big,right_cheek_big",,29.690991000000174,0.9995189209921416,train
UBFC,'vid_39_x0.55,vid_39,Dataset/3_ROI/PURE-x-UBFC-x-Tokoyo-AUG/aug_npz/UBFC_vid_39_'vid_39_x0.55.npz,2037,9,0.0,68.5729890255263,"forehead_strip,left_cheek_big,right_cheek_big",,29.690991000000174,0.9995189209921416,train
UBFC,'vid_39_x0.65,vid_39,Dataset/3_ROI/PURE-x-UBFC-x-Tokoyo-AUG/aug_npz/UBFC_vid_39_'vid_39_x0.65.npz,2037,9,0.0,68.5729890255263,"forehead_strip,left_cheek_big,right_cheek_big",,29.690991000000174,0.9995189209921416,train
UBFC,'vid_39_x0.75,vid_39,Dataset/3_ROI/PURE-x-UBFC-x-Tokoyo-AUG/aug_npz/UBFC_vid_39_'vid_39_x0.75.npz,2037,9,0.0,68.5729890255263,"forehead_strip,left_cheek_big,right_cheek_big",,29.690991000000174,0.9995189209921416,train
UBFC,'vid_39_x1.2,vid_39,Dataset/3_ROI/PURE-x-UBFC-x-Tokoyo-AUG/aug_npz/UBFC_vid_39_'vid_39_x1.2.npz,2037,9,0.0,68.5729890255263,"forehead_strip,left_cheek_big,right_cheek_big",,29.690991000000174,0.9995189209921416,train
UBFC,'vid_39_x1.4,vid_39,Dataset/3_ROI/PURE-x-UBFC-x-Tokoyo-AUG/aug_npz/UBFC_vid_39_'vid_39_x1.4.npz,2037,9,0.0,68.5729890255263,"forehead_strip,left_cheek_big,right_cheek_big",,29.690991000000174,0.9995189209921416,train
UBFC,'vid_39_x1.6,vid_39,Dataset/3_ROI/PURE-x-UBFC-x-Tokoyo-AUG/aug_npz/UBFC_vid_39_'vid_39_x1.6.npz,2037,9,0.0,68.5729890255263,"forehead_strip,left_cheek_big,right_cheek_big",,29.690991000000174,0.9995189209921416,train
UBFC,'vid_39_x1.8,vid_39,Dataset/3_ROI/PURE-x-UBFC-x-Tokoyo-AUG/aug_npz/UBFC_vid_39_'vid_39_x1.8.npz,2037,9,0.0,68.5729890255263,"forehead_strip,left_cheek_big,right_cheek_big",,29.690991000000174,0.9995189209921416,train
UBFC,'vid_4,vid_4,Dataset/3_ROI/UBFC_RAW/vid_4.npz,1368,9,0.0,46.1678302963772,"forehead_strip,left_cheek_big,right_cheek_big",,29.60936200000032,1.001433242653987,val
UBFC,'vid_40,vid_40,Dataset/3_ROI/UBFC_RAW/vid_40.npz,2028,9,0.0,67.9781839328012,"forehead_strip,left_cheek_big,right_cheek_big",,29.81838999999995,1.000335638080908,train
UBFC,'vid_40_x0.55,vid_40,Dataset/3_ROI/PURE-x-UBFC-x-Tokoyo-AUG/aug_npz/UBFC_vid_40_'vid_40_x0.55.npz,2028,9,0.0,67.9781839328012,"forehead_strip,left_cheek_big,right_cheek_big",,29.81838999999995,1.000335638080908,train
UBFC,'vid_40_x0.65,vid_40,Dataset/3_ROI/PURE-x-UBFC-x-Tokoyo-AUG/aug_npz/UBFC_vid_40_'vid_40_x0.65.npz,2028,9,0.0,67.9781839328012,"forehead_strip,left_cheek_big,right_cheek_big",,29.81838999999995,1.000335638080908,train
UBFC,'vid_40_x0.75,vid_40,Dataset/3_ROI/PURE-x-UBFC-x-Tokoyo-AUG/aug_npz/UBFC_vid_40_'vid_40_x0.75.npz,2028,9,0.0,67.9781839328012,"forehead_strip,left_cheek_big,right_cheek_big",,29.81838999999995,1.000335638080908,train
UBFC,'vid_40_x1.2,vid_40,Dataset/3_ROI/PURE-x-UBFC-x-Tokoyo-AUG/aug_npz/UBFC_vid_40_'vid_40_x1.2.npz,2028,9,0.0,67.9781839328012,"forehead_strip,left_cheek_big,right_cheek_big",,29.81838999999995,1.000335638080908,train
UBFC,'vid_40_x1.4,vid_40,Dataset/3_ROI/PURE-x-UBFC-x-Tokoyo-AUG/aug_npz/UBFC_vid_40_'vid_40_x1.4.npz,2028,9,0.0,67.9781839328012,"forehead_strip,left_cheek_big,right_cheek_big",,29.81838999999995,1.000335638080908,train
UBFC,'vid_40_x1.6,vid_40,Dataset/3_ROI/PURE-x-UBFC-x-Tokoyo-AUG/aug_npz/UBFC_vid_40_'vid_40_x1.6.npz,2028,9,0.0,67.9781839328012,"forehead_strip,left_cheek_big,right_cheek_big",,29.81838999999995,1.000335638080908,train
UBFC,'vid_40_x1.8,vid_40,Dataset/3_ROI/PURE-x-UBFC-x-Tokoyo-AUG/aug_npz/UBFC_vid_40_'vid_40_x1.8.npz,2028,9,0.0,67.9781839328012,"forehead_strip,left_cheek_big,right_cheek_big",,29.81838999999995,1.000335638080908,train
UBFC,'vid_41,vid_41,Dataset/3_ROI/UBFC_RAW/vid_41.npz,2037,9,0.0,68.42463305610154,"forehead_strip,left_cheek_big,right_cheek_big",,29.755365999999604,1.0003268843821218,train
UBFC,'vid_41_x0.55,vid_41,Dataset/3_ROI/PURE-x-UBFC-x-Tokoyo-AUG/aug_npz/UBFC_vid_41_'vid_41_x0.55.npz,2037,9,0.0,68.42463305610154,"forehead_strip,left_cheek_big,right_cheek_big",,29.755365999999604,1.0003268843821218,train
UBFC,'vid_41_x0.65,vid_41,Dataset/3_ROI/PURE-x-UBFC-x-Tokoyo-AUG/aug_npz/UBFC_vid_41_'vid_41_x0.65.npz,2037,9,0.0,68.42463305610154,"forehead_strip,left_cheek_big,right_cheek_big",,29.755365999999604,1.0003268843821218,train
UBFC,'vid_41_x0.75,vid_41,Dataset/3_ROI/PURE-x-UBFC-x-Tokoyo-AUG/aug_npz/UBFC_vid_41_'vid_41_x0.75.npz,2037,9,0.0,68.42463305610154,"forehead_strip,left_cheek_big,right_cheek_big",,29.755365999999604,1.0003268843821218,train
UBFC,'vid_41_x1.2,vid_41,Dataset/3_ROI/PURE-x-UBFC-x-Tokoyo-AUG/aug_npz/UBFC_vid_41_'vid_41_x1.2.npz,2037,9,0.0,68.42463305610154,"forehead_strip,left_cheek_big,right_cheek_big",,29.755365999999604,1.0003268843821218,train
UBFC,'vid_41_x1.4,vid_41,Dataset/3_ROI/PURE-x-UBFC-x-Tokoyo-AUG/aug_npz/UBFC_vid_41_'vid_41_x1.4.npz,2037,9,0.0,68.42463305610154,"forehead_strip,left_cheek_big,right_cheek_big",,29.755365999999604,1.0003268843821218,train
UBFC,'vid_41_x1.6,vid_41,Dataset/3_ROI/PURE-x-UBFC-x-Tokoyo-AUG/aug_npz/UBFC_vid_41_'vid_41_x1.6.npz,2037,9,0.0,68.42463305610154,"forehead_strip,left_cheek_big,right_cheek_big",,29.755365999999604,1.0003268843821218,train
UBFC,'vid_41_x1.8,vid_41,Dataset/3_ROI/PURE-x-UBFC-x-Tokoyo-AUG/aug_npz/UBFC_vid_41_'vid_41_x1.8.npz,2037,9,0.0,68.42463305610154,"forehead_strip,left_cheek_big,right_cheek_big",,29.755365999999604,1.0003268843821218,train
UBFC,'vid_42,vid_42,Dataset/3_ROI/UBFC_RAW/vid_42.npz,2042,9,0.0,68.15144205412787,"forehead_strip,left_cheek_big,right_cheek_big",,29.9480090000002,1.0002136117070064,train
UBFC,'vid_42_x0.55,vid_42,Dataset/3_ROI/PURE-x-UBFC-x-Tokoyo-AUG/aug_npz/UBFC_vid_42_'vid_42_x0.55.npz,2042,9,0.0,68.15144205412787,"forehead_strip,left_cheek_big,right_cheek_big",,29.9480090000002,1.0002136117070064,train
UBFC,'vid_42_x0.65,vid_42,Dataset/3_ROI/PURE-x-UBFC-x-Tokoyo-AUG/aug_npz/UBFC_vid_42_'vid_42_x0.65.npz,2042,9,0.0,68.15144205412787,"forehead_strip,left_cheek_big,right_cheek_big",,29.9480090000002,1.0002136117070064,train
UBFC,'vid_42_x0.75,vid_42,Dataset/3_ROI/PURE-x-UBFC-x-Tokoyo-AUG/aug_npz/UBFC_vid_42_'vid_42_x0.75.npz,2042,9,0.0,68.15144205412787,"forehead_strip,left_cheek_big,right_cheek_big",,29.9480090000002,1.0002136117070064,train
UBFC,'vid_42_x1.2,vid_42,Dataset/3_ROI/PURE-x-UBFC-x-Tokoyo-AUG/aug_npz/UBFC_vid_42_'vid_42_x1.2.npz,2042,9,0.0,68.15144205412787,"forehead_strip,left_cheek_big,right_cheek_big",,29.9480090000002,1.0002136117070064,train
UBFC,'vid_42_x1.4,vid_42,Dataset/3_ROI/PURE-x-UBFC-x-Tokoyo-AUG/aug_npz/UBFC_vid_42_'vid_42_x1.4.npz,2042,9,0.0,68.15144205412787,"forehead_strip,left_cheek_big,right_cheek_big",,29.9480090000002,1.0002136117070064,train
UBFC,'vid_42_x1.6,vid_42,Dataset/3_ROI/PURE-x-UBFC-x-Tokoyo-AUG/aug_npz/UBFC_vid_42_'vid_42_x1.6.npz,2042,9,0.0,68.15144205412787,"forehead_strip,left_cheek_big,right_cheek_big",,29.9480090000002,1.0002136117070064,train
UBFC,'vid_42_x1.8,vid_42,Dataset/3_ROI/PURE-x-UBFC-x-Tokoyo-AUG/aug_npz/UBFC_vid_42_'vid_42_x1.8.npz,2042,9,0.0,68.15144205412787,"forehead_strip,left_cheek_big,right_cheek_big",,29.9480090000002,1.0002136117070064,train
UBFC,'vid_43,vid_43,Dataset/3_ROI/UBFC_RAW/vid_43.npz,2009,9,0.0,68.43396704959015,"forehead_strip,left_cheek_big,right_cheek_big",,29.34215399999996,1.000161220383466,train
UBFC,'vid_43_x0.55,vid_43,Dataset/3_ROI/PURE-x-UBFC-x-Tokoyo-AUG/aug_npz/UBFC_vid_43_'vid_43_x0.55.npz,2009,9,0.0,68.43396704959015,"forehead_strip,left_cheek_big,right_cheek_big",,29.34215399999996,1.000161220383466,train
UBFC,'vid_43_x0.65,vid_43,Dataset/3_ROI/PURE-x-UBFC-x-Tokoyo-AUG/aug_npz/UBFC_vid_43_'vid_43_x0.65.npz,2009,9,0.0,68.43396704959015,"forehead_strip,left_cheek_big,right_cheek_big",,29.34215399999996,1.000161220383466,train
UBFC,'vid_43_x0.75,vid_43,Dataset/3_ROI/PURE-x-UBFC-x-Tokoyo-AUG/aug_npz/UBFC_vid_43_'vid_43_x0.75.npz,2009,9,0.0,68.43396704959015,"forehead_strip,left_cheek_big,right_cheek_big",,29.34215399999996,1.000161220383466,train
UBFC,'vid_43_x1.2,vid_43,Dataset/3_ROI/PURE-x-UBFC-x-Tokoyo-AUG/aug_npz/UBFC_vid_43_'vid_43_x1.2.npz,2009,9,0.0,68.43396704959015,"forehead_strip,left_cheek_big,right_cheek_big",,29.34215399999996,1.000161220383466,train
UBFC,'vid_43_x1.4,vid_43,Dataset/3_ROI/PURE-x-UBFC-x-Tokoyo-AUG/aug_npz/UBFC_vid_43_'vid_43_x1.4.npz,2009,9,0.0,68.43396704959015,"forehead_strip,left_cheek_big,right_cheek_big",,29.34215399999996,1.000161220383466,train
UBFC,'vid_43_x1.6,vid_43,Dataset/3_ROI/PURE-x-UBFC-x-Tokoyo-AUG/aug_npz/UBFC_vid_43_'vid_43_x1.6.npz,2009,9,0.0,68.43396704959015,"forehead_strip,left_cheek_big,right_cheek_big",,29.34215399999996,1.000161220383466,train
UBFC,'vid_43_x1.8,vid_43,Dataset/3_ROI/PURE-x-UBFC-x-Tokoyo-AUG/aug_npz/UBFC_vid_43_'vid_43_x1.8.npz,2009,9,0.0,68.43396704959015,"forehead_strip,left_cheek_big,right_cheek_big",,29.34215399999996,1.000161220383466,train
UBFC,'vid_44,vid_44,Dataset/3_ROI/UBFC_RAW/vid_44.npz,2017,9,0.0,68.1400211186746,"forehead_strip,left_cheek_big,right_cheek_big",,29.586137000000036,0.9990751232881944,train
UBFC,'vid_44_x0.55,vid_44,Dataset/3_ROI/PURE-x-UBFC-x-Tokoyo-AUG/aug_npz/UBFC_vid_44_'vid_44_x0.55.npz,2017,9,0.0,68.1400211186746,"forehead_strip,left_cheek_big,right_cheek_big",,29.586137000000036,0.9990751232881944,train
UBFC,'vid_44_x0.65,vid_44,Dataset/3_ROI/PURE-x-UBFC-x-Tokoyo-AUG/aug_npz/UBFC_vid_44_'vid_44_x0.65.npz,2017,9,0.0,68.1400211186746,"forehead_strip,left_cheek_big,right_cheek_big",,29.586137000000036,0.9990751232881944,train
UBFC,'vid_44_x0.75,vid_44,Dataset/3_ROI/PURE-x-UBFC-x-Tokoyo-AUG/aug_npz/UBFC_vid_44_'vid_44_x0.75.npz,2017,9,0.0,68.1400211186746,"forehead_strip,left_cheek_big,right_cheek_big",,29.586137000000036,0.9990751232881944,train
UBFC,'vid_44_x1.2,vid_44,Dataset/3_ROI/PURE-x-UBFC-x-Tokoyo-AUG/aug_npz/UBFC_vid_44_'vid_44_x1.2.npz,2017,9,0.0,68.1400211186746,"forehead_strip,left_cheek_big,right_cheek_big",,29.586137000000036,0.9990751232881944,train
UBFC,'vid_44_x1.4,vid_44,Dataset/3_ROI/PURE-x-UBFC-x-Tokoyo-AUG/aug_npz/UBFC_vid_44_'vid_44_x1.4.npz,2017,9,0.0,68.1400211186746,"forehead_strip,left_cheek_big,right_cheek_big",,29.586137000000036,0.9990751232881944,train
UBFC,'vid_44_x1.6,vid_44,Dataset/3_ROI/PURE-x-UBFC-x-Tokoyo-AUG/aug_npz/UBFC_vid_44_'vid_44_x1.6.npz,2017,9,0.0,68.1400211186746,"forehead_strip,left_cheek_big,right_cheek_big",,29.586137000000036,0.9990751232881944,train
UBFC,'vid_44_x1.8,vid_44,Dataset/3_ROI/PURE-x-UBFC-x-Tokoyo-AUG/aug_npz/UBFC_vid_44_'vid_44_x1.8.npz,2017,9,0.0,68.1400211186746,"forehead_strip,left_cheek_big,right_cheek_big",,29.586137000000036,0.9990751232881944,train
UBFC,'vid_45,vid_45,Dataset/3_ROI/UBFC_RAW/vid_45.npz,2032,9,0.0,67.81158848963226,"forehead_strip,left_cheek_big,right_cheek_big",,29.95063300000029,1.0002420163092074,val
UBFC,'vid_46,vid_46,Dataset/3_ROI/UBFC_RAW/vid_46.npz,1991,9,0.0,68.04434467038739,"forehead_strip,left_cheek_big,right_cheek_big",,29.24563400000008,1.0008767125306532,train
UBFC,'vid_46_x0.55,vid_46,Dataset/3_ROI/PURE-x-UBFC-x-Tokoyo-AUG/aug_npz/UBFC_vid_46_'vid_46_x0.55.npz,1991,9,0.0,68.04434467038739,"forehead_strip,left_cheek_big,right_cheek_big",,29.24563400000008,1.0008767125306532,train
UBFC,'vid_46_x0.65,vid_46,Dataset/3_ROI/PURE-x-UBFC-x-Tokoyo-AUG/aug_npz/UBFC_vid_46_'vid_46_x0.65.npz,1991,9,0.0,68.04434467038739,"forehead_strip,left_cheek_big,right_cheek_big",,29.24563400000008,1.0008767125306532,train
UBFC,'vid_46_x0.75,vid_46,Dataset/3_ROI/PURE-x-UBFC-x-Tokoyo-AUG/aug_npz/UBFC_vid_46_'vid_46_x0.75.npz,1991,9,0.0,68.04434467038739,"forehead_strip,left_cheek_big,right_cheek_big",,29.24563400000008,1.0008767125306532,train
UBFC,'vid_46_x1.2,vid_46,Dataset/3_ROI/PURE-x-UBFC-x-Tokoyo-AUG/aug_npz/UBFC_vid_46_'vid_46_x1.2.npz,1991,9,0.0,68.04434467038739,"forehead_strip,left_cheek_big,right_cheek_big",,29.24563400000008,1.0008767125306532,train
UBFC,'vid_46_x1.4,vid_46,Dataset/3_ROI/PURE-x-UBFC-x-Tokoyo-AUG/aug_npz/UBFC_vid_46_'vid_46_x1.4.npz,1991,9,0.0,68.04434467038739,"forehead_strip,left_cheek_big,right_cheek_big",,29.24563400000008,1.0008767125306532,train
UBFC,'vid_46_x1.6,vid_46,Dataset/3_ROI/PURE-x-UBFC-x-Tokoyo-AUG/aug_npz/UBFC_vid_46_'vid_46_x1.6.npz,1991,9,0.0,68.04434467038739,"forehead_strip,left_cheek_big,right_cheek_big",,29.24563400000008,1.0008767125306532,train
UBFC,'vid_46_x1.8,vid_46,Dataset/3_ROI/PURE-x-UBFC-x-Tokoyo-AUG/aug_npz/UBFC_vid_46_'vid_46_x1.8.npz,1991,9,0.0,68.04434467038739,"forehead_strip,left_cheek_big,right_cheek_big",,29.24563400000008,1.0008767125306532,train
UBFC,'vid_47,vid_47,Dataset/3_ROI/UBFC_RAW/vid_47.npz,2023,9,0.0,67.87557473945027,"forehead_strip,left_cheek_big,right_cheek_big",,29.78980300000148,1.0003893191424331,train
UBFC,'vid_47_x0.55,vid_47,Dataset/3_ROI/PURE-x-UBFC-x-Tokoyo-AUG/aug_npz/UBFC_vid_47_'vid_47_x0.55.npz,2023,9,0.0,67.87557473945027,"forehead_strip,left_cheek_big,right_cheek_big",,29.78980300000148,1.0003893191424331,train
UBFC,'vid_47_x0.65,vid_47,Dataset/3_ROI/PURE-x-UBFC-x-Tokoyo-AUG/aug_npz/UBFC_vid_47_'vid_47_x0.65.npz,2023,9,0.0,67.87557473945027,"forehead_strip,left_cheek_big,right_cheek_big",,29.78980300000148,1.0003893191424331,train
UBFC,'vid_47_x0.75,vid_47,Dataset/3_ROI/PURE-x-UBFC-x-Tokoyo-AUG/aug_npz/UBFC_vid_47_'vid_47_x0.75.npz,2023,9,0.0,67.87557473945027,"forehead_strip,left_cheek_big,right_cheek_big",,29.78980300000148,1.0003893191424331,train
UBFC,'vid_47_x1.2,vid_47,Dataset/3_ROI/PURE-x-UBFC-x-Tokoyo-AUG/aug_npz/UBFC_vid_47_'vid_47_x1.2.npz,2023,9,0.0,67.87557473945027,"forehead_strip,left_cheek_big,right_cheek_big",,29.78980300000148,1.0003893191424331,train
UBFC,'vid_47_x1.4,vid_47,Dataset/3_ROI/PURE-x-UBFC-x-Tokoyo-AUG/aug_npz/UBFC_vid_47_'vid_47_x1.4.npz,2023,9,0.0,67.87557473945027,"forehead_strip,left_cheek_big,right_cheek_big",,29.78980300000148,1.0003893191424331,train
UBFC,'vid_48,vid_48,Dataset/3_ROI/UBFC_RAW/vid_48.npz,1956,9,0.0,67.95697082793211,"forehead_strip,left_cheek_big,right_cheek_big",,28.76820400000052,1.0011187840061382,train
UBFC,'vid_48_x0.55,vid_48,Dataset/3_ROI/PURE-x-UBFC-x-Tokoyo-AUG/aug_npz/UBFC_vid_48_'vid_48_x0.55.npz,1956,9,0.0,67.95697082793211,"forehead_strip,left_cheek_big,right_cheek_big",,28.76820400000052,1.0011187840061382,train
UBFC,'vid_48_x0.65,vid_48,Dataset/3_ROI/PURE-x-UBFC-x-Tokoyo-AUG/aug_npz/UBFC_vid_48_'vid_48_x0.65.npz,1956,9,0.0,67.95697082793211,"forehead_strip,left_cheek_big,right_cheek_big",,28.76820400000052,1.0011187840061382,train
UBFC,'vid_48_x0.75,vid_48,Dataset/3_ROI/PURE-x-UBFC-x-Tokoyo-AUG/aug_npz/UBFC_vid_48_'vid_48_x0.75.npz,1956,9,0.0,67.95697082793211,"forehead_strip,left_cheek_big,right_cheek_big",,28.76820400000052,1.0011187840061382,train
UBFC,'vid_48_x1.2,vid_48,Dataset/3_ROI/PURE-x-UBFC-x-Tokoyo-AUG/aug_npz/UBFC_vid_48_'vid_48_x1.2.npz,1956,9,0.0,67.95697082793211,"forehead_strip,left_cheek_big,right_cheek_big",,28.76820400000052,1.0011187840061382,train
UBFC,'vid_48_x1.4,vid_48,Dataset/3_ROI/PURE-x-UBFC-x-Tokoyo-AUG/aug_npz/UBFC_vid_48_'vid_48_x1.4.npz,1956,9,0.0,67.95697082793211,"forehead_strip,left_cheek_big,right_cheek_big",,28.76820400000052,1.0011187840061382,train
UBFC,'vid_48_x1.6,vid_48,Dataset/3_ROI/PURE-x-UBFC-x-Tokoyo-AUG/aug_npz/UBFC_vid_48_'vid_48_x1.6.npz,1956,9,0.0,67.95697082793211,"forehead_strip,left_cheek_big,right_cheek_big",,28.76820400000052,1.0011187840061382,train
UBFC,'vid_48_x1.8,vid_48,Dataset/3_ROI/PURE-x-UBFC-x-Tokoyo-AUG/aug_npz/UBFC_vid_48_'vid_48_x1.8.npz,1956,9,0.0,67.95697082793211,"forehead_strip,left_cheek_big,right_cheek_big",,28.76820400000052,1.0011187840061382,train
UBFC,'vid_49,vid_49,Dataset/3_ROI/UBFC_RAW/vid_49.npz,2034,9,0.0,68.26995734353369,"forehead_strip,left_cheek_big,right_cheek_big",,29.77883799999959,1.0004693522262669,val
UBFC,'vid_5,vid_5,Dataset/3_ROI/UBFC_RAW/vid_5.npz,1550,9,0.0,52.22203934581732,"forehead_strip,left_cheek_big,right_cheek_big",,29.66180600000025,1.002795001038089,train
UBFC,'vid_5_x0.55,vid_5,Dataset/3_ROI/PURE-x-UBFC-x-Tokoyo-AUG/aug_npz/UBFC_vid_5_'vid_5_x0.55.npz,1550,9,0.0,52.22203934581732,"forehead_strip,left_cheek_big,right_cheek_big",,29.66180600000025,1.002795001038089,train
UBFC,'vid_5_x0.65,vid_5,Dataset/3_ROI/PURE-x-UBFC-x-Tokoyo-AUG/aug_npz/UBFC_vid_5_'vid_5_x0.65.npz,1550,9,0.0,52.22203934581732,"forehead_strip,left_cheek_big,right_cheek_big",,29.66180600000025,1.002795001038089,train
UBFC,'vid_5_x0.75,vid_5,Dataset/3_ROI/PURE-x-UBFC-x-Tokoyo-AUG/aug_npz/UBFC_vid_5_'vid_5_x0.75.npz,1550,9,0.0,52.22203934581732,"forehead_strip,left_cheek_big,right_cheek_big",,29.66180600000025,1.002795001038089,train
UBFC,'vid_5_x1.2,vid_5,Dataset/3_ROI/PURE-x-UBFC-x-Tokoyo-AUG/aug_npz/UBFC_vid_5_'vid_5_x1.2.npz,1550,9,0.0,52.22203934581732,"forehead_strip,left_cheek_big,right_cheek_big",,29.66180600000025,1.002795001038089,train
UBFC,'vid_5_x1.4,vid_5,Dataset/3_ROI/PURE-x-UBFC-x-Tokoyo-AUG/aug_npz/UBFC_vid_5_'vid_5_x1.4.npz,1550,9,0.0,52.22203934581732,"forehead_strip,left_cheek_big,right_cheek_big",,29.66180600000025,1.002795001038089,train
UBFC,'vid_5_x1.6,vid_5,Dataset/3_ROI/PURE-x-UBFC-x-Tokoyo-AUG/aug_npz/UBFC_vid_5_'vid_5_x1.6.npz,1550,9,0.0,52.22203934581732,"forehead_strip,left_cheek_big,right_cheek_big",,29.66180600000025,1.002795001038089,train
UBFC,'vid_5_x1.8,vid_5,Dataset/3_ROI/PURE-x-UBFC-x-Tokoyo-AUG/aug_npz/UBFC_vid_5_'vid_5_x1.8.npz,1550,9,0.0,52.22203934581732,"forehead_strip,left_cheek_big,right_cheek_big",,29.66180600000025,1.002795001038089,train
UBFC,'vid_8,vid_8,Dataset/3_ROI/UBFC_RAW/vid_8.npz,2022,9,0.0,67.61811363797797,"forehead_strip,left_cheek_big,right_cheek_big",,29.888441000000544,1.0002940981484414,train
UBFC,'vid_8_x0.55,vid_8,Dataset/3_ROI/PURE-x-UBFC-x-Tokoyo-AUG/aug_npz/UBFC_vid_8_'vid_8_x0.55.npz,2022,9,0.0,67.61811363797797,"forehead_strip,left_cheek_big,right_cheek_big",,29.888441000000544,1.0002940981484414,train
UBFC,'vid_8_x0.65,vid_8,Dataset/3_ROI/PURE-x-UBFC-x-Tokoyo-AUG/aug_npz/UBFC_vid_8_'vid_8_x0.65.npz,2022,9,0.0,67.61811363797797,"forehead_strip,left_cheek_big,right_cheek_big",,29.888441000000544,1.0002940981484414,train
UBFC,'vid_8_x0.75,vid_8,Dataset/3_ROI/PURE-x-UBFC-x-Tokoyo-AUG/aug_npz/UBFC_vid_8_'vid_8_x0.75.npz,2022,9,0.0,67.61811363797797,"forehead_strip,left_cheek_big,right_cheek_big",,29.888441000000544,1.0002940981484414,train
UBFC,'vid_8_x1.2,vid_8,Dataset/3_ROI/PURE-x-UBFC-x-Tokoyo-AUG/aug_npz/UBFC_vid_8_'vid_8_x1.2.npz,2022,9,0.0,67.61811363797797,"forehead_strip,left_cheek_big,right_cheek_big",,29.888441000000544,1.0002940981484414,train
UBFC,'vid_8_x1.4,vid_8,Dataset/3_ROI/PURE-x-UBFC-x-Tokoyo-AUG/aug_npz/UBFC_vid_8_'vid_8_x1.4.npz,2022,9,0.0,67.61811363797797,"forehead_strip,left_cheek_big,right_cheek_big",,29.888441000000544,1.0002940981484414,train
UBFC,'vid_9,vid_9,Dataset/3_ROI/UBFC_RAW/vid_9.npz,2016,9,0.0,68.2133620531335,"forehead_strip,left_cheek_big,right_cheek_big",,29.53966700000081,1.0006250673707198,train
UBFC,'vid_9_x0.55,vid_9,Dataset/3_ROI/PURE-x-UBFC-x-Tokoyo-AUG/aug_npz/UBFC_vid_9_'vid_9_x0.55.npz,2016,9,0.0,68.2133620531335,"forehead_strip,left_cheek_big,right_cheek_big",,29.53966700000081,1.0006250673707198,train
UBFC,'vid_9_x0.65,vid_9,Dataset/3_ROI/PURE-x-UBFC-x-Tokoyo-AUG/aug_npz/UBFC_vid_9_'vid_9_x0.65.npz,2016,9,0.0,68.2133620531335,"forehead_strip,left_cheek_big,right_cheek_big",,29.53966700000081,1.0006250673707198,train
UBFC,'vid_9_x0.75,vid_9,Dataset/3_ROI/PURE-x-UBFC-x-Tokoyo-AUG/aug_npz/UBFC_vid_9_'vid_9_x0.75.npz,2016,9,0.0,68.2133620531335,"forehead_strip,left_cheek_big,right_cheek_big",,29.53966700000081,1.0006250673707198,train
UBFC,'vid_9_x1.2,vid_9,Dataset/3_ROI/PURE-x-UBFC-x-Tokoyo-AUG/aug_npz/UBFC_vid_9_'vid_9_x1.2.npz,2016,9,0.0,68.2133620531335,"forehead_strip,left_cheek_big,right_cheek_big",,29.53966700000081,1.0006250673707198,train
UBFC,'vid_9_x1.4,vid_9,Dataset/3_ROI/PURE-x-UBFC-x-Tokoyo-AUG/aug_npz/UBFC_vid_9_'vid_9_x1.4.npz,2016,9,0.0,68.2133620531335,"forehead_strip,left_cheek_big,right_cheek_big",,29.53966700000081,1.0006250673707198,train
UBFC,'vid_9_x1.6,vid_9,Dataset/3_ROI/PURE-x-UBFC-x-Tokoyo-AUG/aug_npz/UBFC_vid_9_'vid_9_x1.6.npz,2016,9,0.0,68.2133620531335,"forehead_strip,left_cheek_big,right_cheek_big",,29.53966700000081,1.0006250673707198,train
