dataset,seq,subject_id,path,T,C,t_start,t_end,roi_names,passed,fps_est,duration_ratio,split
BH,'0_0,0_0,Dataset/3_ROI/BH_RAW/0_0.npz,901,9,0.0,60.66293215751648,"forehead_strip,left_cheek_big,right_cheek_big",,15.908002730789653,1.0,train
BH,'0_0_x0.75,0_0,Dataset/3_ROI/MEGA_AUG/aug_npz/BH_0_0_0_0_x0.75.npz,1201,9,0.0,75.433731,"forehead_strip,left_cheek_big,right_cheek_big",,15.908002730789653,1.0,train
BH,'0_0_x1.2,0_0,Dataset/3_ROI/MEGA_AUG/aug_npz/BH_0_0_0_0_x1.2.npz,751,9,0.0,47.146082,"forehead_strip,left_cheek_big,right_cheek_big",,15.908002730789653,1.0,train
BH,'0_0_x1.4,0_0,Dataset/3_ROI/MEGA_AUG/aug_npz/BH_0_0_0_0_x1.4.npz,644,9,0.0,40.419908,"forehead_strip,left_cheek_big,right_cheek_big",,15.908002730789653,1.0,train
BH,'0_0_x1.6,0_0,Dataset/3_ROI/MEGA_AUG/aug_npz/BH_0_0_0_0_x1.6.npz,563,9,0.0,35.328131,"forehead_strip,left_cheek_big,right_cheek_big",,15.908002730789653,1.0,train
BH,'0_0_x1.8,0_0,Dataset/3_ROI/MEGA_AUG/aug_npz/BH_0_0_0_0_x1.8.npz,501,9,0.0,31.430721,"forehead_strip,left_cheek_big,right_cheek_big",,15.908002730789653,1.0,train
BH,'0_1,0_1,Dataset/3_ROI/BH_RAW/0_1.npz,901,9,0.0,60.74157094955444,"forehead_strip,left_cheek_big,right_cheek_big",,15.911170964408209,1.0,train
BH,'0_1_x0.65,0_1,Dataset/3_ROI/MEGA_AUG/aug_npz/BH_0_1_0_1_x0.65.npz,1386,9,0.0,87.045762,"forehead_strip,left_cheek_big,right_cheek_big",,15.911170964408209,1.0,train
BH,'0_1_x0.75,0_1,Dataset/3_ROI/MEGA_AUG/aug_npz/BH_0_1_0_1_x0.75.npz,1201,9,0.0,75.418711,"forehead_strip,left_cheek_big,right_cheek_big",,15.911170964408209,1.0,train
BH,'0_1_x1.2,0_1,Dataset/3_ROI/MEGA_AUG/aug_npz/BH_0_1_0_1_x1.2.npz,751,9,0.0,47.136694,"forehead_strip,left_cheek_big,right_cheek_big",,15.911170964408209,1.0,train
BH,'0_1_x1.4,0_1,Dataset/3_ROI/MEGA_AUG/aug_npz/BH_0_1_0_1_x1.4.npz,644,9,0.0,40.411859,"forehead_strip,left_cheek_big,right_cheek_big",,15.911170964408209,1.0,train
BH,'0_1_x1.6,0_1,Dataset/3_ROI/MEGA_AUG/aug_npz/BH_0_1_0_1_x1.6.npz,563,9,0.0,35.321096,"forehead_strip,left_cheek_big,right_cheek_big",,15.911170964408209,1.0,train
BH,'0_1_x1.8,0_1,Dataset/3_ROI/MEGA_AUG/aug_npz/BH_0_1_0_1_x1.8.npz,501,9,0.0,31.424463,"forehead_strip,left_cheek_big,right_cheek_big",,15.911170964408209,1.0,train
BH,'0_2,0_2,Dataset/3_ROI/BH_RAW/0_2.npz,901,9,0.0,60.12894701957703,"forehead_strip,left_cheek_big,right_cheek_big",,15.910144922038732,1.0,train
BH,'0_2_x0.65,0_2,Dataset/3_ROI/MEGA_AUG/aug_npz/BH_0_2_0_2_x0.65.npz,1386,9,0.0,87.051376,"forehead_strip,left_cheek_big,right_cheek_big",,15.910144922038732,1.0,train
BH,'0_2_x0.75,0_2,Dataset/3_ROI/MEGA_AUG/aug_npz/BH_0_2_0_2_x0.75.npz,1201,9,0.0,75.423574,"forehead_strip,left_cheek_big,right_cheek_big",,15.910144922038732,1.0,train
BH,'0_2_x1.2,0_2,Dataset/3_ROI/MEGA_AUG/aug_npz/BH_0_2_0_2_x1.2.npz,751,9,0.0,47.139734,"forehead_strip,left_cheek_big,right_cheek_big",,15.910144922038732,1.0,train
BH,'0_2_x1.4,0_2,Dataset/3_ROI/MEGA_AUG/aug_npz/BH_0_2_0_2_x1.4.npz,644,9,0.0,40.414465,"forehead_strip,left_cheek_big,right_cheek_big",,15.910144922038732,1.0,train
BH,'0_2_x1.6,0_2,Dataset/3_ROI/MEGA_AUG/aug_npz/BH_0_2_0_2_x1.6.npz,563,9,0.0,35.323374,"forehead_strip,left_cheek_big,right_cheek_big",,15.910144922038732,1.0,train
BH,'0_2_x1.8,0_2,Dataset/3_ROI/MEGA_AUG/aug_npz/BH_0_2_0_2_x1.8.npz,501,9,0.0,31.426489,"forehead_strip,left_cheek_big,right_cheek_big",,15.910144922038732,1.0,train
BH,'10_0,10_0,Dataset/3_ROI/BH_RAW/10_0.npz,901,9,0.0,60.28232002258301,"forehead_strip,left_cheek_big,right_cheek_big",,15.90353917204411,1.0,train
BH,'10_0_x0.55,10_0,Dataset/3_ROI/MEGA_AUG/aug_npz/BH_10_0_10_0_x0.55.npz,1638,9,0.0,102.933063,"forehead_strip,left_cheek_big,right_cheek_big",,15.90353917204411,1.0,train
BH,'10_0_x0.65,10_0,Dataset/3_ROI/MEGA_AUG/aug_npz/BH_10_0_10_0_x0.65.npz,1386,9,0.0,87.087533,"forehead_strip,left_cheek_big,right_cheek_big",,15.90353917204411,1.0,train
BH,'10_0_x0.75,10_0,Dataset/3_ROI/MEGA_AUG/aug_npz/BH_10_0_10_0_x0.75.npz,1201,9,0.0,75.454903,"forehead_strip,left_cheek_big,right_cheek_big",,15.90353917204411,1.0,train
BH,'10_0_x1.2,10_0,Dataset/3_ROI/MEGA_AUG/aug_npz/BH_10_0_10_0_x1.2.npz,751,9,0.0,47.159314,"forehead_strip,left_cheek_big,right_cheek_big",,15.90353917204411,1.0,train
BH,'10_0_x1.4,10_0,Dataset/3_ROI/MEGA_AUG/aug_npz/BH_10_0_10_0_x1.4.npz,644,9,0.0,40.431252,"forehead_strip,left_cheek_big,right_cheek_big",,15.90353917204411,1.0,train
BH,'10_0_x1.6,10_0,Dataset/3_ROI/MEGA_AUG/aug_npz/BH_10_0_10_0_x1.6.npz,563,9,0.0,35.338046,"forehead_strip,left_cheek_big,right_cheek_big",,15.90353917204411,1.0,train
BH,'10_0_x1.8,10_0,Dataset/3_ROI/MEGA_AUG/aug_npz/BH_10_0_10_0_x1.8.npz,501,9,0.0,31.439543,"forehead_strip,left_cheek_big,right_cheek_big",,15.90353917204411,1.0,train
BH,'10_1,10_1,Dataset/3_ROI/BH_RAW/10_1.npz,901,9,0.0,59.80095100402832,"forehead_strip,left_cheek_big,right_cheek_big",,15.905077007377464,1.0,train
BH,'10_1_x0.55,10_1,Dataset/3_ROI/MEGA_AUG/aug_npz/BH_10_1_10_1_x0.55.npz,1638,9,0.0,102.923111,"forehead_strip,left_cheek_big,right_cheek_big",,15.905077007377464,1.0,train
BH,'10_1_x0.65,10_1,Dataset/3_ROI/MEGA_AUG/aug_npz/BH_10_1_10_1_x0.65.npz,1386,9,0.0,87.079113,"forehead_strip,left_cheek_big,right_cheek_big",,15.905077007377464,1.0,train
BH,'10_1_x0.75,10_1,Dataset/3_ROI/MEGA_AUG/aug_npz/BH_10_1_10_1_x0.75.npz,1201,9,0.0,75.447607,"forehead_strip,left_cheek_big,right_cheek_big",,15.905077007377464,1.0,train
BH,'10_1_x1.2,10_1,Dataset/3_ROI/MEGA_AUG/aug_npz/BH_10_1_10_1_x1.2.npz,751,9,0.0,47.154754,"forehead_strip,left_cheek_big,right_cheek_big",,15.905077007377464,1.0,train
BH,'10_1_x1.4,10_1,Dataset/3_ROI/MEGA_AUG/aug_npz/BH_10_1_10_1_x1.4.npz,644,9,0.0,40.427343,"forehead_strip,left_cheek_big,right_cheek_big",,15.905077007377464,1.0,train
BH,'10_1_x1.6,10_1,Dataset/3_ROI/MEGA_AUG/aug_npz/BH_10_1_10_1_x1.6.npz,563,9,0.0,35.334629,"forehead_strip,left_cheek_big,right_cheek_big",,15.905077007377464,1.0,train
BH,'10_1_x1.8,10_1,Dataset/3_ROI/MEGA_AUG/aug_npz/BH_10_1_10_1_x1.8.npz,501,9,0.0,31.436503,"forehead_strip,left_cheek_big,right_cheek_big",,15.905077007377464,1.0,train
BH,'10_2,10_2,Dataset/3_ROI/BH_RAW/10_2.npz,901,9,0.0,59.964107990264885,"forehead_strip,left_cheek_big,right_cheek_big",,15.909511256092928,1.0,train
BH,'10_2_x0.55,10_2,Dataset/3_ROI/MEGA_AUG/aug_npz/BH_10_2_10_2_x0.55.npz,1638,9,0.0,102.894424,"forehead_strip,left_cheek_big,right_cheek_big",,15.909511256092928,1.0,train
BH,'10_2_x0.65,10_2,Dataset/3_ROI/MEGA_AUG/aug_npz/BH_10_2_10_2_x0.65.npz,1386,9,0.0,87.054843,"forehead_strip,left_cheek_big,right_cheek_big",,15.909511256092928,1.0,train
BH,'10_2_x0.75,10_2,Dataset/3_ROI/MEGA_AUG/aug_npz/BH_10_2_10_2_x0.75.npz,1201,9,0.0,75.426579,"forehead_strip,left_cheek_big,right_cheek_big",,15.909511256092928,1.0,train
BH,'10_2_x1.2,10_2,Dataset/3_ROI/MEGA_AUG/aug_npz/BH_10_2_10_2_x1.2.npz,751,9,0.0,47.141612,"forehead_strip,left_cheek_big,right_cheek_big",,15.909511256092928,1.0,train
BH,'10_2_x1.4,10_2,Dataset/3_ROI/MEGA_AUG/aug_npz/BH_10_2_10_2_x1.4.npz,644,9,0.0,40.416075,"forehead_strip,left_cheek_big,right_cheek_big",,15.909511256092928,1.0,train
BH,'10_2_x1.6,10_2,Dataset/3_ROI/MEGA_AUG/aug_npz/BH_10_2_10_2_x1.6.npz,563,9,0.0,35.324781,"forehead_strip,left_cheek_big,right_cheek_big",,15.909511256092928,1.0,train
BH,'10_2_x1.8,10_2,Dataset/3_ROI/MEGA_AUG/aug_npz/BH_10_2_10_2_x1.8.npz,501,9,0.0,31.427741,"forehead_strip,left_cheek_big,right_cheek_big",,15.909511256092928,1.0,train
BH,'11_0,11_0,Dataset/3_ROI/BH_RAW/11_0.npz,901,9,0.0,60.67473101615906,"forehead_strip,left_cheek_big,right_cheek_big",,15.91482354191093,1.0,train
BH,'11_0_x0.65,11_0,Dataset/3_ROI/MEGA_AUG/aug_npz/BH_11_0_11_0_x0.65.npz,1386,9,0.0,87.025784,"forehead_strip,left_cheek_big,right_cheek_big",,15.91482354191093,1.0,train
BH,'11_0_x0.75,11_0,Dataset/3_ROI/MEGA_AUG/aug_npz/BH_11_0_11_0_x0.75.npz,1201,9,0.0,75.401402,"forehead_strip,left_cheek_big,right_cheek_big",,15.91482354191093,1.0,train
BH,'11_0_x1.2,11_0,Dataset/3_ROI/MEGA_AUG/aug_npz/BH_11_0_11_0_x1.2.npz,751,9,0.0,47.125876,"forehead_strip,left_cheek_big,right_cheek_big",,15.91482354191093,1.0,train
BH,'11_0_x1.4,11_0,Dataset/3_ROI/MEGA_AUG/aug_npz/BH_11_0_11_0_x1.4.npz,644,9,0.0,40.402584,"forehead_strip,left_cheek_big,right_cheek_big",,15.91482354191093,1.0,train
BH,'11_0_x1.6,11_0,Dataset/3_ROI/MEGA_AUG/aug_npz/BH_11_0_11_0_x1.6.npz,563,9,0.0,35.312990,"forehead_strip,left_cheek_big,right_cheek_big",,15.91482354191093,1.0,train
BH,'11_0_x1.8,11_0,Dataset/3_ROI/MEGA_AUG/aug_npz/BH_11_0_11_0_x1.8.npz,501,9,0.0,31.417251,"forehead_strip,left_cheek_big,right_cheek_big",,15.91482354191093,1.0,train
BH,'11_1,11_1,Dataset/3_ROI/BH_RAW/11_1.npz,901,9,0.0,60.42175602912904,"forehead_strip,left_cheek_big,right_cheek_big",,15.914823541911831,1.0,train
BH,'11_1_x0.65,11_1,Dataset/3_ROI/MEGA_AUG/aug_npz/BH_11_1_11_1_x0.65.npz,1386,9,0.0,87.025784,"forehead_strip,left_cheek_big,right_cheek_big",,15.914823541911831,1.0,train
BH,'11_1_x0.75,11_1,Dataset/3_ROI/MEGA_AUG/aug_npz/BH_11_1_11_1_x0.75.npz,1201,9,0.0,75.401402,"forehead_strip,left_cheek_big,right_cheek_big",,15.914823541911831,1.0,train
BH,'11_1_x1.2,11_1,Dataset/3_ROI/MEGA_AUG/aug_npz/BH_11_1_11_1_x1.2.npz,751,9,0.0,47.125876,"forehead_strip,left_cheek_big,right_cheek_big",,15.914823541911831,1.0,train
BH,'11_1_x1.4,11_1,Dataset/3_ROI/MEGA_AUG/aug_npz/BH_11_1_11_1_x1.4.npz,644,9,0.0,40.402584,"forehead_strip,left_cheek_big,right_cheek_big",,15.914823541911831,1.0,train
BH,'11_1_x1.6,11_1,Dataset/3_ROI/MEGA_AUG/aug_npz/BH_11_1_11_1_x1.6.npz,563,9,0.0,35.312990,"forehead_strip,left_cheek_big,right_cheek_big",,15.914823541911831,1.0,train
BH,'11_1_x1.8,11_1,Dataset/3_ROI/MEGA_AUG/aug_npz/BH_11_1_11_1_x1.8.npz,501,9,0.0,31.417251,"forehead_strip,left_cheek_big,right_cheek_big",,15.914823541911831,1.0,train
BH,'11_2,11_2,Dataset/3_ROI/BH_RAW/11_2.npz,901,9,0.0,62.13324403762817,"forehead_strip,left_cheek_big,right_cheek_big",,15.909752646692564,1.0,train
BH,'11_2_x0.65,11_2,Dataset/3_ROI/MEGA_AUG/aug_npz/BH_11_2_11_2_x0.65.npz,1386,9,0.0,87.053522,"forehead_strip,left_cheek_big,right_cheek_big",,15.909752646692564,1.0,train
BH,'11_2_x0.75,11_2,Dataset/3_ROI/MEGA_AUG/aug_npz/BH_11_2_11_2_x0.75.npz,1201,9,0.0,75.425434,"forehead_strip,left_cheek_big,right_cheek_big",,15.909752646692564,1.0,train
BH,'11_2_x1.2,11_2,Dataset/3_ROI/MEGA_AUG/aug_npz/BH_11_2_11_2_x1.2.npz,751,9,0.0,47.140896,"forehead_strip,left_cheek_big,right_cheek_big",,15.909752646692564,1.0,train
BH,'11_2_x1.4,11_2,Dataset/3_ROI/MEGA_AUG/aug_npz/BH_11_2_11_2_x1.4.npz,644,9,0.0,40.415462,"forehead_strip,left_cheek_big,right_cheek_big",,15.909752646692564,1.0,train
BH,'11_2_x1.6,11_2,Dataset/3_ROI/MEGA_AUG/aug_npz/BH_11_2_11_2_x1.6.npz,563,9,0.0,35.324245,"forehead_strip,left_cheek_big,right_cheek_big",,15.909752646692564,1.0,train
BH,'11_2_x1.8,11_2,Dataset/3_ROI/MEGA_AUG/aug_npz/BH_11_2_11_2_x1.8.npz,501,9,0.0,31.427264,"forehead_strip,left_cheek_big,right_cheek_big",,15.909752646692564,1.0,train
BH,'12_0,12_0,Dataset/3_ROI/BH_RAW/12_0.npz,901,9,0.0,60.1294949054718,"forehead_strip,left_cheek_big,right_cheek_big",,15.9069770969785,1.0,train
BH,'12_0_x0.55,12_0,Dataset/3_ROI/MEGA_AUG/aug_npz/BH_12_0_12_0_x0.55.npz,1638,9,0.0,102.910816,"forehead_strip,left_cheek_big,right_cheek_big",,15.9069770969785,1.0,train
BH,'12_0_x0.65,12_0,Dataset/3_ROI/MEGA_AUG/aug_npz/BH_12_0_12_0_x0.65.npz,1386,9,0.0,87.068712,"forehead_strip,left_cheek_big,right_cheek_big",,15.9069770969785,1.0,train
BH,'12_0_x0.75,12_0,Dataset/3_ROI/MEGA_AUG/aug_npz/BH_12_0_12_0_x0.75.npz,1201,9,0.0,75.438595,"forehead_strip,left_cheek_big,right_cheek_big",,15.9069770969785,1.0,train
BH,'12_0_x1.2,12_0,Dataset/3_ROI/MEGA_AUG/aug_npz/BH_12_0_12_0_x1.2.npz,751,9,0.0,47.149122,"forehead_strip,left_cheek_big,right_cheek_big",,15.9069770969785,1.0,train
BH,'12_0_x1.4,12_0,Dataset/3_ROI/MEGA_AUG/aug_npz/BH_12_0_12_0_x1.4.npz,644,9,0.0,40.422514,"forehead_strip,left_cheek_big,right_cheek_big",,15.9069770969785,1.0,train
BH,'12_0_x1.6,12_0,Dataset/3_ROI/MEGA_AUG/aug_npz/BH_12_0_12_0_x1.6.npz,563,9,0.0,35.330409,"forehead_strip,left_cheek_big,right_cheek_big",,15.9069770969785,1.0,train
BH,'12_0_x1.8,12_0,Dataset/3_ROI/MEGA_AUG/aug_npz/BH_12_0_12_0_x1.8.npz,501,9,0.0,31.432748,"forehead_strip,left_cheek_big,right_cheek_big",,15.9069770969785,1.0,train
BH,'12_1,12_1,Dataset/3_ROI/BH_RAW/12_1.npz,901,9,0.0,60.08653497695922,"forehead_strip,left_cheek_big,right_cheek_big",,15.910507039528714,1.0,train
BH,'12_1_x0.55,12_1,Dataset/3_ROI/MEGA_AUG/aug_npz/BH_12_1_12_1_x0.55.npz,1638,9,0.0,102.887984,"forehead_strip,left_cheek_big,right_cheek_big",,15.910507039528714,1.0,train
BH,'12_1_x0.65,12_1,Dataset/3_ROI/MEGA_AUG/aug_npz/BH_12_1_12_1_x0.65.npz,1386,9,0.0,87.049394,"forehead_strip,left_cheek_big,right_cheek_big",,15.910507039528714,1.0,train
BH,'12_1_x0.75,12_1,Dataset/3_ROI/MEGA_AUG/aug_npz/BH_12_1_12_1_x0.75.npz,1201,9,0.0,75.421858,"forehead_strip,left_cheek_big,right_cheek_big",,15.910507039528714,1.0,train
BH,'12_1_x1.2,12_1,Dataset/3_ROI/MEGA_AUG/aug_npz/BH_12_1_12_1_x1.2.npz,751,9,0.0,47.138661,"forehead_strip,left_cheek_big,right_cheek_big",,15.910507039528714,1.0,train
BH,'12_1_x1.4,12_1,Dataset/3_ROI/MEGA_AUG/aug_npz/BH_12_1_12_1_x1.4.npz,644,9,0.0,40.413545,"forehead_strip,left_cheek_big,right_cheek_big",,15.910507039528714,1.0,train
BH,'12_1_x1.6,12_1,Dataset/3_ROI/MEGA_AUG/aug_npz/BH_12_1_12_1_x1.6.npz,563,9,0.0,35.322570,"forehead_strip,left_cheek_big,right_cheek_big",,15.910507039528714,1.0,train
BH,'12_1_x1.8,12_1,Dataset/3_ROI/MEGA_AUG/aug_npz/BH_12_1_12_1_x1.8.npz,501,9,0.0,31.425774,"forehead_strip,left_cheek_big,right_cheek_big",,15.910507039528714,1.0,train
BH,'12_2,12_2,Dataset/3_ROI/BH_RAW/12_2.npz,901,9,0.0,60.14328098297119,"forehead_strip,left_cheek_big,right_cheek_big",,15.91255935003788,1.0,train
BH,'12_2_x0.55,12_2,Dataset/3_ROI/MEGA_AUG/aug_npz/BH_12_2_12_2_x0.55.npz,1638,9,0.0,102.874714,"forehead_strip,left_cheek_big,right_cheek_big",,15.91255935003788,1.0,train
BH,'12_2_x0.65,12_2,Dataset/3_ROI/MEGA_AUG/aug_npz/BH_12_2_12_2_x0.65.npz,1386,9,0.0,87.038167,"forehead_strip,left_cheek_big,right_cheek_big",,15.91255935003788,1.0,train
BH,'12_2_x0.75,12_2,Dataset/3_ROI/MEGA_AUG/aug_npz/BH_12_2_12_2_x0.75.npz,1201,9,0.0,75.412130,"forehead_strip,left_cheek_big,right_cheek_big",,15.91255935003788,1.0,train
BH,'12_2_x1.2,12_2,Dataset/3_ROI/MEGA_AUG/aug_npz/BH_12_2_12_2_x1.2.npz,751,9,0.0,47.132581,"forehead_strip,left_cheek_big,right_cheek_big",,15.91255935003788,1.0,train
BH,'12_2_x1.4,12_2,Dataset/3_ROI/MEGA_AUG/aug_npz/BH_12_2_12_2_x1.4.npz,644,9,0.0,40.408333,"forehead_strip,left_cheek_big,right_cheek_big",,15.91255935003788,1.0,train
BH,'12_2_x1.6,12_2,Dataset/3_ROI/MEGA_AUG/aug_npz/BH_12_2_12_2_x1.6.npz,563,9,0.0,35.318014,"forehead_strip,left_cheek_big,right_cheek_big",,15.91255935003788,1.0,train
BH,'12_2_x1.8,12_2,Dataset/3_ROI/MEGA_AUG/aug_npz/BH_12_2_12_2_x1.8.npz,501,9,0.0,31.421721,"forehead_strip,left_cheek_big,right_cheek_big",,15.91255935003788,1.0,train
BH,'13_0,13_0,Dataset/3_ROI/BH_RAW/13_0.npz,901,9,0.0,60.28337001800537,"forehead_strip,left_cheek_big,right_cheek_big",,15.90812340228725,1.0,train
BH,'13_0_x0.65,13_0,Dataset/3_ROI/MEGA_AUG/aug_npz/BH_13_0_13_0_x0.65.npz,1386,9,0.0,87.062438,"forehead_strip,left_cheek_big,right_cheek_big",,15.90812340228725,1.0,train
BH,'13_0_x0.75,13_0,Dataset/3_ROI/MEGA_AUG/aug_npz/BH_13_0_13_0_x0.75.npz,1201,9,0.0,75.433159,"forehead_strip,left_cheek_big,right_cheek_big",,15.90812340228725,1.0,train
BH,'13_0_x1.2,13_0,Dataset/3_ROI/MEGA_AUG/aug_npz/BH_13_0_13_0_x1.2.npz,751,9,0.0,47.145724,"forehead_strip,left_cheek_big,right_cheek_big",,15.90812340228725,1.0,train
BH,'13_0_x1.4,13_0,Dataset/3_ROI/MEGA_AUG/aug_npz/BH_13_0_13_0_x1.4.npz,644,9,0.0,40.419601,"forehead_strip,left_cheek_big,right_cheek_big",,15.90812340228725,1.0,train
BH,'13_0_x1.6,13_0,Dataset/3_ROI/MEGA_AUG/aug_npz/BH_13_0_13_0_x1.6.npz,563,9,0.0,35.327863,"forehead_strip,left_cheek_big,right_cheek_big",,15.90812340228725,1.0,train
BH,'13_0_x1.8,13_0,Dataset/3_ROI/MEGA_AUG/aug_npz/BH_13_0_13_0_x1.8.npz,501,9,0.0,31.430483,"forehead_strip,left_cheek_big,right_cheek_big",,15.90812340228725,1.0,train
BH,'13_1,13_1,Dataset/3_ROI/BH_RAW/13_1.npz,901,9,0.0,60.07300806045532,"forehead_strip,left_cheek_big,right_cheek_big",,15.912257506464549,1.0,train
BH,'13_1_x0.65,13_1,Dataset/3_ROI/MEGA_AUG/aug_npz/BH_13_1_13_1_x0.65.npz,1386,9,0.0,87.039818,"forehead_strip,left_cheek_big,right_cheek_big",,15.912257506464549,1.0,train
BH,'13_1_x0.75,13_1,Dataset/3_ROI/MEGA_AUG/aug_npz/BH_13_1_13_1_x0.75.npz,1201,9,0.0,75.413561,"forehead_strip,left_cheek_big,right_cheek_big",,15.912257506464549,1.0,train
BH,'13_1_x1.2,13_1,Dataset/3_ROI/MEGA_AUG/aug_npz/BH_13_1_13_1_x1.2.npz,751,9,0.0,47.133476,"forehead_strip,left_cheek_big,right_cheek_big",,15.912257506464549,1.0,train
BH,'13_1_x1.4,13_1,Dataset/3_ROI/MEGA_AUG/aug_npz/BH_13_1_13_1_x1.4.npz,644,9,0.0,40.409100,"forehead_strip,left_cheek_big,right_cheek_big",,15.912257506464549,1.0,train
BH,'13_1_x1.6,13_1,Dataset/3_ROI/MEGA_AUG/aug_npz/BH_13_1_13_1_x1.6.npz,563,9,0.0,35.318684,"forehead_strip,left_cheek_big,right_cheek_big",,15.912257506464549,1.0,train
BH,'13_1_x1.8,13_1,Dataset/3_ROI/MEGA_AUG/aug_npz/BH_13_1_13_1_x1.8.npz,501,9,0.0,31.422317,"forehead_strip,left_cheek_big,right_cheek_big",,15.912257506464549,1.0,train
BH,'13_2,13_2,Dataset/3_ROI/BH_RAW/13_2.npz,901,9,0.0,59.82107186317444,"forehead_strip,left_cheek_big,right_cheek_big",,15.912438611234332,1.0,train
BH,'13_2_x0.65,13_2,Dataset/3_ROI/MEGA_AUG/aug_npz/BH_13_2_13_2_x0.65.npz,1386,9,0.0,87.038828,"forehead_strip,left_cheek_big,right_cheek_big",,15.912438611234332,1.0,train
BH,'13_2_x0.75,13_2,Dataset/3_ROI/MEGA_AUG/aug_npz/BH_13_2_13_2_x0.75.npz,1201,9,0.0,75.412703,"forehead_strip,left_cheek_big,right_cheek_big",,15.912438611234332,1.0,train
BH,'13_2_x1.2,13_2,Dataset/3_ROI/MEGA_AUG/aug_npz/BH_13_2_13_2_x1.2.npz,751,9,0.0,47.132939,"forehead_strip,left_cheek_big,right_cheek_big",,15.912438611234332,1.0,train
BH,'13_2_x1.4,13_2,Dataset/3_ROI/MEGA_AUG/aug_npz/BH_13_2_13_2_x1.4.npz,644,9,0.0,40.408640,"forehead_strip,left_cheek_big,right_cheek_big",,15.912438611234332,1.0,train
BH,'13_2_x1.6,13_2,Dataset/3_ROI/MEGA_AUG/aug_npz/BH_13_2_13_2_x1.6.npz,563,9,0.0,35.318282,"forehead_strip,left_cheek_big,right_cheek_big",,15.912438611234332,1.0,train
BH,'13_2_x1.8,13_2,Dataset/3_ROI/MEGA_AUG/aug_npz/BH_13_2_13_2_x1.8.npz,501,9,0.0,31.421959,"forehead_strip,left_cheek_big,right_cheek_big",,15.912438611234332,1.0,train
BH,'14_0,14_0,Dataset/3_ROI/BH_RAW/14_0.npz,901,9,0.0,60.281785011291504,"forehead_strip,left_cheek_big,right_cheek_big",,15.91026562603813,1.0,train
BH,'14_0_x0.55,14_0,Dataset/3_ROI/MEGA_AUG/aug_npz/BH_14_0_14_0_x0.55.npz,1638,9,0.0,102.889546,"forehead_strip,left_cheek_big,right_cheek_big",,15.91026562603813,1.0,train
BH,'14_0_x0.65,14_0,Dataset/3_ROI/MEGA_AUG/aug_npz/BH_14_0_14_0_x0.65.npz,1386,9,0.0,87.050715,"forehead_strip,left_cheek_big,right_cheek_big",,15.91026562603813,1.0,train
BH,'14_0_x0.75,14_0,Dataset/3_ROI/MEGA_AUG/aug_npz/BH_14_0_14_0_x0.75.npz,1201,9,0.0,75.423002,"forehead_strip,left_cheek_big,right_cheek_big",,15.91026562603813,1.0,train
BH,'14_0_x1.2,14_0,Dataset/3_ROI/MEGA_AUG/aug_npz/BH_14_0_14_0_x1.2.npz,751,9,0.0,47.139376,"forehead_strip,left_cheek_big,right_cheek_big",,15.91026562603813,1.0,train
BH,'14_0_x1.4,14_0,Dataset/3_ROI/MEGA_AUG/aug_npz/BH_14_0_14_0_x1.4.npz,644,9,0.0,40.414159,"forehead_strip,left_cheek_big,right_cheek_big",,15.91026562603813,1.0,train
BH,'14_0_x1.6,14_0,Dataset/3_ROI/MEGA_AUG/aug_npz/BH_14_0_14_0_x1.6.npz,563,9,0.0,35.323106,"forehead_strip,left_cheek_big,right_cheek_big",,15.91026562603813,1.0,train
BH,'14_0_x1.8,14_0,Dataset/3_ROI/MEGA_AUG/aug_npz/BH_14_0_14_0_x1.8.npz,501,9,0.0,31.426251,"forehead_strip,left_cheek_big,right_cheek_big",,15.91026562603813,1.0,train
BH,'14_1,14_1,Dataset/3_ROI/BH_RAW/14_1.npz,901,9,0.0,60.14885902404785,"forehead_strip,left_cheek_big,right_cheek_big",,15.907520063109668,1.0,train
BH,'14_1_x0.55,14_1,Dataset/3_ROI/MEGA_AUG/aug_npz/BH_14_1_14_1_x0.55.npz,1638,9,0.0,102.907304,"forehead_strip,left_cheek_big,right_cheek_big",,15.907520063109668,1.0,train
BH,'14_1_x0.65,14_1,Dataset/3_ROI/MEGA_AUG/aug_npz/BH_14_1_14_1_x0.65.npz,1386,9,0.0,87.065740,"forehead_strip,left_cheek_big,right_cheek_big",,15.907520063109668,1.0,train
BH,'14_1_x0.75,14_1,Dataset/3_ROI/MEGA_AUG/aug_npz/BH_14_1_14_1_x0.75.npz,1201,9,0.0,75.436020,"forehead_strip,left_cheek_big,right_cheek_big",,15.907520063109668,1.0,train
BH,'14_1_x1.2,14_1,Dataset/3_ROI/MEGA_AUG/aug_npz/BH_14_1_14_1_x1.2.npz,751,9,0.0,47.147512,"forehead_strip,left_cheek_big,right_cheek_big",,15.907520063109668,1.0,train
BH,'14_1_x1.4,14_1,Dataset/3_ROI/MEGA_AUG/aug_npz/BH_14_1_14_1_x1.4.npz,644,9,0.0,40.421134,"forehead_strip,left_cheek_big,right_cheek_big",,15.907520063109668,1.0,train
BH,'14_1_x1.6,14_1,Dataset/3_ROI/MEGA_AUG/aug_npz/BH_14_1_14_1_x1.6.npz,563,9,0.0,35.329203,"forehead_strip,left_cheek_big,right_cheek_big",,15.907520063109668,1.0,train
BH,'14_1_x1.8,14_1,Dataset/3_ROI/MEGA_AUG/aug_npz/BH_14_1_14_1_x1.8.npz,501,9,0.0,31.431675,"forehead_strip,left_cheek_big,right_cheek_big",,15.907520063109668,1.0,train
BH,'14_2,14_2,Dataset/3_ROI/BH_RAW/14_2.npz,901,9,0.0,60.079752922058105,"forehead_strip,left_cheek_big,right_cheek_big",,15.907580394966097,1.0,train
BH,'14_2_x0.55,14_2,Dataset/3_ROI/MEGA_AUG/aug_npz/BH_14_2_14_2_x0.55.npz,1638,9,0.0,102.906914,"forehead_strip,left_cheek_big,right_cheek_big",,15.907580394966097,1.0,train
BH,'14_2_x0.65,14_2,Dataset/3_ROI/MEGA_AUG/aug_npz/BH_14_2_14_2_x0.65.npz,1386,9,0.0,87.065409,"forehead_strip,left_cheek_big,right_cheek_big",,15.907580394966097,1.0,train
BH,'14_2_x0.75,14_2,Dataset/3_ROI/MEGA_AUG/aug_npz/BH_14_2_14_2_x0.75.npz,1201,9,0.0,75.435734,"forehead_strip,left_cheek_big,right_cheek_big",,15.907580394966097,1.0,train
BH,'14_2_x1.2,14_2,Dataset/3_ROI/MEGA_AUG/aug_npz/BH_14_2_14_2_x1.2.npz,751,9,0.0,47.147334,"forehead_strip,left_cheek_big,right_cheek_big",,15.907580394966097,1.0,train
BH,'14_2_x1.4,14_2,Dataset/3_ROI/MEGA_AUG/aug_npz/BH_14_2_14_2_x1.4.npz,644,9,0.0,40.420981,"forehead_strip,left_cheek_big,right_cheek_big",,15.907580394966097,1.0,train
BH,'14_2_x1.6,14_2,Dataset/3_ROI/MEGA_AUG/aug_npz/BH_14_2_14_2_x1.6.npz,563,9,0.0,35.329069,"forehead_strip,left_cheek_big,right_cheek_big",,15.907580394966097,1.0,train
BH,'14_2_x1.8,14_2,Dataset/3_ROI/MEGA_AUG/aug_npz/BH_14_2_14_2_x1.8.npz,501,9,0.0,31.431556,"forehead_strip,left_cheek_big,right_cheek_big",,15.907580394966097,1.0,train
BH,'15_0,15_0,Dataset/3_ROI/BH_RAW/15_0.npz,901,9,0.0,60.2127799987793,"forehead_strip,left_cheek_big,right_cheek_big",,15.912710276117208,1.0,train
BH,'15_0_x0.65,15_0,Dataset/3_ROI/MEGA_AUG/aug_npz/BH_15_0_15_0_x0.65.npz,1386,9,0.0,87.037342,"forehead_strip,left_cheek_big,right_cheek_big",,15.912710276117208,1.0,train
BH,'15_0_x0.75,15_0,Dataset/3_ROI/MEGA_AUG/aug_npz/BH_15_0_15_0_x0.75.npz,1201,9,0.0,75.411415,"forehead_strip,left_cheek_big,right_cheek_big",,15.912710276117208,1.0,train
BH,'15_0_x1.2,15_0,Dataset/3_ROI/MEGA_AUG/aug_npz/BH_15_0_15_0_x1.2.npz,751,9,0.0,47.132134,"forehead_strip,left_cheek_big,right_cheek_big",,15.912710276117208,1.0,train
BH,'15_0_x1.4,15_0,Dataset/3_ROI/MEGA_AUG/aug_npz/BH_15_0_15_0_x1.4.npz,644,9,0.0,40.407950,"forehead_strip,left_cheek_big,right_cheek_big",,15.912710276117208,1.0,train
BH,'15_0_x1.6,15_0,Dataset/3_ROI/MEGA_AUG/aug_npz/BH_15_0_15_0_x1.6.npz,563,9,0.0,35.317679,"forehead_strip,left_cheek_big,right_cheek_big",,15.912710276117208,1.0,train
BH,'15_0_x1.8,15_0,Dataset/3_ROI/MEGA_AUG/aug_npz/BH_15_0_15_0_x1.8.npz,501,9,0.0,31.421423,"forehead_strip,left_cheek_big,right_cheek_big",,15.912710276117208,1.0,train
BH,'15_1,15_1,Dataset/3_ROI/BH_RAW/15_1.npz,901,9,0.0,60.14214086532593,"forehead_strip,left_cheek_big,right_cheek_big",,15.91041650861088,1.0,train
BH,'15_1_x0.65,15_1,Dataset/3_ROI/MEGA_AUG/aug_npz/BH_15_1_15_1_x0.65.npz,1386,9,0.0,87.049890,"forehead_strip,left_cheek_big,right_cheek_big",,15.91041650861088,1.0,train
BH,'15_1_x0.75,15_1,Dataset/3_ROI/MEGA_AUG/aug_npz/BH_15_1_15_1_x0.75.npz,1201,9,0.0,75.422287,"forehead_strip,left_cheek_big,right_cheek_big",,15.91041650861088,1.0,train
BH,'15_1_x1.2,15_1,Dataset/3_ROI/MEGA_AUG/aug_npz/BH_15_1_15_1_x1.2.npz,751,9,0.0,47.138929,"forehead_strip,left_cheek_big,right_cheek_big",,15.91041650861088,1.0,train
BH,'15_1_x1.4,15_1,Dataset/3_ROI/MEGA_AUG/aug_npz/BH_15_1_15_1_x1.4.npz,644,9,0.0,40.413775,"forehead_strip,left_cheek_big,right_cheek_big",,15.91041650861088,1.0,train
BH,'15_1_x1.6,15_1,Dataset/3_ROI/MEGA_AUG/aug_npz/BH_15_1_15_1_x1.6.npz,563,9,0.0,35.322771,"forehead_strip,left_cheek_big,right_cheek_big",,15.91041650861088,1.0,train
BH,'15_1_x1.8,15_1,Dataset/3_ROI/MEGA_AUG/aug_npz/BH_15_1_15_1_x1.8.npz,501,9,0.0,31.425953,"forehead_strip,left_cheek_big,right_cheek_big",,15.91041650861088,1.0,train
BH,'15_2,15_2,Dataset/3_ROI/BH_RAW/15_2.npz,901,9,0.0,60.13126707077026,"forehead_strip,left_cheek_big,right_cheek_big",,15.909782821031763,1.0,train
BH,'15_2_x0.75,15_2,Dataset/3_ROI/MEGA_AUG/aug_npz/BH_15_2_15_2_x0.75.npz,1201,9,0.0,75.425291,"forehead_strip,left_cheek_big,right_cheek_big",,15.909782821031763,1.0,train
BH,'15_2_x1.2,15_2,Dataset/3_ROI/MEGA_AUG/aug_npz/BH_15_2_15_2_x1.2.npz,751,9,0.0,47.140807,"forehead_strip,left_cheek_big,right_cheek_big",,15.909782821031763,1.0,train
BH,'15_2_x1.4,15_2,Dataset/3_ROI/MEGA_AUG/aug_npz/BH_15_2_15_2_x1.4.npz,644,9,0.0,40.415385,"forehead_strip,left_cheek_big,right_cheek_big",,15.909782821031763,1.0,train
BH,'15_2_x1.6,15_2,Dataset/3_ROI/MEGA_AUG/aug_npz/BH_15_2_15_2_x1.6.npz,563,9,0.0,35.324178,"forehead_strip,left_cheek_big,right_cheek_big",,15.909782821031763,1.0,train
BH,'15_2_x1.8,15_2,Dataset/3_ROI/MEGA_AUG/aug_npz/BH_15_2_15_2_x1.8.npz,501,9,0.0,31.427205,"forehead_strip,left_cheek_big,right_cheek_big",,15.909782821031763,1.0,train
BH,'16_0,16_0,Dataset/3_ROI/BH_RAW/16_0.npz,901,9,0.0,60.01929998397827,"forehead_strip,left_cheek_big,right_cheek_big",,15.910748460346452,1.0,train
BH,'16_0_x0.55,16_0,Dataset/3_ROI/MEGA_AUG/aug_npz/BH_16_0_16_0_x0.55.npz,1638,9,0.0,102.886423,"forehead_strip,left_cheek_big,right_cheek_big",,15.910748460346452,1.0,train
BH,'16_0_x0.65,16_0,Dataset/3_ROI/MEGA_AUG/aug_npz/BH_16_0_16_0_x0.65.npz,1386,9,0.0,87.048073,"forehead_strip,left_cheek_big,right_cheek_big",,15.910748460346452,1.0,train
BH,'16_0_x0.75,16_0,Dataset/3_ROI/MEGA_AUG/aug_npz/BH_16_0_16_0_x0.75.npz,1201,9,0.0,75.420713,"forehead_strip,left_cheek_big,right_cheek_big",,15.910748460346452,1.0,train
BH,'16_0_x1.2,16_0,Dataset/3_ROI/MEGA_AUG/aug_npz/BH_16_0_16_0_x1.2.npz,751,9,0.0,47.137946,"forehead_strip,left_cheek_big,right_cheek_big",,15.910748460346452,1.0,train
BH,'16_0_x1.4,16_0,Dataset/3_ROI/MEGA_AUG/aug_npz/BH_16_0_16_0_x1.4.npz,644,9,0.0,40.412932,"forehead_strip,left_cheek_big,right_cheek_big",,15.910748460346452,1.0,train
BH,'16_0_x1.6,16_0,Dataset/3_ROI/MEGA_AUG/aug_npz/BH_16_0_16_0_x1.6.npz,563,9,0.0,35.322034,"forehead_strip,left_cheek_big,right_cheek_big",,15.910748460346452,1.0,train
BH,'16_0_x1.8,16_0,Dataset/3_ROI/MEGA_AUG/aug_npz/BH_16_0_16_0_x1.8.npz,501,9,0.0,31.425297,"forehead_strip,left_cheek_big,right_cheek_big",,15.910748460346452,1.0,train
BH,'16_1,16_1,Dataset/3_ROI/BH_RAW/16_1.npz,901,9,0.0,60.03278994560242,"forehead_strip,left_cheek_big,right_cheek_big",,15.912287690305757,1.0,train
BH,'16_1_x0.55,16_1,Dataset/3_ROI/MEGA_AUG/aug_npz/BH_16_1_16_1_x0.55.npz,1638,9,0.0,102.876471,"forehead_strip,left_cheek_big,right_cheek_big",,15.912287690305757,1.0,train
BH,'16_1_x0.65,16_1,Dataset/3_ROI/MEGA_AUG/aug_npz/BH_16_1_16_1_x0.65.npz,1386,9,0.0,87.039653,"forehead_strip,left_cheek_big,right_cheek_big",,15.912287690305757,1.0,train
BH,'16_1_x0.75,16_1,Dataset/3_ROI/MEGA_AUG/aug_npz/BH_16_1_16_1_x0.75.npz,1201,9,0.0,75.413418,"forehead_strip,left_cheek_big,right_cheek_big",,15.912287690305757,1.0,train
BH,'16_1_x1.2,16_1,Dataset/3_ROI/MEGA_AUG/aug_npz/BH_16_1_16_1_x1.2.npz,751,9,0.0,47.133386,"forehead_strip,left_cheek_big,right_cheek_big",,15.912287690305757,1.0,train
BH,'16_1_x1.4,16_1,Dataset/3_ROI/MEGA_AUG/aug_npz/BH_16_1_16_1_x1.4.npz,644,9,0.0,40.409023,"forehead_strip,left_cheek_big,right_cheek_big",,15.912287690305757,1.0,train
BH,'16_1_x1.6,16_1,Dataset/3_ROI/MEGA_AUG/aug_npz/BH_16_1_16_1_x1.6.npz,563,9,0.0,35.318617,"forehead_strip,left_cheek_big,right_cheek_big",,15.912287690305757,1.0,train
BH,'16_1_x1.8,16_1,Dataset/3_ROI/MEGA_AUG/aug_npz/BH_16_1_16_1_x1.8.npz,501,9,0.0,31.422257,"forehead_strip,left_cheek_big,right_cheek_big",,15.912287690305757,1.0,train
BH,'16_2,16_2,Dataset/3_ROI/BH_RAW/16_2.npz,901,9,0.0,59.93248009681702,"forehead_strip,left_cheek_big,right_cheek_big",,15.910144922038285,1.0,train
BH,'16_2_x0.65,16_2,Dataset/3_ROI/MEGA_AUG/aug_npz/BH_16_2_16_2_x0.65.npz,1386,9,0.0,87.051376,"forehead_strip,left_cheek_big,right_cheek_big",,15.910144922038285,1.0,train
BH,'16_2_x0.75,16_2,Dataset/3_ROI/MEGA_AUG/aug_npz/BH_16_2_16_2_x0.75.npz,1201,9,0.0,75.423574,"forehead_strip,left_cheek_big,right_cheek_big",,15.910144922038285,1.0,train
BH,'16_2_x1.2,16_2,Dataset/3_ROI/MEGA_AUG/aug_npz/BH_16_2_16_2_x1.2.npz,751,9,0.0,47.139734,"forehead_strip,left_cheek_big,right_cheek_big",,15.910144922038285,1.0,train
BH,'16_2_x1.4,16_2,Dataset/3_ROI/MEGA_AUG/aug_npz/BH_16_2_16_2_x1.4.npz,644,9,0.0,40.414465,"forehead_strip,left_cheek_big,right_cheek_big",,15.910144922038285,1.0,train
BH,'16_2_x1.6,16_2,Dataset/3_ROI/MEGA_AUG/aug_npz/BH_16_2_16_2_x1.6.npz,563,9,0.0,35.323374,"forehead_strip,left_cheek_big,right_cheek_big",,15.910144922038285,1.0,train
BH,'16_2_x1.8,16_2,Dataset/3_ROI/MEGA_AUG/aug_npz/BH_16_2_16_2_x1.8.npz,501,9,0.0,31.426489,"forehead_strip,left_cheek_big,right_cheek_big",,15.910144922038285,1.0,train
BH,'17_0,17_0,Dataset/3_ROI/BH_RAW/17_0.npz,901,9,0.0,60.30886793136597,"forehead_strip,left_cheek_big,right_cheek_big",,15.9126800906728,1.0,train
BH,'17_0_x0.55,17_0,Dataset/3_ROI/MEGA_AUG/aug_npz/BH_17_0_17_0_x0.55.npz,1638,9,0.0,102.873934,"forehead_strip,left_cheek_big,right_cheek_big",,15.9126800906728,1.0,train
BH,'17_0_x0.65,17_0,Dataset/3_ROI/MEGA_AUG/aug_npz/BH_17_0_17_0_x0.65.npz,1386,9,0.0,87.037507,"forehead_strip,left_cheek_big,right_cheek_big",,15.9126800906728,1.0,train
BH,'17_0_x0.75,17_0,Dataset/3_ROI/MEGA_AUG/aug_npz/BH_17_0_17_0_x0.75.npz,1201,9,0.0,75.411558,"forehead_strip,left_cheek_big,right_cheek_big",,15.9126800906728,1.0,train
BH,'17_0_x1.2,17_0,Dataset/3_ROI/MEGA_AUG/aug_npz/BH_17_0_17_0_x1.2.npz,751,9,0.0,47.132224,"forehead_strip,left_cheek_big,right_cheek_big",,15.9126800906728,1.0,train
BH,'17_0_x1.4,17_0,Dataset/3_ROI/MEGA_AUG/aug_npz/BH_17_0_17_0_x1.4.npz,644,9,0.0,40.408027,"forehead_strip,left_cheek_big,right_cheek_big",,15.9126800906728,1.0,train
BH,'17_0_x1.6,17_0,Dataset/3_ROI/MEGA_AUG/aug_npz/BH_17_0_17_0_x1.6.npz,563,9,0.0,35.317746,"forehead_strip,left_cheek_big,right_cheek_big",,15.9126800906728,1.0,train
BH,'17_0_x1.8,17_0,Dataset/3_ROI/MEGA_AUG/aug_npz/BH_17_0_17_0_x1.8.npz,501,9,0.0,31.421483,"forehead_strip,left_cheek_big,right_cheek_big",,15.9126800906728,1.0,train
BH,'17_1,17_1,Dataset/3_ROI/BH_RAW/17_1.npz,901,9,0.0,60.33545184135437,"forehead_strip,left_cheek_big,right_cheek_big",,15.91138222485243,1.0,train
BH,'17_1_x0.55,17_1,Dataset/3_ROI/MEGA_AUG/aug_npz/BH_17_1_17_1_x0.55.npz,1638,9,0.0,102.882325,"forehead_strip,left_cheek_big,right_cheek_big",,15.91138222485243,1.0,train
BH,'17_1_x0.65,17_1,Dataset/3_ROI/MEGA_AUG/aug_npz/BH_17_1_17_1_x0.65.npz,1386,9,0.0,87.044606,"forehead_strip,left_cheek_big,right_cheek_big",,15.91138222485243,1.0,train
BH,'17_1_x0.75,17_1,Dataset/3_ROI/MEGA_AUG/aug_npz/BH_17_1_17_1_x0.75.npz,1201,9,0.0,75.417709,"forehead_strip,left_cheek_big,right_cheek_big",,15.91138222485243,1.0,train
BH,'17_1_x1.2,17_1,Dataset/3_ROI/MEGA_AUG/aug_npz/BH_17_1_17_1_x1.2.npz,751,9,0.0,47.136068,"forehead_strip,left_cheek_big,right_cheek_big",,15.91138222485243,1.0,train
BH,'17_1_x1.4,17_1,Dataset/3_ROI/MEGA_AUG/aug_npz/BH_17_1_17_1_x1.4.npz,644,9,0.0,40.411323,"forehead_strip,left_cheek_big,right_cheek_big",,15.91138222485243,1.0,train
BH,'17_1_x1.6,17_1,Dataset/3_ROI/MEGA_AUG/aug_npz/BH_17_1_17_1_x1.6.npz,563,9,0.0,35.320627,"forehead_strip,left_cheek_big,right_cheek_big",,15.91138222485243,1.0,train
BH,'17_1_x1.8,17_1,Dataset/3_ROI/MEGA_AUG/aug_npz/BH_17_1_17_1_x1.8.npz,501,9,0.0,31.424046,"forehead_strip,left_cheek_big,right_cheek_big",,15.91138222485243,1.0,train
BH,'17_2,17_2,Dataset/3_ROI/BH_RAW/17_2.npz,901,9,0.0,46.124629974365234,"forehead_strip,left_cheek_big,right_cheek_big",,21.32720445225163,1.0,train
BH,'17_2_x0.55,17_2,Dataset/3_ROI/MEGA_AUG/aug_npz/BH_17_2_17_2_x0.55.npz,1638,9,0.0,76.756426,"forehead_strip,left_cheek_big,right_cheek_big",,21.32720445225163,1.0,train
BH,'17_2_x0.65,17_2,Dataset/3_ROI/MEGA_AUG/aug_npz/BH_17_2_17_2_x0.65.npz,1386,9,0.0,64.940532,"forehead_strip,left_cheek_big,right_cheek_big",,21.32720445225163,1.0,train
BH,'17_2_x0.75,17_2,Dataset/3_ROI/MEGA_AUG/aug_npz/BH_17_2_17_2_x0.75.npz,1201,9,0.0,56.266165,"forehead_strip,left_cheek_big,right_cheek_big",,21.32720445225163,1.0,train
BH,'17_2_x1.2,17_2,Dataset/3_ROI/MEGA_AUG/aug_npz/BH_17_2_17_2_x1.2.npz,751,9,0.0,35.166353,"forehead_strip,left_cheek_big,right_cheek_big",,21.32720445225163,1.0,train
BH,'17_2_x1.4,17_2,Dataset/3_ROI/MEGA_AUG/aug_npz/BH_17_2_17_2_x1.4.npz,644,9,0.0,30.149287,"forehead_strip,left_cheek_big,right_cheek_big",,21.32720445225163,1.0,train
BH,'17_2_x1.6,17_2,Dataset/3_ROI/MEGA_AUG/aug_npz/BH_17_2_17_2_x1.6.npz,563,9,0.0,26.351321,"forehead_strip,left_cheek_big,right_cheek_big",,21.32720445225163,1.0,train
BH,'17_2_x1.8,17_2,Dataset/3_ROI/MEGA_AUG/aug_npz/BH_17_2_17_2_x1.8.npz,501,9,0.0,23.444235,"forehead_strip,left_cheek_big,right_cheek_big",,21.32720445225163,1.0,train
BH,'18_0,18_0,Dataset/3_ROI/BH_RAW/18_0.npz,901,9,0.0,60.2577838897705,"forehead_strip,left_cheek_big,right_cheek_big",,15.914098930410043,1.0,train
BH,'18_0_x0.75,18_0,Dataset/3_ROI/MEGA_AUG/aug_npz/BH_18_0_18_0_x0.75.npz,1201,9,0.0,75.404835,"forehead_strip,left_cheek_big,right_cheek_big",,15.914098930410043,1.0,train
BH,'18_0_x1.2,18_0,Dataset/3_ROI/MEGA_AUG/aug_npz/BH_18_0_18_0_x1.2.npz,751,9,0.0,47.128022,"forehead_strip,left_cheek_big,right_cheek_big",,15.914098930410043,1.0,train
BH,'18_0_x1.4,18_0,Dataset/3_ROI/MEGA_AUG/aug_npz/BH_18_0_18_0_x1.4.npz,644,9,0.0,40.404424,"forehead_strip,left_cheek_big,right_cheek_big",,15.914098930410043,1.0,train
BH,'18_0_x1.6,18_0,Dataset/3_ROI/MEGA_AUG/aug_npz/BH_18_0_18_0_x1.6.npz,563,9,0.0,35.314598,"forehead_strip,left_cheek_big,right_cheek_big",,15.914098930410043,1.0,train
BH,'18_0_x1.8,18_0,Dataset/3_ROI/MEGA_AUG/aug_npz/BH_18_0_18_0_x1.8.npz,501,9,0.0,31.418681,"forehead_strip,left_cheek_big,right_cheek_big",,15.914098930410043,1.0,train
BH,'18_1,18_1,Dataset/3_ROI/BH_RAW/18_1.npz,901,9,0.0,60.40424108505249,"forehead_strip,left_cheek_big,right_cheek_big",,15.90999404461608,1.0,train
BH,'18_1_x0.75,18_1,Dataset/3_ROI/MEGA_AUG/aug_npz/BH_18_1_18_1_x0.75.npz,1201,9,0.0,75.424290,"forehead_strip,left_cheek_big,right_cheek_big",,15.90999404461608,1.0,train
BH,'18_1_x1.2,18_1,Dataset/3_ROI/MEGA_AUG/aug_npz/BH_18_1_18_1_x1.2.npz,751,9,0.0,47.140181,"forehead_strip,left_cheek_big,right_cheek_big",,15.90999404461608,1.0,train
BH,'18_1_x1.4,18_1,Dataset/3_ROI/MEGA_AUG/aug_npz/BH_18_1_18_1_x1.4.npz,644,9,0.0,40.414849,"forehead_strip,left_cheek_big,right_cheek_big",,15.90999404461608,1.0,train
BH,'18_1_x1.6,18_1,Dataset/3_ROI/MEGA_AUG/aug_npz/BH_18_1_18_1_x1.6.npz,563,9,0.0,35.323709,"forehead_strip,left_cheek_big,right_cheek_big",,15.90999404461608,1.0,train
BH,'18_1_x1.8,18_1,Dataset/3_ROI/MEGA_AUG/aug_npz/BH_18_1_18_1_x1.8.npz,501,9,0.0,31.426787,"forehead_strip,left_cheek_big,right_cheek_big",,15.90999404461608,1.0,train
BH,'18_2,18_2,Dataset/3_ROI/BH_RAW/18_2.npz,901,9,0.0,60.08440113067626,"forehead_strip,left_cheek_big,right_cheek_big",,15.906705627813016,1.0,train
BH,'18_2_x0.75,18_2,Dataset/3_ROI/MEGA_AUG/aug_npz/BH_18_2_18_2_x0.75.npz,1201,9,0.0,75.439882,"forehead_strip,left_cheek_big,right_cheek_big",,15.906705627813016,1.0,train
BH,'18_2_x1.2,18_2,Dataset/3_ROI/MEGA_AUG/aug_npz/BH_18_2_18_2_x1.2.npz,751,9,0.0,47.149926,"forehead_strip,left_cheek_big,right_cheek_big",,15.906705627813016,1.0,train
BH,'18_2_x1.4,18_2,Dataset/3_ROI/MEGA_AUG/aug_npz/BH_18_2_18_2_x1.4.npz,644,9,0.0,40.423204,"forehead_strip,left_cheek_big,right_cheek_big",,15.906705627813016,1.0,train
BH,'18_2_x1.6,18_2,Dataset/3_ROI/MEGA_AUG/aug_npz/BH_18_2_18_2_x1.6.npz,563,9,0.0,35.331012,"forehead_strip,left_cheek_big,right_cheek_big",,15.906705627813016,1.0,train
BH,'18_2_x1.8,18_2,Dataset/3_ROI/MEGA_AUG/aug_npz/BH_18_2_18_2_x1.8.npz,501,9,0.0,31.433284,"forehead_strip,left_cheek_big,right_cheek_big",,15.906705627813016,1.0,train
BH,'19_0,19_0,Dataset/3_ROI/BH_RAW/19_0.npz,901,9,0.0,60.86209988594055,"forehead_strip,left_cheek_big,right_cheek_big",,15.913706460064232,1.0,train
BH,'19_0_x0.55,19_0,Dataset/3_ROI/MEGA_AUG/aug_npz/BH_19_0_19_0_x0.55.npz,1638,9,0.0,102.867299,"forehead_strip,left_cheek_big,right_cheek_big",,15.913706460064232,1.0,train
BH,'19_0_x0.65,19_0,Dataset/3_ROI/MEGA_AUG/aug_npz/BH_19_0_19_0_x0.65.npz,1386,9,0.0,87.031893,"forehead_strip,left_cheek_big,right_cheek_big",,15.913706460064232,1.0,train
BH,'19_0_x0.75,19_0,Dataset/3_ROI/MEGA_AUG/aug_npz/BH_19_0_19_0_x0.75.npz,1201,9,0.0,75.406694,"forehead_strip,left_cheek_big,right_cheek_big",,15.913706460064232,1.0,train
BH,'19_0_x1.2,19_0,Dataset/3_ROI/MEGA_AUG/aug_npz/BH_19_0_19_0_x1.2.npz,751,9,0.0,47.129184,"forehead_strip,left_cheek_big,right_cheek_big",,15.913706460064232,1.0,train
BH,'19_0_x1.4,19_0,Dataset/3_ROI/MEGA_AUG/aug_npz/BH_19_0_19_0_x1.4.npz,644,9,0.0,40.405420,"forehead_strip,left_cheek_big,right_cheek_big",,15.913706460064232,1.0,train
BH,'19_0_x1.6,19_0,Dataset/3_ROI/MEGA_AUG/aug_npz/BH_19_0_19_0_x1.6.npz,563,9,0.0,35.315469,"forehead_strip,left_cheek_big,right_cheek_big",,15.913706460064232,1.0,train
BH,'19_0_x1.8,19_0,Dataset/3_ROI/MEGA_AUG/aug_npz/BH_19_0_19_0_x1.8.npz,501,9,0.0,31.419456,"forehead_strip,left_cheek_big,right_cheek_big",,15.913706460064232,1.0,train
BH,'19_1,19_1,Dataset/3_ROI/BH_RAW/19_1.npz,901,9,0.0,60.53749704360962,"forehead_strip,left_cheek_big,right_cheek_big",,15.913314009075544,1.0,train
BH,'19_1_x0.55,19_1,Dataset/3_ROI/MEGA_AUG/aug_npz/BH_19_1_19_1_x0.55.npz,1638,9,0.0,102.869836,"forehead_strip,left_cheek_big,right_cheek_big",,15.913314009075544,1.0,train
BH,'19_1_x0.65,19_1,Dataset/3_ROI/MEGA_AUG/aug_npz/BH_19_1_19_1_x0.65.npz,1386,9,0.0,87.034039,"forehead_strip,left_cheek_big,right_cheek_big",,15.913314009075544,1.0,train
BH,'19_1_x0.75,19_1,Dataset/3_ROI/MEGA_AUG/aug_npz/BH_19_1_19_1_x0.75.npz,1201,9,0.0,75.408554,"forehead_strip,left_cheek_big,right_cheek_big",,15.913314009075544,1.0,train
BH,'19_1_x1.2,19_1,Dataset/3_ROI/MEGA_AUG/aug_npz/BH_19_1_19_1_x1.2.npz,751,9,0.0,47.130346,"forehead_strip,left_cheek_big,right_cheek_big",,15.913314009075544,1.0,train
BH,'19_1_x1.4,19_1,Dataset/3_ROI/MEGA_AUG/aug_npz/BH_19_1_19_1_x1.4.npz,644,9,0.0,40.406417,"forehead_strip,left_cheek_big,right_cheek_big",,15.913314009075544,1.0,train
BH,'19_1_x1.6,19_1,Dataset/3_ROI/MEGA_AUG/aug_npz/BH_19_1_19_1_x1.6.npz,563,9,0.0,35.316339,"forehead_strip,left_cheek_big,right_cheek_big",,15.913314009075544,1.0,train
BH,'19_1_x1.8,19_1,Dataset/3_ROI/MEGA_AUG/aug_npz/BH_19_1_19_1_x1.8.npz,501,9,0.0,31.420231,"forehead_strip,left_cheek_big,right_cheek_big",,15.913314009075544,1.0,train
BH,'19_2,19_2,Dataset/3_ROI/BH_RAW/19_2.npz,901,9,0.0,46.63220906257629,"forehead_strip,left_cheek_big,right_cheek_big",,21.319236751415488,1.0,train
BH,'19_2_x0.55,19_2,Dataset/3_ROI/MEGA_AUG/aug_npz/BH_19_2_19_2_x0.55.npz,1638,9,0.0,76.785113,"forehead_strip,left_cheek_big,right_cheek_big",,21.319236751415488,1.0,train
BH,'19_2_x0.65,19_2,Dataset/3_ROI/MEGA_AUG/aug_npz/BH_19_2_19_2_x0.65.npz,1386,9,0.0,64.964802,"forehead_strip,left_cheek_big,right_cheek_big",,21.319236751415488,1.0,train
BH,'19_2_x0.75,19_2,Dataset/3_ROI/MEGA_AUG/aug_npz/BH_19_2_19_2_x0.75.npz,1201,9,0.0,56.287193,"forehead_strip,left_cheek_big,right_cheek_big",,21.319236751415488,1.0,train
BH,'19_2_x1.2,19_2,Dataset/3_ROI/MEGA_AUG/aug_npz/BH_19_2_19_2_x1.2.npz,751,9,0.0,35.179496,"forehead_strip,left_cheek_big,right_cheek_big",,21.319236751415488,1.0,train
BH,'19_2_x1.4,19_2,Dataset/3_ROI/MEGA_AUG/aug_npz/BH_19_2_19_2_x1.4.npz,644,9,0.0,30.160554,"forehead_strip,left_cheek_big,right_cheek_big",,21.319236751415488,1.0,train
BH,'19_2_x1.6,19_2,Dataset/3_ROI/MEGA_AUG/aug_npz/BH_19_2_19_2_x1.6.npz,563,9,0.0,26.361169,"forehead_strip,left_cheek_big,right_cheek_big",,21.319236751415488,1.0,train
BH,'19_2_x1.8,19_2,Dataset/3_ROI/MEGA_AUG/aug_npz/BH_19_2_19_2_x1.8.npz,501,9,0.0,23.452997,"forehead_strip,left_cheek_big,right_cheek_big",,21.319236751415488,1.0,train
BH,'1_0,1_0,Dataset/3_ROI/BH_RAW/1_0.npz,901,9,0.0,61.07023811340332,"forehead_strip,left_cheek_big,right_cheek_big",,15.915910582896,1.0,train
BH,'1_0_x0.55,1_0,Dataset/3_ROI/MEGA_AUG/aug_npz/BH_1_0_1_0_x0.55.npz,1638,9,0.0,102.853053,"forehead_strip,left_cheek_big,right_cheek_big",,15.915910582896,1.0,train
BH,'1_0_x0.65,1_0,Dataset/3_ROI/MEGA_AUG/aug_npz/BH_1_0_1_0_x0.65.npz,1386,9,0.0,87.019840,"forehead_strip,left_cheek_big,right_cheek_big",,15.915910582896,1.0,train
BH,'1_0_x0.75,1_0,Dataset/3_ROI/MEGA_AUG/aug_npz/BH_1_0_1_0_x0.75.npz,1201,9,0.0,75.396252,"forehead_strip,left_cheek_big,right_cheek_big",,15.915910582896,1.0,train
BH,'1_0_x1.2,1_0,Dataset/3_ROI/MEGA_AUG/aug_npz/BH_1_0_1_0_x1.2.npz,751,9,0.0,47.122657,"forehead_strip,left_cheek_big,right_cheek_big",,15.915910582896,1.0,train
BH,'1_0_x1.4,1_0,Dataset/3_ROI/MEGA_AUG/aug_npz/BH_1_0_1_0_x1.4.npz,644,9,0.0,40.399825,"forehead_strip,left_cheek_big,right_cheek_big",,15.915910582896,1.0,train
BH,'1_0_x1.6,1_0,Dataset/3_ROI/MEGA_AUG/aug_npz/BH_1_0_1_0_x1.6.npz,563,9,0.0,35.310578,"forehead_strip,left_cheek_big,right_cheek_big",,15.915910582896,1.0,train
BH,'1_1,1_1,Dataset/3_ROI/BH_RAW/1_1.npz,901,9,0.0,60.27380394935608,"forehead_strip,left_cheek_big,right_cheek_big",,15.913676270839632,1.0,train
BH,'1_1_x0.55,1_1,Dataset/3_ROI/MEGA_AUG/aug_npz/BH_1_1_1_1_x0.55.npz,1638,9,0.0,102.867494,"forehead_strip,left_cheek_big,right_cheek_big",,15.913676270839632,1.0,train
BH,'1_1_x0.65,1_1,Dataset/3_ROI/MEGA_AUG/aug_npz/BH_1_1_1_1_x0.65.npz,1386,9,0.0,87.032058,"forehead_strip,left_cheek_big,right_cheek_big",,15.913676270839632,1.0,train
BH,'1_1_x0.75,1_1,Dataset/3_ROI/MEGA_AUG/aug_npz/BH_1_1_1_1_x0.75.npz,1201,9,0.0,75.406837,"forehead_strip,left_cheek_big,right_cheek_big",,15.913676270839632,1.0,train
BH,'1_1_x1.2,1_1,Dataset/3_ROI/MEGA_AUG/aug_npz/BH_1_1_1_1_x1.2.npz,751,9,0.0,47.129273,"forehead_strip,left_cheek_big,right_cheek_big",,15.913676270839632,1.0,train
BH,'1_1_x1.4,1_1,Dataset/3_ROI/MEGA_AUG/aug_npz/BH_1_1_1_1_x1.4.npz,644,9,0.0,40.405497,"forehead_strip,left_cheek_big,right_cheek_big",,15.913676270839632,1.0,train
BH,'1_1_x1.6,1_1,Dataset/3_ROI/MEGA_AUG/aug_npz/BH_1_1_1_1_x1.6.npz,563,9,0.0,35.315536,"forehead_strip,left_cheek_big,right_cheek_big",,15.913676270839632,1.0,train
BH,'1_2,1_2,Dataset/3_ROI/BH_RAW/1_2.npz,901,9,0.0,60.14516091346741,"forehead_strip,left_cheek_big,right_cheek_big",,15.913706460064796,1.0,train
BH,'1_2_x0.55,1_2,Dataset/3_ROI/MEGA_AUG/aug_npz/BH_1_2_1_2_x0.55.npz,1638,9,0.0,102.867299,"forehead_strip,left_cheek_big,right_cheek_big",,15.913706460064796,1.0,train
BH,'1_2_x0.65,1_2,Dataset/3_ROI/MEGA_AUG/aug_npz/BH_1_2_1_2_x0.65.npz,1386,9,0.0,87.031893,"forehead_strip,left_cheek_big,right_cheek_big",,15.913706460064796,1.0,train
BH,'1_2_x0.75,1_2,Dataset/3_ROI/MEGA_AUG/aug_npz/BH_1_2_1_2_x0.75.npz,1201,9,0.0,75.406694,"forehead_strip,left_cheek_big,right_cheek_big",,15.913706460064796,1.0,train
BH,'1_2_x1.2,1_2,Dataset/3_ROI/MEGA_AUG/aug_npz/BH_1_2_1_2_x1.2.npz,751,9,0.0,47.129184,"forehead_strip,left_cheek_big,right_cheek_big",,15.913706460064796,1.0,train
BH,'1_2_x1.4,1_2,Dataset/3_ROI/MEGA_AUG/aug_npz/BH_1_2_1_2_x1.4.npz,644,9,0.0,40.405420,"forehead_strip,left_cheek_big,right_cheek_big",,15.913706460064796,1.0,train
BH,'1_2_x1.6,1_2,Dataset/3_ROI/MEGA_AUG/aug_npz/BH_1_2_1_2_x1.6.npz,563,9,0.0,35.315469,"forehead_strip,left_cheek_big,right_cheek_big",,15.913706460064796,1.0,train
BH,'20_0,20_0,Dataset/3_ROI/BH_RAW/20_0.npz,901,9,0.0,60.143115997314446,"forehead_strip,left_cheek_big,right_cheek_big",,15.911925491759089,1.0,train
BH,'20_0_x0.75,20_0,Dataset/3_ROI/MEGA_AUG/aug_npz/BH_20_0_20_0_x0.75.npz,1201,9,0.0,75.415134,"forehead_strip,left_cheek_big,right_cheek_big",,15.911925491759089,1.0,train
BH,'20_0_x1.2,20_0,Dataset/3_ROI/MEGA_AUG/aug_npz/BH_20_0_20_0_x1.2.npz,751,9,0.0,47.134459,"forehead_strip,left_cheek_big,right_cheek_big",,15.911925491759089,1.0,train
BH,'20_0_x1.4,20_0,Dataset/3_ROI/MEGA_AUG/aug_npz/BH_20_0_20_0_x1.4.npz,644,9,0.0,40.409943,"forehead_strip,left_cheek_big,right_cheek_big",,15.911925491759089,1.0,train
BH,'20_0_x1.6,20_0,Dataset/3_ROI/MEGA_AUG/aug_npz/BH_20_0_20_0_x1.6.npz,563,9,0.0,35.319421,"forehead_strip,left_cheek_big,right_cheek_big",,15.911925491759089,1.0,train
BH,'20_0_x1.8,20_0,Dataset/3_ROI/MEGA_AUG/aug_npz/BH_20_0_20_0_x1.8.npz,501,9,0.0,31.422973,"forehead_strip,left_cheek_big,right_cheek_big",,15.911925491759089,1.0,train
BH,'20_1,20_1,Dataset/3_ROI/BH_RAW/20_1.npz,901,9,0.0,59.96510696411133,"forehead_strip,left_cheek_big,right_cheek_big",,15.908606106580692,1.0,train
BH,'20_1_x0.75,20_1,Dataset/3_ROI/MEGA_AUG/aug_npz/BH_20_1_20_1_x0.75.npz,1201,9,0.0,75.430870,"forehead_strip,left_cheek_big,right_cheek_big",,15.908606106580692,1.0,train
BH,'20_1_x1.2,20_1,Dataset/3_ROI/MEGA_AUG/aug_npz/BH_20_1_20_1_x1.2.npz,751,9,0.0,47.144294,"forehead_strip,left_cheek_big,right_cheek_big",,15.908606106580692,1.0,train
BH,'20_1_x1.4,20_1,Dataset/3_ROI/MEGA_AUG/aug_npz/BH_20_1_20_1_x1.4.npz,644,9,0.0,40.418375,"forehead_strip,left_cheek_big,right_cheek_big",,15.908606106580692,1.0,train
BH,'20_1_x1.6,20_1,Dataset/3_ROI/MEGA_AUG/aug_npz/BH_20_1_20_1_x1.6.npz,563,9,0.0,35.326791,"forehead_strip,left_cheek_big,right_cheek_big",,15.908606106580692,1.0,train
BH,'20_1_x1.8,20_1,Dataset/3_ROI/MEGA_AUG/aug_npz/BH_20_1_20_1_x1.8.npz,501,9,0.0,31.429529,"forehead_strip,left_cheek_big,right_cheek_big",,15.908606106580692,1.0,train
BH,'20_2,20_2,Dataset/3_ROI/BH_RAW/20_2.npz,901,9,0.0,59.939327001571655,"forehead_strip,left_cheek_big,right_cheek_big",,15.910295802323922,1.0,train
BH,'20_2_x0.75,20_2,Dataset/3_ROI/MEGA_AUG/aug_npz/BH_20_2_20_2_x0.75.npz,1201,9,0.0,75.422859,"forehead_strip,left_cheek_big,right_cheek_big",,15.910295802323922,1.0,train
BH,'20_2_x1.2,20_2,Dataset/3_ROI/MEGA_AUG/aug_npz/BH_20_2_20_2_x1.2.npz,751,9,0.0,47.139287,"forehead_strip,left_cheek_big,right_cheek_big",,15.910295802323922,1.0,train
BH,'20_2_x1.4,20_2,Dataset/3_ROI/MEGA_AUG/aug_npz/BH_20_2_20_2_x1.4.npz,644,9,0.0,40.414082,"forehead_strip,left_cheek_big,right_cheek_big",,15.910295802323922,1.0,train
BH,'20_2_x1.6,20_2,Dataset/3_ROI/MEGA_AUG/aug_npz/BH_20_2_20_2_x1.6.npz,563,9,0.0,35.323039,"forehead_strip,left_cheek_big,right_cheek_big",,15.910295802323922,1.0,train
BH,'20_2_x1.8,20_2,Dataset/3_ROI/MEGA_AUG/aug_npz/BH_20_2_20_2_x1.8.npz,501,9,0.0,31.426191,"forehead_strip,left_cheek_big,right_cheek_big",,15.910295802323922,1.0,train
BH,'21_0,21_0,Dataset/3_ROI/BH_RAW/21_0.npz,901,9,0.0,59.94501495361328,"forehead_strip,left_cheek_big,right_cheek_big",,15.911653853669058,1.0,train
BH,'21_0_x0.65,21_0,Dataset/3_ROI/MEGA_AUG/aug_npz/BH_21_0_21_0_x0.65.npz,1386,9,0.0,87.043120,"forehead_strip,left_cheek_big,right_cheek_big",,15.911653853669058,1.0,train
BH,'21_0_x0.75,21_0,Dataset/3_ROI/MEGA_AUG/aug_npz/BH_21_0_21_0_x0.75.npz,1201,9,0.0,75.416422,"forehead_strip,left_cheek_big,right_cheek_big",,15.911653853669058,1.0,train
BH,'21_0_x1.2,21_0,Dataset/3_ROI/MEGA_AUG/aug_npz/BH_21_0_21_0_x1.2.npz,751,9,0.0,47.135264,"forehead_strip,left_cheek_big,right_cheek_big",,15.911653853669058,1.0,train
BH,'21_0_x1.4,21_0,Dataset/3_ROI/MEGA_AUG/aug_npz/BH_21_0_21_0_x1.4.npz,644,9,0.0,40.410633,"forehead_strip,left_cheek_big,right_cheek_big",,15.911653853669058,1.0,train
BH,'21_0_x1.6,21_0,Dataset/3_ROI/MEGA_AUG/aug_npz/BH_21_0_21_0_x1.6.npz,563,9,0.0,35.320024,"forehead_strip,left_cheek_big,right_cheek_big",,15.911653853669058,1.0,train
BH,'21_0_x1.8,21_0,Dataset/3_ROI/MEGA_AUG/aug_npz/BH_21_0_21_0_x1.8.npz,501,9,0.0,31.423509,"forehead_strip,left_cheek_big,right_cheek_big",,15.911653853669058,1.0,train
BH,'21_1,21_1,Dataset/3_ROI/BH_RAW/21_1.npz,901,9,0.0,60.212197065353394,"forehead_strip,left_cheek_big,right_cheek_big",,15.911684035220164,1.0,train
BH,'21_1_x0.65,21_1,Dataset/3_ROI/MEGA_AUG/aug_npz/BH_21_1_21_1_x0.65.npz,1386,9,0.0,87.042955,"forehead_strip,left_cheek_big,right_cheek_big",,15.911684035220164,1.0,train
BH,'21_1_x0.75,21_1,Dataset/3_ROI/MEGA_AUG/aug_npz/BH_21_1_21_1_x0.75.npz,1201,9,0.0,75.416279,"forehead_strip,left_cheek_big,right_cheek_big",,15.911684035220164,1.0,train
BH,'21_1_x1.2,21_1,Dataset/3_ROI/MEGA_AUG/aug_npz/BH_21_1_21_1_x1.2.npz,751,9,0.0,47.135174,"forehead_strip,left_cheek_big,right_cheek_big",,15.911684035220164,1.0,train
BH,'21_1_x1.4,21_1,Dataset/3_ROI/MEGA_AUG/aug_npz/BH_21_1_21_1_x1.4.npz,644,9,0.0,40.410556,"forehead_strip,left_cheek_big,right_cheek_big",,15.911684035220164,1.0,train
BH,'21_1_x1.6,21_1,Dataset/3_ROI/MEGA_AUG/aug_npz/BH_21_1_21_1_x1.6.npz,563,9,0.0,35.319957,"forehead_strip,left_cheek_big,right_cheek_big",,15.911684035220164,1.0,train
BH,'21_1_x1.8,21_1,Dataset/3_ROI/MEGA_AUG/aug_npz/BH_21_1_21_1_x1.8.npz,501,9,0.0,31.423450,"forehead_strip,left_cheek_big,right_cheek_big",,15.911684035220164,1.0,train
BH,'21_2,21_2,Dataset/3_ROI/BH_RAW/21_2.npz,901,9,0.0,60.12959408760072,"forehead_strip,left_cheek_big,right_cheek_big",,15.914461227911962,1.0,train
BH,'21_2_x0.55,21_2,Dataset/3_ROI/MEGA_AUG/aug_npz/BH_21_2_21_2_x0.55.npz,1638,9,0.0,102.862420,"forehead_strip,left_cheek_big,right_cheek_big",,15.914461227911962,1.0,train
BH,'21_2_x0.65,21_2,Dataset/3_ROI/MEGA_AUG/aug_npz/BH_21_2_21_2_x0.65.npz,1386,9,0.0,87.027766,"forehead_strip,left_cheek_big,right_cheek_big",,15.914461227911962,1.0,train
BH,'21_2_x0.75,21_2,Dataset/3_ROI/MEGA_AUG/aug_npz/BH_21_2_21_2_x0.75.npz,1201,9,0.0,75.403118,"forehead_strip,left_cheek_big,right_cheek_big",,15.914461227911962,1.0,train
BH,'21_2_x1.2,21_2,Dataset/3_ROI/MEGA_AUG/aug_npz/BH_21_2_21_2_x1.2.npz,751,9,0.0,47.126949,"forehead_strip,left_cheek_big,right_cheek_big",,15.914461227911962,1.0,train
BH,'21_2_x1.4,21_2,Dataset/3_ROI/MEGA_AUG/aug_npz/BH_21_2_21_2_x1.4.npz,644,9,0.0,40.403504,"forehead_strip,left_cheek_big,right_cheek_big",,15.914461227911962,1.0,train
BH,'21_2_x1.6,21_2,Dataset/3_ROI/MEGA_AUG/aug_npz/BH_21_2_21_2_x1.6.npz,563,9,0.0,35.313794,"forehead_strip,left_cheek_big,right_cheek_big",,15.914461227911962,1.0,train
BH,'21_2_x1.8,21_2,Dataset/3_ROI/MEGA_AUG/aug_npz/BH_21_2_21_2_x1.8.npz,501,9,0.0,31.417966,"forehead_strip,left_cheek_big,right_cheek_big",,15.914461227911962,1.0,train
BH,'22_0,22_0,Dataset/3_ROI/BH_RAW/22_0.npz,901,9,0.0,60.19574809074402,"forehead_strip,left_cheek_big,right_cheek_big",,15.910507039527811,1.0,train
BH,'22_0_x0.55,22_0,Dataset/3_ROI/MEGA_AUG/aug_npz/BH_22_0_22_0_x0.55.npz,1638,9,0.0,102.887984,"forehead_strip,left_cheek_big,right_cheek_big",,15.910507039527811,1.0,train
BH,'22_0_x0.65,22_0,Dataset/3_ROI/MEGA_AUG/aug_npz/BH_22_0_22_0_x0.65.npz,1386,9,0.0,87.049394,"forehead_strip,left_cheek_big,right_cheek_big",,15.910507039527811,1.0,train
BH,'22_0_x0.75,22_0,Dataset/3_ROI/MEGA_AUG/aug_npz/BH_22_0_22_0_x0.75.npz,1201,9,0.0,75.421858,"forehead_strip,left_cheek_big,right_cheek_big",,15.910507039527811,1.0,train
BH,'22_0_x1.2,22_0,Dataset/3_ROI/MEGA_AUG/aug_npz/BH_22_0_22_0_x1.2.npz,751,9,0.0,47.138661,"forehead_strip,left_cheek_big,right_cheek_big",,15.910507039527811,1.0,train
BH,'22_0_x1.4,22_0,Dataset/3_ROI/MEGA_AUG/aug_npz/BH_22_0_22_0_x1.4.npz,644,9,0.0,40.413545,"forehead_strip,left_cheek_big,right_cheek_big",,15.910507039527811,1.0,train
BH,'22_0_x1.6,22_0,Dataset/3_ROI/MEGA_AUG/aug_npz/BH_22_0_22_0_x1.6.npz,563,9,0.0,35.322570,"forehead_strip,left_cheek_big,right_cheek_big",,15.910507039527811,1.0,train
BH,'22_0_x1.8,22_0,Dataset/3_ROI/MEGA_AUG/aug_npz/BH_22_0_22_0_x1.8.npz,501,9,0.0,31.425774,"forehead_strip,left_cheek_big,right_cheek_big",,15.910507039527811,1.0,train
BH,'22_1,22_1,Dataset/3_ROI/BH_RAW/22_1.npz,901,9,0.0,60.08615589141846,"forehead_strip,left_cheek_big,right_cheek_big",,15.916212565079462,1.0,train
BH,'22_1_x0.55,22_1,Dataset/3_ROI/MEGA_AUG/aug_npz/BH_22_1_22_1_x0.55.npz,1638,9,0.0,102.851102,"forehead_strip,left_cheek_big,right_cheek_big",,15.916212565079462,1.0,train
BH,'22_1_x0.65,22_1,Dataset/3_ROI/MEGA_AUG/aug_npz/BH_22_1_22_1_x0.65.npz,1386,9,0.0,87.018189,"forehead_strip,left_cheek_big,right_cheek_big",,15.916212565079462,1.0,train
BH,'22_1_x0.75,22_1,Dataset/3_ROI/MEGA_AUG/aug_npz/BH_22_1_22_1_x0.75.npz,1201,9,0.0,75.394821,"forehead_strip,left_cheek_big,right_cheek_big",,15.916212565079462,1.0,train
BH,'22_1_x1.2,22_1,Dataset/3_ROI/MEGA_AUG/aug_npz/BH_22_1_22_1_x1.2.npz,751,9,0.0,47.121763,"forehead_strip,left_cheek_big,right_cheek_big",,15.916212565079462,1.0,train
BH,'22_1_x1.4,22_1,Dataset/3_ROI/MEGA_AUG/aug_npz/BH_22_1_22_1_x1.4.npz,644,9,0.0,40.399058,"forehead_strip,left_cheek_big,right_cheek_big",,15.916212565079462,1.0,train
BH,'22_1_x1.6,22_1,Dataset/3_ROI/MEGA_AUG/aug_npz/BH_22_1_22_1_x1.6.npz,563,9,0.0,35.309908,"forehead_strip,left_cheek_big,right_cheek_big",,15.916212565079462,1.0,train
BH,'22_1_x1.8,22_1,Dataset/3_ROI/MEGA_AUG/aug_npz/BH_22_1_22_1_x1.8.npz,501,9,0.0,31.414509,"forehead_strip,left_cheek_big,right_cheek_big",,15.916212565079462,1.0,train
BH,'22_2,22_2,Dataset/3_ROI/BH_RAW/22_2.npz,901,9,0.0,59.877745151519775,"forehead_strip,left_cheek_big,right_cheek_big",,15.912559350038553,1.0,train
BH,'22_2_x0.55,22_2,Dataset/3_ROI/MEGA_AUG/aug_npz/BH_22_2_22_2_x0.55.npz,1638,9,0.0,102.874714,"forehead_strip,left_cheek_big,right_cheek_big",,15.912559350038553,1.0,train
BH,'22_2_x0.65,22_2,Dataset/3_ROI/MEGA_AUG/aug_npz/BH_22_2_22_2_x0.65.npz,1386,9,0.0,87.038167,"forehead_strip,left_cheek_big,right_cheek_big",,15.912559350038553,1.0,train
BH,'22_2_x0.75,22_2,Dataset/3_ROI/MEGA_AUG/aug_npz/BH_22_2_22_2_x0.75.npz,1201,9,0.0,75.412130,"forehead_strip,left_cheek_big,right_cheek_big",,15.912559350038553,1.0,train
BH,'22_2_x1.2,22_2,Dataset/3_ROI/MEGA_AUG/aug_npz/BH_22_2_22_2_x1.2.npz,751,9,0.0,47.132581,"forehead_strip,left_cheek_big,right_cheek_big",,15.912559350038553,1.0,train
BH,'22_2_x1.4,22_2,Dataset/3_ROI/MEGA_AUG/aug_npz/BH_22_2_22_2_x1.4.npz,644,9,0.0,40.408333,"forehead_strip,left_cheek_big,right_cheek_big",,15.912559350038553,1.0,train
BH,'22_2_x1.6,22_2,Dataset/3_ROI/MEGA_AUG/aug_npz/BH_22_2_22_2_x1.6.npz,563,9,0.0,35.318014,"forehead_strip,left_cheek_big,right_cheek_big",,15.912559350038553,1.0,train
BH,'22_2_x1.8,22_2,Dataset/3_ROI/MEGA_AUG/aug_npz/BH_22_2_22_2_x1.8.npz,501,9,0.0,31.421721,"forehead_strip,left_cheek_big,right_cheek_big",,15.912559350038553,1.0,train
BH,'23_0,23_0,Dataset/3_ROI/BH_RAW/23_0.npz,901,9,0.0,60.35147500038146,"forehead_strip,left_cheek_big,right_cheek_big",,15.912921577442772,1.0,train
BH,'23_0_x0.55,23_0,Dataset/3_ROI/MEGA_AUG/aug_npz/BH_23_0_23_0_x0.55.npz,1638,9,0.0,102.872373,"forehead_strip,left_cheek_big,right_cheek_big",,15.912921577442772,1.0,train
BH,'23_0_x0.65,23_0,Dataset/3_ROI/MEGA_AUG/aug_npz/BH_23_0_23_0_x0.65.npz,1386,9,0.0,87.036186,"forehead_strip,left_cheek_big,right_cheek_big",,15.912921577442772,1.0,train
BH,'23_0_x0.75,23_0,Dataset/3_ROI/MEGA_AUG/aug_npz/BH_23_0_23_0_x0.75.npz,1201,9,0.0,75.410414,"forehead_strip,left_cheek_big,right_cheek_big",,15.912921577442772,1.0,train
BH,'23_0_x1.2,23_0,Dataset/3_ROI/MEGA_AUG/aug_npz/BH_23_0_23_0_x1.2.npz,751,9,0.0,47.131509,"forehead_strip,left_cheek_big,right_cheek_big",,15.912921577442772,1.0,train
BH,'23_0_x1.4,23_0,Dataset/3_ROI/MEGA_AUG/aug_npz/BH_23_0_23_0_x1.4.npz,644,9,0.0,40.407413,"forehead_strip,left_cheek_big,right_cheek_big",,15.912921577442772,1.0,train
BH,'23_0_x1.6,23_0,Dataset/3_ROI/MEGA_AUG/aug_npz/BH_23_0_23_0_x1.6.npz,563,9,0.0,35.317210,"forehead_strip,left_cheek_big,right_cheek_big",,15.912921577442772,1.0,train
BH,'23_0_x1.8,23_0,Dataset/3_ROI/MEGA_AUG/aug_npz/BH_23_0_23_0_x1.8.npz,501,9,0.0,31.421006,"forehead_strip,left_cheek_big,right_cheek_big",,15.912921577442772,1.0,train
BH,'23_1,23_1,Dataset/3_ROI/BH_RAW/23_1.npz,901,9,0.0,60.799846887588494,"forehead_strip,left_cheek_big,right_cheek_big",,15.913042323575665,1.0,train
BH,'23_1_x0.55,23_1,Dataset/3_ROI/MEGA_AUG/aug_npz/BH_23_1_23_1_x0.55.npz,1638,9,0.0,102.871592,"forehead_strip,left_cheek_big,right_cheek_big",,15.913042323575665,1.0,train
BH,'23_1_x0.65,23_1,Dataset/3_ROI/MEGA_AUG/aug_npz/BH_23_1_23_1_x0.65.npz,1386,9,0.0,87.035525,"forehead_strip,left_cheek_big,right_cheek_big",,15.913042323575665,1.0,train
BH,'23_1_x0.75,23_1,Dataset/3_ROI/MEGA_AUG/aug_npz/BH_23_1_23_1_x0.75.npz,1201,9,0.0,75.409842,"forehead_strip,left_cheek_big,right_cheek_big",,15.913042323575665,1.0,train
BH,'23_1_x1.2,23_1,Dataset/3_ROI/MEGA_AUG/aug_npz/BH_23_1_23_1_x1.2.npz,751,9,0.0,47.131151,"forehead_strip,left_cheek_big,right_cheek_big",,15.913042323575665,1.0,train
BH,'23_1_x1.4,23_1,Dataset/3_ROI/MEGA_AUG/aug_npz/BH_23_1_23_1_x1.4.npz,644,9,0.0,40.407107,"forehead_strip,left_cheek_big,right_cheek_big",,15.913042323575665,1.0,train
BH,'23_1_x1.6,23_1,Dataset/3_ROI/MEGA_AUG/aug_npz/BH_23_1_23_1_x1.6.npz,563,9,0.0,35.316942,"forehead_strip,left_cheek_big,right_cheek_big",,15.913042323575665,1.0,train
BH,'23_1_x1.8,23_1,Dataset/3_ROI/MEGA_AUG/aug_npz/BH_23_1_23_1_x1.8.npz,501,9,0.0,31.420767,"forehead_strip,left_cheek_big,right_cheek_big",,15.913042323575665,1.0,train
BH,'23_2,23_2,Dataset/3_ROI/BH_RAW/23_2.npz,901,9,0.0,59.94219422340393,"forehead_strip,left_cheek_big,right_cheek_big",,15.913555515086417,1.0,train
BH,'23_2_x0.55,23_2,Dataset/3_ROI/MEGA_AUG/aug_npz/BH_23_2_23_2_x0.55.npz,1638,9,0.0,102.868275,"forehead_strip,left_cheek_big,right_cheek_big",,15.913555515086417,1.0,train
BH,'23_2_x0.65,23_2,Dataset/3_ROI/MEGA_AUG/aug_npz/BH_23_2_23_2_x0.65.npz,1386,9,0.0,87.032719,"forehead_strip,left_cheek_big,right_cheek_big",,15.913555515086417,1.0,train
BH,'23_2_x0.75,23_2,Dataset/3_ROI/MEGA_AUG/aug_npz/BH_23_2_23_2_x0.75.npz,1201,9,0.0,75.407410,"forehead_strip,left_cheek_big,right_cheek_big",,15.913555515086417,1.0,train
BH,'23_2_x1.2,23_2,Dataset/3_ROI/MEGA_AUG/aug_npz/BH_23_2_23_2_x1.2.npz,751,9,0.0,47.129631,"forehead_strip,left_cheek_big,right_cheek_big",,15.913555515086417,1.0,train
BH,'23_2_x1.4,23_2,Dataset/3_ROI/MEGA_AUG/aug_npz/BH_23_2_23_2_x1.4.npz,644,9,0.0,40.405804,"forehead_strip,left_cheek_big,right_cheek_big",,15.913555515086417,1.0,train
BH,'23_2_x1.6,23_2,Dataset/3_ROI/MEGA_AUG/aug_npz/BH_23_2_23_2_x1.6.npz,563,9,0.0,35.315804,"forehead_strip,left_cheek_big,right_cheek_big",,15.913555515086417,1.0,train
BH,'23_2_x1.8,23_2,Dataset/3_ROI/MEGA_AUG/aug_npz/BH_23_2_23_2_x1.8.npz,501,9,0.0,31.419754,"forehead_strip,left_cheek_big,right_cheek_big",,15.913555515086417,1.0,train
BH,'24_0,24_0,Dataset/3_ROI/BH_RAW/24_0.npz,901,9,0.0,60.214025020599365,"forehead_strip,left_cheek_big,right_cheek_big",,15.907882061123262,1.0,train
BH,'24_0_x0.75,24_0,Dataset/3_ROI/MEGA_AUG/aug_npz/BH_24_0_24_0_x0.75.npz,1201,9,0.0,75.434303,"forehead_strip,left_cheek_big,right_cheek_big",,15.907882061123262,1.0,train
BH,'24_0_x1.2,24_0,Dataset/3_ROI/MEGA_AUG/aug_npz/BH_24_0_24_0_x1.2.npz,751,9,0.0,47.146440,"forehead_strip,left_cheek_big,right_cheek_big",,15.907882061123262,1.0,train
BH,'24_0_x1.4,24_0,Dataset/3_ROI/MEGA_AUG/aug_npz/BH_24_0_24_0_x1.4.npz,644,9,0.0,40.420214,"forehead_strip,left_cheek_big,right_cheek_big",,15.907882061123262,1.0,train
BH,'24_0_x1.6,24_0,Dataset/3_ROI/MEGA_AUG/aug_npz/BH_24_0_24_0_x1.6.npz,563,9,0.0,35.328399,"forehead_strip,left_cheek_big,right_cheek_big",,15.907882061123262,1.0,train
BH,'24_0_x1.8,24_0,Dataset/3_ROI/MEGA_AUG/aug_npz/BH_24_0_24_0_x1.8.npz,501,9,0.0,31.430960,"forehead_strip,left_cheek_big,right_cheek_big",,15.907882061123262,1.0,train
BH,'24_1,24_1,Dataset/3_ROI/BH_RAW/24_1.npz,901,9,0.0,60.083091974258416,"forehead_strip,left_cheek_big,right_cheek_big",,15.91168403522039,1.0,train
BH,'24_1_x0.65,24_1,Dataset/3_ROI/MEGA_AUG/aug_npz/BH_24_1_24_1_x0.65.npz,1386,9,0.0,87.042955,"forehead_strip,left_cheek_big,right_cheek_big",,15.91168403522039,1.0,train
BH,'24_1_x0.75,24_1,Dataset/3_ROI/MEGA_AUG/aug_npz/BH_24_1_24_1_x0.75.npz,1201,9,0.0,75.416279,"forehead_strip,left_cheek_big,right_cheek_big",,15.91168403522039,1.0,train
BH,'24_1_x1.2,24_1,Dataset/3_ROI/MEGA_AUG/aug_npz/BH_24_1_24_1_x1.2.npz,751,9,0.0,47.135174,"forehead_strip,left_cheek_big,right_cheek_big",,15.91168403522039,1.0,train
BH,'24_1_x1.4,24_1,Dataset/3_ROI/MEGA_AUG/aug_npz/BH_24_1_24_1_x1.4.npz,644,9,0.0,40.410556,"forehead_strip,left_cheek_big,right_cheek_big",,15.91168403522039,1.0,train
BH,'24_1_x1.6,24_1,Dataset/3_ROI/MEGA_AUG/aug_npz/BH_24_1_24_1_x1.6.npz,563,9,0.0,35.319957,"forehead_strip,left_cheek_big,right_cheek_big",,15.91168403522039,1.0,train
BH,'24_1_x1.8,24_1,Dataset/3_ROI/MEGA_AUG/aug_npz/BH_24_1_24_1_x1.8.npz,501,9,0.0,31.423450,"forehead_strip,left_cheek_big,right_cheek_big",,15.91168403522039,1.0,train
BH,'24_2,24_2,Dataset/3_ROI/BH_RAW/24_2.npz,901,9,0.0,60.20950102806091,"forehead_strip,left_cheek_big,right_cheek_big",,15.910144922038732,1.0,train
BH,'24_2_x0.65,24_2,Dataset/3_ROI/MEGA_AUG/aug_npz/BH_24_2_24_2_x0.65.npz,1386,9,0.0,87.051376,"forehead_strip,left_cheek_big,right_cheek_big",,15.910144922038732,1.0,train
BH,'24_2_x0.75,24_2,Dataset/3_ROI/MEGA_AUG/aug_npz/BH_24_2_24_2_x0.75.npz,1201,9,0.0,75.423574,"forehead_strip,left_cheek_big,right_cheek_big",,15.910144922038732,1.0,train
BH,'24_2_x1.2,24_2,Dataset/3_ROI/MEGA_AUG/aug_npz/BH_24_2_24_2_x1.2.npz,751,9,0.0,47.139734,"forehead_strip,left_cheek_big,right_cheek_big",,15.910144922038732,1.0,train
BH,'24_2_x1.4,24_2,Dataset/3_ROI/MEGA_AUG/aug_npz/BH_24_2_24_2_x1.4.npz,644,9,0.0,40.414465,"forehead_strip,left_cheek_big,right_cheek_big",,15.910144922038732,1.0,train
BH,'24_2_x1.6,24_2,Dataset/3_ROI/MEGA_AUG/aug_npz/BH_24_2_24_2_x1.6.npz,563,9,0.0,35.323374,"forehead_strip,left_cheek_big,right_cheek_big",,15.910144922038732,1.0,train
BH,'24_2_x1.8,24_2,Dataset/3_ROI/MEGA_AUG/aug_npz/BH_24_2_24_2_x1.8.npz,501,9,0.0,31.426489,"forehead_strip,left_cheek_big,right_cheek_big",,15.910144922038732,1.0,train
BH,'25_0,25_0,Dataset/3_ROI/BH_RAW/25_0.npz,901,9,0.0,60.15288805961609,"forehead_strip,left_cheek_big,right_cheek_big",,15.91458199741204,1.0,train
BH,'25_0_x0.55,25_0,Dataset/3_ROI/MEGA_AUG/aug_npz/BH_25_0_25_0_x0.55.npz,1638,9,0.0,102.861640,"forehead_strip,left_cheek_big,right_cheek_big",,15.91458199741204,1.0,train
BH,'25_0_x0.65,25_0,Dataset/3_ROI/MEGA_AUG/aug_npz/BH_25_0_25_0_x0.65.npz,1386,9,0.0,87.027105,"forehead_strip,left_cheek_big,right_cheek_big",,15.91458199741204,1.0,train
BH,'25_0_x0.75,25_0,Dataset/3_ROI/MEGA_AUG/aug_npz/BH_25_0_25_0_x0.75.npz,1201,9,0.0,75.402546,"forehead_strip,left_cheek_big,right_cheek_big",,15.91458199741204,1.0,train
BH,'25_0_x1.2,25_0,Dataset/3_ROI/MEGA_AUG/aug_npz/BH_25_0_25_0_x1.2.npz,751,9,0.0,47.126591,"forehead_strip,left_cheek_big,right_cheek_big",,15.91458199741204,1.0,train
BH,'25_0_x1.4,25_0,Dataset/3_ROI/MEGA_AUG/aug_npz/BH_25_0_25_0_x1.4.npz,644,9,0.0,40.403198,"forehead_strip,left_cheek_big,right_cheek_big",,15.91458199741204,1.0,train
BH,'25_0_x1.6,25_0,Dataset/3_ROI/MEGA_AUG/aug_npz/BH_25_0_25_0_x1.6.npz,563,9,0.0,35.313526,"forehead_strip,left_cheek_big,right_cheek_big",,15.91458199741204,1.0,train
BH,'25_0_x1.8,25_0,Dataset/3_ROI/MEGA_AUG/aug_npz/BH_25_0_25_0_x1.8.npz,501,9,0.0,31.417727,"forehead_strip,left_cheek_big,right_cheek_big",,15.91458199741204,1.0,train
BH,'25_1,25_1,Dataset/3_ROI/BH_RAW/25_1.npz,901,9,0.0,60.00370907783508,"forehead_strip,left_cheek_big,right_cheek_big",,15.91062774902178,1.0,train
BH,'25_1_x0.55,25_1,Dataset/3_ROI/MEGA_AUG/aug_npz/BH_25_1_25_1_x0.55.npz,1638,9,0.0,102.887204,"forehead_strip,left_cheek_big,right_cheek_big",,15.91062774902178,1.0,train
BH,'25_1_x0.65,25_1,Dataset/3_ROI/MEGA_AUG/aug_npz/BH_25_1_25_1_x0.65.npz,1386,9,0.0,87.048734,"forehead_strip,left_cheek_big,right_cheek_big",,15.91062774902178,1.0,train
BH,'25_1_x0.75,25_1,Dataset/3_ROI/MEGA_AUG/aug_npz/BH_25_1_25_1_x0.75.npz,1201,9,0.0,75.421286,"forehead_strip,left_cheek_big,right_cheek_big",,15.91062774902178,1.0,train
BH,'25_1_x1.2,25_1,Dataset/3_ROI/MEGA_AUG/aug_npz/BH_25_1_25_1_x1.2.npz,751,9,0.0,47.138304,"forehead_strip,left_cheek_big,right_cheek_big",,15.91062774902178,1.0,train
BH,'25_1_x1.4,25_1,Dataset/3_ROI/MEGA_AUG/aug_npz/BH_25_1_25_1_x1.4.npz,644,9,0.0,40.413239,"forehead_strip,left_cheek_big,right_cheek_big",,15.91062774902178,1.0,train
BH,'25_1_x1.6,25_1,Dataset/3_ROI/MEGA_AUG/aug_npz/BH_25_1_25_1_x1.6.npz,563,9,0.0,35.322302,"forehead_strip,left_cheek_big,right_cheek_big",,15.91062774902178,1.0,train
BH,'25_1_x1.8,25_1,Dataset/3_ROI/MEGA_AUG/aug_npz/BH_25_1_25_1_x1.8.npz,501,9,0.0,31.425536,"forehead_strip,left_cheek_big,right_cheek_big",,15.91062774902178,1.0,train
BH,'25_2,25_2,Dataset/3_ROI/BH_RAW/25_2.npz,901,9,0.0,60.02511405944824,"forehead_strip,left_cheek_big,right_cheek_big",,15.90721841068338,1.0,train
BH,'25_2_x0.55,25_2,Dataset/3_ROI/MEGA_AUG/aug_npz/BH_25_2_25_2_x0.55.npz,1638,9,0.0,102.909255,"forehead_strip,left_cheek_big,right_cheek_big",,15.90721841068338,1.0,train
BH,'25_2_x0.65,25_2,Dataset/3_ROI/MEGA_AUG/aug_npz/BH_25_2_25_2_x0.65.npz,1386,9,0.0,87.067391,"forehead_strip,left_cheek_big,right_cheek_big",,15.90721841068338,1.0,train
BH,'25_2_x0.75,25_2,Dataset/3_ROI/MEGA_AUG/aug_npz/BH_25_2_25_2_x0.75.npz,1201,9,0.0,75.437450,"forehead_strip,left_cheek_big,right_cheek_big",,15.90721841068338,1.0,train
BH,'25_2_x1.2,25_2,Dataset/3_ROI/MEGA_AUG/aug_npz/BH_25_2_25_2_x1.2.npz,751,9,0.0,47.148407,"forehead_strip,left_cheek_big,right_cheek_big",,15.90721841068338,1.0,train
BH,'25_2_x1.4,25_2,Dataset/3_ROI/MEGA_AUG/aug_npz/BH_25_2_25_2_x1.4.npz,644,9,0.0,40.421901,"forehead_strip,left_cheek_big,right_cheek_big",,15.90721841068338,1.0,train
BH,'25_2_x1.6,25_2,Dataset/3_ROI/MEGA_AUG/aug_npz/BH_25_2_25_2_x1.6.npz,563,9,0.0,35.329873,"forehead_strip,left_cheek_big,right_cheek_big",,15.90721841068338,1.0,train
BH,'25_2_x1.8,25_2,Dataset/3_ROI/MEGA_AUG/aug_npz/BH_25_2_25_2_x1.8.npz,501,9,0.0,31.432271,"forehead_strip,left_cheek_big,right_cheek_big",,15.90721841068338,1.0,train
BH,'26_0,26_0,Dataset/3_ROI/BH_RAW/26_0.npz,901,9,0.0,60.358078956604,"forehead_strip,left_cheek_big,right_cheek_big",,15.908998325390158,1.0,train
BH,'26_0_x0.65,26_0,Dataset/3_ROI/MEGA_AUG/aug_npz/BH_26_0_26_0_x0.65.npz,1386,9,0.0,87.057649,"forehead_strip,left_cheek_big,right_cheek_big",,15.908998325390158,1.0,train
BH,'26_0_x0.75,26_0,Dataset/3_ROI/MEGA_AUG/aug_npz/BH_26_0_26_0_x0.75.npz,1201,9,0.0,75.429010,"forehead_strip,left_cheek_big,right_cheek_big",,15.908998325390158,1.0,train
BH,'26_0_x1.2,26_0,Dataset/3_ROI/MEGA_AUG/aug_npz/BH_26_0_26_0_x1.2.npz,751,9,0.0,47.143131,"forehead_strip,left_cheek_big,right_cheek_big",,15.908998325390158,1.0,train
BH,'26_0_x1.4,26_0,Dataset/3_ROI/MEGA_AUG/aug_npz/BH_26_0_26_0_x1.4.npz,644,9,0.0,40.417378,"forehead_strip,left_cheek_big,right_cheek_big",,15.908998325390158,1.0,train
BH,'26_0_x1.6,26_0,Dataset/3_ROI/MEGA_AUG/aug_npz/BH_26_0_26_0_x1.6.npz,563,9,0.0,35.325920,"forehead_strip,left_cheek_big,right_cheek_big",,15.908998325390158,1.0,train
BH,'26_0_x1.8,26_0,Dataset/3_ROI/MEGA_AUG/aug_npz/BH_26_0_26_0_x1.8.npz,501,9,0.0,31.428754,"forehead_strip,left_cheek_big,right_cheek_big",,15.908998325390158,1.0,train
BH,'26_1,26_1,Dataset/3_ROI/BH_RAW/26_1.npz,901,9,0.0,59.938157081604,"forehead_strip,left_cheek_big,right_cheek_big",,15.912891391195808,1.0,train
BH,'26_1_x0.55,26_1,Dataset/3_ROI/MEGA_AUG/aug_npz/BH_26_1_26_1_x0.55.npz,1638,9,0.0,102.872568,"forehead_strip,left_cheek_big,right_cheek_big",,15.912891391195808,1.0,train
BH,'26_1_x0.65,26_1,Dataset/3_ROI/MEGA_AUG/aug_npz/BH_26_1_26_1_x0.65.npz,1386,9,0.0,87.036351,"forehead_strip,left_cheek_big,right_cheek_big",,15.912891391195808,1.0,train
BH,'26_1_x0.75,26_1,Dataset/3_ROI/MEGA_AUG/aug_npz/BH_26_1_26_1_x0.75.npz,1201,9,0.0,75.410557,"forehead_strip,left_cheek_big,right_cheek_big",,15.912891391195808,1.0,train
BH,'26_1_x1.2,26_1,Dataset/3_ROI/MEGA_AUG/aug_npz/BH_26_1_26_1_x1.2.npz,751,9,0.0,47.131598,"forehead_strip,left_cheek_big,right_cheek_big",,15.912891391195808,1.0,train
BH,'26_1_x1.4,26_1,Dataset/3_ROI/MEGA_AUG/aug_npz/BH_26_1_26_1_x1.4.npz,644,9,0.0,40.407490,"forehead_strip,left_cheek_big,right_cheek_big",,15.912891391195808,1.0,train
BH,'26_1_x1.6,26_1,Dataset/3_ROI/MEGA_AUG/aug_npz/BH_26_1_26_1_x1.6.npz,563,9,0.0,35.317277,"forehead_strip,left_cheek_big,right_cheek_big",,15.912891391195808,1.0,train
BH,'26_1_x1.8,26_1,Dataset/3_ROI/MEGA_AUG/aug_npz/BH_26_1_26_1_x1.8.npz,501,9,0.0,31.421065,"forehead_strip,left_cheek_big,right_cheek_big",,15.912891391195808,1.0,train
BH,'26_2,26_2,Dataset/3_ROI/BH_RAW/26_2.npz,901,9,0.0,60.15061712265016,"forehead_strip,left_cheek_big,right_cheek_big",,15.91301213687037,1.0,train
BH,'26_2_x0.55,26_2,Dataset/3_ROI/MEGA_AUG/aug_npz/BH_26_2_26_2_x0.55.npz,1638,9,0.0,102.871787,"forehead_strip,left_cheek_big,right_cheek_big",,15.91301213687037,1.0,train
BH,'26_2_x0.65,26_2,Dataset/3_ROI/MEGA_AUG/aug_npz/BH_26_2_26_2_x0.65.npz,1386,9,0.0,87.035691,"forehead_strip,left_cheek_big,right_cheek_big",,15.91301213687037,1.0,train
BH,'26_2_x0.75,26_2,Dataset/3_ROI/MEGA_AUG/aug_npz/BH_26_2_26_2_x0.75.npz,1201,9,0.0,75.409985,"forehead_strip,left_cheek_big,right_cheek_big",,15.91301213687037,1.0,train
BH,'26_2_x1.2,26_2,Dataset/3_ROI/MEGA_AUG/aug_npz/BH_26_2_26_2_x1.2.npz,751,9,0.0,47.131240,"forehead_strip,left_cheek_big,right_cheek_big",,15.91301213687037,1.0,train
BH,'26_2_x1.4,26_2,Dataset/3_ROI/MEGA_AUG/aug_npz/BH_26_2_26_2_x1.4.npz,644,9,0.0,40.407183,"forehead_strip,left_cheek_big,right_cheek_big",,15.91301213687037,1.0,train
BH,'26_2_x1.6,26_2,Dataset/3_ROI/MEGA_AUG/aug_npz/BH_26_2_26_2_x1.6.npz,563,9,0.0,35.317009,"forehead_strip,left_cheek_big,right_cheek_big",,15.91301213687037,1.0,train
BH,'26_2_x1.8,26_2,Dataset/3_ROI/MEGA_AUG/aug_npz/BH_26_2_26_2_x1.8.npz,501,9,0.0,31.420827,"forehead_strip,left_cheek_big,right_cheek_big",,15.91301213687037,1.0,train
BH,'27_0,27_0,Dataset/3_ROI/BH_RAW/27_0.npz,901,9,0.0,61.80711579322815,"forehead_strip,left_cheek_big,right_cheek_big",,15.912166955623531,1.0,train
BH,'27_0_x0.65,27_0,Dataset/3_ROI/MEGA_AUG/aug_npz/BH_27_0_27_0_x0.65.npz,1386,9,0.0,87.040313,"forehead_strip,left_cheek_big,right_cheek_big",,15.912166955623531,1.0,train
BH,'27_0_x0.75,27_0,Dataset/3_ROI/MEGA_AUG/aug_npz/BH_27_0_27_0_x0.75.npz,1201,9,0.0,75.413990,"forehead_strip,left_cheek_big,right_cheek_big",,15.912166955623531,1.0,train
BH,'27_0_x1.2,27_0,Dataset/3_ROI/MEGA_AUG/aug_npz/BH_27_0_27_0_x1.2.npz,751,9,0.0,47.133744,"forehead_strip,left_cheek_big,right_cheek_big",,15.912166955623531,1.0,train
BH,'27_0_x1.4,27_0,Dataset/3_ROI/MEGA_AUG/aug_npz/BH_27_0_27_0_x1.4.npz,644,9,0.0,40.409330,"forehead_strip,left_cheek_big,right_cheek_big",,15.912166955623531,1.0,train
BH,'27_0_x1.6,27_0,Dataset/3_ROI/MEGA_AUG/aug_npz/BH_27_0_27_0_x1.6.npz,563,9,0.0,35.318885,"forehead_strip,left_cheek_big,right_cheek_big",,15.912166955623531,1.0,train
BH,'27_0_x1.8,27_0,Dataset/3_ROI/MEGA_AUG/aug_npz/BH_27_0_27_0_x1.8.npz,501,9,0.0,31.422496,"forehead_strip,left_cheek_big,right_cheek_big",,15.912166955623531,1.0,train
BH,'27_1,27_1,Dataset/3_ROI/BH_RAW/27_1.npz,901,9,0.0,60.023536920547485,"forehead_strip,left_cheek_big,right_cheek_big",,15.909873344739148,1.0,train
BH,'27_1_x0.75,27_1,Dataset/3_ROI/MEGA_AUG/aug_npz/BH_27_1_27_1_x0.75.npz,1201,9,0.0,75.424862,"forehead_strip,left_cheek_big,right_cheek_big",,15.909873344739148,1.0,train
BH,'27_1_x1.2,27_1,Dataset/3_ROI/MEGA_AUG/aug_npz/BH_27_1_27_1_x1.2.npz,751,9,0.0,47.140539,"forehead_strip,left_cheek_big,right_cheek_big",,15.909873344739148,1.0,train
BH,'27_1_x1.4,27_1,Dataset/3_ROI/MEGA_AUG/aug_npz/BH_27_1_27_1_x1.4.npz,644,9,0.0,40.415155,"forehead_strip,left_cheek_big,right_cheek_big",,15.909873344739148,1.0,train
BH,'27_1_x1.6,27_1,Dataset/3_ROI/MEGA_AUG/aug_npz/BH_27_1_27_1_x1.6.npz,563,9,0.0,35.323977,"forehead_strip,left_cheek_big,right_cheek_big",,15.909873344739148,1.0,train
BH,'27_1_x1.8,27_1,Dataset/3_ROI/MEGA_AUG/aug_npz/BH_27_1_27_1_x1.8.npz,501,9,0.0,31.427026,"forehead_strip,left_cheek_big,right_cheek_big",,15.909873344739148,1.0,train
BH,'27_2,27_2,Dataset/3_ROI/BH_RAW/27_2.npz,901,9,0.0,60.002936840057366,"forehead_strip,left_cheek_big,right_cheek_big",,15.917722647902886,1.0,train
BH,'27_2_x0.75,27_2,Dataset/3_ROI/MEGA_AUG/aug_npz/BH_27_2_27_2_x0.75.npz,1201,9,0.0,75.387669,"forehead_strip,left_cheek_big,right_cheek_big",,15.917722647902886,1.0,train
BH,'27_2_x1.2,27_2,Dataset/3_ROI/MEGA_AUG/aug_npz/BH_27_2_27_2_x1.2.npz,751,9,0.0,47.117293,"forehead_strip,left_cheek_big,right_cheek_big",,15.917722647902886,1.0,train
BH,'27_2_x1.4,27_2,Dataset/3_ROI/MEGA_AUG/aug_npz/BH_27_2_27_2_x1.4.npz,644,9,0.0,40.395226,"forehead_strip,left_cheek_big,right_cheek_big",,15.917722647902886,1.0,train
BH,'27_2_x1.6,27_2,Dataset/3_ROI/MEGA_AUG/aug_npz/BH_27_2_27_2_x1.6.npz,563,9,0.0,35.306558,"forehead_strip,left_cheek_big,right_cheek_big",,15.917722647902886,1.0,train
BH,'27_2_x1.8,27_2,Dataset/3_ROI/MEGA_AUG/aug_npz/BH_27_2_27_2_x1.8.npz,501,9,0.0,31.411529,"forehead_strip,left_cheek_big,right_cheek_big",,15.917722647902886,1.0,train
BH,'28_0,28_0,Dataset/3_ROI/BH_RAW/28_0.npz,901,9,0.0,60.40514302253723,"forehead_strip,left_cheek_big,right_cheek_big",,15.90887764061992,1.0,val
BH,'28_1,28_1,Dataset/3_ROI/BH_RAW/28_1.npz,901,9,0.0,60.08078217506409,"forehead_strip,left_cheek_big,right_cheek_big",,15.911140784803472,1.0,val
BH,'28_2,28_2,Dataset/3_ROI/BH_RAW/28_2.npz,901,9,0.0,60.02434301376344,"forehead_strip,left_cheek_big,right_cheek_big",,15.908364750770946,1.0,val
BH,'29_0,29_0,Dataset/3_ROI/BH_RAW/29_0.npz,901,9,0.0,60.79718589782714,"forehead_strip,left_cheek_big,right_cheek_big",,15.91041650861088,1.0,val
BH,'29_1,29_1,Dataset/3_ROI/BH_RAW/29_1.npz,901,9,0.0,60.48700189590454,"forehead_strip,left_cheek_big,right_cheek_big",,15.90875695768046,1.0,val
BH,'29_2,29_2,Dataset/3_ROI/BH_RAW/29_2.npz,901,9,0.0,60.19655990600586,"forehead_strip,left_cheek_big,right_cheek_big",,15.912166955624434,1.0,val
BH,'2_0,2_0,Dataset/3_ROI/BH_RAW/2_0.npz,901,9,0.0,60.35657405853272,"forehead_strip,left_cheek_big,right_cheek_big",,15.913042323576787,1.0,train
BH,'2_0_x0.55,2_0,Dataset/3_ROI/MEGA_AUG/aug_npz/BH_2_0_2_0_x0.55.npz,1638,9,0.0,102.871592,"forehead_strip,left_cheek_big,right_cheek_big",,15.913042323576787,1.0,train
BH,'2_0_x0.65,2_0,Dataset/3_ROI/MEGA_AUG/aug_npz/BH_2_0_2_0_x0.65.npz,1386,9,0.0,87.035525,"forehead_strip,left_cheek_big,right_cheek_big",,15.913042323576787,1.0,train
BH,'2_0_x0.75,2_0,Dataset/3_ROI/MEGA_AUG/aug_npz/BH_2_0_2_0_x0.75.npz,1201,9,0.0,75.409842,"forehead_strip,left_cheek_big,right_cheek_big",,15.913042323576787,1.0,train
BH,'2_0_x1.2,2_0,Dataset/3_ROI/MEGA_AUG/aug_npz/BH_2_0_2_0_x1.2.npz,751,9,0.0,47.131151,"forehead_strip,left_cheek_big,right_cheek_big",,15.913042323576787,1.0,train
BH,'2_0_x1.4,2_0,Dataset/3_ROI/MEGA_AUG/aug_npz/BH_2_0_2_0_x1.4.npz,644,9,0.0,40.407107,"forehead_strip,left_cheek_big,right_cheek_big",,15.913042323576787,1.0,train
BH,'2_0_x1.6,2_0,Dataset/3_ROI/MEGA_AUG/aug_npz/BH_2_0_2_0_x1.6.npz,563,9,0.0,35.316942,"forehead_strip,left_cheek_big,right_cheek_big",,15.913042323576787,1.0,train
BH,'2_0_x1.8,2_0,Dataset/3_ROI/MEGA_AUG/aug_npz/BH_2_0_2_0_x1.8.npz,501,9,0.0,31.420767,"forehead_strip,left_cheek_big,right_cheek_big",,15.913042323576787,1.0,train
BH,'2_1,2_1,Dataset/3_ROI/BH_RAW/2_1.npz,901,9,0.0,60.282796144485474,"forehead_strip,left_cheek_big,right_cheek_big",,15.909994044616967,1.0,train
BH,'2_1_x0.65,2_1,Dataset/3_ROI/MEGA_AUG/aug_npz/BH_2_1_2_1_x0.65.npz,1386,9,0.0,87.052201,"forehead_strip,left_cheek_big,right_cheek_big",,15.909994044616967,1.0,train
BH,'2_1_x0.75,2_1,Dataset/3_ROI/MEGA_AUG/aug_npz/BH_2_1_2_1_x0.75.npz,1201,9,0.0,75.424290,"forehead_strip,left_cheek_big,right_cheek_big",,15.909994044616967,1.0,train
BH,'2_1_x1.2,2_1,Dataset/3_ROI/MEGA_AUG/aug_npz/BH_2_1_2_1_x1.2.npz,751,9,0.0,47.140181,"forehead_strip,left_cheek_big,right_cheek_big",,15.909994044616967,1.0,train
BH,'2_1_x1.4,2_1,Dataset/3_ROI/MEGA_AUG/aug_npz/BH_2_1_2_1_x1.4.npz,644,9,0.0,40.414849,"forehead_strip,left_cheek_big,right_cheek_big",,15.909994044616967,1.0,train
BH,'2_1_x1.6,2_1,Dataset/3_ROI/MEGA_AUG/aug_npz/BH_2_1_2_1_x1.6.npz,563,9,0.0,35.323709,"forehead_strip,left_cheek_big,right_cheek_big",,15.909994044616967,1.0,train
BH,'2_1_x1.8,2_1,Dataset/3_ROI/MEGA_AUG/aug_npz/BH_2_1_2_1_x1.8.npz,501,9,0.0,31.426787,"forehead_strip,left_cheek_big,right_cheek_big",,15.909994044616967,1.0,train
BH,'2_2,2_2,Dataset/3_ROI/BH_RAW/2_2.npz,901,9,0.0,60.210099935531616,"forehead_strip,left_cheek_big,right_cheek_big",,15.90824407561368,1.0,train
BH,'2_2_x0.65,2_2,Dataset/3_ROI/MEGA_AUG/aug_npz/BH_2_2_2_2_x0.65.npz,1386,9,0.0,87.061777,"forehead_strip,left_cheek_big,right_cheek_big",,15.90824407561368,1.0,train
BH,'2_2_x0.75,2_2,Dataset/3_ROI/MEGA_AUG/aug_npz/BH_2_2_2_2_x0.75.npz,1201,9,0.0,75.432587,"forehead_strip,left_cheek_big,right_cheek_big",,15.90824407561368,1.0,train
BH,'2_2_x1.2,2_2,Dataset/3_ROI/MEGA_AUG/aug_npz/BH_2_2_2_2_x1.2.npz,751,9,0.0,47.145367,"forehead_strip,left_cheek_big,right_cheek_big",,15.90824407561368,1.0,train
BH,'2_2_x1.4,2_2,Dataset/3_ROI/MEGA_AUG/aug_npz/BH_2_2_2_2_x1.4.npz,644,9,0.0,40.419294,"forehead_strip,left_cheek_big,right_cheek_big",,15.90824407561368,1.0,train
BH,'2_2_x1.6,2_2,Dataset/3_ROI/MEGA_AUG/aug_npz/BH_2_2_2_2_x1.6.npz,563,9,0.0,35.327595,"forehead_strip,left_cheek_big,right_cheek_big",,15.90824407561368,1.0,train
BH,'2_2_x1.8,2_2,Dataset/3_ROI/MEGA_AUG/aug_npz/BH_2_2_2_2_x1.8.npz,501,9,0.0,31.430244,"forehead_strip,left_cheek_big,right_cheek_big",,15.90824407561368,1.0,train
BH,'30_0,30_0,Dataset/3_ROI/BH_RAW/30_0.npz,901,9,0.0,60.0742027759552,"forehead_strip,left_cheek_big,right_cheek_big",,15.91053721672982,1.0,val
BH,'30_1,30_1,Dataset/3_ROI/BH_RAW/30_1.npz,901,9,0.0,60.27789187431336,"forehead_strip,left_cheek_big,right_cheek_big",,15.9098733447378,1.0,val
BH,'30_2,30_2,Dataset/3_ROI/BH_RAW/30_2.npz,901,9,0.0,60.282753944396966,"forehead_strip,left_cheek_big,right_cheek_big",,15.909269872818513,1.0,val
BH,'31_0,31_0,Dataset/3_ROI/BH_RAW/31_0.npz,901,9,0.0,60.00839114189148,"forehead_strip,left_cheek_big,right_cheek_big",,15.910235449867706,1.0,val
BH,'31_1,31_1,Dataset/3_ROI/BH_RAW/31_1.npz,901,9,0.0,60.131552934646606,"forehead_strip,left_cheek_big,right_cheek_big",,15.907610561069072,1.0,val
BH,'31_2,31_2,Dataset/3_ROI/BH_RAW/31_2.npz,901,9,0.0,60.28607511520386,"forehead_strip,left_cheek_big,right_cheek_big",,15.90824407561368,1.0,val
BH,'32_0,32_0,Dataset/3_ROI/BH_RAW/32_0.npz,901,9,0.0,60.5382969379425,"forehead_strip,left_cheek_big,right_cheek_big",,15.911563309698227,1.0,val
BH,'32_1,32_1,Dataset/3_ROI/BH_RAW/32_1.npz,901,9,0.0,60.41064715385437,"forehead_strip,left_cheek_big,right_cheek_big",,15.909149183927246,1.0,val
BH,'32_2,32_2,Dataset/3_ROI/BH_RAW/32_2.npz,901,9,0.0,59.94207406044006,"forehead_strip,left_cheek_big,right_cheek_big",,15.913042323576787,1.0,val
BH,'33_0,33_0,Dataset/3_ROI/BH_RAW/33_0.npz,901,9,0.0,60.148797035217285,"forehead_strip,left_cheek_big,right_cheek_big",,15.91355551508484,1.0,val
BH,'33_1,33_1,Dataset/3_ROI/BH_RAW/33_1.npz,901,9,0.0,60.080815076828,"forehead_strip,left_cheek_big,right_cheek_big",,15.909631950478408,1.0,val
BH,'33_2,33_2,Dataset/3_ROI/BH_RAW/33_2.npz,901,9,0.0,60.06585001945496,"forehead_strip,left_cheek_big,right_cheek_big",,15.916333361161495,1.0,val
BH,'34_0,34_0,Dataset/3_ROI/BH_RAW/34_0.npz,901,9,0.0,60.14700984954833,"forehead_strip,left_cheek_big,right_cheek_big",,15.911442586010924,1.0,val
BH,'34_1,34_1,Dataset/3_ROI/BH_RAW/34_1.npz,901,9,0.0,59.946555852890015,"forehead_strip,left_cheek_big,right_cheek_big",,15.914219694410557,1.0,val
BH,'34_2,34_2,Dataset/3_ROI/BH_RAW/34_2.npz,901,9,0.0,59.84963297843933,"forehead_strip,left_cheek_big,right_cheek_big",,15.90721841068293,1.0,val
BH,'3_0,3_0,Dataset/3_ROI/BH_RAW/3_0.npz,901,9,0.0,60.62099695205688,"forehead_strip,left_cheek_big,right_cheek_big",,15.910899352078951,1.0,train
BH,'3_0_x0.55,3_0,Dataset/3_ROI/MEGA_AUG/aug_npz/BH_3_0_3_0_x0.55.npz,1638,9,0.0,102.885448,"forehead_strip,left_cheek_big,right_cheek_big",,15.910899352078951,1.0,train
BH,'3_0_x0.65,3_0,Dataset/3_ROI/MEGA_AUG/aug_npz/BH_3_0_3_0_x0.65.npz,1386,9,0.0,87.047248,"forehead_strip,left_cheek_big,right_cheek_big",,15.910899352078951,1.0,train
BH,'3_0_x0.75,3_0,Dataset/3_ROI/MEGA_AUG/aug_npz/BH_3_0_3_0_x0.75.npz,1201,9,0.0,75.419998,"forehead_strip,left_cheek_big,right_cheek_big",,15.910899352078951,1.0,train
BH,'3_0_x1.2,3_0,Dataset/3_ROI/MEGA_AUG/aug_npz/BH_3_0_3_0_x1.2.npz,751,9,0.0,47.137499,"forehead_strip,left_cheek_big,right_cheek_big",,15.910899352078951,1.0,train
BH,'3_0_x1.4,3_0,Dataset/3_ROI/MEGA_AUG/aug_npz/BH_3_0_3_0_x1.4.npz,644,9,0.0,40.412549,"forehead_strip,left_cheek_big,right_cheek_big",,15.910899352078951,1.0,train
BH,'3_0_x1.6,3_0,Dataset/3_ROI/MEGA_AUG/aug_npz/BH_3_0_3_0_x1.6.npz,563,9,0.0,35.321699,"forehead_strip,left_cheek_big,right_cheek_big",,15.910899352078951,1.0,train
BH,'3_0_x1.8,3_0,Dataset/3_ROI/MEGA_AUG/aug_npz/BH_3_0_3_0_x1.8.npz,501,9,0.0,31.424999,"forehead_strip,left_cheek_big,right_cheek_big",,15.910899352078951,1.0,train
BH,'3_1,3_1,Dataset/3_ROI/BH_RAW/3_1.npz,901,9,0.0,60.01187801361084,"forehead_strip,left_cheek_big,right_cheek_big",,15.912831019044551,1.0,train
BH,'3_1_x0.55,3_1,Dataset/3_ROI/MEGA_AUG/aug_npz/BH_3_1_3_1_x0.55.npz,1638,9,0.0,102.872958,"forehead_strip,left_cheek_big,right_cheek_big",,15.912831019044551,1.0,train
BH,'3_1_x0.65,3_1,Dataset/3_ROI/MEGA_AUG/aug_npz/BH_3_1_3_1_x0.65.npz,1386,9,0.0,87.036681,"forehead_strip,left_cheek_big,right_cheek_big",,15.912831019044551,1.0,train
BH,'3_1_x0.75,3_1,Dataset/3_ROI/MEGA_AUG/aug_npz/BH_3_1_3_1_x0.75.npz,1201,9,0.0,75.410843,"forehead_strip,left_cheek_big,right_cheek_big",,15.912831019044551,1.0,train
BH,'3_1_x1.2,3_1,Dataset/3_ROI/MEGA_AUG/aug_npz/BH_3_1_3_1_x1.2.npz,751,9,0.0,47.131777,"forehead_strip,left_cheek_big,right_cheek_big",,15.912831019044551,1.0,train
BH,'3_1_x1.4,3_1,Dataset/3_ROI/MEGA_AUG/aug_npz/BH_3_1_3_1_x1.4.npz,644,9,0.0,40.407643,"forehead_strip,left_cheek_big,right_cheek_big",,15.912831019044551,1.0,train
BH,'3_1_x1.6,3_1,Dataset/3_ROI/MEGA_AUG/aug_npz/BH_3_1_3_1_x1.6.npz,563,9,0.0,35.317411,"forehead_strip,left_cheek_big,right_cheek_big",,15.912831019044551,1.0,train
BH,'3_1_x1.8,3_1,Dataset/3_ROI/MEGA_AUG/aug_npz/BH_3_1_3_1_x1.8.npz,501,9,0.0,31.421185,"forehead_strip,left_cheek_big,right_cheek_big",,15.912831019044551,1.0,train
BH,'3_2,3_2,Dataset/3_ROI/BH_RAW/3_2.npz,901,9,0.0,60.08144402503967,"forehead_strip,left_cheek_big,right_cheek_big",,15.912408426819228,1.0,train
BH,'3_2_x0.55,3_2,Dataset/3_ROI/MEGA_AUG/aug_npz/BH_3_2_3_2_x0.55.npz,1638,9,0.0,102.875690,"forehead_strip,left_cheek_big,right_cheek_big",,15.912408426819228,1.0,train
BH,'3_2_x0.65,3_2,Dataset/3_ROI/MEGA_AUG/aug_npz/BH_3_2_3_2_x0.65.npz,1386,9,0.0,87.038993,"forehead_strip,left_cheek_big,right_cheek_big",,15.912408426819228,1.0,train
BH,'3_2_x0.75,3_2,Dataset/3_ROI/MEGA_AUG/aug_npz/BH_3_2_3_2_x0.75.npz,1201,9,0.0,75.412846,"forehead_strip,left_cheek_big,right_cheek_big",,15.912408426819228,1.0,train
BH,'3_2_x1.2,3_2,Dataset/3_ROI/MEGA_AUG/aug_npz/BH_3_2_3_2_x1.2.npz,751,9,0.0,47.133029,"forehead_strip,left_cheek_big,right_cheek_big",,15.912408426819228,1.0,train
BH,'3_2_x1.4,3_2,Dataset/3_ROI/MEGA_AUG/aug_npz/BH_3_2_3_2_x1.4.npz,644,9,0.0,40.408716,"forehead_strip,left_cheek_big,right_cheek_big",,15.912408426819228,1.0,train
BH,'3_2_x1.6,3_2,Dataset/3_ROI/MEGA_AUG/aug_npz/BH_3_2_3_2_x1.6.npz,563,9,0.0,35.318349,"forehead_strip,left_cheek_big,right_cheek_big",,15.912408426819228,1.0,train
BH,'3_2_x1.8,3_2,Dataset/3_ROI/MEGA_AUG/aug_npz/BH_3_2_3_2_x1.8.npz,501,9,0.0,31.422019,"forehead_strip,left_cheek_big,right_cheek_big",,15.912408426819228,1.0,train
BH,'4_0,4_0,Dataset/3_ROI/BH_RAW/4_0.npz,901,9,0.0,60.53122401237488,"forehead_strip,left_cheek_big,right_cheek_big",,15.91382721810693,1.0,train
BH,'4_0_x0.55,4_0,Dataset/3_ROI/MEGA_AUG/aug_npz/BH_4_0_4_0_x0.55.npz,1638,9,0.0,102.866518,"forehead_strip,left_cheek_big,right_cheek_big",,15.91382721810693,1.0,train
BH,'4_0_x0.65,4_0,Dataset/3_ROI/MEGA_AUG/aug_npz/BH_4_0_4_0_x0.65.npz,1386,9,0.0,87.031233,"forehead_strip,left_cheek_big,right_cheek_big",,15.91382721810693,1.0,train
BH,'4_0_x0.75,4_0,Dataset/3_ROI/MEGA_AUG/aug_npz/BH_4_0_4_0_x0.75.npz,1201,9,0.0,75.406122,"forehead_strip,left_cheek_big,right_cheek_big",,15.91382721810693,1.0,train
BH,'4_0_x1.2,4_0,Dataset/3_ROI/MEGA_AUG/aug_npz/BH_4_0_4_0_x1.2.npz,751,9,0.0,47.128826,"forehead_strip,left_cheek_big,right_cheek_big",,15.91382721810693,1.0,train
BH,'4_0_x1.4,4_0,Dataset/3_ROI/MEGA_AUG/aug_npz/BH_4_0_4_0_x1.4.npz,644,9,0.0,40.405114,"forehead_strip,left_cheek_big,right_cheek_big",,15.91382721810693,1.0,train
BH,'4_0_x1.6,4_0,Dataset/3_ROI/MEGA_AUG/aug_npz/BH_4_0_4_0_x1.6.npz,563,9,0.0,35.315201,"forehead_strip,left_cheek_big,right_cheek_big",,15.91382721810693,1.0,train
BH,'4_0_x1.8,4_0,Dataset/3_ROI/MEGA_AUG/aug_npz/BH_4_0_4_0_x1.8.npz,501,9,0.0,31.419218,"forehead_strip,left_cheek_big,right_cheek_big",,15.91382721810693,1.0,train
BH,'4_1,4_1,Dataset/3_ROI/BH_RAW/4_1.npz,901,9,0.0,60.365890979766846,"forehead_strip,left_cheek_big,right_cheek_big",,15.913555515085742,1.0,train
BH,'4_1_x0.55,4_1,Dataset/3_ROI/MEGA_AUG/aug_npz/BH_4_1_4_1_x0.55.npz,1638,9,0.0,102.868275,"forehead_strip,left_cheek_big,right_cheek_big",,15.913555515085742,1.0,train
BH,'4_1_x0.65,4_1,Dataset/3_ROI/MEGA_AUG/aug_npz/BH_4_1_4_1_x0.65.npz,1386,9,0.0,87.032719,"forehead_strip,left_cheek_big,right_cheek_big",,15.913555515085742,1.0,train
BH,'4_1_x0.75,4_1,Dataset/3_ROI/MEGA_AUG/aug_npz/BH_4_1_4_1_x0.75.npz,1201,9,0.0,75.407410,"forehead_strip,left_cheek_big,right_cheek_big",,15.913555515085742,1.0,train
BH,'4_1_x1.2,4_1,Dataset/3_ROI/MEGA_AUG/aug_npz/BH_4_1_4_1_x1.2.npz,751,9,0.0,47.129631,"forehead_strip,left_cheek_big,right_cheek_big",,15.913555515085742,1.0,train
BH,'4_1_x1.4,4_1,Dataset/3_ROI/MEGA_AUG/aug_npz/BH_4_1_4_1_x1.4.npz,644,9,0.0,40.405804,"forehead_strip,left_cheek_big,right_cheek_big",,15.913555515085742,1.0,train
BH,'4_1_x1.6,4_1,Dataset/3_ROI/MEGA_AUG/aug_npz/BH_4_1_4_1_x1.6.npz,563,9,0.0,35.315804,"forehead_strip,left_cheek_big,right_cheek_big",,15.913555515085742,1.0,train
BH,'4_1_x1.8,4_1,Dataset/3_ROI/MEGA_AUG/aug_npz/BH_4_1_4_1_x1.8.npz,501,9,0.0,31.419754,"forehead_strip,left_cheek_big,right_cheek_big",,15.913555515085742,1.0,train
BH,'4_2,4_2,Dataset/3_ROI/BH_RAW/4_2.npz,901,9,0.0,60.20388412475586,"forehead_strip,left_cheek_big,right_cheek_big",,15.91038633186766,1.0,train
BH,'4_2_x0.55,4_2,Dataset/3_ROI/MEGA_AUG/aug_npz/BH_4_2_4_2_x0.55.npz,1638,9,0.0,102.888765,"forehead_strip,left_cheek_big,right_cheek_big",,15.91038633186766,1.0,train
BH,'4_2_x0.65,4_2,Dataset/3_ROI/MEGA_AUG/aug_npz/BH_4_2_4_2_x0.65.npz,1386,9,0.0,87.050055,"forehead_strip,left_cheek_big,right_cheek_big",,15.91038633186766,1.0,train
BH,'4_2_x0.75,4_2,Dataset/3_ROI/MEGA_AUG/aug_npz/BH_4_2_4_2_x0.75.npz,1201,9,0.0,75.422430,"forehead_strip,left_cheek_big,right_cheek_big",,15.91038633186766,1.0,train
BH,'4_2_x1.2,4_2,Dataset/3_ROI/MEGA_AUG/aug_npz/BH_4_2_4_2_x1.2.npz,751,9,0.0,47.139019,"forehead_strip,left_cheek_big,right_cheek_big",,15.91038633186766,1.0,train
BH,'4_2_x1.4,4_2,Dataset/3_ROI/MEGA_AUG/aug_npz/BH_4_2_4_2_x1.4.npz,644,9,0.0,40.413852,"forehead_strip,left_cheek_big,right_cheek_big",,15.91038633186766,1.0,train
BH,'4_2_x1.6,4_2,Dataset/3_ROI/MEGA_AUG/aug_npz/BH_4_2_4_2_x1.6.npz,563,9,0.0,35.322838,"forehead_strip,left_cheek_big,right_cheek_big",,15.91038633186766,1.0,train
BH,'4_2_x1.8,4_2,Dataset/3_ROI/MEGA_AUG/aug_npz/BH_4_2_4_2_x1.8.npz,501,9,0.0,31.426013,"forehead_strip,left_cheek_big,right_cheek_big",,15.91038633186766,1.0,train
BH,'5_0,5_0,Dataset/3_ROI/BH_RAW/5_0.npz,901,9,0.0,60.4008059501648,"forehead_strip,left_cheek_big,right_cheek_big",,15.91313288437916,1.0,train
BH,'5_0_x0.55,5_0,Dataset/3_ROI/MEGA_AUG/aug_npz/BH_5_0_5_0_x0.55.npz,1638,9,0.0,102.871007,"forehead_strip,left_cheek_big,right_cheek_big",,15.91313288437916,1.0,train
BH,'5_0_x0.65,5_0,Dataset/3_ROI/MEGA_AUG/aug_npz/BH_5_0_5_0_x0.65.npz,1386,9,0.0,87.035030,"forehead_strip,left_cheek_big,right_cheek_big",,15.91313288437916,1.0,train
BH,'5_0_x0.75,5_0,Dataset/3_ROI/MEGA_AUG/aug_npz/BH_5_0_5_0_x0.75.npz,1201,9,0.0,75.409412,"forehead_strip,left_cheek_big,right_cheek_big",,15.91313288437916,1.0,train
BH,'5_0_x1.2,5_0,Dataset/3_ROI/MEGA_AUG/aug_npz/BH_5_0_5_0_x1.2.npz,751,9,0.0,47.130883,"forehead_strip,left_cheek_big,right_cheek_big",,15.91313288437916,1.0,train
BH,'5_0_x1.4,5_0,Dataset/3_ROI/MEGA_AUG/aug_npz/BH_5_0_5_0_x1.4.npz,644,9,0.0,40.406877,"forehead_strip,left_cheek_big,right_cheek_big",,15.91313288437916,1.0,train
BH,'5_0_x1.6,5_0,Dataset/3_ROI/MEGA_AUG/aug_npz/BH_5_0_5_0_x1.6.npz,563,9,0.0,35.316741,"forehead_strip,left_cheek_big,right_cheek_big",,15.91313288437916,1.0,train
BH,'5_0_x1.8,5_0,Dataset/3_ROI/MEGA_AUG/aug_npz/BH_5_0_5_0_x1.8.npz,501,9,0.0,31.420588,"forehead_strip,left_cheek_big,right_cheek_big",,15.91313288437916,1.0,train
BH,'5_1,5_1,Dataset/3_ROI/BH_RAW/5_1.npz,901,9,0.0,59.87457203865051,"forehead_strip,left_cheek_big,right_cheek_big",,15.910627749022678,1.0,train
BH,'5_1_x0.55,5_1,Dataset/3_ROI/MEGA_AUG/aug_npz/BH_5_1_5_1_x0.55.npz,1638,9,0.0,102.887204,"forehead_strip,left_cheek_big,right_cheek_big",,15.910627749022678,1.0,train
BH,'5_1_x0.65,5_1,Dataset/3_ROI/MEGA_AUG/aug_npz/BH_5_1_5_1_x0.65.npz,1386,9,0.0,87.048734,"forehead_strip,left_cheek_big,right_cheek_big",,15.910627749022678,1.0,train
BH,'5_1_x0.75,5_1,Dataset/3_ROI/MEGA_AUG/aug_npz/BH_5_1_5_1_x0.75.npz,1201,9,0.0,75.421286,"forehead_strip,left_cheek_big,right_cheek_big",,15.910627749022678,1.0,train
BH,'5_1_x1.2,5_1,Dataset/3_ROI/MEGA_AUG/aug_npz/BH_5_1_5_1_x1.2.npz,751,9,0.0,47.138304,"forehead_strip,left_cheek_big,right_cheek_big",,15.910627749022678,1.0,train
BH,'5_1_x1.4,5_1,Dataset/3_ROI/MEGA_AUG/aug_npz/BH_5_1_5_1_x1.4.npz,644,9,0.0,40.413239,"forehead_strip,left_cheek_big,right_cheek_big",,15.910627749022678,1.0,train
BH,'5_1_x1.6,5_1,Dataset/3_ROI/MEGA_AUG/aug_npz/BH_5_1_5_1_x1.6.npz,563,9,0.0,35.322302,"forehead_strip,left_cheek_big,right_cheek_big",,15.910627749022678,1.0,train
BH,'5_1_x1.8,5_1,Dataset/3_ROI/MEGA_AUG/aug_npz/BH_5_1_5_1_x1.8.npz,501,9,0.0,31.425536,"forehead_strip,left_cheek_big,right_cheek_big",,15.910627749022678,1.0,train
BH,'5_2,5_2,Dataset/3_ROI/BH_RAW/5_2.npz,901,9,0.0,59.80966091156006,"forehead_strip,left_cheek_big,right_cheek_big",,15.907882061122812,1.0,train
BH,'5_2_x0.55,5_2,Dataset/3_ROI/MEGA_AUG/aug_npz/BH_5_2_5_2_x0.55.npz,1638,9,0.0,102.904962,"forehead_strip,left_cheek_big,right_cheek_big",,15.907882061122812,1.0,train
BH,'5_2_x0.65,5_2,Dataset/3_ROI/MEGA_AUG/aug_npz/BH_5_2_5_2_x0.65.npz,1386,9,0.0,87.063758,"forehead_strip,left_cheek_big,right_cheek_big",,15.907882061122812,1.0,train
BH,'5_2_x0.75,5_2,Dataset/3_ROI/MEGA_AUG/aug_npz/BH_5_2_5_2_x0.75.npz,1201,9,0.0,75.434303,"forehead_strip,left_cheek_big,right_cheek_big",,15.907882061122812,1.0,train
BH,'5_2_x1.2,5_2,Dataset/3_ROI/MEGA_AUG/aug_npz/BH_5_2_5_2_x1.2.npz,751,9,0.0,47.146440,"forehead_strip,left_cheek_big,right_cheek_big",,15.907882061122812,1.0,train
BH,'5_2_x1.4,5_2,Dataset/3_ROI/MEGA_AUG/aug_npz/BH_5_2_5_2_x1.4.npz,644,9,0.0,40.420214,"forehead_strip,left_cheek_big,right_cheek_big",,15.907882061122812,1.0,train
BH,'5_2_x1.6,5_2,Dataset/3_ROI/MEGA_AUG/aug_npz/BH_5_2_5_2_x1.6.npz,563,9,0.0,35.328399,"forehead_strip,left_cheek_big,right_cheek_big",,15.907882061122812,1.0,train
BH,'6_0,6_0,Dataset/3_ROI/BH_RAW/6_0.npz,901,9,0.0,60.339215993881226,"forehead_strip,left_cheek_big,right_cheek_big",,15.90824407561368,1.0,train
BH,'6_0_x0.55,6_0,Dataset/3_ROI/MEGA_AUG/aug_npz/BH_6_0_6_0_x0.55.npz,1638,9,0.0,102.902620,"forehead_strip,left_cheek_big,right_cheek_big",,15.90824407561368,1.0,train
BH,'6_0_x0.65,6_0,Dataset/3_ROI/MEGA_AUG/aug_npz/BH_6_0_6_0_x0.65.npz,1386,9,0.0,87.061777,"forehead_strip,left_cheek_big,right_cheek_big",,15.90824407561368,1.0,train
BH,'6_0_x0.75,6_0,Dataset/3_ROI/MEGA_AUG/aug_npz/BH_6_0_6_0_x0.75.npz,1201,9,0.0,75.432587,"forehead_strip,left_cheek_big,right_cheek_big",,15.90824407561368,1.0,train
BH,'6_0_x1.2,6_0,Dataset/3_ROI/MEGA_AUG/aug_npz/BH_6_0_6_0_x1.2.npz,751,9,0.0,47.145367,"forehead_strip,left_cheek_big,right_cheek_big",,15.90824407561368,1.0,train
BH,'6_0_x1.4,6_0,Dataset/3_ROI/MEGA_AUG/aug_npz/BH_6_0_6_0_x1.4.npz,644,9,0.0,40.419294,"forehead_strip,left_cheek_big,right_cheek_big",,15.90824407561368,1.0,train
BH,'6_0_x1.6,6_0,Dataset/3_ROI/MEGA_AUG/aug_npz/BH_6_0_6_0_x1.6.npz,563,9,0.0,35.327595,"forehead_strip,left_cheek_big,right_cheek_big",,15.90824407561368,1.0,train
BH,'6_0_x1.8,6_0,Dataset/3_ROI/MEGA_AUG/aug_npz/BH_6_0_6_0_x1.8.npz,501,9,0.0,31.430244,"forehead_strip,left_cheek_big,right_cheek_big",,15.90824407561368,1.0,train
BH,'6_1,6_1,Dataset/3_ROI/BH_RAW/6_1.npz,901,9,0.0,60.13302612304688,"forehead_strip,left_cheek_big,right_cheek_big",,15.909390563539567,1.0,train
BH,'6_1_x0.55,6_1,Dataset/3_ROI/MEGA_AUG/aug_npz/BH_6_1_6_1_x0.55.npz,1638,9,0.0,102.895205,"forehead_strip,left_cheek_big,right_cheek_big",,15.909390563539567,1.0,train
BH,'6_1_x0.65,6_1,Dataset/3_ROI/MEGA_AUG/aug_npz/BH_6_1_6_1_x0.65.npz,1386,9,0.0,87.055503,"forehead_strip,left_cheek_big,right_cheek_big",,15.909390563539567,1.0,train
BH,'6_1_x0.75,6_1,Dataset/3_ROI/MEGA_AUG/aug_npz/BH_6_1_6_1_x0.75.npz,1201,9,0.0,75.427151,"forehead_strip,left_cheek_big,right_cheek_big",,15.909390563539567,1.0,train
BH,'6_1_x1.2,6_1,Dataset/3_ROI/MEGA_AUG/aug_npz/BH_6_1_6_1_x1.2.npz,751,9,0.0,47.141969,"forehead_strip,left_cheek_big,right_cheek_big",,15.909390563539567,1.0,train
BH,'6_1_x1.4,6_1,Dataset/3_ROI/MEGA_AUG/aug_npz/BH_6_1_6_1_x1.4.npz,644,9,0.0,40.416382,"forehead_strip,left_cheek_big,right_cheek_big",,15.909390563539567,1.0,train
BH,'6_1_x1.6,6_1,Dataset/3_ROI/MEGA_AUG/aug_npz/BH_6_1_6_1_x1.6.npz,563,9,0.0,35.325049,"forehead_strip,left_cheek_big,right_cheek_big",,15.909390563539567,1.0,train
BH,'6_1_x1.8,6_1,Dataset/3_ROI/MEGA_AUG/aug_npz/BH_6_1_6_1_x1.8.npz,501,9,0.0,31.427979,"forehead_strip,left_cheek_big,right_cheek_big",,15.909390563539567,1.0,train
BH,'6_2,6_2,Dataset/3_ROI/BH_RAW/6_2.npz,901,9,0.0,59.73765206336975,"forehead_strip,left_cheek_big,right_cheek_big",,15.911020067523994,1.0,train
BH,'6_2_x0.55,6_2,Dataset/3_ROI/MEGA_AUG/aug_npz/BH_6_2_6_2_x0.55.npz,1638,9,0.0,102.884667,"forehead_strip,left_cheek_big,right_cheek_big",,15.911020067523994,1.0,train
BH,'6_2_x0.65,6_2,Dataset/3_ROI/MEGA_AUG/aug_npz/BH_6_2_6_2_x0.65.npz,1386,9,0.0,87.046587,"forehead_strip,left_cheek_big,right_cheek_big",,15.911020067523994,1.0,train
BH,'6_2_x0.75,6_2,Dataset/3_ROI/MEGA_AUG/aug_npz/BH_6_2_6_2_x0.75.npz,1201,9,0.0,75.419426,"forehead_strip,left_cheek_big,right_cheek_big",,15.911020067523994,1.0,train
BH,'6_2_x1.2,6_2,Dataset/3_ROI/MEGA_AUG/aug_npz/BH_6_2_6_2_x1.2.npz,751,9,0.0,47.137141,"forehead_strip,left_cheek_big,right_cheek_big",,15.911020067523994,1.0,train
BH,'6_2_x1.4,6_2,Dataset/3_ROI/MEGA_AUG/aug_npz/BH_6_2_6_2_x1.4.npz,644,9,0.0,40.412242,"forehead_strip,left_cheek_big,right_cheek_big",,15.911020067523994,1.0,train
BH,'6_2_x1.6,6_2,Dataset/3_ROI/MEGA_AUG/aug_npz/BH_6_2_6_2_x1.6.npz,563,9,0.0,35.321431,"forehead_strip,left_cheek_big,right_cheek_big",,15.911020067523994,1.0,train
BH,'6_2_x1.8,6_2,Dataset/3_ROI/MEGA_AUG/aug_npz/BH_6_2_6_2_x1.8.npz,501,9,0.0,31.424761,"forehead_strip,left_cheek_big,right_cheek_big",,15.911020067523994,1.0,train
BH,'7_0,7_0,Dataset/3_ROI/BH_RAW/7_0.npz,901,9,0.0,62.005479097366326,"forehead_strip,left_cheek_big,right_cheek_big",,15.90824407561278,1.0,train
BH,'7_0_x0.55,7_0,Dataset/3_ROI/MEGA_AUG/aug_npz/BH_7_0_7_0_x0.55.npz,1638,9,0.0,102.902620,"forehead_strip,left_cheek_big,right_cheek_big",,15.90824407561278,1.0,train
BH,'7_0_x0.65,7_0,Dataset/3_ROI/MEGA_AUG/aug_npz/BH_7_0_7_0_x0.65.npz,1386,9,0.0,87.061777,"forehead_strip,left_cheek_big,right_cheek_big",,15.90824407561278,1.0,train
BH,'7_0_x0.75,7_0,Dataset/3_ROI/MEGA_AUG/aug_npz/BH_7_0_7_0_x0.75.npz,1201,9,0.0,75.432587,"forehead_strip,left_cheek_big,right_cheek_big",,15.90824407561278,1.0,train
BH,'7_0_x1.2,7_0,Dataset/3_ROI/MEGA_AUG/aug_npz/BH_7_0_7_0_x1.2.npz,751,9,0.0,47.145367,"forehead_strip,left_cheek_big,right_cheek_big",,15.90824407561278,1.0,train
BH,'7_0_x1.4,7_0,Dataset/3_ROI/MEGA_AUG/aug_npz/BH_7_0_7_0_x1.4.npz,644,9,0.0,40.419294,"forehead_strip,left_cheek_big,right_cheek_big",,15.90824407561278,1.0,train
BH,'7_0_x1.6,7_0,Dataset/3_ROI/MEGA_AUG/aug_npz/BH_7_0_7_0_x1.6.npz,563,9,0.0,35.327595,"forehead_strip,left_cheek_big,right_cheek_big",,15.90824407561278,1.0,train
BH,'7_0_x1.8,7_0,Dataset/3_ROI/MEGA_AUG/aug_npz/BH_7_0_7_0_x1.8.npz,501,9,0.0,31.430244,"forehead_strip,left_cheek_big,right_cheek_big",,15.90824407561278,1.0,train
BH,'7_1,7_1,Dataset/3_ROI/BH_RAW/7_1.npz,901,9,0.0,61.673434972763054,"forehead_strip,left_cheek_big,right_cheek_big",,15.913676270840082,1.0,train
BH,'7_1_x0.55,7_1,Dataset/3_ROI/MEGA_AUG/aug_npz/BH_7_1_7_1_x0.55.npz,1638,9,0.0,102.867494,"forehead_strip,left_cheek_big,right_cheek_big",,15.913676270840082,1.0,train
BH,'7_1_x0.65,7_1,Dataset/3_ROI/MEGA_AUG/aug_npz/BH_7_1_7_1_x0.65.npz,1386,9,0.0,87.032058,"forehead_strip,left_cheek_big,right_cheek_big",,15.913676270840082,1.0,train
BH,'7_1_x0.75,7_1,Dataset/3_ROI/MEGA_AUG/aug_npz/BH_7_1_7_1_x0.75.npz,1201,9,0.0,75.406837,"forehead_strip,left_cheek_big,right_cheek_big",,15.913676270840082,1.0,train
BH,'7_1_x1.2,7_1,Dataset/3_ROI/MEGA_AUG/aug_npz/BH_7_1_7_1_x1.2.npz,751,9,0.0,47.129273,"forehead_strip,left_cheek_big,right_cheek_big",,15.913676270840082,1.0,train
BH,'7_1_x1.4,7_1,Dataset/3_ROI/MEGA_AUG/aug_npz/BH_7_1_7_1_x1.4.npz,644,9,0.0,40.405497,"forehead_strip,left_cheek_big,right_cheek_big",,15.913676270840082,1.0,train
BH,'7_1_x1.6,7_1,Dataset/3_ROI/MEGA_AUG/aug_npz/BH_7_1_7_1_x1.6.npz,563,9,0.0,35.315536,"forehead_strip,left_cheek_big,right_cheek_big",,15.913676270840082,1.0,train
BH,'7_1_x1.8,7_1,Dataset/3_ROI/MEGA_AUG/aug_npz/BH_7_1_7_1_x1.8.npz,501,9,0.0,31.419516,"forehead_strip,left_cheek_big,right_cheek_big",,15.913676270840082,1.0,train
BH,'7_2,7_2,Dataset/3_ROI/BH_RAW/7_2.npz,901,9,0.0,61.28672099113464,"forehead_strip,left_cheek_big,right_cheek_big",,15.91026562603903,1.0,train
BH,'7_2_x0.55,7_2,Dataset/3_ROI/MEGA_AUG/aug_npz/BH_7_2_7_2_x0.55.npz,1638,9,0.0,102.889546,"forehead_strip,left_cheek_big,right_cheek_big",,15.91026562603903,1.0,train
BH,'7_2_x0.65,7_2,Dataset/3_ROI/MEGA_AUG/aug_npz/BH_7_2_7_2_x0.65.npz,1386,9,0.0,87.050715,"forehead_strip,left_cheek_big,right_cheek_big",,15.91026562603903,1.0,train
BH,'7_2_x0.75,7_2,Dataset/3_ROI/MEGA_AUG/aug_npz/BH_7_2_7_2_x0.75.npz,1201,9,0.0,75.423002,"forehead_strip,left_cheek_big,right_cheek_big",,15.91026562603903,1.0,train
BH,'7_2_x1.2,7_2,Dataset/3_ROI/MEGA_AUG/aug_npz/BH_7_2_7_2_x1.2.npz,751,9,0.0,47.139376,"forehead_strip,left_cheek_big,right_cheek_big",,15.91026562603903,1.0,train
BH,'7_2_x1.4,7_2,Dataset/3_ROI/MEGA_AUG/aug_npz/BH_7_2_7_2_x1.4.npz,644,9,0.0,40.414159,"forehead_strip,left_cheek_big,right_cheek_big",,15.91026562603903,1.0,train
BH,'7_2_x1.6,7_2,Dataset/3_ROI/MEGA_AUG/aug_npz/BH_7_2_7_2_x1.6.npz,563,9,0.0,35.323106,"forehead_strip,left_cheek_big,right_cheek_big",,15.91026562603903,1.0,train
BH,'7_2_x1.8,7_2,Dataset/3_ROI/MEGA_AUG/aug_npz/BH_7_2_7_2_x1.8.npz,501,9,0.0,31.426251,"forehead_strip,left_cheek_big,right_cheek_big",,15.91026562603903,1.0,train
BH,'8_0,8_0,Dataset/3_ROI/BH_RAW/8_0.npz,901,9,0.0,60.80847191810608,"forehead_strip,left_cheek_big,right_cheek_big",,15.90872678723236,1.0,train
BH,'8_0_x0.55,8_0,Dataset/3_ROI/MEGA_AUG/aug_npz/BH_8_0_8_0_x0.55.npz,1638,9,0.0,102.899498,"forehead_strip,left_cheek_big,right_cheek_big",,15.90872678723236,1.0,train
BH,'8_0_x0.65,8_0,Dataset/3_ROI/MEGA_AUG/aug_npz/BH_8_0_8_0_x0.65.npz,1386,9,0.0,87.059135,"forehead_strip,left_cheek_big,right_cheek_big",,15.90872678723236,1.0,train
BH,'8_0_x0.75,8_0,Dataset/3_ROI/MEGA_AUG/aug_npz/BH_8_0_8_0_x0.75.npz,1201,9,0.0,75.430298,"forehead_strip,left_cheek_big,right_cheek_big",,15.90872678723236,1.0,train
BH,'8_0_x1.2,8_0,Dataset/3_ROI/MEGA_AUG/aug_npz/BH_8_0_8_0_x1.2.npz,751,9,0.0,47.143936,"forehead_strip,left_cheek_big,right_cheek_big",,15.90872678723236,1.0,train
BH,'8_0_x1.4,8_0,Dataset/3_ROI/MEGA_AUG/aug_npz/BH_8_0_8_0_x1.4.npz,644,9,0.0,40.418068,"forehead_strip,left_cheek_big,right_cheek_big",,15.90872678723236,1.0,train
BH,'8_0_x1.6,8_0,Dataset/3_ROI/MEGA_AUG/aug_npz/BH_8_0_8_0_x1.6.npz,563,9,0.0,35.326523,"forehead_strip,left_cheek_big,right_cheek_big",,15.90872678723236,1.0,train
BH,'8_0_x1.8,8_0,Dataset/3_ROI/MEGA_AUG/aug_npz/BH_8_0_8_0_x1.8.npz,501,9,0.0,31.429291,"forehead_strip,left_cheek_big,right_cheek_big",,15.90872678723236,1.0,train
BH,'8_1,8_1,Dataset/3_ROI/BH_RAW/8_1.npz,901,9,0.0,61.28157687187194,"forehead_strip,left_cheek_big,right_cheek_big",,15.911140784801676,1.0,train
BH,'8_1_x0.55,8_1,Dataset/3_ROI/MEGA_AUG/aug_npz/BH_8_1_8_1_x0.55.npz,1638,9,0.0,102.883886,"forehead_strip,left_cheek_big,right_cheek_big",,15.911140784801676,1.0,train
BH,'8_1_x0.65,8_1,Dataset/3_ROI/MEGA_AUG/aug_npz/BH_8_1_8_1_x0.65.npz,1386,9,0.0,87.045927,"forehead_strip,left_cheek_big,right_cheek_big",,15.911140784801676,1.0,train
BH,'8_1_x0.75,8_1,Dataset/3_ROI/MEGA_AUG/aug_npz/BH_8_1_8_1_x0.75.npz,1201,9,0.0,75.418854,"forehead_strip,left_cheek_big,right_cheek_big",,15.911140784801676,1.0,train
BH,'8_1_x1.2,8_1,Dataset/3_ROI/MEGA_AUG/aug_npz/BH_8_1_8_1_x1.2.npz,751,9,0.0,47.136784,"forehead_strip,left_cheek_big,right_cheek_big",,15.911140784801676,1.0,train
BH,'8_1_x1.4,8_1,Dataset/3_ROI/MEGA_AUG/aug_npz/BH_8_1_8_1_x1.4.npz,644,9,0.0,40.411936,"forehead_strip,left_cheek_big,right_cheek_big",,15.911140784801676,1.0,train
BH,'8_1_x1.6,8_1,Dataset/3_ROI/MEGA_AUG/aug_npz/BH_8_1_8_1_x1.6.npz,563,9,0.0,35.321163,"forehead_strip,left_cheek_big,right_cheek_big",,15.911140784801676,1.0,train
BH,'8_1_x1.8,8_1,Dataset/3_ROI/MEGA_AUG/aug_npz/BH_8_1_8_1_x1.8.npz,501,9,0.0,31.424522,"forehead_strip,left_cheek_big,right_cheek_big",,15.911140784801676,1.0,train
BH,'8_2,8_2,Dataset/3_ROI/BH_RAW/8_2.npz,901,9,0.0,60.53264307975769,"forehead_strip,left_cheek_big,right_cheek_big",,15.909511256092705,1.0,train
BH,'8_2_x0.55,8_2,Dataset/3_ROI/MEGA_AUG/aug_npz/BH_8_2_8_2_x0.55.npz,1638,9,0.0,102.894424,"forehead_strip,left_cheek_big,right_cheek_big",,15.909511256092705,1.0,train
BH,'8_2_x0.65,8_2,Dataset/3_ROI/MEGA_AUG/aug_npz/BH_8_2_8_2_x0.65.npz,1386,9,0.0,87.054843,"forehead_strip,left_cheek_big,right_cheek_big",,15.909511256092705,1.0,train
BH,'8_2_x0.75,8_2,Dataset/3_ROI/MEGA_AUG/aug_npz/BH_8_2_8_2_x0.75.npz,1201,9,0.0,75.426579,"forehead_strip,left_cheek_big,right_cheek_big",,15.909511256092705,1.0,train
BH,'8_2_x1.2,8_2,Dataset/3_ROI/MEGA_AUG/aug_npz/BH_8_2_8_2_x1.2.npz,751,9,0.0,47.141612,"forehead_strip,left_cheek_big,right_cheek_big",,15.909511256092705,1.0,train
BH,'8_2_x1.4,8_2,Dataset/3_ROI/MEGA_AUG/aug_npz/BH_8_2_8_2_x1.4.npz,644,9,0.0,40.416075,"forehead_strip,left_cheek_big,right_cheek_big",,15.909511256092705,1.0,train
BH,'8_2_x1.6,8_2,Dataset/3_ROI/MEGA_AUG/aug_npz/BH_8_2_8_2_x1.6.npz,563,9,0.0,35.324781,"forehead_strip,left_cheek_big,right_cheek_big",,15.909511256092705,1.0,train
BH,'8_2_x1.8,8_2,Dataset/3_ROI/MEGA_AUG/aug_npz/BH_8_2_8_2_x1.8.npz,501,9,0.0,31.427741,"forehead_strip,left_cheek_big,right_cheek_big",,15.909511256092705,1.0,train
BH,'9_0,9_0,Dataset/3_ROI/BH_RAW/9_0.npz,901,9,0.0,62.072678089141846,"forehead_strip,left_cheek_big,right_cheek_big",,15.908606106579796,1.0,train
BH,'9_0_x0.55,9_0,Dataset/3_ROI/MEGA_AUG/aug_npz/BH_9_0_9_0_x0.55.npz,1638,9,0.0,102.900279,"forehead_strip,left_cheek_big,right_cheek_big",,15.908606106579796,1.0,train
BH,'9_0_x0.65,9_0,Dataset/3_ROI/MEGA_AUG/aug_npz/BH_9_0_9_0_x0.65.npz,1386,9,0.0,87.059796,"forehead_strip,left_cheek_big,right_cheek_big",,15.908606106579796,1.0,train
BH,'9_0_x0.75,9_0,Dataset/3_ROI/MEGA_AUG/aug_npz/BH_9_0_9_0_x0.75.npz,1201,9,0.0,75.430870,"forehead_strip,left_cheek_big,right_cheek_big",,15.908606106579796,1.0,train
BH,'9_0_x1.2,9_0,Dataset/3_ROI/MEGA_AUG/aug_npz/BH_9_0_9_0_x1.2.npz,751,9,0.0,47.144294,"forehead_strip,left_cheek_big,right_cheek_big",,15.908606106579796,1.0,train
BH,'9_0_x1.4,9_0,Dataset/3_ROI/MEGA_AUG/aug_npz/BH_9_0_9_0_x1.4.npz,644,9,0.0,40.418375,"forehead_strip,left_cheek_big,right_cheek_big",,15.908606106579796,1.0,train
BH,'9_0_x1.6,9_0,Dataset/3_ROI/MEGA_AUG/aug_npz/BH_9_0_9_0_x1.6.npz,563,9,0.0,35.326791,"forehead_strip,left_cheek_big,right_cheek_big",,15.908606106579796,1.0,train
BH,'9_0_x1.8,9_0,Dataset/3_ROI/MEGA_AUG/aug_npz/BH_9_0_9_0_x1.8.npz,501,9,0.0,31.429529,"forehead_strip,left_cheek_big,right_cheek_big",,15.908606106579796,1.0,train
BH,'9_1,9_1,Dataset/3_ROI/BH_RAW/9_1.npz,901,9,0.0,61.00385999679565,"forehead_strip,left_cheek_big,right_cheek_big",,15.906494491534245,1.0,train
BH,'9_1_x0.55,9_1,Dataset/3_ROI/MEGA_AUG/aug_npz/BH_9_1_9_1_x0.55.npz,1638,9,0.0,102.913939,"forehead_strip,left_cheek_big,right_cheek_big",,15.906494491534245,1.0,train
BH,'9_1_x0.65,9_1,Dataset/3_ROI/MEGA_AUG/aug_npz/BH_9_1_9_1_x0.65.npz,1386,9,0.0,87.071353,"forehead_strip,left_cheek_big,right_cheek_big",,15.906494491534245,1.0,train
BH,'9_1_x0.75,9_1,Dataset/3_ROI/MEGA_AUG/aug_npz/BH_9_1_9_1_x0.75.npz,1201,9,0.0,75.440884,"forehead_strip,left_cheek_big,right_cheek_big",,15.906494491534245,1.0,train
BH,'9_1_x1.2,9_1,Dataset/3_ROI/MEGA_AUG/aug_npz/BH_9_1_9_1_x1.2.npz,751,9,0.0,47.150552,"forehead_strip,left_cheek_big,right_cheek_big",,15.906494491534245,1.0,train
BH,'9_1_x1.4,9_1,Dataset/3_ROI/MEGA_AUG/aug_npz/BH_9_1_9_1_x1.4.npz,644,9,0.0,40.423740,"forehead_strip,left_cheek_big,right_cheek_big",,15.906494491534245,1.0,train
BH,'9_1_x1.6,9_1,Dataset/3_ROI/MEGA_AUG/aug_npz/BH_9_1_9_1_x1.6.npz,563,9,0.0,35.331481,"forehead_strip,left_cheek_big,right_cheek_big",,15.906494491534245,1.0,train
BH,'9_1_x1.8,9_1,Dataset/3_ROI/MEGA_AUG/aug_npz/BH_9_1_9_1_x1.8.npz,501,9,0.0,31.433702,"forehead_strip,left_cheek_big,right_cheek_big",,15.906494491534245,1.0,train
BH,'9_2,9_2,Dataset/3_ROI/BH_RAW/9_2.npz,901,9,0.0,60.68206191062927,"forehead_strip,left_cheek_big,right_cheek_big",,15.91041650861088,1.0,train
BH,'9_2_x0.55,9_2,Dataset/3_ROI/MEGA_AUG/aug_npz/BH_9_2_9_2_x0.55.npz,1638,9,0.0,102.888570,"forehead_strip,left_cheek_big,right_cheek_big",,15.91041650861088,1.0,train
BH,'9_2_x0.65,9_2,Dataset/3_ROI/MEGA_AUG/aug_npz/BH_9_2_9_2_x0.65.npz,1386,9,0.0,87.049890,"forehead_strip,left_cheek_big,right_cheek_big",,15.91041650861088,1.0,train
BH,'9_2_x0.75,9_2,Dataset/3_ROI/MEGA_AUG/aug_npz/BH_9_2_9_2_x0.75.npz,1201,9,0.0,75.422287,"forehead_strip,left_cheek_big,right_cheek_big",,15.91041650861088,1.0,train
BH,'9_2_x1.2,9_2,Dataset/3_ROI/MEGA_AUG/aug_npz/BH_9_2_9_2_x1.2.npz,751,9,0.0,47.138929,"forehead_strip,left_cheek_big,right_cheek_big",,15.91041650861088,1.0,train
BH,'9_2_x1.4,9_2,Dataset/3_ROI/MEGA_AUG/aug_npz/BH_9_2_9_2_x1.4.npz,644,9,0.0,40.413775,"forehead_strip,left_cheek_big,right_cheek_big",,15.91041650861088,1.0,train
BH,'9_2_x1.6,9_2,Dataset/3_ROI/MEGA_AUG/aug_npz/BH_9_2_9_2_x1.6.npz,563,9,0.0,35.322771,"forehead_strip,left_cheek_big,right_cheek_big",,15.91041650861088,1.0,train
BH,'9_2_x1.8,9_2,Dataset/3_ROI/MEGA_AUG/aug_npz/BH_9_2_9_2_x1.8.npz,501,9,0.0,31.425953,"forehead_strip,left_cheek_big,right_cheek_big",,15.91041650861088,1.0,train
