dataset,seq,subject_id,path,T,C,t_start,t_end,roi_names,passed,fps_est,duration_ratio,split
COHFACE,'Subj_10_0,Subj_10_0,Dataset/3_ROI/COHFACE_RAW/Subj_10_0.npz,1227,9,0.0,61.3,"forehead_strip,left_cheek_big,right_cheek_big",,20.0,1.0021793433931483,train
COHFACE,'Subj_10_0_x0.55,Subj_10_0,Dataset/3_ROI/MEGA_AUG/aug_npz/COHFACE_Subj_10_0_Subj_10_0_x0.55.npz,2231,9,0.0,111.500000,"forehead_strip,left_cheek_big,right_cheek_big",,20.0,1.0021793433931483,train
COHFACE,'Subj_10_0_x0.65,Subj_10_0,Dataset/3_ROI/MEGA_AUG/aug_npz/COHFACE_Subj_10_0_Subj_10_0_x0.65.npz,1888,9,0.0,94.350000,"forehead_strip,left_cheek_big,right_cheek_big",,20.0,1.0021793433931483,train
COHFACE,'Subj_10_0_x0.75,Subj_10_0,Dataset/3_ROI/MEGA_AUG/aug_npz/COHFACE_Subj_10_0_Subj_10_0_x0.75.npz,1636,9,0.0,81.750000,"forehead_strip,left_cheek_big,right_cheek_big",,20.0,1.0021793433931483,train
COHFACE,'Subj_10_0_x1.2,Subj_10_0,Dataset/3_ROI/MEGA_AUG/aug_npz/COHFACE_Subj_10_0_Subj_10_0_x1.2.npz,1022,9,0.0,51.050000,"forehead_strip,left_cheek_big,right_cheek_big",,20.0,1.0021793433931483,train
COHFACE,'Subj_10_0_x1.4,Subj_10_0,Dataset/3_ROI/MEGA_AUG/aug_npz/COHFACE_Subj_10_0_Subj_10_0_x1.4.npz,876,9,0.0,43.750000,"forehead_strip,left_cheek_big,right_cheek_big",,20.0,1.0021793433931483,train
COHFACE,'Subj_10_0_x1.6,Subj_10_0,Dataset/3_ROI/MEGA_AUG/aug_npz/COHFACE_Subj_10_0_Subj_10_0_x1.6.npz,767,9,0.0,38.300000,"forehead_strip,left_cheek_big,right_cheek_big",,20.0,1.0021793433931483,train
COHFACE,'Subj_10_0_x1.8,Subj_10_0,Dataset/3_ROI/MEGA_AUG/aug_npz/COHFACE_Subj_10_0_Subj_10_0_x1.8.npz,682,9,0.0,34.050000,"forehead_strip,left_cheek_big,right_cheek_big",,20.0,1.0021793433931483,train
COHFACE,'Subj_10_1,Subj_10_1,Dataset/3_ROI/COHFACE_RAW/Subj_10_1.npz,1227,9,0.0,61.3,"forehead_strip,left_cheek_big,right_cheek_big",,20.0,1.0021793433931483,train
COHFACE,'Subj_10_1_x0.55,Subj_10_1,Dataset/3_ROI/MEGA_AUG/aug_npz/COHFACE_Subj_10_1_Subj_10_1_x0.55.npz,2231,9,0.0,111.500000,"forehead_strip,left_cheek_big,right_cheek_big",,20.0,1.0021793433931483,train
COHFACE,'Subj_10_1_x0.65,Subj_10_1,Dataset/3_ROI/MEGA_AUG/aug_npz/COHFACE_Subj_10_1_Subj_10_1_x0.65.npz,1888,9,0.0,94.350000,"forehead_strip,left_cheek_big,right_cheek_big",,20.0,1.0021793433931483,train
COHFACE,'Subj_10_1_x0.75,Subj_10_1,Dataset/3_ROI/MEGA_AUG/aug_npz/COHFACE_Subj_10_1_Subj_10_1_x0.75.npz,1636,9,0.0,81.750000,"forehead_strip,left_cheek_big,right_cheek_big",,20.0,1.0021793433931483,train
COHFACE,'Subj_10_1_x1.2,Subj_10_1,Dataset/3_ROI/MEGA_AUG/aug_npz/COHFACE_Subj_10_1_Subj_10_1_x1.2.npz,1022,9,0.0,51.050000,"forehead_strip,left_cheek_big,right_cheek_big",,20.0,1.0021793433931483,train
COHFACE,'Subj_10_1_x1.4,Subj_10_1,Dataset/3_ROI/MEGA_AUG/aug_npz/COHFACE_Subj_10_1_Subj_10_1_x1.4.npz,876,9,0.0,43.750000,"forehead_strip,left_cheek_big,right_cheek_big",,20.0,1.0021793433931483,train
COHFACE,'Subj_10_1_x1.6,Subj_10_1,Dataset/3_ROI/MEGA_AUG/aug_npz/COHFACE_Subj_10_1_Subj_10_1_x1.6.npz,767,9,0.0,38.300000,"forehead_strip,left_cheek_big,right_cheek_big",,20.0,1.0021793433931483,train
COHFACE,'Subj_10_1_x1.8,Subj_10_1,Dataset/3_ROI/MEGA_AUG/aug_npz/COHFACE_Subj_10_1_Subj_10_1_x1.8.npz,682,9,0.0,34.050000,"forehead_strip,left_cheek_big,right_cheek_big",,20.0,1.0021793433931483,train
COHFACE,'Subj_10_2,Subj_10_2,Dataset/3_ROI/COHFACE_RAW/Subj_10_2.npz,1221,9,0.0,61.0,"forehead_strip,left_cheek_big,right_cheek_big",,20.0,1.001985143442623,train
COHFACE,'Subj_10_2_x0.55,Subj_10_2,Dataset/3_ROI/MEGA_AUG/aug_npz/COHFACE_Subj_10_2_Subj_10_2_x0.55.npz,2220,9,0.0,110.950000,"forehead_strip,left_cheek_big,right_cheek_big",,20.0,1.001985143442623,train
COHFACE,'Subj_10_2_x0.65,Subj_10_2,Dataset/3_ROI/MEGA_AUG/aug_npz/COHFACE_Subj_10_2_Subj_10_2_x0.65.npz,1878,9,0.0,93.850000,"forehead_strip,left_cheek_big,right_cheek_big",,20.0,1.001985143442623,train
COHFACE,'Subj_10_2_x0.75,Subj_10_2,Dataset/3_ROI/MEGA_AUG/aug_npz/COHFACE_Subj_10_2_Subj_10_2_x0.75.npz,1628,9,0.0,81.350000,"forehead_strip,left_cheek_big,right_cheek_big",,20.0,1.001985143442623,train
COHFACE,'Subj_10_2_x1.2,Subj_10_2,Dataset/3_ROI/MEGA_AUG/aug_npz/COHFACE_Subj_10_2_Subj_10_2_x1.2.npz,1018,9,0.0,50.850000,"forehead_strip,left_cheek_big,right_cheek_big",,20.0,1.001985143442623,train
COHFACE,'Subj_10_2_x1.4,Subj_10_2,Dataset/3_ROI/MEGA_AUG/aug_npz/COHFACE_Subj_10_2_Subj_10_2_x1.4.npz,872,9,0.0,43.550000,"forehead_strip,left_cheek_big,right_cheek_big",,20.0,1.001985143442623,train
COHFACE,'Subj_10_2_x1.6,Subj_10_2,Dataset/3_ROI/MEGA_AUG/aug_npz/COHFACE_Subj_10_2_Subj_10_2_x1.6.npz,763,9,0.0,38.100000,"forehead_strip,left_cheek_big,right_cheek_big",,20.0,1.001985143442623,train
COHFACE,'Subj_10_2_x1.8,Subj_10_2,Dataset/3_ROI/MEGA_AUG/aug_npz/COHFACE_Subj_10_2_Subj_10_2_x1.8.npz,678,9,0.0,33.850000,"forehead_strip,left_cheek_big,right_cheek_big",,20.0,1.001985143442623,train
COHFACE,'Subj_10_3,Subj_10_3,Dataset/3_ROI/COHFACE_RAW/Subj_10_3.npz,1228,9,0.0,61.35,"forehead_strip,left_cheek_big,right_cheek_big",,20.0,1.0013625713121437,train
COHFACE,'Subj_10_3_x0.55,Subj_10_3,Dataset/3_ROI/MEGA_AUG/aug_npz/COHFACE_Subj_10_3_Subj_10_3_x0.55.npz,2233,9,0.0,111.600000,"forehead_strip,left_cheek_big,right_cheek_big",,20.0,1.0013625713121437,train
COHFACE,'Subj_10_3_x0.65,Subj_10_3,Dataset/3_ROI/MEGA_AUG/aug_npz/COHFACE_Subj_10_3_Subj_10_3_x0.65.npz,1889,9,0.0,94.400000,"forehead_strip,left_cheek_big,right_cheek_big",,20.0,1.0013625713121437,train
COHFACE,'Subj_10_3_x0.75,Subj_10_3,Dataset/3_ROI/MEGA_AUG/aug_npz/COHFACE_Subj_10_3_Subj_10_3_x0.75.npz,1637,9,0.0,81.800000,"forehead_strip,left_cheek_big,right_cheek_big",,20.0,1.0013625713121437,train
COHFACE,'Subj_10_3_x1.2,Subj_10_3,Dataset/3_ROI/MEGA_AUG/aug_npz/COHFACE_Subj_10_3_Subj_10_3_x1.2.npz,1023,9,0.0,51.100000,"forehead_strip,left_cheek_big,right_cheek_big",,20.0,1.0013625713121437,train
COHFACE,'Subj_10_3_x1.4,Subj_10_3,Dataset/3_ROI/MEGA_AUG/aug_npz/COHFACE_Subj_10_3_Subj_10_3_x1.4.npz,877,9,0.0,43.800000,"forehead_strip,left_cheek_big,right_cheek_big",,20.0,1.0013625713121437,train
COHFACE,'Subj_10_3_x1.6,Subj_10_3,Dataset/3_ROI/MEGA_AUG/aug_npz/COHFACE_Subj_10_3_Subj_10_3_x1.6.npz,768,9,0.0,38.350000,"forehead_strip,left_cheek_big,right_cheek_big",,20.0,1.0013625713121437,train
COHFACE,'Subj_10_3_x1.8,Subj_10_3,Dataset/3_ROI/MEGA_AUG/aug_npz/COHFACE_Subj_10_3_Subj_10_3_x1.8.npz,682,9,0.0,34.050000,"forehead_strip,left_cheek_big,right_cheek_big",,20.0,1.0013625713121437,train
COHFACE,'Subj_11_0,Subj_11_0,Dataset/3_ROI/COHFACE_RAW/Subj_11_0.npz,1226,9,0.0,61.25,"forehead_strip,left_cheek_big,right_cheek_big",,20.0,1.0009566326530612,train
COHFACE,'Subj_11_0_x0.65,Subj_11_0,Dataset/3_ROI/MEGA_AUG/aug_npz/COHFACE_Subj_11_0_Subj_11_0_x0.65.npz,1886,9,0.0,94.250000,"forehead_strip,left_cheek_big,right_cheek_big",,20.0,1.0009566326530612,train
COHFACE,'Subj_11_0_x0.75,Subj_11_0,Dataset/3_ROI/MEGA_AUG/aug_npz/COHFACE_Subj_11_0_Subj_11_0_x0.75.npz,1635,9,0.0,81.700000,"forehead_strip,left_cheek_big,right_cheek_big",,20.0,1.0009566326530612,train
COHFACE,'Subj_11_0_x1.2,Subj_11_0,Dataset/3_ROI/MEGA_AUG/aug_npz/COHFACE_Subj_11_0_Subj_11_0_x1.2.npz,1022,9,0.0,51.050000,"forehead_strip,left_cheek_big,right_cheek_big",,20.0,1.0009566326530612,train
COHFACE,'Subj_11_0_x1.4,Subj_11_0,Dataset/3_ROI/MEGA_AUG/aug_npz/COHFACE_Subj_11_0_Subj_11_0_x1.4.npz,876,9,0.0,43.750000,"forehead_strip,left_cheek_big,right_cheek_big",,20.0,1.0009566326530612,train
COHFACE,'Subj_11_0_x1.6,Subj_11_0,Dataset/3_ROI/MEGA_AUG/aug_npz/COHFACE_Subj_11_0_Subj_11_0_x1.6.npz,766,9,0.0,38.250000,"forehead_strip,left_cheek_big,right_cheek_big",,20.0,1.0009566326530612,train
COHFACE,'Subj_11_0_x1.8,Subj_11_0,Dataset/3_ROI/MEGA_AUG/aug_npz/COHFACE_Subj_11_0_Subj_11_0_x1.8.npz,681,9,0.0,34.000000,"forehead_strip,left_cheek_big,right_cheek_big",,20.0,1.0009566326530612,train
COHFACE,'Subj_11_1,Subj_11_1,Dataset/3_ROI/COHFACE_RAW/Subj_11_1.npz,1265,9,0.0,63.2,"forehead_strip,left_cheek_big,right_cheek_big",,20.0,1.0017182555379749,train
COHFACE,'Subj_11_1_x0.65,Subj_11_1,Dataset/3_ROI/MEGA_AUG/aug_npz/COHFACE_Subj_11_1_Subj_11_1_x0.65.npz,1946,9,0.0,97.250000,"forehead_strip,left_cheek_big,right_cheek_big",,20.0,1.0017182555379749,train
COHFACE,'Subj_11_1_x0.75,Subj_11_1,Dataset/3_ROI/MEGA_AUG/aug_npz/COHFACE_Subj_11_1_Subj_11_1_x0.75.npz,1687,9,0.0,84.300000,"forehead_strip,left_cheek_big,right_cheek_big",,20.0,1.0017182555379749,train
COHFACE,'Subj_11_1_x1.2,Subj_11_1,Dataset/3_ROI/MEGA_AUG/aug_npz/COHFACE_Subj_11_1_Subj_11_1_x1.2.npz,1054,9,0.0,52.650000,"forehead_strip,left_cheek_big,right_cheek_big",,20.0,1.0017182555379749,train
COHFACE,'Subj_11_1_x1.4,Subj_11_1,Dataset/3_ROI/MEGA_AUG/aug_npz/COHFACE_Subj_11_1_Subj_11_1_x1.4.npz,904,9,0.0,45.150000,"forehead_strip,left_cheek_big,right_cheek_big",,20.0,1.0017182555379749,train
COHFACE,'Subj_11_1_x1.6,Subj_11_1,Dataset/3_ROI/MEGA_AUG/aug_npz/COHFACE_Subj_11_1_Subj_11_1_x1.6.npz,791,9,0.0,39.500000,"forehead_strip,left_cheek_big,right_cheek_big",,20.0,1.0017182555379749,train
COHFACE,'Subj_11_1_x1.8,Subj_11_1,Dataset/3_ROI/MEGA_AUG/aug_npz/COHFACE_Subj_11_1_Subj_11_1_x1.8.npz,703,9,0.0,35.100000,"forehead_strip,left_cheek_big,right_cheek_big",,20.0,1.0017182555379749,train
COHFACE,'Subj_11_2,Subj_11_2,Dataset/3_ROI/COHFACE_RAW/Subj_11_2.npz,1226,9,0.0,61.25,"forehead_strip,left_cheek_big,right_cheek_big",,20.0,1.0009566326530612,train
COHFACE,'Subj_11_2_x0.65,Subj_11_2,Dataset/3_ROI/MEGA_AUG/aug_npz/COHFACE_Subj_11_2_Subj_11_2_x0.65.npz,1886,9,0.0,94.250000,"forehead_strip,left_cheek_big,right_cheek_big",,20.0,1.0009566326530612,train
COHFACE,'Subj_11_2_x0.75,Subj_11_2,Dataset/3_ROI/MEGA_AUG/aug_npz/COHFACE_Subj_11_2_Subj_11_2_x0.75.npz,1635,9,0.0,81.700000,"forehead_strip,left_cheek_big,right_cheek_big",,20.0,1.0009566326530612,train
COHFACE,'Subj_11_2_x1.2,Subj_11_2,Dataset/3_ROI/MEGA_AUG/aug_npz/COHFACE_Subj_11_2_Subj_11_2_x1.2.npz,1022,9,0.0,51.050000,"forehead_strip,left_cheek_big,right_cheek_big",,20.0,1.0009566326530612,train
COHFACE,'Subj_11_2_x1.4,Subj_11_2,Dataset/3_ROI/MEGA_AUG/aug_npz/COHFACE_Subj_11_2_Subj_11_2_x1.4.npz,876,9,0.0,43.750000,"forehead_strip,left_cheek_big,right_cheek_big",,20.0,1.0009566326530612,train
COHFACE,'Subj_11_2_x1.6,Subj_11_2,Dataset/3_ROI/MEGA_AUG/aug_npz/COHFACE_Subj_11_2_Subj_11_2_x1.6.npz,766,9,0.0,38.250000,"forehead_strip,left_cheek_big,right_cheek_big",,20.0,1.0009566326530612,train
COHFACE,'Subj_11_2_x1.8,Subj_11_2,Dataset/3_ROI/MEGA_AUG/aug_npz/COHFACE_Subj_11_2_Subj_11_2_x1.8.npz,681,9,0.0,34.000000,"forehead_strip,left_cheek_big,right_cheek_big",,20.0,1.0009566326530612,train
COHFACE,'Subj_11_3,Subj_11_3,Dataset/3_ROI/COHFACE_RAW/Subj_11_3.npz,1227,9,0.0,61.3,"forehead_strip,left_cheek_big,right_cheek_big",,20.0,1.0021793433931483,train
COHFACE,'Subj_11_3_x0.65,Subj_11_3,Dataset/3_ROI/MEGA_AUG/aug_npz/COHFACE_Subj_11_3_Subj_11_3_x0.65.npz,1888,9,0.0,94.350000,"forehead_strip,left_cheek_big,right_cheek_big",,20.0,1.0021793433931483,train
COHFACE,'Subj_11_3_x0.75,Subj_11_3,Dataset/3_ROI/MEGA_AUG/aug_npz/COHFACE_Subj_11_3_Subj_11_3_x0.75.npz,1636,9,0.0,81.750000,"forehead_strip,left_cheek_big,right_cheek_big",,20.0,1.0021793433931483,train
COHFACE,'Subj_11_3_x1.2,Subj_11_3,Dataset/3_ROI/MEGA_AUG/aug_npz/COHFACE_Subj_11_3_Subj_11_3_x1.2.npz,1022,9,0.0,51.050000,"forehead_strip,left_cheek_big,right_cheek_big",,20.0,1.0021793433931483,train
COHFACE,'Subj_11_3_x1.4,Subj_11_3,Dataset/3_ROI/MEGA_AUG/aug_npz/COHFACE_Subj_11_3_Subj_11_3_x1.4.npz,876,9,0.0,43.750000,"forehead_strip,left_cheek_big,right_cheek_big",,20.0,1.0021793433931483,train
COHFACE,'Subj_11_3_x1.6,Subj_11_3,Dataset/3_ROI/MEGA_AUG/aug_npz/COHFACE_Subj_11_3_Subj_11_3_x1.6.npz,767,9,0.0,38.300000,"forehead_strip,left_cheek_big,right_cheek_big",,20.0,1.0021793433931483,train
COHFACE,'Subj_11_3_x1.8,Subj_11_3,Dataset/3_ROI/MEGA_AUG/aug_npz/COHFACE_Subj_11_3_Subj_11_3_x1.8.npz,682,9,0.0,34.050000,"forehead_strip,left_cheek_big,right_cheek_big",,20.0,1.0021793433931483,train
COHFACE,'Subj_12_0,Subj_12_0,Dataset/3_ROI/COHFACE_RAW/Subj_12_0.npz,1577,9,0.0,78.8,"forehead_strip,left_cheek_big,right_cheek_big",,20.0,1.0016953521573604,train
COHFACE,'Subj_12_0_x1.2,Subj_12_0,Dataset/3_ROI/MEGA_AUG/aug_npz/COHFACE_Subj_12_0_Subj_12_0_x1.2.npz,1314,9,0.0,65.650000,"forehead_strip,left_cheek_big,right_cheek_big",,20.0,1.0016953521573604,train
COHFACE,'Subj_12_0_x1.4,Subj_12_0,Dataset/3_ROI/MEGA_AUG/aug_npz/COHFACE_Subj_12_0_Subj_12_0_x1.4.npz,1126,9,0.0,56.250000,"forehead_strip,left_cheek_big,right_cheek_big",,20.0,1.0016953521573604,train
COHFACE,'Subj_12_0_x1.6,Subj_12_0,Dataset/3_ROI/MEGA_AUG/aug_npz/COHFACE_Subj_12_0_Subj_12_0_x1.6.npz,986,9,0.0,49.250000,"forehead_strip,left_cheek_big,right_cheek_big",,20.0,1.0016953521573604,train
COHFACE,'Subj_12_0_x1.8,Subj_12_0,Dataset/3_ROI/MEGA_AUG/aug_npz/COHFACE_Subj_12_0_Subj_12_0_x1.8.npz,876,9,0.0,43.750000,"forehead_strip,left_cheek_big,right_cheek_big",,20.0,1.0016953521573604,train
COHFACE,'Subj_12_1,Subj_12_1,Dataset/3_ROI/COHFACE_RAW/Subj_12_1.npz,1224,9,0.0,61.15,"forehead_strip,left_cheek_big,right_cheek_big",,20.0,1.0025935200327063,train
COHFACE,'Subj_12_1_x1.2,Subj_12_1,Dataset/3_ROI/MEGA_AUG/aug_npz/COHFACE_Subj_12_1_Subj_12_1_x1.2.npz,1020,9,0.0,50.950000,"forehead_strip,left_cheek_big,right_cheek_big",,20.0,1.0025935200327063,train
COHFACE,'Subj_12_1_x1.4,Subj_12_1,Dataset/3_ROI/MEGA_AUG/aug_npz/COHFACE_Subj_12_1_Subj_12_1_x1.4.npz,874,9,0.0,43.650000,"forehead_strip,left_cheek_big,right_cheek_big",,20.0,1.0025935200327063,train
COHFACE,'Subj_12_1_x1.6,Subj_12_1,Dataset/3_ROI/MEGA_AUG/aug_npz/COHFACE_Subj_12_1_Subj_12_1_x1.6.npz,765,9,0.0,38.200000,"forehead_strip,left_cheek_big,right_cheek_big",,20.0,1.0025935200327063,train
COHFACE,'Subj_12_1_x1.8,Subj_12_1,Dataset/3_ROI/MEGA_AUG/aug_npz/COHFACE_Subj_12_1_Subj_12_1_x1.8.npz,680,9,0.0,33.950000,"forehead_strip,left_cheek_big,right_cheek_big",,20.0,1.0025935200327063,train
COHFACE,'Subj_12_2,Subj_12_2,Dataset/3_ROI/COHFACE_RAW/Subj_12_2.npz,1285,9,0.0,64.2,"forehead_strip,left_cheek_big,right_cheek_big",,20.0,1.0016914914330215,train
COHFACE,'Subj_12_2_x1.2,Subj_12_2,Dataset/3_ROI/MEGA_AUG/aug_npz/COHFACE_Subj_12_2_Subj_12_2_x1.2.npz,1071,9,0.0,53.500000,"forehead_strip,left_cheek_big,right_cheek_big",,20.0,1.0016914914330215,train
COHFACE,'Subj_12_2_x1.4,Subj_12_2,Dataset/3_ROI/MEGA_AUG/aug_npz/COHFACE_Subj_12_2_Subj_12_2_x1.4.npz,918,9,0.0,45.850000,"forehead_strip,left_cheek_big,right_cheek_big",,20.0,1.0016914914330215,train
COHFACE,'Subj_12_2_x1.6,Subj_12_2,Dataset/3_ROI/MEGA_AUG/aug_npz/COHFACE_Subj_12_2_Subj_12_2_x1.6.npz,803,9,0.0,40.100000,"forehead_strip,left_cheek_big,right_cheek_big",,20.0,1.0016914914330215,train
COHFACE,'Subj_12_2_x1.8,Subj_12_2,Dataset/3_ROI/MEGA_AUG/aug_npz/COHFACE_Subj_12_2_Subj_12_2_x1.8.npz,714,9,0.0,35.650000,"forehead_strip,left_cheek_big,right_cheek_big",,20.0,1.0016914914330215,train
COHFACE,'Subj_12_3,Subj_12_3,Dataset/3_ROI/COHFACE_RAW/Subj_12_3.npz,1233,9,0.0,61.6,"forehead_strip,left_cheek_big,right_cheek_big",,20.0,1.001357041396104,train
COHFACE,'Subj_12_3_x1.2,Subj_12_3,Dataset/3_ROI/MEGA_AUG/aug_npz/COHFACE_Subj_12_3_Subj_12_3_x1.2.npz,1028,9,0.0,51.350000,"forehead_strip,left_cheek_big,right_cheek_big",,20.0,1.001357041396104,train
COHFACE,'Subj_12_3_x1.4,Subj_12_3,Dataset/3_ROI/MEGA_AUG/aug_npz/COHFACE_Subj_12_3_Subj_12_3_x1.4.npz,881,9,0.0,44.000000,"forehead_strip,left_cheek_big,right_cheek_big",,20.0,1.001357041396104,train
COHFACE,'Subj_12_3_x1.6,Subj_12_3,Dataset/3_ROI/MEGA_AUG/aug_npz/COHFACE_Subj_12_3_Subj_12_3_x1.6.npz,771,9,0.0,38.500000,"forehead_strip,left_cheek_big,right_cheek_big",,20.0,1.001357041396104,train
COHFACE,'Subj_12_3_x1.8,Subj_12_3,Dataset/3_ROI/MEGA_AUG/aug_npz/COHFACE_Subj_12_3_Subj_12_3_x1.8.npz,685,9,0.0,34.200000,"forehead_strip,left_cheek_big,right_cheek_big",,20.0,1.001357041396104,train
COHFACE,'Subj_13_0,Subj_13_0,Dataset/3_ROI/COHFACE_RAW/Subj_13_0.npz,1221,9,0.0,61.0,"forehead_strip,left_cheek_big,right_cheek_big",,20.0,1.001985143442623,train
COHFACE,'Subj_13_0_x0.65,Subj_13_0,Dataset/3_ROI/MEGA_AUG/aug_npz/COHFACE_Subj_13_0_Subj_13_0_x0.65.npz,1878,9,0.0,93.850000,"forehead_strip,left_cheek_big,right_cheek_big",,20.0,1.001985143442623,train
COHFACE,'Subj_13_0_x0.75,Subj_13_0,Dataset/3_ROI/MEGA_AUG/aug_npz/COHFACE_Subj_13_0_Subj_13_0_x0.75.npz,1628,9,0.0,81.350000,"forehead_strip,left_cheek_big,right_cheek_big",,20.0,1.001985143442623,train
COHFACE,'Subj_13_0_x1.2,Subj_13_0,Dataset/3_ROI/MEGA_AUG/aug_npz/COHFACE_Subj_13_0_Subj_13_0_x1.2.npz,1018,9,0.0,50.850000,"forehead_strip,left_cheek_big,right_cheek_big",,20.0,1.001985143442623,train
COHFACE,'Subj_13_0_x1.4,Subj_13_0,Dataset/3_ROI/MEGA_AUG/aug_npz/COHFACE_Subj_13_0_Subj_13_0_x1.4.npz,872,9,0.0,43.550000,"forehead_strip,left_cheek_big,right_cheek_big",,20.0,1.001985143442623,train
COHFACE,'Subj_13_0_x1.6,Subj_13_0,Dataset/3_ROI/MEGA_AUG/aug_npz/COHFACE_Subj_13_0_Subj_13_0_x1.6.npz,763,9,0.0,38.100000,"forehead_strip,left_cheek_big,right_cheek_big",,20.0,1.001985143442623,train
COHFACE,'Subj_13_0_x1.8,Subj_13_0,Dataset/3_ROI/MEGA_AUG/aug_npz/COHFACE_Subj_13_0_Subj_13_0_x1.8.npz,678,9,0.0,33.850000,"forehead_strip,left_cheek_big,right_cheek_big",,20.0,1.001985143442623,train
COHFACE,'Subj_13_1,Subj_13_1,Dataset/3_ROI/COHFACE_RAW/Subj_13_1.npz,1228,9,0.0,61.35,"forehead_strip,left_cheek_big,right_cheek_big",,20.0,1.0013625713121437,train
COHFACE,'Subj_13_1_x0.65,Subj_13_1,Dataset/3_ROI/MEGA_AUG/aug_npz/COHFACE_Subj_13_1_Subj_13_1_x0.65.npz,1889,9,0.0,94.400000,"forehead_strip,left_cheek_big,right_cheek_big",,20.0,1.0013625713121437,train
COHFACE,'Subj_13_1_x0.75,Subj_13_1,Dataset/3_ROI/MEGA_AUG/aug_npz/COHFACE_Subj_13_1_Subj_13_1_x0.75.npz,1637,9,0.0,81.800000,"forehead_strip,left_cheek_big,right_cheek_big",,20.0,1.0013625713121437,train
COHFACE,'Subj_13_1_x1.2,Subj_13_1,Dataset/3_ROI/MEGA_AUG/aug_npz/COHFACE_Subj_13_1_Subj_13_1_x1.2.npz,1023,9,0.0,51.100000,"forehead_strip,left_cheek_big,right_cheek_big",,20.0,1.0013625713121437,train
COHFACE,'Subj_13_1_x1.4,Subj_13_1,Dataset/3_ROI/MEGA_AUG/aug_npz/COHFACE_Subj_13_1_Subj_13_1_x1.4.npz,877,9,0.0,43.800000,"forehead_strip,left_cheek_big,right_cheek_big",,20.0,1.0013625713121437,train
COHFACE,'Subj_13_1_x1.6,Subj_13_1,Dataset/3_ROI/MEGA_AUG/aug_npz/COHFACE_Subj_13_1_Subj_13_1_x1.6.npz,768,9,0.0,38.350000,"forehead_strip,left_cheek_big,right_cheek_big",,20.0,1.0013625713121437,train
COHFACE,'Subj_13_1_x1.8,Subj_13_1,Dataset/3_ROI/MEGA_AUG/aug_npz/COHFACE_Subj_13_1_Subj_13_1_x1.8.npz,682,9,0.0,34.050000,"forehead_strip,left_cheek_big,right_cheek_big",,20.0,1.0013625713121437,train
COHFACE,'Subj_13_2,Subj_13_2,Dataset/3_ROI/COHFACE_RAW/Subj_13_2.npz,1243,9,0.0,62.1,"forehead_strip,left_cheek_big,right_cheek_big",,20.0,1.001346115136876,train
COHFACE,'Subj_13_2_x0.65,Subj_13_2,Dataset/3_ROI/MEGA_AUG/aug_npz/COHFACE_Subj_13_2_Subj_13_2_x0.65.npz,1912,9,0.0,95.550000,"forehead_strip,left_cheek_big,right_cheek_big",,20.0,1.001346115136876,train
COHFACE,'Subj_13_2_x0.75,Subj_13_2,Dataset/3_ROI/MEGA_AUG/aug_npz/COHFACE_Subj_13_2_Subj_13_2_x0.75.npz,1657,9,0.0,82.800000,"forehead_strip,left_cheek_big,right_cheek_big",,20.0,1.001346115136876,train
COHFACE,'Subj_13_2_x1.2,Subj_13_2,Dataset/3_ROI/MEGA_AUG/aug_npz/COHFACE_Subj_13_2_Subj_13_2_x1.2.npz,1036,9,0.0,51.750000,"forehead_strip,left_cheek_big,right_cheek_big",,20.0,1.001346115136876,train
COHFACE,'Subj_13_2_x1.4,Subj_13_2,Dataset/3_ROI/MEGA_AUG/aug_npz/COHFACE_Subj_13_2_Subj_13_2_x1.4.npz,888,9,0.0,44.350000,"forehead_strip,left_cheek_big,right_cheek_big",,20.0,1.001346115136876,train
COHFACE,'Subj_13_2_x1.6,Subj_13_2,Dataset/3_ROI/MEGA_AUG/aug_npz/COHFACE_Subj_13_2_Subj_13_2_x1.6.npz,777,9,0.0,38.800000,"forehead_strip,left_cheek_big,right_cheek_big",,20.0,1.001346115136876,train
COHFACE,'Subj_13_2_x1.8,Subj_13_2,Dataset/3_ROI/MEGA_AUG/aug_npz/COHFACE_Subj_13_2_Subj_13_2_x1.8.npz,691,9,0.0,34.500000,"forehead_strip,left_cheek_big,right_cheek_big",,20.0,1.001346115136876,train
COHFACE,'Subj_13_3,Subj_13_3,Dataset/3_ROI/COHFACE_RAW/Subj_13_3.npz,1225,9,0.0,61.2,"forehead_strip,left_cheek_big,right_cheek_big",,20.0,1.0017744076797386,train
COHFACE,'Subj_13_3_x0.65,Subj_13_3,Dataset/3_ROI/MEGA_AUG/aug_npz/COHFACE_Subj_13_3_Subj_13_3_x0.65.npz,1885,9,0.0,94.200000,"forehead_strip,left_cheek_big,right_cheek_big",,20.0,1.0017744076797386,train
COHFACE,'Subj_13_3_x0.75,Subj_13_3,Dataset/3_ROI/MEGA_AUG/aug_npz/COHFACE_Subj_13_3_Subj_13_3_x0.75.npz,1633,9,0.0,81.600000,"forehead_strip,left_cheek_big,right_cheek_big",,20.0,1.0017744076797386,train
COHFACE,'Subj_13_3_x1.2,Subj_13_3,Dataset/3_ROI/MEGA_AUG/aug_npz/COHFACE_Subj_13_3_Subj_13_3_x1.2.npz,1021,9,0.0,51.000000,"forehead_strip,left_cheek_big,right_cheek_big",,20.0,1.0017744076797386,train
COHFACE,'Subj_13_3_x1.4,Subj_13_3,Dataset/3_ROI/MEGA_AUG/aug_npz/COHFACE_Subj_13_3_Subj_13_3_x1.4.npz,875,9,0.0,43.700000,"forehead_strip,left_cheek_big,right_cheek_big",,20.0,1.0017744076797386,train
COHFACE,'Subj_13_3_x1.6,Subj_13_3,Dataset/3_ROI/MEGA_AUG/aug_npz/COHFACE_Subj_13_3_Subj_13_3_x1.6.npz,766,9,0.0,38.250000,"forehead_strip,left_cheek_big,right_cheek_big",,20.0,1.0017744076797386,train
COHFACE,'Subj_13_3_x1.8,Subj_13_3,Dataset/3_ROI/MEGA_AUG/aug_npz/COHFACE_Subj_13_3_Subj_13_3_x1.8.npz,681,9,0.0,34.000000,"forehead_strip,left_cheek_big,right_cheek_big",,20.0,1.0017744076797386,train
COHFACE,'Subj_14_0,Subj_14_0,Dataset/3_ROI/COHFACE_RAW/Subj_14_0.npz,1248,9,0.0,62.35,"forehead_strip,left_cheek_big,right_cheek_big",,20.0,1.001340717722534,train
COHFACE,'Subj_14_0_x0.55,Subj_14_0,Dataset/3_ROI/MEGA_AUG/aug_npz/COHFACE_Subj_14_0_Subj_14_0_x0.55.npz,2269,9,0.0,113.400000,"forehead_strip,left_cheek_big,right_cheek_big",,20.0,1.001340717722534,train
COHFACE,'Subj_14_0_x0.65,Subj_14_0,Dataset/3_ROI/MEGA_AUG/aug_npz/COHFACE_Subj_14_0_Subj_14_0_x0.65.npz,1920,9,0.0,95.950000,"forehead_strip,left_cheek_big,right_cheek_big",,20.0,1.001340717722534,train
COHFACE,'Subj_14_0_x0.75,Subj_14_0,Dataset/3_ROI/MEGA_AUG/aug_npz/COHFACE_Subj_14_0_Subj_14_0_x0.75.npz,1664,9,0.0,83.150000,"forehead_strip,left_cheek_big,right_cheek_big",,20.0,1.001340717722534,train
COHFACE,'Subj_14_0_x1.2,Subj_14_0,Dataset/3_ROI/MEGA_AUG/aug_npz/COHFACE_Subj_14_0_Subj_14_0_x1.2.npz,1040,9,0.0,51.950000,"forehead_strip,left_cheek_big,right_cheek_big",,20.0,1.001340717722534,train
COHFACE,'Subj_14_0_x1.4,Subj_14_0,Dataset/3_ROI/MEGA_AUG/aug_npz/COHFACE_Subj_14_0_Subj_14_0_x1.4.npz,891,9,0.0,44.500000,"forehead_strip,left_cheek_big,right_cheek_big",,20.0,1.001340717722534,train
COHFACE,'Subj_14_0_x1.6,Subj_14_0,Dataset/3_ROI/MEGA_AUG/aug_npz/COHFACE_Subj_14_0_Subj_14_0_x1.6.npz,780,9,0.0,38.950000,"forehead_strip,left_cheek_big,right_cheek_big",,20.0,1.001340717722534,train
COHFACE,'Subj_14_0_x1.8,Subj_14_0,Dataset/3_ROI/MEGA_AUG/aug_npz/COHFACE_Subj_14_0_Subj_14_0_x1.8.npz,693,9,0.0,34.600000,"forehead_strip,left_cheek_big,right_cheek_big",,20.0,1.001340717722534,train
COHFACE,'Subj_14_1,Subj_14_1,Dataset/3_ROI/COHFACE_RAW/Subj_14_1.npz,1234,9,0.0,61.65,"forehead_strip,left_cheek_big,right_cheek_big",,20.0,1.001558698296837,train
COHFACE,'Subj_14_1_x0.55,Subj_14_1,Dataset/3_ROI/MEGA_AUG/aug_npz/COHFACE_Subj_14_1_Subj_14_1_x0.55.npz,2244,9,0.0,112.150000,"forehead_strip,left_cheek_big,right_cheek_big",,20.0,1.001558698296837,train
COHFACE,'Subj_14_1_x0.65,Subj_14_1,Dataset/3_ROI/MEGA_AUG/aug_npz/COHFACE_Subj_14_1_Subj_14_1_x0.65.npz,1898,9,0.0,94.850000,"forehead_strip,left_cheek_big,right_cheek_big",,20.0,1.001558698296837,train
COHFACE,'Subj_14_1_x0.75,Subj_14_1,Dataset/3_ROI/MEGA_AUG/aug_npz/COHFACE_Subj_14_1_Subj_14_1_x0.75.npz,1645,9,0.0,82.200000,"forehead_strip,left_cheek_big,right_cheek_big",,20.0,1.001558698296837,train
COHFACE,'Subj_14_1_x1.2,Subj_14_1,Dataset/3_ROI/MEGA_AUG/aug_npz/COHFACE_Subj_14_1_Subj_14_1_x1.2.npz,1028,9,0.0,51.350000,"forehead_strip,left_cheek_big,right_cheek_big",,20.0,1.001558698296837,train
COHFACE,'Subj_14_1_x1.4,Subj_14_1,Dataset/3_ROI/MEGA_AUG/aug_npz/COHFACE_Subj_14_1_Subj_14_1_x1.4.npz,881,9,0.0,44.000000,"forehead_strip,left_cheek_big,right_cheek_big",,20.0,1.001558698296837,train
COHFACE,'Subj_14_1_x1.6,Subj_14_1,Dataset/3_ROI/MEGA_AUG/aug_npz/COHFACE_Subj_14_1_Subj_14_1_x1.6.npz,771,9,0.0,38.500000,"forehead_strip,left_cheek_big,right_cheek_big",,20.0,1.001558698296837,train
COHFACE,'Subj_14_1_x1.8,Subj_14_1,Dataset/3_ROI/MEGA_AUG/aug_npz/COHFACE_Subj_14_1_Subj_14_1_x1.8.npz,686,9,0.0,34.250000,"forehead_strip,left_cheek_big,right_cheek_big",,20.0,1.001558698296837,train
COHFACE,'Subj_14_2,Subj_14_2,Dataset/3_ROI/COHFACE_RAW/Subj_14_2.npz,1244,9,0.0,62.15,"forehead_strip,left_cheek_big,right_cheek_big",,20.0,1.0015461584875305,train
COHFACE,'Subj_14_2_x0.55,Subj_14_2,Dataset/3_ROI/MEGA_AUG/aug_npz/COHFACE_Subj_14_2_Subj_14_2_x0.55.npz,2262,9,0.0,113.050000,"forehead_strip,left_cheek_big,right_cheek_big",,20.0,1.0015461584875305,train
COHFACE,'Subj_14_2_x0.65,Subj_14_2,Dataset/3_ROI/MEGA_AUG/aug_npz/COHFACE_Subj_14_2_Subj_14_2_x0.65.npz,1914,9,0.0,95.650000,"forehead_strip,left_cheek_big,right_cheek_big",,20.0,1.0015461584875305,train
COHFACE,'Subj_14_2_x0.75,Subj_14_2,Dataset/3_ROI/MEGA_AUG/aug_npz/COHFACE_Subj_14_2_Subj_14_2_x0.75.npz,1659,9,0.0,82.900000,"forehead_strip,left_cheek_big,right_cheek_big",,20.0,1.0015461584875305,train
COHFACE,'Subj_14_2_x1.2,Subj_14_2,Dataset/3_ROI/MEGA_AUG/aug_npz/COHFACE_Subj_14_2_Subj_14_2_x1.2.npz,1037,9,0.0,51.800000,"forehead_strip,left_cheek_big,right_cheek_big",,20.0,1.0015461584875305,train
COHFACE,'Subj_14_2_x1.4,Subj_14_2,Dataset/3_ROI/MEGA_AUG/aug_npz/COHFACE_Subj_14_2_Subj_14_2_x1.4.npz,889,9,0.0,44.400000,"forehead_strip,left_cheek_big,right_cheek_big",,20.0,1.0015461584875305,train
COHFACE,'Subj_14_2_x1.6,Subj_14_2,Dataset/3_ROI/MEGA_AUG/aug_npz/COHFACE_Subj_14_2_Subj_14_2_x1.6.npz,778,9,0.0,38.850000,"forehead_strip,left_cheek_big,right_cheek_big",,20.0,1.0015461584875305,train
COHFACE,'Subj_14_2_x1.8,Subj_14_2,Dataset/3_ROI/MEGA_AUG/aug_npz/COHFACE_Subj_14_2_Subj_14_2_x1.8.npz,691,9,0.0,34.500000,"forehead_strip,left_cheek_big,right_cheek_big",,20.0,1.0015461584875305,train
COHFACE,'Subj_14_3,Subj_14_3,Dataset/3_ROI/COHFACE_RAW/Subj_14_3.npz,1235,9,0.0,61.7,"forehead_strip,left_cheek_big,right_cheek_big",,20.0,1.001760028363047,train
COHFACE,'Subj_14_3_x0.55,Subj_14_3,Dataset/3_ROI/MEGA_AUG/aug_npz/COHFACE_Subj_14_3_Subj_14_3_x0.55.npz,2245,9,0.0,112.200000,"forehead_strip,left_cheek_big,right_cheek_big",,20.0,1.001760028363047,train
COHFACE,'Subj_14_3_x0.65,Subj_14_3,Dataset/3_ROI/MEGA_AUG/aug_npz/COHFACE_Subj_14_3_Subj_14_3_x0.65.npz,1900,9,0.0,94.950000,"forehead_strip,left_cheek_big,right_cheek_big",,20.0,1.001760028363047,train
COHFACE,'Subj_14_3_x0.75,Subj_14_3,Dataset/3_ROI/MEGA_AUG/aug_npz/COHFACE_Subj_14_3_Subj_14_3_x0.75.npz,1647,9,0.0,82.300000,"forehead_strip,left_cheek_big,right_cheek_big",,20.0,1.001760028363047,train
COHFACE,'Subj_14_3_x1.2,Subj_14_3,Dataset/3_ROI/MEGA_AUG/aug_npz/COHFACE_Subj_14_3_Subj_14_3_x1.2.npz,1029,9,0.0,51.400000,"forehead_strip,left_cheek_big,right_cheek_big",,20.0,1.001760028363047,train
COHFACE,'Subj_14_3_x1.4,Subj_14_3,Dataset/3_ROI/MEGA_AUG/aug_npz/COHFACE_Subj_14_3_Subj_14_3_x1.4.npz,882,9,0.0,44.050000,"forehead_strip,left_cheek_big,right_cheek_big",,20.0,1.001760028363047,train
COHFACE,'Subj_14_3_x1.6,Subj_14_3,Dataset/3_ROI/MEGA_AUG/aug_npz/COHFACE_Subj_14_3_Subj_14_3_x1.6.npz,772,9,0.0,38.550000,"forehead_strip,left_cheek_big,right_cheek_big",,20.0,1.001760028363047,train
COHFACE,'Subj_14_3_x1.8,Subj_14_3,Dataset/3_ROI/MEGA_AUG/aug_npz/COHFACE_Subj_14_3_Subj_14_3_x1.8.npz,686,9,0.0,34.250000,"forehead_strip,left_cheek_big,right_cheek_big",,20.0,1.001760028363047,train
COHFACE,'Subj_15_0,Subj_15_0,Dataset/3_ROI/COHFACE_RAW/Subj_15_0.npz,1298,9,0.0,64.85,"forehead_strip,left_cheek_big,right_cheek_big",,20.0,1.002252794911334,train
COHFACE,'Subj_15_0_x0.55,Subj_15_0,Dataset/3_ROI/MEGA_AUG/aug_npz/COHFACE_Subj_15_0_Subj_15_0_x0.55.npz,2360,9,0.0,117.950000,"forehead_strip,left_cheek_big,right_cheek_big",,20.0,1.002252794911334,train
COHFACE,'Subj_15_0_x0.65,Subj_15_0,Dataset/3_ROI/MEGA_AUG/aug_npz/COHFACE_Subj_15_0_Subj_15_0_x0.65.npz,1997,9,0.0,99.800000,"forehead_strip,left_cheek_big,right_cheek_big",,20.0,1.002252794911334,train
COHFACE,'Subj_15_0_x0.75,Subj_15_0,Dataset/3_ROI/MEGA_AUG/aug_npz/COHFACE_Subj_15_0_Subj_15_0_x0.75.npz,1731,9,0.0,86.500000,"forehead_strip,left_cheek_big,right_cheek_big",,20.0,1.002252794911334,train
COHFACE,'Subj_15_0_x1.2,Subj_15_0,Dataset/3_ROI/MEGA_AUG/aug_npz/COHFACE_Subj_15_0_Subj_15_0_x1.2.npz,1082,9,0.0,54.050000,"forehead_strip,left_cheek_big,right_cheek_big",,20.0,1.002252794911334,train
COHFACE,'Subj_15_0_x1.4,Subj_15_0,Dataset/3_ROI/MEGA_AUG/aug_npz/COHFACE_Subj_15_0_Subj_15_0_x1.4.npz,927,9,0.0,46.300000,"forehead_strip,left_cheek_big,right_cheek_big",,20.0,1.002252794911334,train
COHFACE,'Subj_15_0_x1.6,Subj_15_0,Dataset/3_ROI/MEGA_AUG/aug_npz/COHFACE_Subj_15_0_Subj_15_0_x1.6.npz,811,9,0.0,40.500000,"forehead_strip,left_cheek_big,right_cheek_big",,20.0,1.002252794911334,train
COHFACE,'Subj_15_0_x1.8,Subj_15_0,Dataset/3_ROI/MEGA_AUG/aug_npz/COHFACE_Subj_15_0_Subj_15_0_x1.8.npz,721,9,0.0,36.000000,"forehead_strip,left_cheek_big,right_cheek_big",,20.0,1.002252794911334,train
COHFACE,'Subj_15_1,Subj_15_1,Dataset/3_ROI/COHFACE_RAW/Subj_15_1.npz,1223,9,0.0,61.1,"forehead_strip,left_cheek_big,right_cheek_big",,20.0,1.0013681464811783,train
COHFACE,'Subj_15_1_x0.55,Subj_15_1,Dataset/3_ROI/MEGA_AUG/aug_npz/COHFACE_Subj_15_1_Subj_15_1_x0.55.npz,2224,9,0.0,111.150000,"forehead_strip,left_cheek_big,right_cheek_big",,20.0,1.0013681464811783,train
COHFACE,'Subj_15_1_x0.65,Subj_15_1,Dataset/3_ROI/MEGA_AUG/aug_npz/COHFACE_Subj_15_1_Subj_15_1_x0.65.npz,1882,9,0.0,94.050000,"forehead_strip,left_cheek_big,right_cheek_big",,20.0,1.0013681464811783,train
COHFACE,'Subj_15_1_x0.75,Subj_15_1,Dataset/3_ROI/MEGA_AUG/aug_npz/COHFACE_Subj_15_1_Subj_15_1_x0.75.npz,1631,9,0.0,81.500000,"forehead_strip,left_cheek_big,right_cheek_big",,20.0,1.0013681464811783,train
COHFACE,'Subj_15_1_x1.2,Subj_15_1,Dataset/3_ROI/MEGA_AUG/aug_npz/COHFACE_Subj_15_1_Subj_15_1_x1.2.npz,1019,9,0.0,50.900000,"forehead_strip,left_cheek_big,right_cheek_big",,20.0,1.0013681464811783,train
COHFACE,'Subj_15_1_x1.4,Subj_15_1,Dataset/3_ROI/MEGA_AUG/aug_npz/COHFACE_Subj_15_1_Subj_15_1_x1.4.npz,874,9,0.0,43.650000,"forehead_strip,left_cheek_big,right_cheek_big",,20.0,1.0013681464811783,train
COHFACE,'Subj_15_1_x1.6,Subj_15_1,Dataset/3_ROI/MEGA_AUG/aug_npz/COHFACE_Subj_15_1_Subj_15_1_x1.6.npz,764,9,0.0,38.150000,"forehead_strip,left_cheek_big,right_cheek_big",,20.0,1.0013681464811783,train
COHFACE,'Subj_15_1_x1.8,Subj_15_1,Dataset/3_ROI/MEGA_AUG/aug_npz/COHFACE_Subj_15_1_Subj_15_1_x1.8.npz,679,9,0.0,33.900000,"forehead_strip,left_cheek_big,right_cheek_big",,20.0,1.0013681464811783,train
COHFACE,'Subj_15_2,Subj_15_2,Dataset/3_ROI/COHFACE_RAW/Subj_15_2.npz,1227,9,0.0,61.3,"forehead_strip,left_cheek_big,right_cheek_big",,20.0,1.0011597675367048,train
COHFACE,'Subj_15_2_x0.55,Subj_15_2,Dataset/3_ROI/MEGA_AUG/aug_npz/COHFACE_Subj_15_2_Subj_15_2_x0.55.npz,2231,9,0.0,111.500000,"forehead_strip,left_cheek_big,right_cheek_big",,20.0,1.0011597675367048,train
COHFACE,'Subj_15_2_x0.65,Subj_15_2,Dataset/3_ROI/MEGA_AUG/aug_npz/COHFACE_Subj_15_2_Subj_15_2_x0.65.npz,1888,9,0.0,94.350000,"forehead_strip,left_cheek_big,right_cheek_big",,20.0,1.0011597675367048,train
COHFACE,'Subj_15_2_x0.75,Subj_15_2,Dataset/3_ROI/MEGA_AUG/aug_npz/COHFACE_Subj_15_2_Subj_15_2_x0.75.npz,1636,9,0.0,81.750000,"forehead_strip,left_cheek_big,right_cheek_big",,20.0,1.0011597675367048,train
COHFACE,'Subj_15_2_x1.2,Subj_15_2,Dataset/3_ROI/MEGA_AUG/aug_npz/COHFACE_Subj_15_2_Subj_15_2_x1.2.npz,1022,9,0.0,51.050000,"forehead_strip,left_cheek_big,right_cheek_big",,20.0,1.0011597675367048,train
COHFACE,'Subj_15_2_x1.4,Subj_15_2,Dataset/3_ROI/MEGA_AUG/aug_npz/COHFACE_Subj_15_2_Subj_15_2_x1.4.npz,876,9,0.0,43.750000,"forehead_strip,left_cheek_big,right_cheek_big",,20.0,1.0011597675367048,train
COHFACE,'Subj_15_2_x1.6,Subj_15_2,Dataset/3_ROI/MEGA_AUG/aug_npz/COHFACE_Subj_15_2_Subj_15_2_x1.6.npz,767,9,0.0,38.300000,"forehead_strip,left_cheek_big,right_cheek_big",,20.0,1.0011597675367048,train
COHFACE,'Subj_15_2_x1.8,Subj_15_2,Dataset/3_ROI/MEGA_AUG/aug_npz/COHFACE_Subj_15_2_Subj_15_2_x1.8.npz,682,9,0.0,34.050000,"forehead_strip,left_cheek_big,right_cheek_big",,20.0,1.0011597675367048,train
COHFACE,'Subj_15_3,Subj_15_3,Dataset/3_ROI/COHFACE_RAW/Subj_15_3.npz,1255,9,0.0,62.7,"forehead_strip,left_cheek_big,right_cheek_big",,20.0,1.0017319577352473,train
COHFACE,'Subj_15_3_x0.55,Subj_15_3,Dataset/3_ROI/MEGA_AUG/aug_npz/COHFACE_Subj_15_3_Subj_15_3_x0.55.npz,2282,9,0.0,114.050000,"forehead_strip,left_cheek_big,right_cheek_big",,20.0,1.0017319577352473,train
COHFACE,'Subj_15_3_x0.65,Subj_15_3,Dataset/3_ROI/MEGA_AUG/aug_npz/COHFACE_Subj_15_3_Subj_15_3_x0.65.npz,1931,9,0.0,96.500000,"forehead_strip,left_cheek_big,right_cheek_big",,20.0,1.0017319577352473,train
COHFACE,'Subj_15_3_x0.75,Subj_15_3,Dataset/3_ROI/MEGA_AUG/aug_npz/COHFACE_Subj_15_3_Subj_15_3_x0.75.npz,1673,9,0.0,83.600000,"forehead_strip,left_cheek_big,right_cheek_big",,20.0,1.0017319577352473,train
COHFACE,'Subj_15_3_x1.2,Subj_15_3,Dataset/3_ROI/MEGA_AUG/aug_npz/COHFACE_Subj_15_3_Subj_15_3_x1.2.npz,1046,9,0.0,52.250000,"forehead_strip,left_cheek_big,right_cheek_big",,20.0,1.0017319577352473,train
COHFACE,'Subj_15_3_x1.4,Subj_15_3,Dataset/3_ROI/MEGA_AUG/aug_npz/COHFACE_Subj_15_3_Subj_15_3_x1.4.npz,896,9,0.0,44.750000,"forehead_strip,left_cheek_big,right_cheek_big",,20.0,1.0017319577352473,train
COHFACE,'Subj_15_3_x1.6,Subj_15_3,Dataset/3_ROI/MEGA_AUG/aug_npz/COHFACE_Subj_15_3_Subj_15_3_x1.6.npz,784,9,0.0,39.150000,"forehead_strip,left_cheek_big,right_cheek_big",,20.0,1.0017319577352473,train
COHFACE,'Subj_15_3_x1.8,Subj_15_3,Dataset/3_ROI/MEGA_AUG/aug_npz/COHFACE_Subj_15_3_Subj_15_3_x1.8.npz,697,9,0.0,34.800000,"forehead_strip,left_cheek_big,right_cheek_big",,20.0,1.0017319577352473,train
COHFACE,'Subj_16_0,Subj_16_0,Dataset/3_ROI/COHFACE_RAW/Subj_16_0.npz,1232,9,0.0,61.55,"forehead_strip,left_cheek_big,right_cheek_big",,20.0,1.002170491470349,train
COHFACE,'Subj_16_0_x0.75,Subj_16_0,Dataset/3_ROI/MEGA_AUG/aug_npz/COHFACE_Subj_16_0_Subj_16_0_x0.75.npz,1643,9,0.0,82.100000,"forehead_strip,left_cheek_big,right_cheek_big",,20.0,1.002170491470349,train
COHFACE,'Subj_16_0_x1.2,Subj_16_0,Dataset/3_ROI/MEGA_AUG/aug_npz/COHFACE_Subj_16_0_Subj_16_0_x1.2.npz,1027,9,0.0,51.300000,"forehead_strip,left_cheek_big,right_cheek_big",,20.0,1.002170491470349,train
COHFACE,'Subj_16_0_x1.4,Subj_16_0,Dataset/3_ROI/MEGA_AUG/aug_npz/COHFACE_Subj_16_0_Subj_16_0_x1.4.npz,880,9,0.0,43.950000,"forehead_strip,left_cheek_big,right_cheek_big",,20.0,1.002170491470349,train
COHFACE,'Subj_16_0_x1.6,Subj_16_0,Dataset/3_ROI/MEGA_AUG/aug_npz/COHFACE_Subj_16_0_Subj_16_0_x1.6.npz,770,9,0.0,38.450000,"forehead_strip,left_cheek_big,right_cheek_big",,20.0,1.002170491470349,train
COHFACE,'Subj_16_0_x1.8,Subj_16_0,Dataset/3_ROI/MEGA_AUG/aug_npz/COHFACE_Subj_16_0_Subj_16_0_x1.8.npz,684,9,0.0,34.150000,"forehead_strip,left_cheek_big,right_cheek_big",,20.0,1.002170491470349,train
COHFACE,'Subj_16_1,Subj_16_1,Dataset/3_ROI/COHFACE_RAW/Subj_16_1.npz,1238,9,0.0,61.85,"forehead_strip,left_cheek_big,right_cheek_big",,20.0,1.0023620654810024,train
COHFACE,'Subj_16_1_x0.75,Subj_16_1,Dataset/3_ROI/MEGA_AUG/aug_npz/COHFACE_Subj_16_1_Subj_16_1_x0.75.npz,1651,9,0.0,82.500000,"forehead_strip,left_cheek_big,right_cheek_big",,20.0,1.0023620654810024,train
COHFACE,'Subj_16_1_x1.2,Subj_16_1,Dataset/3_ROI/MEGA_AUG/aug_npz/COHFACE_Subj_16_1_Subj_16_1_x1.2.npz,1032,9,0.0,51.550000,"forehead_strip,left_cheek_big,right_cheek_big",,20.0,1.0023620654810024,train
COHFACE,'Subj_16_1_x1.4,Subj_16_1,Dataset/3_ROI/MEGA_AUG/aug_npz/COHFACE_Subj_16_1_Subj_16_1_x1.4.npz,884,9,0.0,44.150000,"forehead_strip,left_cheek_big,right_cheek_big",,20.0,1.0023620654810024,train
COHFACE,'Subj_16_1_x1.6,Subj_16_1,Dataset/3_ROI/MEGA_AUG/aug_npz/COHFACE_Subj_16_1_Subj_16_1_x1.6.npz,774,9,0.0,38.650000,"forehead_strip,left_cheek_big,right_cheek_big",,20.0,1.0023620654810024,train
COHFACE,'Subj_16_1_x1.8,Subj_16_1,Dataset/3_ROI/MEGA_AUG/aug_npz/COHFACE_Subj_16_1_Subj_16_1_x1.8.npz,688,9,0.0,34.350000,"forehead_strip,left_cheek_big,right_cheek_big",,20.0,1.0023620654810024,train
COHFACE,'Subj_16_2,Subj_16_2,Dataset/3_ROI/COHFACE_RAW/Subj_16_2.npz,1232,9,0.0,61.55,"forehead_strip,left_cheek_big,right_cheek_big",,20.0,1.001155056864338,train
COHFACE,'Subj_16_2_x0.75,Subj_16_2,Dataset/3_ROI/MEGA_AUG/aug_npz/COHFACE_Subj_16_2_Subj_16_2_x0.75.npz,1643,9,0.0,82.100000,"forehead_strip,left_cheek_big,right_cheek_big",,20.0,1.001155056864338,train
COHFACE,'Subj_16_2_x1.2,Subj_16_2,Dataset/3_ROI/MEGA_AUG/aug_npz/COHFACE_Subj_16_2_Subj_16_2_x1.2.npz,1027,9,0.0,51.300000,"forehead_strip,left_cheek_big,right_cheek_big",,20.0,1.001155056864338,train
COHFACE,'Subj_16_2_x1.4,Subj_16_2,Dataset/3_ROI/MEGA_AUG/aug_npz/COHFACE_Subj_16_2_Subj_16_2_x1.4.npz,880,9,0.0,43.950000,"forehead_strip,left_cheek_big,right_cheek_big",,20.0,1.001155056864338,train
COHFACE,'Subj_16_2_x1.6,Subj_16_2,Dataset/3_ROI/MEGA_AUG/aug_npz/COHFACE_Subj_16_2_Subj_16_2_x1.6.npz,770,9,0.0,38.450000,"forehead_strip,left_cheek_big,right_cheek_big",,20.0,1.001155056864338,train
COHFACE,'Subj_16_2_x1.8,Subj_16_2,Dataset/3_ROI/MEGA_AUG/aug_npz/COHFACE_Subj_16_2_Subj_16_2_x1.8.npz,684,9,0.0,34.150000,"forehead_strip,left_cheek_big,right_cheek_big",,20.0,1.001155056864338,train
COHFACE,'Subj_16_3,Subj_16_3,Dataset/3_ROI/COHFACE_RAW/Subj_16_3.npz,1228,9,0.0,61.35,"forehead_strip,left_cheek_big,right_cheek_big",,20.0,1.0013625713121437,train
COHFACE,'Subj_16_3_x0.75,Subj_16_3,Dataset/3_ROI/MEGA_AUG/aug_npz/COHFACE_Subj_16_3_Subj_16_3_x0.75.npz,1637,9,0.0,81.800000,"forehead_strip,left_cheek_big,right_cheek_big",,20.0,1.0013625713121437,train
COHFACE,'Subj_16_3_x1.2,Subj_16_3,Dataset/3_ROI/MEGA_AUG/aug_npz/COHFACE_Subj_16_3_Subj_16_3_x1.2.npz,1023,9,0.0,51.100000,"forehead_strip,left_cheek_big,right_cheek_big",,20.0,1.0013625713121437,train
COHFACE,'Subj_16_3_x1.4,Subj_16_3,Dataset/3_ROI/MEGA_AUG/aug_npz/COHFACE_Subj_16_3_Subj_16_3_x1.4.npz,877,9,0.0,43.800000,"forehead_strip,left_cheek_big,right_cheek_big",,20.0,1.0013625713121437,train
COHFACE,'Subj_16_3_x1.6,Subj_16_3,Dataset/3_ROI/MEGA_AUG/aug_npz/COHFACE_Subj_16_3_Subj_16_3_x1.6.npz,768,9,0.0,38.350000,"forehead_strip,left_cheek_big,right_cheek_big",,20.0,1.0013625713121437,train
COHFACE,'Subj_16_3_x1.8,Subj_16_3,Dataset/3_ROI/MEGA_AUG/aug_npz/COHFACE_Subj_16_3_Subj_16_3_x1.8.npz,682,9,0.0,34.050000,"forehead_strip,left_cheek_big,right_cheek_big",,20.0,1.0013625713121437,train
COHFACE,'Subj_17_0,Subj_17_0,Dataset/3_ROI/COHFACE_RAW/Subj_17_0.npz,1226,9,0.0,61.25,"forehead_strip,left_cheek_big,right_cheek_big",,20.0,1.0019770408163264,train
COHFACE,'Subj_17_0_x0.75,Subj_17_0,Dataset/3_ROI/MEGA_AUG/aug_npz/COHFACE_Subj_17_0_Subj_17_0_x0.75.npz,1635,9,0.0,81.700000,"forehead_strip,left_cheek_big,right_cheek_big",,20.0,1.0019770408163264,train
COHFACE,'Subj_17_0_x1.2,Subj_17_0,Dataset/3_ROI/MEGA_AUG/aug_npz/COHFACE_Subj_17_0_Subj_17_0_x1.2.npz,1022,9,0.0,51.050000,"forehead_strip,left_cheek_big,right_cheek_big",,20.0,1.0019770408163264,train
COHFACE,'Subj_17_0_x1.4,Subj_17_0,Dataset/3_ROI/MEGA_AUG/aug_npz/COHFACE_Subj_17_0_Subj_17_0_x1.4.npz,876,9,0.0,43.750000,"forehead_strip,left_cheek_big,right_cheek_big",,20.0,1.0019770408163264,train
COHFACE,'Subj_17_0_x1.6,Subj_17_0,Dataset/3_ROI/MEGA_AUG/aug_npz/COHFACE_Subj_17_0_Subj_17_0_x1.6.npz,766,9,0.0,38.250000,"forehead_strip,left_cheek_big,right_cheek_big",,20.0,1.0019770408163264,train
COHFACE,'Subj_17_0_x1.8,Subj_17_0,Dataset/3_ROI/MEGA_AUG/aug_npz/COHFACE_Subj_17_0_Subj_17_0_x1.8.npz,681,9,0.0,34.000000,"forehead_strip,left_cheek_big,right_cheek_big",,20.0,1.0019770408163264,train
COHFACE,'Subj_17_1,Subj_17_1,Dataset/3_ROI/COHFACE_RAW/Subj_17_1.npz,1219,9,0.0,60.9,"forehead_strip,left_cheek_big,right_cheek_big",,20.0,1.00157789408867,train
COHFACE,'Subj_17_1_x0.75,Subj_17_1,Dataset/3_ROI/MEGA_AUG/aug_npz/COHFACE_Subj_17_1_Subj_17_1_x0.75.npz,1625,9,0.0,81.200000,"forehead_strip,left_cheek_big,right_cheek_big",,20.0,1.00157789408867,train
COHFACE,'Subj_17_1_x1.2,Subj_17_1,Dataset/3_ROI/MEGA_AUG/aug_npz/COHFACE_Subj_17_1_Subj_17_1_x1.2.npz,1016,9,0.0,50.750000,"forehead_strip,left_cheek_big,right_cheek_big",,20.0,1.00157789408867,train
COHFACE,'Subj_17_1_x1.4,Subj_17_1,Dataset/3_ROI/MEGA_AUG/aug_npz/COHFACE_Subj_17_1_Subj_17_1_x1.4.npz,871,9,0.0,43.500000,"forehead_strip,left_cheek_big,right_cheek_big",,20.0,1.00157789408867,train
COHFACE,'Subj_17_1_x1.6,Subj_17_1,Dataset/3_ROI/MEGA_AUG/aug_npz/COHFACE_Subj_17_1_Subj_17_1_x1.6.npz,762,9,0.0,38.050000,"forehead_strip,left_cheek_big,right_cheek_big",,20.0,1.00157789408867,train
COHFACE,'Subj_17_1_x1.8,Subj_17_1,Dataset/3_ROI/MEGA_AUG/aug_npz/COHFACE_Subj_17_1_Subj_17_1_x1.8.npz,677,9,0.0,33.800000,"forehead_strip,left_cheek_big,right_cheek_big",,20.0,1.00157789408867,train
COHFACE,'Subj_17_2,Subj_17_2,Dataset/3_ROI/COHFACE_RAW/Subj_17_2.npz,1218,9,0.0,60.85,"forehead_strip,left_cheek_big,right_cheek_big",,20.0,1.0024008833196385,train
COHFACE,'Subj_17_2_x0.75,Subj_17_2,Dataset/3_ROI/MEGA_AUG/aug_npz/COHFACE_Subj_17_2_Subj_17_2_x0.75.npz,1624,9,0.0,81.150000,"forehead_strip,left_cheek_big,right_cheek_big",,20.0,1.0024008833196385,train
COHFACE,'Subj_17_2_x1.2,Subj_17_2,Dataset/3_ROI/MEGA_AUG/aug_npz/COHFACE_Subj_17_2_Subj_17_2_x1.2.npz,1015,9,0.0,50.700000,"forehead_strip,left_cheek_big,right_cheek_big",,20.0,1.0024008833196385,train
COHFACE,'Subj_17_2_x1.4,Subj_17_2,Dataset/3_ROI/MEGA_AUG/aug_npz/COHFACE_Subj_17_2_Subj_17_2_x1.4.npz,870,9,0.0,43.450000,"forehead_strip,left_cheek_big,right_cheek_big",,20.0,1.0024008833196385,train
COHFACE,'Subj_17_2_x1.6,Subj_17_2,Dataset/3_ROI/MEGA_AUG/aug_npz/COHFACE_Subj_17_2_Subj_17_2_x1.6.npz,761,9,0.0,38.000000,"forehead_strip,left_cheek_big,right_cheek_big",,20.0,1.0024008833196385,train
COHFACE,'Subj_17_2_x1.8,Subj_17_2,Dataset/3_ROI/MEGA_AUG/aug_npz/COHFACE_Subj_17_2_Subj_17_2_x1.8.npz,677,9,0.0,33.800000,"forehead_strip,left_cheek_big,right_cheek_big",,20.0,1.0024008833196385,train
COHFACE,'Subj_17_3,Subj_17_3,Dataset/3_ROI/COHFACE_RAW/Subj_17_3.npz,1239,9,0.0,61.9,"forehead_strip,left_cheek_big,right_cheek_big",,20.0,1.001552403069467,train
COHFACE,'Subj_17_3_x0.75,Subj_17_3,Dataset/3_ROI/MEGA_AUG/aug_npz/COHFACE_Subj_17_3_Subj_17_3_x0.75.npz,1652,9,0.0,82.550000,"forehead_strip,left_cheek_big,right_cheek_big",,20.0,1.001552403069467,train
COHFACE,'Subj_17_3_x1.2,Subj_17_3,Dataset/3_ROI/MEGA_AUG/aug_npz/COHFACE_Subj_17_3_Subj_17_3_x1.2.npz,1032,9,0.0,51.550000,"forehead_strip,left_cheek_big,right_cheek_big",,20.0,1.001552403069467,train
COHFACE,'Subj_17_3_x1.4,Subj_17_3,Dataset/3_ROI/MEGA_AUG/aug_npz/COHFACE_Subj_17_3_Subj_17_3_x1.4.npz,885,9,0.0,44.200000,"forehead_strip,left_cheek_big,right_cheek_big",,20.0,1.001552403069467,train
COHFACE,'Subj_17_3_x1.6,Subj_17_3,Dataset/3_ROI/MEGA_AUG/aug_npz/COHFACE_Subj_17_3_Subj_17_3_x1.6.npz,774,9,0.0,38.650000,"forehead_strip,left_cheek_big,right_cheek_big",,20.0,1.001552403069467,train
COHFACE,'Subj_17_3_x1.8,Subj_17_3,Dataset/3_ROI/MEGA_AUG/aug_npz/COHFACE_Subj_17_3_Subj_17_3_x1.8.npz,688,9,0.0,34.350000,"forehead_strip,left_cheek_big,right_cheek_big",,20.0,1.001552403069467,train
COHFACE,'Subj_18_0,Subj_18_0,Dataset/3_ROI/COHFACE_RAW/Subj_18_0.npz,1243,9,0.0,62.1,"forehead_strip,left_cheek_big,right_cheek_big",,20.0,1.001346115136876,train
COHFACE,'Subj_18_0_x0.55,Subj_18_0,Dataset/3_ROI/MEGA_AUG/aug_npz/COHFACE_Subj_18_0_Subj_18_0_x0.55.npz,2260,9,0.0,112.950000,"forehead_strip,left_cheek_big,right_cheek_big",,20.0,1.001346115136876,train
COHFACE,'Subj_18_0_x0.65,Subj_18_0,Dataset/3_ROI/MEGA_AUG/aug_npz/COHFACE_Subj_18_0_Subj_18_0_x0.65.npz,1912,9,0.0,95.550000,"forehead_strip,left_cheek_big,right_cheek_big",,20.0,1.001346115136876,train
COHFACE,'Subj_18_0_x0.75,Subj_18_0,Dataset/3_ROI/MEGA_AUG/aug_npz/COHFACE_Subj_18_0_Subj_18_0_x0.75.npz,1657,9,0.0,82.800000,"forehead_strip,left_cheek_big,right_cheek_big",,20.0,1.001346115136876,train
COHFACE,'Subj_18_0_x1.2,Subj_18_0,Dataset/3_ROI/MEGA_AUG/aug_npz/COHFACE_Subj_18_0_Subj_18_0_x1.2.npz,1036,9,0.0,51.750000,"forehead_strip,left_cheek_big,right_cheek_big",,20.0,1.001346115136876,train
COHFACE,'Subj_18_0_x1.4,Subj_18_0,Dataset/3_ROI/MEGA_AUG/aug_npz/COHFACE_Subj_18_0_Subj_18_0_x1.4.npz,888,9,0.0,44.350000,"forehead_strip,left_cheek_big,right_cheek_big",,20.0,1.001346115136876,train
COHFACE,'Subj_18_0_x1.6,Subj_18_0,Dataset/3_ROI/MEGA_AUG/aug_npz/COHFACE_Subj_18_0_Subj_18_0_x1.6.npz,777,9,0.0,38.800000,"forehead_strip,left_cheek_big,right_cheek_big",,20.0,1.001346115136876,train
COHFACE,'Subj_18_0_x1.8,Subj_18_0,Dataset/3_ROI/MEGA_AUG/aug_npz/COHFACE_Subj_18_0_Subj_18_0_x1.8.npz,691,9,0.0,34.500000,"forehead_strip,left_cheek_big,right_cheek_big",,20.0,1.001346115136876,train
COHFACE,'Subj_18_1,Subj_18_1,Dataset/3_ROI/COHFACE_RAW/Subj_18_1.npz,1239,9,0.0,61.9,"forehead_strip,left_cheek_big,right_cheek_big",,20.0,1.001552403069467,train
COHFACE,'Subj_18_1_x0.55,Subj_18_1,Dataset/3_ROI/MEGA_AUG/aug_npz/COHFACE_Subj_18_1_Subj_18_1_x0.55.npz,2253,9,0.0,112.600000,"forehead_strip,left_cheek_big,right_cheek_big",,20.0,1.001552403069467,train
COHFACE,'Subj_18_1_x0.65,Subj_18_1,Dataset/3_ROI/MEGA_AUG/aug_npz/COHFACE_Subj_18_1_Subj_18_1_x0.65.npz,1906,9,0.0,95.250000,"forehead_strip,left_cheek_big,right_cheek_big",,20.0,1.001552403069467,train
COHFACE,'Subj_18_1_x0.75,Subj_18_1,Dataset/3_ROI/MEGA_AUG/aug_npz/COHFACE_Subj_18_1_Subj_18_1_x0.75.npz,1652,9,0.0,82.550000,"forehead_strip,left_cheek_big,right_cheek_big",,20.0,1.001552403069467,train
COHFACE,'Subj_18_1_x1.2,Subj_18_1,Dataset/3_ROI/MEGA_AUG/aug_npz/COHFACE_Subj_18_1_Subj_18_1_x1.2.npz,1032,9,0.0,51.550000,"forehead_strip,left_cheek_big,right_cheek_big",,20.0,1.001552403069467,train
COHFACE,'Subj_18_1_x1.4,Subj_18_1,Dataset/3_ROI/MEGA_AUG/aug_npz/COHFACE_Subj_18_1_Subj_18_1_x1.4.npz,885,9,0.0,44.200000,"forehead_strip,left_cheek_big,right_cheek_big",,20.0,1.001552403069467,train
COHFACE,'Subj_18_1_x1.6,Subj_18_1,Dataset/3_ROI/MEGA_AUG/aug_npz/COHFACE_Subj_18_1_Subj_18_1_x1.6.npz,774,9,0.0,38.650000,"forehead_strip,left_cheek_big,right_cheek_big",,20.0,1.001552403069467,train
COHFACE,'Subj_18_1_x1.8,Subj_18_1,Dataset/3_ROI/MEGA_AUG/aug_npz/COHFACE_Subj_18_1_Subj_18_1_x1.8.npz,688,9,0.0,34.350000,"forehead_strip,left_cheek_big,right_cheek_big",,20.0,1.001552403069467,train
COHFACE,'Subj_18_2,Subj_18_2,Dataset/3_ROI/COHFACE_RAW/Subj_18_2.npz,1226,9,0.0,61.25,"forehead_strip,left_cheek_big,right_cheek_big",,20.0,1.0019770408163264,train
COHFACE,'Subj_18_2_x0.55,Subj_18_2,Dataset/3_ROI/MEGA_AUG/aug_npz/COHFACE_Subj_18_2_Subj_18_2_x0.55.npz,2229,9,0.0,111.400000,"forehead_strip,left_cheek_big,right_cheek_big",,20.0,1.0019770408163264,train
COHFACE,'Subj_18_2_x0.65,Subj_18_2,Dataset/3_ROI/MEGA_AUG/aug_npz/COHFACE_Subj_18_2_Subj_18_2_x0.65.npz,1886,9,0.0,94.250000,"forehead_strip,left_cheek_big,right_cheek_big",,20.0,1.0019770408163264,train
COHFACE,'Subj_18_2_x0.75,Subj_18_2,Dataset/3_ROI/MEGA_AUG/aug_npz/COHFACE_Subj_18_2_Subj_18_2_x0.75.npz,1635,9,0.0,81.700000,"forehead_strip,left_cheek_big,right_cheek_big",,20.0,1.0019770408163264,train
COHFACE,'Subj_18_2_x1.2,Subj_18_2,Dataset/3_ROI/MEGA_AUG/aug_npz/COHFACE_Subj_18_2_Subj_18_2_x1.2.npz,1022,9,0.0,51.050000,"forehead_strip,left_cheek_big,right_cheek_big",,20.0,1.0019770408163264,train
COHFACE,'Subj_18_2_x1.4,Subj_18_2,Dataset/3_ROI/MEGA_AUG/aug_npz/COHFACE_Subj_18_2_Subj_18_2_x1.4.npz,876,9,0.0,43.750000,"forehead_strip,left_cheek_big,right_cheek_big",,20.0,1.0019770408163264,train
COHFACE,'Subj_18_2_x1.6,Subj_18_2,Dataset/3_ROI/MEGA_AUG/aug_npz/COHFACE_Subj_18_2_Subj_18_2_x1.6.npz,766,9,0.0,38.250000,"forehead_strip,left_cheek_big,right_cheek_big",,20.0,1.0019770408163264,train
COHFACE,'Subj_18_2_x1.8,Subj_18_2,Dataset/3_ROI/MEGA_AUG/aug_npz/COHFACE_Subj_18_2_Subj_18_2_x1.8.npz,681,9,0.0,34.000000,"forehead_strip,left_cheek_big,right_cheek_big",,20.0,1.0019770408163264,train
COHFACE,'Subj_18_3,Subj_18_3,Dataset/3_ROI/COHFACE_RAW/Subj_18_3.npz,1244,9,0.0,62.15,"forehead_strip,left_cheek_big,right_cheek_big",,20.0,1.0015461584875305,train
COHFACE,'Subj_18_3_x0.55,Subj_18_3,Dataset/3_ROI/MEGA_AUG/aug_npz/COHFACE_Subj_18_3_Subj_18_3_x0.55.npz,2262,9,0.0,113.050000,"forehead_strip,left_cheek_big,right_cheek_big",,20.0,1.0015461584875305,train
COHFACE,'Subj_18_3_x0.65,Subj_18_3,Dataset/3_ROI/MEGA_AUG/aug_npz/COHFACE_Subj_18_3_Subj_18_3_x0.65.npz,1914,9,0.0,95.650000,"forehead_strip,left_cheek_big,right_cheek_big",,20.0,1.0015461584875305,train
COHFACE,'Subj_18_3_x0.75,Subj_18_3,Dataset/3_ROI/MEGA_AUG/aug_npz/COHFACE_Subj_18_3_Subj_18_3_x0.75.npz,1659,9,0.0,82.900000,"forehead_strip,left_cheek_big,right_cheek_big",,20.0,1.0015461584875305,train
COHFACE,'Subj_18_3_x1.2,Subj_18_3,Dataset/3_ROI/MEGA_AUG/aug_npz/COHFACE_Subj_18_3_Subj_18_3_x1.2.npz,1037,9,0.0,51.800000,"forehead_strip,left_cheek_big,right_cheek_big",,20.0,1.0015461584875305,train
COHFACE,'Subj_18_3_x1.4,Subj_18_3,Dataset/3_ROI/MEGA_AUG/aug_npz/COHFACE_Subj_18_3_Subj_18_3_x1.4.npz,889,9,0.0,44.400000,"forehead_strip,left_cheek_big,right_cheek_big",,20.0,1.0015461584875305,train
COHFACE,'Subj_18_3_x1.6,Subj_18_3,Dataset/3_ROI/MEGA_AUG/aug_npz/COHFACE_Subj_18_3_Subj_18_3_x1.6.npz,778,9,0.0,38.850000,"forehead_strip,left_cheek_big,right_cheek_big",,20.0,1.0015461584875305,train
COHFACE,'Subj_18_3_x1.8,Subj_18_3,Dataset/3_ROI/MEGA_AUG/aug_npz/COHFACE_Subj_18_3_Subj_18_3_x1.8.npz,691,9,0.0,34.500000,"forehead_strip,left_cheek_big,right_cheek_big",,20.0,1.0015461584875305,train
COHFACE,'Subj_19_0,Subj_19_0,Dataset/3_ROI/COHFACE_RAW/Subj_19_0.npz,1209,9,0.0,60.4,"forehead_strip,left_cheek_big,right_cheek_big",,20.0,1.0015909561258278,train
COHFACE,'Subj_19_0_x0.65,Subj_19_0,Dataset/3_ROI/MEGA_AUG/aug_npz/COHFACE_Subj_19_0_Subj_19_0_x0.65.npz,1860,9,0.0,92.950000,"forehead_strip,left_cheek_big,right_cheek_big",,20.0,1.0015909561258278,train
COHFACE,'Subj_19_0_x0.75,Subj_19_0,Dataset/3_ROI/MEGA_AUG/aug_npz/COHFACE_Subj_19_0_Subj_19_0_x0.75.npz,1612,9,0.0,80.550000,"forehead_strip,left_cheek_big,right_cheek_big",,20.0,1.0015909561258278,train
COHFACE,'Subj_19_0_x1.2,Subj_19_0,Dataset/3_ROI/MEGA_AUG/aug_npz/COHFACE_Subj_19_0_Subj_19_0_x1.2.npz,1008,9,0.0,50.350000,"forehead_strip,left_cheek_big,right_cheek_big",,20.0,1.0015909561258278,train
COHFACE,'Subj_19_0_x1.4,Subj_19_0,Dataset/3_ROI/MEGA_AUG/aug_npz/COHFACE_Subj_19_0_Subj_19_0_x1.4.npz,864,9,0.0,43.150000,"forehead_strip,left_cheek_big,right_cheek_big",,20.0,1.0015909561258278,train
COHFACE,'Subj_19_0_x1.6,Subj_19_0,Dataset/3_ROI/MEGA_AUG/aug_npz/COHFACE_Subj_19_0_Subj_19_0_x1.6.npz,756,9,0.0,37.750000,"forehead_strip,left_cheek_big,right_cheek_big",,20.0,1.0015909561258278,train
COHFACE,'Subj_19_0_x1.8,Subj_19_0,Dataset/3_ROI/MEGA_AUG/aug_npz/COHFACE_Subj_19_0_Subj_19_0_x1.8.npz,672,9,0.0,33.550000,"forehead_strip,left_cheek_big,right_cheek_big",,20.0,1.0015909561258278,train
COHFACE,'Subj_19_1,Subj_19_1,Dataset/3_ROI/COHFACE_RAW/Subj_19_1.npz,1209,9,0.0,60.4,"forehead_strip,left_cheek_big,right_cheek_big",,20.0,1.0015909561258278,train
COHFACE,'Subj_19_1_x0.65,Subj_19_1,Dataset/3_ROI/MEGA_AUG/aug_npz/COHFACE_Subj_19_1_Subj_19_1_x0.65.npz,1860,9,0.0,92.950000,"forehead_strip,left_cheek_big,right_cheek_big",,20.0,1.0015909561258278,train
COHFACE,'Subj_19_1_x0.75,Subj_19_1,Dataset/3_ROI/MEGA_AUG/aug_npz/COHFACE_Subj_19_1_Subj_19_1_x0.75.npz,1612,9,0.0,80.550000,"forehead_strip,left_cheek_big,right_cheek_big",,20.0,1.0015909561258278,train
COHFACE,'Subj_19_1_x1.2,Subj_19_1,Dataset/3_ROI/MEGA_AUG/aug_npz/COHFACE_Subj_19_1_Subj_19_1_x1.2.npz,1008,9,0.0,50.350000,"forehead_strip,left_cheek_big,right_cheek_big",,20.0,1.0015909561258278,train
COHFACE,'Subj_19_1_x1.4,Subj_19_1,Dataset/3_ROI/MEGA_AUG/aug_npz/COHFACE_Subj_19_1_Subj_19_1_x1.4.npz,864,9,0.0,43.150000,"forehead_strip,left_cheek_big,right_cheek_big",,20.0,1.0015909561258278,train
COHFACE,'Subj_19_1_x1.6,Subj_19_1,Dataset/3_ROI/MEGA_AUG/aug_npz/COHFACE_Subj_19_1_Subj_19_1_x1.6.npz,756,9,0.0,37.750000,"forehead_strip,left_cheek_big,right_cheek_big",,20.0,1.0015909561258278,train
COHFACE,'Subj_19_1_x1.8,Subj_19_1,Dataset/3_ROI/MEGA_AUG/aug_npz/COHFACE_Subj_19_1_Subj_19_1_x1.8.npz,672,9,0.0,33.550000,"forehead_strip,left_cheek_big,right_cheek_big",,20.0,1.0015909561258278,train
COHFACE,'Subj_19_2,Subj_19_2,Dataset/3_ROI/COHFACE_RAW/Subj_19_2.npz,1211,9,0.0,60.5,"forehead_strip,left_cheek_big,right_cheek_big",,20.0,1.002001549586777,train
COHFACE,'Subj_19_2_x0.65,Subj_19_2,Dataset/3_ROI/MEGA_AUG/aug_npz/COHFACE_Subj_19_2_Subj_19_2_x0.65.npz,1863,9,0.0,93.100000,"forehead_strip,left_cheek_big,right_cheek_big",,20.0,1.002001549586777,train
COHFACE,'Subj_19_2_x0.75,Subj_19_2,Dataset/3_ROI/MEGA_AUG/aug_npz/COHFACE_Subj_19_2_Subj_19_2_x0.75.npz,1615,9,0.0,80.700000,"forehead_strip,left_cheek_big,right_cheek_big",,20.0,1.002001549586777,train
COHFACE,'Subj_19_2_x1.2,Subj_19_2,Dataset/3_ROI/MEGA_AUG/aug_npz/COHFACE_Subj_19_2_Subj_19_2_x1.2.npz,1009,9,0.0,50.400000,"forehead_strip,left_cheek_big,right_cheek_big",,20.0,1.002001549586777,train
COHFACE,'Subj_19_2_x1.4,Subj_19_2,Dataset/3_ROI/MEGA_AUG/aug_npz/COHFACE_Subj_19_2_Subj_19_2_x1.4.npz,865,9,0.0,43.200000,"forehead_strip,left_cheek_big,right_cheek_big",,20.0,1.002001549586777,train
COHFACE,'Subj_19_2_x1.6,Subj_19_2,Dataset/3_ROI/MEGA_AUG/aug_npz/COHFACE_Subj_19_2_Subj_19_2_x1.6.npz,757,9,0.0,37.800000,"forehead_strip,left_cheek_big,right_cheek_big",,20.0,1.002001549586777,train
COHFACE,'Subj_19_2_x1.8,Subj_19_2,Dataset/3_ROI/MEGA_AUG/aug_npz/COHFACE_Subj_19_2_Subj_19_2_x1.8.npz,673,9,0.0,33.600000,"forehead_strip,left_cheek_big,right_cheek_big",,20.0,1.002001549586777,train
COHFACE,'Subj_19_3,Subj_19_3,Dataset/3_ROI/COHFACE_RAW/Subj_19_3.npz,1210,9,0.0,60.45,"forehead_strip,left_cheek_big,right_cheek_big",,20.0,1.001796422663358,train
COHFACE,'Subj_19_3_x0.65,Subj_19_3,Dataset/3_ROI/MEGA_AUG/aug_npz/COHFACE_Subj_19_3_Subj_19_3_x0.65.npz,1862,9,0.0,93.050000,"forehead_strip,left_cheek_big,right_cheek_big",,20.0,1.001796422663358,train
COHFACE,'Subj_19_3_x0.75,Subj_19_3,Dataset/3_ROI/MEGA_AUG/aug_npz/COHFACE_Subj_19_3_Subj_19_3_x0.75.npz,1613,9,0.0,80.600000,"forehead_strip,left_cheek_big,right_cheek_big",,20.0,1.001796422663358,train
COHFACE,'Subj_19_3_x1.2,Subj_19_3,Dataset/3_ROI/MEGA_AUG/aug_npz/COHFACE_Subj_19_3_Subj_19_3_x1.2.npz,1008,9,0.0,50.350000,"forehead_strip,left_cheek_big,right_cheek_big",,20.0,1.001796422663358,train
COHFACE,'Subj_19_3_x1.4,Subj_19_3,Dataset/3_ROI/MEGA_AUG/aug_npz/COHFACE_Subj_19_3_Subj_19_3_x1.4.npz,864,9,0.0,43.150000,"forehead_strip,left_cheek_big,right_cheek_big",,20.0,1.001796422663358,train
COHFACE,'Subj_19_3_x1.6,Subj_19_3,Dataset/3_ROI/MEGA_AUG/aug_npz/COHFACE_Subj_19_3_Subj_19_3_x1.6.npz,756,9,0.0,37.750000,"forehead_strip,left_cheek_big,right_cheek_big",,20.0,1.001796422663358,train
COHFACE,'Subj_19_3_x1.8,Subj_19_3,Dataset/3_ROI/MEGA_AUG/aug_npz/COHFACE_Subj_19_3_Subj_19_3_x1.8.npz,672,9,0.0,33.550000,"forehead_strip,left_cheek_big,right_cheek_big",,20.0,1.001796422663358,train
COHFACE,'Subj_1_0,Subj_1_0,Dataset/3_ROI/COHFACE_RAW/Subj_1_0.npz,1205,9,0.0,60.2,"forehead_strip,left_cheek_big,right_cheek_big",,20.0,1.0018038828903657,train
COHFACE,'Subj_1_0_x0.55,Subj_1_0,Dataset/3_ROI/MEGA_AUG/aug_npz/COHFACE_Subj_1_0_Subj_1_0_x0.55.npz,2191,9,0.0,109.500000,"forehead_strip,left_cheek_big,right_cheek_big",,20.0,1.0018038828903657,train
COHFACE,'Subj_1_0_x0.65,Subj_1_0,Dataset/3_ROI/MEGA_AUG/aug_npz/COHFACE_Subj_1_0_Subj_1_0_x0.65.npz,1854,9,0.0,92.650000,"forehead_strip,left_cheek_big,right_cheek_big",,20.0,1.0018038828903657,train
COHFACE,'Subj_1_0_x0.75,Subj_1_0,Dataset/3_ROI/MEGA_AUG/aug_npz/COHFACE_Subj_1_0_Subj_1_0_x0.75.npz,1607,9,0.0,80.300000,"forehead_strip,left_cheek_big,right_cheek_big",,20.0,1.0018038828903657,train
COHFACE,'Subj_1_0_x1.2,Subj_1_0,Dataset/3_ROI/MEGA_AUG/aug_npz/COHFACE_Subj_1_0_Subj_1_0_x1.2.npz,1004,9,0.0,50.150000,"forehead_strip,left_cheek_big,right_cheek_big",,20.0,1.0018038828903657,train
COHFACE,'Subj_1_0_x1.4,Subj_1_0,Dataset/3_ROI/MEGA_AUG/aug_npz/COHFACE_Subj_1_0_Subj_1_0_x1.4.npz,861,9,0.0,43.000000,"forehead_strip,left_cheek_big,right_cheek_big",,20.0,1.0018038828903657,train
COHFACE,'Subj_1_0_x1.6,Subj_1_0,Dataset/3_ROI/MEGA_AUG/aug_npz/COHFACE_Subj_1_0_Subj_1_0_x1.6.npz,753,9,0.0,37.600000,"forehead_strip,left_cheek_big,right_cheek_big",,20.0,1.0018038828903657,train
COHFACE,'Subj_1_0_x1.8,Subj_1_0,Dataset/3_ROI/MEGA_AUG/aug_npz/COHFACE_Subj_1_0_Subj_1_0_x1.8.npz,669,9,0.0,33.400000,"forehead_strip,left_cheek_big,right_cheek_big",,20.0,1.0018038828903657,train
COHFACE,'Subj_1_1,Subj_1_1,Dataset/3_ROI/COHFACE_RAW/Subj_1_1.npz,1207,9,0.0,60.3,"forehead_strip,left_cheek_big,right_cheek_big",,20.0,1.0011790008291874,train
COHFACE,'Subj_1_1_x0.55,Subj_1_1,Dataset/3_ROI/MEGA_AUG/aug_npz/COHFACE_Subj_1_1_Subj_1_1_x0.55.npz,2195,9,0.0,109.700000,"forehead_strip,left_cheek_big,right_cheek_big",,20.0,1.0011790008291874,train
COHFACE,'Subj_1_1_x0.65,Subj_1_1,Dataset/3_ROI/MEGA_AUG/aug_npz/COHFACE_Subj_1_1_Subj_1_1_x0.65.npz,1857,9,0.0,92.800000,"forehead_strip,left_cheek_big,right_cheek_big",,20.0,1.0011790008291874,train
COHFACE,'Subj_1_1_x0.75,Subj_1_1,Dataset/3_ROI/MEGA_AUG/aug_npz/COHFACE_Subj_1_1_Subj_1_1_x0.75.npz,1609,9,0.0,80.400000,"forehead_strip,left_cheek_big,right_cheek_big",,20.0,1.0011790008291874,train
COHFACE,'Subj_1_1_x1.2,Subj_1_1,Dataset/3_ROI/MEGA_AUG/aug_npz/COHFACE_Subj_1_1_Subj_1_1_x1.2.npz,1006,9,0.0,50.250000,"forehead_strip,left_cheek_big,right_cheek_big",,20.0,1.0011790008291874,train
COHFACE,'Subj_1_1_x1.4,Subj_1_1,Dataset/3_ROI/MEGA_AUG/aug_npz/COHFACE_Subj_1_1_Subj_1_1_x1.4.npz,862,9,0.0,43.050000,"forehead_strip,left_cheek_big,right_cheek_big",,20.0,1.0011790008291874,train
COHFACE,'Subj_1_1_x1.6,Subj_1_1,Dataset/3_ROI/MEGA_AUG/aug_npz/COHFACE_Subj_1_1_Subj_1_1_x1.6.npz,754,9,0.0,37.650000,"forehead_strip,left_cheek_big,right_cheek_big",,20.0,1.0011790008291874,train
COHFACE,'Subj_1_1_x1.8,Subj_1_1,Dataset/3_ROI/MEGA_AUG/aug_npz/COHFACE_Subj_1_1_Subj_1_1_x1.8.npz,671,9,0.0,33.500000,"forehead_strip,left_cheek_big,right_cheek_big",,20.0,1.0011790008291874,train
COHFACE,'Subj_1_2,Subj_1_2,Dataset/3_ROI/COHFACE_RAW/Subj_1_2.npz,1208,9,0.0,60.35,"forehead_strip,left_cheek_big,right_cheek_big",,20.0,1.0003495236122617,train
COHFACE,'Subj_1_2_x0.55,Subj_1_2,Dataset/3_ROI/MEGA_AUG/aug_npz/COHFACE_Subj_1_2_Subj_1_2_x0.55.npz,2196,9,0.0,109.750000,"forehead_strip,left_cheek_big,right_cheek_big",,20.0,1.0003495236122617,train
COHFACE,'Subj_1_2_x0.65,Subj_1_2,Dataset/3_ROI/MEGA_AUG/aug_npz/COHFACE_Subj_1_2_Subj_1_2_x0.65.npz,1858,9,0.0,92.850000,"forehead_strip,left_cheek_big,right_cheek_big",,20.0,1.0003495236122617,train
COHFACE,'Subj_1_2_x0.75,Subj_1_2,Dataset/3_ROI/MEGA_AUG/aug_npz/COHFACE_Subj_1_2_Subj_1_2_x0.75.npz,1611,9,0.0,80.500000,"forehead_strip,left_cheek_big,right_cheek_big",,20.0,1.0003495236122617,train
COHFACE,'Subj_1_2_x1.2,Subj_1_2,Dataset/3_ROI/MEGA_AUG/aug_npz/COHFACE_Subj_1_2_Subj_1_2_x1.2.npz,1007,9,0.0,50.300000,"forehead_strip,left_cheek_big,right_cheek_big",,20.0,1.0003495236122617,train
COHFACE,'Subj_1_2_x1.4,Subj_1_2,Dataset/3_ROI/MEGA_AUG/aug_npz/COHFACE_Subj_1_2_Subj_1_2_x1.4.npz,863,9,0.0,43.100000,"forehead_strip,left_cheek_big,right_cheek_big",,20.0,1.0003495236122617,train
COHFACE,'Subj_1_2_x1.6,Subj_1_2,Dataset/3_ROI/MEGA_AUG/aug_npz/COHFACE_Subj_1_2_Subj_1_2_x1.6.npz,755,9,0.0,37.700000,"forehead_strip,left_cheek_big,right_cheek_big",,20.0,1.0003495236122617,train
COHFACE,'Subj_1_2_x1.8,Subj_1_2,Dataset/3_ROI/MEGA_AUG/aug_npz/COHFACE_Subj_1_2_Subj_1_2_x1.8.npz,671,9,0.0,33.500000,"forehead_strip,left_cheek_big,right_cheek_big",,20.0,1.0003495236122617,train
COHFACE,'Subj_1_3,Subj_1_3,Dataset/3_ROI/COHFACE_RAW/Subj_1_3.npz,1207,9,0.0,60.3,"forehead_strip,left_cheek_big,right_cheek_big",,20.0,1.0011790008291874,train
COHFACE,'Subj_1_3_x0.55,Subj_1_3,Dataset/3_ROI/MEGA_AUG/aug_npz/COHFACE_Subj_1_3_Subj_1_3_x0.55.npz,2195,9,0.0,109.700000,"forehead_strip,left_cheek_big,right_cheek_big",,20.0,1.0011790008291874,train
COHFACE,'Subj_1_3_x0.65,Subj_1_3,Dataset/3_ROI/MEGA_AUG/aug_npz/COHFACE_Subj_1_3_Subj_1_3_x0.65.npz,1857,9,0.0,92.800000,"forehead_strip,left_cheek_big,right_cheek_big",,20.0,1.0011790008291874,train
COHFACE,'Subj_1_3_x0.75,Subj_1_3,Dataset/3_ROI/MEGA_AUG/aug_npz/COHFACE_Subj_1_3_Subj_1_3_x0.75.npz,1609,9,0.0,80.400000,"forehead_strip,left_cheek_big,right_cheek_big",,20.0,1.0011790008291874,train
COHFACE,'Subj_1_3_x1.2,Subj_1_3,Dataset/3_ROI/MEGA_AUG/aug_npz/COHFACE_Subj_1_3_Subj_1_3_x1.2.npz,1006,9,0.0,50.250000,"forehead_strip,left_cheek_big,right_cheek_big",,20.0,1.0011790008291874,train
COHFACE,'Subj_1_3_x1.4,Subj_1_3,Dataset/3_ROI/MEGA_AUG/aug_npz/COHFACE_Subj_1_3_Subj_1_3_x1.4.npz,862,9,0.0,43.050000,"forehead_strip,left_cheek_big,right_cheek_big",,20.0,1.0011790008291874,train
COHFACE,'Subj_1_3_x1.6,Subj_1_3,Dataset/3_ROI/MEGA_AUG/aug_npz/COHFACE_Subj_1_3_Subj_1_3_x1.6.npz,754,9,0.0,37.650000,"forehead_strip,left_cheek_big,right_cheek_big",,20.0,1.0011790008291874,train
COHFACE,'Subj_1_3_x1.8,Subj_1_3,Dataset/3_ROI/MEGA_AUG/aug_npz/COHFACE_Subj_1_3_Subj_1_3_x1.8.npz,671,9,0.0,33.500000,"forehead_strip,left_cheek_big,right_cheek_big",,20.0,1.0011790008291874,train
COHFACE,'Subj_20_0,Subj_20_0,Dataset/3_ROI/COHFACE_RAW/Subj_20_0.npz,1209,9,0.0,60.4,"forehead_strip,left_cheek_big,right_cheek_big",,20.0,1.0015909561258278,train
COHFACE,'Subj_20_0_x0.55,Subj_20_0,Dataset/3_ROI/MEGA_AUG/aug_npz/COHFACE_Subj_20_0_Subj_20_0_x0.55.npz,2198,9,0.0,109.850000,"forehead_strip,left_cheek_big,right_cheek_big",,20.0,1.0015909561258278,train
COHFACE,'Subj_20_0_x0.65,Subj_20_0,Dataset/3_ROI/MEGA_AUG/aug_npz/COHFACE_Subj_20_0_Subj_20_0_x0.65.npz,1860,9,0.0,92.950000,"forehead_strip,left_cheek_big,right_cheek_big",,20.0,1.0015909561258278,train
COHFACE,'Subj_20_0_x0.75,Subj_20_0,Dataset/3_ROI/MEGA_AUG/aug_npz/COHFACE_Subj_20_0_Subj_20_0_x0.75.npz,1612,9,0.0,80.550000,"forehead_strip,left_cheek_big,right_cheek_big",,20.0,1.0015909561258278,train
COHFACE,'Subj_20_0_x1.2,Subj_20_0,Dataset/3_ROI/MEGA_AUG/aug_npz/COHFACE_Subj_20_0_Subj_20_0_x1.2.npz,1008,9,0.0,50.350000,"forehead_strip,left_cheek_big,right_cheek_big",,20.0,1.0015909561258278,train
COHFACE,'Subj_20_0_x1.4,Subj_20_0,Dataset/3_ROI/MEGA_AUG/aug_npz/COHFACE_Subj_20_0_Subj_20_0_x1.4.npz,864,9,0.0,43.150000,"forehead_strip,left_cheek_big,right_cheek_big",,20.0,1.0015909561258278,train
COHFACE,'Subj_20_0_x1.6,Subj_20_0,Dataset/3_ROI/MEGA_AUG/aug_npz/COHFACE_Subj_20_0_Subj_20_0_x1.6.npz,756,9,0.0,37.750000,"forehead_strip,left_cheek_big,right_cheek_big",,20.0,1.0015909561258278,train
COHFACE,'Subj_20_0_x1.8,Subj_20_0,Dataset/3_ROI/MEGA_AUG/aug_npz/COHFACE_Subj_20_0_Subj_20_0_x1.8.npz,672,9,0.0,33.550000,"forehead_strip,left_cheek_big,right_cheek_big",,20.0,1.0015909561258278,train
COHFACE,'Subj_20_1,Subj_20_1,Dataset/3_ROI/COHFACE_RAW/Subj_20_1.npz,1209,9,0.0,60.4,"forehead_strip,left_cheek_big,right_cheek_big",,20.0,1.0015909561258278,train
COHFACE,'Subj_20_1_x0.55,Subj_20_1,Dataset/3_ROI/MEGA_AUG/aug_npz/COHFACE_Subj_20_1_Subj_20_1_x0.55.npz,2198,9,0.0,109.850000,"forehead_strip,left_cheek_big,right_cheek_big",,20.0,1.0015909561258278,train
COHFACE,'Subj_20_1_x0.65,Subj_20_1,Dataset/3_ROI/MEGA_AUG/aug_npz/COHFACE_Subj_20_1_Subj_20_1_x0.65.npz,1860,9,0.0,92.950000,"forehead_strip,left_cheek_big,right_cheek_big",,20.0,1.0015909561258278,train
COHFACE,'Subj_20_1_x0.75,Subj_20_1,Dataset/3_ROI/MEGA_AUG/aug_npz/COHFACE_Subj_20_1_Subj_20_1_x0.75.npz,1612,9,0.0,80.550000,"forehead_strip,left_cheek_big,right_cheek_big",,20.0,1.0015909561258278,train
COHFACE,'Subj_20_1_x1.2,Subj_20_1,Dataset/3_ROI/MEGA_AUG/aug_npz/COHFACE_Subj_20_1_Subj_20_1_x1.2.npz,1008,9,0.0,50.350000,"forehead_strip,left_cheek_big,right_cheek_big",,20.0,1.0015909561258278,train
COHFACE,'Subj_20_1_x1.4,Subj_20_1,Dataset/3_ROI/MEGA_AUG/aug_npz/COHFACE_Subj_20_1_Subj_20_1_x1.4.npz,864,9,0.0,43.150000,"forehead_strip,left_cheek_big,right_cheek_big",,20.0,1.0015909561258278,train
COHFACE,'Subj_20_1_x1.6,Subj_20_1,Dataset/3_ROI/MEGA_AUG/aug_npz/COHFACE_Subj_20_1_Subj_20_1_x1.6.npz,756,9,0.0,37.750000,"forehead_strip,left_cheek_big,right_cheek_big",,20.0,1.0015909561258278,train
COHFACE,'Subj_20_1_x1.8,Subj_20_1,Dataset/3_ROI/MEGA_AUG/aug_npz/COHFACE_Subj_20_1_Subj_20_1_x1.8.npz,672,9,0.0,33.550000,"forehead_strip,left_cheek_big,right_cheek_big",,20.0,1.0015909561258278,train
COHFACE,'Subj_20_2,Subj_20_2,Dataset/3_ROI/COHFACE_RAW/Subj_20_2.npz,1210,9,0.0,60.45,"forehead_strip,left_cheek_big,right_cheek_big",,20.0,1.001796422663358,train
COHFACE,'Subj_20_2_x0.55,Subj_20_2,Dataset/3_ROI/MEGA_AUG/aug_npz/COHFACE_Subj_20_2_Subj_20_2_x0.55.npz,2200,9,0.0,109.950000,"forehead_strip,left_cheek_big,right_cheek_big",,20.0,1.001796422663358,train
COHFACE,'Subj_20_2_x0.65,Subj_20_2,Dataset/3_ROI/MEGA_AUG/aug_npz/COHFACE_Subj_20_2_Subj_20_2_x0.65.npz,1862,9,0.0,93.050000,"forehead_strip,left_cheek_big,right_cheek_big",,20.0,1.001796422663358,train
COHFACE,'Subj_20_2_x0.75,Subj_20_2,Dataset/3_ROI/MEGA_AUG/aug_npz/COHFACE_Subj_20_2_Subj_20_2_x0.75.npz,1613,9,0.0,80.600000,"forehead_strip,left_cheek_big,right_cheek_big",,20.0,1.001796422663358,train
COHFACE,'Subj_20_2_x1.2,Subj_20_2,Dataset/3_ROI/MEGA_AUG/aug_npz/COHFACE_Subj_20_2_Subj_20_2_x1.2.npz,1008,9,0.0,50.350000,"forehead_strip,left_cheek_big,right_cheek_big",,20.0,1.001796422663358,train
COHFACE,'Subj_20_2_x1.4,Subj_20_2,Dataset/3_ROI/MEGA_AUG/aug_npz/COHFACE_Subj_20_2_Subj_20_2_x1.4.npz,864,9,0.0,43.150000,"forehead_strip,left_cheek_big,right_cheek_big",,20.0,1.001796422663358,train
COHFACE,'Subj_20_2_x1.6,Subj_20_2,Dataset/3_ROI/MEGA_AUG/aug_npz/COHFACE_Subj_20_2_Subj_20_2_x1.6.npz,756,9,0.0,37.750000,"forehead_strip,left_cheek_big,right_cheek_big",,20.0,1.001796422663358,train
COHFACE,'Subj_20_2_x1.8,Subj_20_2,Dataset/3_ROI/MEGA_AUG/aug_npz/COHFACE_Subj_20_2_Subj_20_2_x1.8.npz,672,9,0.0,33.550000,"forehead_strip,left_cheek_big,right_cheek_big",,20.0,1.001796422663358,train
COHFACE,'Subj_20_3,Subj_20_3,Dataset/3_ROI/COHFACE_RAW/Subj_20_3.npz,1209,9,0.0,60.4,"forehead_strip,left_cheek_big,right_cheek_big",,20.0,1.0015909561258278,train
COHFACE,'Subj_20_3_x0.55,Subj_20_3,Dataset/3_ROI/MEGA_AUG/aug_npz/COHFACE_Subj_20_3_Subj_20_3_x0.55.npz,2198,9,0.0,109.850000,"forehead_strip,left_cheek_big,right_cheek_big",,20.0,1.0015909561258278,train
COHFACE,'Subj_20_3_x0.65,Subj_20_3,Dataset/3_ROI/MEGA_AUG/aug_npz/COHFACE_Subj_20_3_Subj_20_3_x0.65.npz,1860,9,0.0,92.950000,"forehead_strip,left_cheek_big,right_cheek_big",,20.0,1.0015909561258278,train
COHFACE,'Subj_20_3_x0.75,Subj_20_3,Dataset/3_ROI/MEGA_AUG/aug_npz/COHFACE_Subj_20_3_Subj_20_3_x0.75.npz,1612,9,0.0,80.550000,"forehead_strip,left_cheek_big,right_cheek_big",,20.0,1.0015909561258278,train
COHFACE,'Subj_20_3_x1.2,Subj_20_3,Dataset/3_ROI/MEGA_AUG/aug_npz/COHFACE_Subj_20_3_Subj_20_3_x1.2.npz,1008,9,0.0,50.350000,"forehead_strip,left_cheek_big,right_cheek_big",,20.0,1.0015909561258278,train
COHFACE,'Subj_20_3_x1.4,Subj_20_3,Dataset/3_ROI/MEGA_AUG/aug_npz/COHFACE_Subj_20_3_Subj_20_3_x1.4.npz,864,9,0.0,43.150000,"forehead_strip,left_cheek_big,right_cheek_big",,20.0,1.0015909561258278,train
COHFACE,'Subj_20_3_x1.6,Subj_20_3,Dataset/3_ROI/MEGA_AUG/aug_npz/COHFACE_Subj_20_3_Subj_20_3_x1.6.npz,756,9,0.0,37.750000,"forehead_strip,left_cheek_big,right_cheek_big",,20.0,1.0015909561258278,train
COHFACE,'Subj_20_3_x1.8,Subj_20_3,Dataset/3_ROI/MEGA_AUG/aug_npz/COHFACE_Subj_20_3_Subj_20_3_x1.8.npz,672,9,0.0,33.550000,"forehead_strip,left_cheek_big,right_cheek_big",,20.0,1.0015909561258278,train
COHFACE,'Subj_21_0,Subj_21_0,Dataset/3_ROI/COHFACE_RAW/Subj_21_0.npz,1208,9,0.0,60.35,"forehead_strip,left_cheek_big,right_cheek_big",,20.0,1.0024207746478873,train
COHFACE,'Subj_21_0_x0.55,Subj_21_0,Dataset/3_ROI/MEGA_AUG/aug_npz/COHFACE_Subj_21_0_Subj_21_0_x0.55.npz,2196,9,0.0,109.750000,"forehead_strip,left_cheek_big,right_cheek_big",,20.0,1.0024207746478873,train
COHFACE,'Subj_21_0_x0.65,Subj_21_0,Dataset/3_ROI/MEGA_AUG/aug_npz/COHFACE_Subj_21_0_Subj_21_0_x0.65.npz,1858,9,0.0,92.850000,"forehead_strip,left_cheek_big,right_cheek_big",,20.0,1.0024207746478873,train
COHFACE,'Subj_21_0_x0.75,Subj_21_0,Dataset/3_ROI/MEGA_AUG/aug_npz/COHFACE_Subj_21_0_Subj_21_0_x0.75.npz,1611,9,0.0,80.500000,"forehead_strip,left_cheek_big,right_cheek_big",,20.0,1.0024207746478873,train
COHFACE,'Subj_21_0_x1.2,Subj_21_0,Dataset/3_ROI/MEGA_AUG/aug_npz/COHFACE_Subj_21_0_Subj_21_0_x1.2.npz,1007,9,0.0,50.300000,"forehead_strip,left_cheek_big,right_cheek_big",,20.0,1.0024207746478873,train
COHFACE,'Subj_21_0_x1.4,Subj_21_0,Dataset/3_ROI/MEGA_AUG/aug_npz/COHFACE_Subj_21_0_Subj_21_0_x1.4.npz,863,9,0.0,43.100000,"forehead_strip,left_cheek_big,right_cheek_big",,20.0,1.0024207746478873,train
COHFACE,'Subj_21_0_x1.6,Subj_21_0,Dataset/3_ROI/MEGA_AUG/aug_npz/COHFACE_Subj_21_0_Subj_21_0_x1.6.npz,755,9,0.0,37.700000,"forehead_strip,left_cheek_big,right_cheek_big",,20.0,1.0024207746478873,train
COHFACE,'Subj_21_0_x1.8,Subj_21_0,Dataset/3_ROI/MEGA_AUG/aug_npz/COHFACE_Subj_21_0_Subj_21_0_x1.8.npz,671,9,0.0,33.500000,"forehead_strip,left_cheek_big,right_cheek_big",,20.0,1.0024207746478873,train
COHFACE,'Subj_21_1,Subj_21_1,Dataset/3_ROI/COHFACE_RAW/Subj_21_1.npz,1208,9,0.0,60.35,"forehead_strip,left_cheek_big,right_cheek_big",,20.0,1.0024207746478873,train
COHFACE,'Subj_21_1_x0.55,Subj_21_1,Dataset/3_ROI/MEGA_AUG/aug_npz/COHFACE_Subj_21_1_Subj_21_1_x0.55.npz,2196,9,0.0,109.750000,"forehead_strip,left_cheek_big,right_cheek_big",,20.0,1.0024207746478873,train
COHFACE,'Subj_21_1_x0.65,Subj_21_1,Dataset/3_ROI/MEGA_AUG/aug_npz/COHFACE_Subj_21_1_Subj_21_1_x0.65.npz,1858,9,0.0,92.850000,"forehead_strip,left_cheek_big,right_cheek_big",,20.0,1.0024207746478873,train
COHFACE,'Subj_21_1_x0.75,Subj_21_1,Dataset/3_ROI/MEGA_AUG/aug_npz/COHFACE_Subj_21_1_Subj_21_1_x0.75.npz,1611,9,0.0,80.500000,"forehead_strip,left_cheek_big,right_cheek_big",,20.0,1.0024207746478873,train
COHFACE,'Subj_21_1_x1.2,Subj_21_1,Dataset/3_ROI/MEGA_AUG/aug_npz/COHFACE_Subj_21_1_Subj_21_1_x1.2.npz,1007,9,0.0,50.300000,"forehead_strip,left_cheek_big,right_cheek_big",,20.0,1.0024207746478873,train
COHFACE,'Subj_21_1_x1.4,Subj_21_1,Dataset/3_ROI/MEGA_AUG/aug_npz/COHFACE_Subj_21_1_Subj_21_1_x1.4.npz,863,9,0.0,43.100000,"forehead_strip,left_cheek_big,right_cheek_big",,20.0,1.0024207746478873,train
COHFACE,'Subj_21_1_x1.6,Subj_21_1,Dataset/3_ROI/MEGA_AUG/aug_npz/COHFACE_Subj_21_1_Subj_21_1_x1.6.npz,755,9,0.0,37.700000,"forehead_strip,left_cheek_big,right_cheek_big",,20.0,1.0024207746478873,train
COHFACE,'Subj_21_1_x1.8,Subj_21_1,Dataset/3_ROI/MEGA_AUG/aug_npz/COHFACE_Subj_21_1_Subj_21_1_x1.8.npz,671,9,0.0,33.500000,"forehead_strip,left_cheek_big,right_cheek_big",,20.0,1.0024207746478873,train
COHFACE,'Subj_21_2,Subj_21_2,Dataset/3_ROI/COHFACE_RAW/Subj_21_2.npz,1207,9,0.0,60.3,"forehead_strip,left_cheek_big,right_cheek_big",,20.0,1.002215485074627,train
COHFACE,'Subj_21_2_x0.55,Subj_21_2,Dataset/3_ROI/MEGA_AUG/aug_npz/COHFACE_Subj_21_2_Subj_21_2_x0.55.npz,2195,9,0.0,109.700000,"forehead_strip,left_cheek_big,right_cheek_big",,20.0,1.002215485074627,train
COHFACE,'Subj_21_2_x0.65,Subj_21_2,Dataset/3_ROI/MEGA_AUG/aug_npz/COHFACE_Subj_21_2_Subj_21_2_x0.65.npz,1857,9,0.0,92.800000,"forehead_strip,left_cheek_big,right_cheek_big",,20.0,1.002215485074627,train
COHFACE,'Subj_21_2_x0.75,Subj_21_2,Dataset/3_ROI/MEGA_AUG/aug_npz/COHFACE_Subj_21_2_Subj_21_2_x0.75.npz,1609,9,0.0,80.400000,"forehead_strip,left_cheek_big,right_cheek_big",,20.0,1.002215485074627,train
COHFACE,'Subj_21_2_x1.2,Subj_21_2,Dataset/3_ROI/MEGA_AUG/aug_npz/COHFACE_Subj_21_2_Subj_21_2_x1.2.npz,1006,9,0.0,50.250000,"forehead_strip,left_cheek_big,right_cheek_big",,20.0,1.002215485074627,train
COHFACE,'Subj_21_2_x1.4,Subj_21_2,Dataset/3_ROI/MEGA_AUG/aug_npz/COHFACE_Subj_21_2_Subj_21_2_x1.4.npz,862,9,0.0,43.050000,"forehead_strip,left_cheek_big,right_cheek_big",,20.0,1.002215485074627,train
COHFACE,'Subj_21_2_x1.6,Subj_21_2,Dataset/3_ROI/MEGA_AUG/aug_npz/COHFACE_Subj_21_2_Subj_21_2_x1.6.npz,754,9,0.0,37.650000,"forehead_strip,left_cheek_big,right_cheek_big",,20.0,1.002215485074627,train
COHFACE,'Subj_21_2_x1.8,Subj_21_2,Dataset/3_ROI/MEGA_AUG/aug_npz/COHFACE_Subj_21_2_Subj_21_2_x1.8.npz,671,9,0.0,33.500000,"forehead_strip,left_cheek_big,right_cheek_big",,20.0,1.002215485074627,train
COHFACE,'Subj_21_3,Subj_21_3,Dataset/3_ROI/COHFACE_RAW/Subj_21_3.npz,1213,9,0.0,60.6,"forehead_strip,left_cheek_big,right_cheek_big",,20.0,1.001379434818482,train
COHFACE,'Subj_21_3_x0.55,Subj_21_3,Dataset/3_ROI/MEGA_AUG/aug_npz/COHFACE_Subj_21_3_Subj_21_3_x0.55.npz,2205,9,0.0,110.200000,"forehead_strip,left_cheek_big,right_cheek_big",,20.0,1.001379434818482,train
COHFACE,'Subj_21_3_x0.65,Subj_21_3,Dataset/3_ROI/MEGA_AUG/aug_npz/COHFACE_Subj_21_3_Subj_21_3_x0.65.npz,1866,9,0.0,93.250000,"forehead_strip,left_cheek_big,right_cheek_big",,20.0,1.001379434818482,train
COHFACE,'Subj_21_3_x0.75,Subj_21_3,Dataset/3_ROI/MEGA_AUG/aug_npz/COHFACE_Subj_21_3_Subj_21_3_x0.75.npz,1617,9,0.0,80.800000,"forehead_strip,left_cheek_big,right_cheek_big",,20.0,1.001379434818482,train
COHFACE,'Subj_21_3_x1.2,Subj_21_3,Dataset/3_ROI/MEGA_AUG/aug_npz/COHFACE_Subj_21_3_Subj_21_3_x1.2.npz,1011,9,0.0,50.500000,"forehead_strip,left_cheek_big,right_cheek_big",,20.0,1.001379434818482,train
COHFACE,'Subj_21_3_x1.4,Subj_21_3,Dataset/3_ROI/MEGA_AUG/aug_npz/COHFACE_Subj_21_3_Subj_21_3_x1.4.npz,866,9,0.0,43.250000,"forehead_strip,left_cheek_big,right_cheek_big",,20.0,1.001379434818482,train
COHFACE,'Subj_21_3_x1.6,Subj_21_3,Dataset/3_ROI/MEGA_AUG/aug_npz/COHFACE_Subj_21_3_Subj_21_3_x1.6.npz,758,9,0.0,37.850000,"forehead_strip,left_cheek_big,right_cheek_big",,20.0,1.001379434818482,train
COHFACE,'Subj_21_3_x1.8,Subj_21_3,Dataset/3_ROI/MEGA_AUG/aug_npz/COHFACE_Subj_21_3_Subj_21_3_x1.8.npz,674,9,0.0,33.650000,"forehead_strip,left_cheek_big,right_cheek_big",,20.0,1.001379434818482,train
COHFACE,'Subj_22_0,Subj_22_0,Dataset/3_ROI/COHFACE_RAW/Subj_22_0.npz,1209,9,0.0,60.4,"forehead_strip,left_cheek_big,right_cheek_big",,20.0,1.0015909561258278,train
COHFACE,'Subj_22_0_x0.75,Subj_22_0,Dataset/3_ROI/MEGA_AUG/aug_npz/COHFACE_Subj_22_0_Subj_22_0_x0.75.npz,1612,9,0.0,80.550000,"forehead_strip,left_cheek_big,right_cheek_big",,20.0,1.0015909561258278,train
COHFACE,'Subj_22_0_x1.2,Subj_22_0,Dataset/3_ROI/MEGA_AUG/aug_npz/COHFACE_Subj_22_0_Subj_22_0_x1.2.npz,1008,9,0.0,50.350000,"forehead_strip,left_cheek_big,right_cheek_big",,20.0,1.0015909561258278,train
COHFACE,'Subj_22_0_x1.4,Subj_22_0,Dataset/3_ROI/MEGA_AUG/aug_npz/COHFACE_Subj_22_0_Subj_22_0_x1.4.npz,864,9,0.0,43.150000,"forehead_strip,left_cheek_big,right_cheek_big",,20.0,1.0015909561258278,train
COHFACE,'Subj_22_0_x1.6,Subj_22_0,Dataset/3_ROI/MEGA_AUG/aug_npz/COHFACE_Subj_22_0_Subj_22_0_x1.6.npz,756,9,0.0,37.750000,"forehead_strip,left_cheek_big,right_cheek_big",,20.0,1.0015909561258278,train
COHFACE,'Subj_22_0_x1.8,Subj_22_0,Dataset/3_ROI/MEGA_AUG/aug_npz/COHFACE_Subj_22_0_Subj_22_0_x1.8.npz,672,9,0.0,33.550000,"forehead_strip,left_cheek_big,right_cheek_big",,20.0,1.0015909561258278,train
COHFACE,'Subj_22_1,Subj_22_1,Dataset/3_ROI/COHFACE_RAW/Subj_22_1.npz,1210,9,0.0,60.45,"forehead_strip,left_cheek_big,right_cheek_big",,20.0,1.001796422663358,train
COHFACE,'Subj_22_1_x0.75,Subj_22_1,Dataset/3_ROI/MEGA_AUG/aug_npz/COHFACE_Subj_22_1_Subj_22_1_x0.75.npz,1613,9,0.0,80.600000,"forehead_strip,left_cheek_big,right_cheek_big",,20.0,1.001796422663358,train
COHFACE,'Subj_22_1_x1.2,Subj_22_1,Dataset/3_ROI/MEGA_AUG/aug_npz/COHFACE_Subj_22_1_Subj_22_1_x1.2.npz,1008,9,0.0,50.350000,"forehead_strip,left_cheek_big,right_cheek_big",,20.0,1.001796422663358,train
COHFACE,'Subj_22_1_x1.4,Subj_22_1,Dataset/3_ROI/MEGA_AUG/aug_npz/COHFACE_Subj_22_1_Subj_22_1_x1.4.npz,864,9,0.0,43.150000,"forehead_strip,left_cheek_big,right_cheek_big",,20.0,1.001796422663358,train
COHFACE,'Subj_22_1_x1.6,Subj_22_1,Dataset/3_ROI/MEGA_AUG/aug_npz/COHFACE_Subj_22_1_Subj_22_1_x1.6.npz,756,9,0.0,37.750000,"forehead_strip,left_cheek_big,right_cheek_big",,20.0,1.001796422663358,train
COHFACE,'Subj_22_1_x1.8,Subj_22_1,Dataset/3_ROI/MEGA_AUG/aug_npz/COHFACE_Subj_22_1_Subj_22_1_x1.8.npz,672,9,0.0,33.550000,"forehead_strip,left_cheek_big,right_cheek_big",,20.0,1.001796422663358,train
COHFACE,'Subj_22_2,Subj_22_2,Dataset/3_ROI/COHFACE_RAW/Subj_22_2.npz,1210,9,0.0,60.45,"forehead_strip,left_cheek_big,right_cheek_big",,20.0,1.001796422663358,train
COHFACE,'Subj_22_2_x0.75,Subj_22_2,Dataset/3_ROI/MEGA_AUG/aug_npz/COHFACE_Subj_22_2_Subj_22_2_x0.75.npz,1613,9,0.0,80.600000,"forehead_strip,left_cheek_big,right_cheek_big",,20.0,1.001796422663358,train
COHFACE,'Subj_22_2_x1.2,Subj_22_2,Dataset/3_ROI/MEGA_AUG/aug_npz/COHFACE_Subj_22_2_Subj_22_2_x1.2.npz,1008,9,0.0,50.350000,"forehead_strip,left_cheek_big,right_cheek_big",,20.0,1.001796422663358,train
COHFACE,'Subj_22_2_x1.4,Subj_22_2,Dataset/3_ROI/MEGA_AUG/aug_npz/COHFACE_Subj_22_2_Subj_22_2_x1.4.npz,864,9,0.0,43.150000,"forehead_strip,left_cheek_big,right_cheek_big",,20.0,1.001796422663358,train
COHFACE,'Subj_22_2_x1.6,Subj_22_2,Dataset/3_ROI/MEGA_AUG/aug_npz/COHFACE_Subj_22_2_Subj_22_2_x1.6.npz,756,9,0.0,37.750000,"forehead_strip,left_cheek_big,right_cheek_big",,20.0,1.001796422663358,train
COHFACE,'Subj_22_2_x1.8,Subj_22_2,Dataset/3_ROI/MEGA_AUG/aug_npz/COHFACE_Subj_22_2_Subj_22_2_x1.8.npz,672,9,0.0,33.550000,"forehead_strip,left_cheek_big,right_cheek_big",,20.0,1.001796422663358,train
COHFACE,'Subj_22_3,Subj_22_3,Dataset/3_ROI/COHFACE_RAW/Subj_22_3.npz,1211,9,0.0,60.5,"forehead_strip,left_cheek_big,right_cheek_big",,20.0,1.002001549586777,train
COHFACE,'Subj_22_3_x0.75,Subj_22_3,Dataset/3_ROI/MEGA_AUG/aug_npz/COHFACE_Subj_22_3_Subj_22_3_x0.75.npz,1615,9,0.0,80.700000,"forehead_strip,left_cheek_big,right_cheek_big",,20.0,1.002001549586777,train
COHFACE,'Subj_22_3_x1.2,Subj_22_3,Dataset/3_ROI/MEGA_AUG/aug_npz/COHFACE_Subj_22_3_Subj_22_3_x1.2.npz,1009,9,0.0,50.400000,"forehead_strip,left_cheek_big,right_cheek_big",,20.0,1.002001549586777,train
COHFACE,'Subj_22_3_x1.4,Subj_22_3,Dataset/3_ROI/MEGA_AUG/aug_npz/COHFACE_Subj_22_3_Subj_22_3_x1.4.npz,865,9,0.0,43.200000,"forehead_strip,left_cheek_big,right_cheek_big",,20.0,1.002001549586777,train
COHFACE,'Subj_22_3_x1.6,Subj_22_3,Dataset/3_ROI/MEGA_AUG/aug_npz/COHFACE_Subj_22_3_Subj_22_3_x1.6.npz,757,9,0.0,37.800000,"forehead_strip,left_cheek_big,right_cheek_big",,20.0,1.002001549586777,train
COHFACE,'Subj_22_3_x1.8,Subj_22_3,Dataset/3_ROI/MEGA_AUG/aug_npz/COHFACE_Subj_22_3_Subj_22_3_x1.8.npz,673,9,0.0,33.600000,"forehead_strip,left_cheek_big,right_cheek_big",,20.0,1.002001549586777,train
COHFACE,'Subj_23_0,Subj_23_0,Dataset/3_ROI/COHFACE_RAW/Subj_23_0.npz,1208,9,0.0,60.35,"forehead_strip,left_cheek_big,right_cheek_big",,20.0,1.0013851491300745,train
COHFACE,'Subj_23_0_x0.55,Subj_23_0,Dataset/3_ROI/MEGA_AUG/aug_npz/COHFACE_Subj_23_0_Subj_23_0_x0.55.npz,2196,9,0.0,109.750000,"forehead_strip,left_cheek_big,right_cheek_big",,20.0,1.0013851491300745,train
COHFACE,'Subj_23_0_x0.65,Subj_23_0,Dataset/3_ROI/MEGA_AUG/aug_npz/COHFACE_Subj_23_0_Subj_23_0_x0.65.npz,1858,9,0.0,92.850000,"forehead_strip,left_cheek_big,right_cheek_big",,20.0,1.0013851491300745,train
COHFACE,'Subj_23_0_x0.75,Subj_23_0,Dataset/3_ROI/MEGA_AUG/aug_npz/COHFACE_Subj_23_0_Subj_23_0_x0.75.npz,1611,9,0.0,80.500000,"forehead_strip,left_cheek_big,right_cheek_big",,20.0,1.0013851491300745,train
COHFACE,'Subj_23_0_x1.2,Subj_23_0,Dataset/3_ROI/MEGA_AUG/aug_npz/COHFACE_Subj_23_0_Subj_23_0_x1.2.npz,1007,9,0.0,50.300000,"forehead_strip,left_cheek_big,right_cheek_big",,20.0,1.0013851491300745,train
COHFACE,'Subj_23_0_x1.4,Subj_23_0,Dataset/3_ROI/MEGA_AUG/aug_npz/COHFACE_Subj_23_0_Subj_23_0_x1.4.npz,863,9,0.0,43.100000,"forehead_strip,left_cheek_big,right_cheek_big",,20.0,1.0013851491300745,train
COHFACE,'Subj_23_0_x1.6,Subj_23_0,Dataset/3_ROI/MEGA_AUG/aug_npz/COHFACE_Subj_23_0_Subj_23_0_x1.6.npz,755,9,0.0,37.700000,"forehead_strip,left_cheek_big,right_cheek_big",,20.0,1.0013851491300745,train
COHFACE,'Subj_23_0_x1.8,Subj_23_0,Dataset/3_ROI/MEGA_AUG/aug_npz/COHFACE_Subj_23_0_Subj_23_0_x1.8.npz,671,9,0.0,33.500000,"forehead_strip,left_cheek_big,right_cheek_big",,20.0,1.0013851491300745,train
COHFACE,'Subj_23_1,Subj_23_1,Dataset/3_ROI/COHFACE_RAW/Subj_23_1.npz,1210,9,0.0,60.45,"forehead_strip,left_cheek_big,right_cheek_big",,20.0,1.001796422663358,train
COHFACE,'Subj_23_1_x0.55,Subj_23_1,Dataset/3_ROI/MEGA_AUG/aug_npz/COHFACE_Subj_23_1_Subj_23_1_x0.55.npz,2200,9,0.0,109.950000,"forehead_strip,left_cheek_big,right_cheek_big",,20.0,1.001796422663358,train
COHFACE,'Subj_23_1_x0.65,Subj_23_1,Dataset/3_ROI/MEGA_AUG/aug_npz/COHFACE_Subj_23_1_Subj_23_1_x0.65.npz,1862,9,0.0,93.050000,"forehead_strip,left_cheek_big,right_cheek_big",,20.0,1.001796422663358,train
COHFACE,'Subj_23_1_x0.75,Subj_23_1,Dataset/3_ROI/MEGA_AUG/aug_npz/COHFACE_Subj_23_1_Subj_23_1_x0.75.npz,1613,9,0.0,80.600000,"forehead_strip,left_cheek_big,right_cheek_big",,20.0,1.001796422663358,train
COHFACE,'Subj_23_1_x1.2,Subj_23_1,Dataset/3_ROI/MEGA_AUG/aug_npz/COHFACE_Subj_23_1_Subj_23_1_x1.2.npz,1008,9,0.0,50.350000,"forehead_strip,left_cheek_big,right_cheek_big",,20.0,1.001796422663358,train
COHFACE,'Subj_23_1_x1.4,Subj_23_1,Dataset/3_ROI/MEGA_AUG/aug_npz/COHFACE_Subj_23_1_Subj_23_1_x1.4.npz,864,9,0.0,43.150000,"forehead_strip,left_cheek_big,right_cheek_big",,20.0,1.001796422663358,train
COHFACE,'Subj_23_1_x1.6,Subj_23_1,Dataset/3_ROI/MEGA_AUG/aug_npz/COHFACE_Subj_23_1_Subj_23_1_x1.6.npz,756,9,0.0,37.750000,"forehead_strip,left_cheek_big,right_cheek_big",,20.0,1.001796422663358,train
COHFACE,'Subj_23_1_x1.8,Subj_23_1,Dataset/3_ROI/MEGA_AUG/aug_npz/COHFACE_Subj_23_1_Subj_23_1_x1.8.npz,672,9,0.0,33.550000,"forehead_strip,left_cheek_big,right_cheek_big",,20.0,1.001796422663358,train
COHFACE,'Subj_23_2,Subj_23_2,Dataset/3_ROI/COHFACE_RAW/Subj_23_2.npz,1208,9,0.0,60.35,"forehead_strip,left_cheek_big,right_cheek_big",,20.0,1.0013851491300745,train
COHFACE,'Subj_23_2_x0.55,Subj_23_2,Dataset/3_ROI/MEGA_AUG/aug_npz/COHFACE_Subj_23_2_Subj_23_2_x0.55.npz,2196,9,0.0,109.750000,"forehead_strip,left_cheek_big,right_cheek_big",,20.0,1.0013851491300745,train
COHFACE,'Subj_23_2_x0.65,Subj_23_2,Dataset/3_ROI/MEGA_AUG/aug_npz/COHFACE_Subj_23_2_Subj_23_2_x0.65.npz,1858,9,0.0,92.850000,"forehead_strip,left_cheek_big,right_cheek_big",,20.0,1.0013851491300745,train
COHFACE,'Subj_23_2_x0.75,Subj_23_2,Dataset/3_ROI/MEGA_AUG/aug_npz/COHFACE_Subj_23_2_Subj_23_2_x0.75.npz,1611,9,0.0,80.500000,"forehead_strip,left_cheek_big,right_cheek_big",,20.0,1.0013851491300745,train
COHFACE,'Subj_23_2_x1.2,Subj_23_2,Dataset/3_ROI/MEGA_AUG/aug_npz/COHFACE_Subj_23_2_Subj_23_2_x1.2.npz,1007,9,0.0,50.300000,"forehead_strip,left_cheek_big,right_cheek_big",,20.0,1.0013851491300745,train
COHFACE,'Subj_23_2_x1.4,Subj_23_2,Dataset/3_ROI/MEGA_AUG/aug_npz/COHFACE_Subj_23_2_Subj_23_2_x1.4.npz,863,9,0.0,43.100000,"forehead_strip,left_cheek_big,right_cheek_big",,20.0,1.0013851491300745,train
COHFACE,'Subj_23_2_x1.6,Subj_23_2,Dataset/3_ROI/MEGA_AUG/aug_npz/COHFACE_Subj_23_2_Subj_23_2_x1.6.npz,755,9,0.0,37.700000,"forehead_strip,left_cheek_big,right_cheek_big",,20.0,1.0013851491300745,train
COHFACE,'Subj_23_2_x1.8,Subj_23_2,Dataset/3_ROI/MEGA_AUG/aug_npz/COHFACE_Subj_23_2_Subj_23_2_x1.8.npz,671,9,0.0,33.500000,"forehead_strip,left_cheek_big,right_cheek_big",,20.0,1.0013851491300745,train
COHFACE,'Subj_23_3,Subj_23_3,Dataset/3_ROI/COHFACE_RAW/Subj_23_3.npz,1207,9,0.0,60.3,"forehead_strip,left_cheek_big,right_cheek_big",,20.0,1.002215485074627,train
COHFACE,'Subj_23_3_x0.55,Subj_23_3,Dataset/3_ROI/MEGA_AUG/aug_npz/COHFACE_Subj_23_3_Subj_23_3_x0.55.npz,2195,9,0.0,109.700000,"forehead_strip,left_cheek_big,right_cheek_big",,20.0,1.002215485074627,train
COHFACE,'Subj_23_3_x0.65,Subj_23_3,Dataset/3_ROI/MEGA_AUG/aug_npz/COHFACE_Subj_23_3_Subj_23_3_x0.65.npz,1857,9,0.0,92.800000,"forehead_strip,left_cheek_big,right_cheek_big",,20.0,1.002215485074627,train
COHFACE,'Subj_23_3_x0.75,Subj_23_3,Dataset/3_ROI/MEGA_AUG/aug_npz/COHFACE_Subj_23_3_Subj_23_3_x0.75.npz,1609,9,0.0,80.400000,"forehead_strip,left_cheek_big,right_cheek_big",,20.0,1.002215485074627,train
COHFACE,'Subj_23_3_x1.2,Subj_23_3,Dataset/3_ROI/MEGA_AUG/aug_npz/COHFACE_Subj_23_3_Subj_23_3_x1.2.npz,1006,9,0.0,50.250000,"forehead_strip,left_cheek_big,right_cheek_big",,20.0,1.002215485074627,train
COHFACE,'Subj_23_3_x1.4,Subj_23_3,Dataset/3_ROI/MEGA_AUG/aug_npz/COHFACE_Subj_23_3_Subj_23_3_x1.4.npz,862,9,0.0,43.050000,"forehead_strip,left_cheek_big,right_cheek_big",,20.0,1.002215485074627,train
COHFACE,'Subj_23_3_x1.6,Subj_23_3,Dataset/3_ROI/MEGA_AUG/aug_npz/COHFACE_Subj_23_3_Subj_23_3_x1.6.npz,754,9,0.0,37.650000,"forehead_strip,left_cheek_big,right_cheek_big",,20.0,1.002215485074627,train
COHFACE,'Subj_23_3_x1.8,Subj_23_3,Dataset/3_ROI/MEGA_AUG/aug_npz/COHFACE_Subj_23_3_Subj_23_3_x1.8.npz,671,9,0.0,33.500000,"forehead_strip,left_cheek_big,right_cheek_big",,20.0,1.002215485074627,train
COHFACE,'Subj_24_0,Subj_24_0,Dataset/3_ROI/COHFACE_RAW/Subj_24_0.npz,1209,9,0.0,60.4,"forehead_strip,left_cheek_big,right_cheek_big",,20.0,1.0015909561258278,train
COHFACE,'Subj_24_0_x0.55,Subj_24_0,Dataset/3_ROI/MEGA_AUG/aug_npz/COHFACE_Subj_24_0_Subj_24_0_x0.55.npz,2198,9,0.0,109.850000,"forehead_strip,left_cheek_big,right_cheek_big",,20.0,1.0015909561258278,train
COHFACE,'Subj_24_0_x0.65,Subj_24_0,Dataset/3_ROI/MEGA_AUG/aug_npz/COHFACE_Subj_24_0_Subj_24_0_x0.65.npz,1860,9,0.0,92.950000,"forehead_strip,left_cheek_big,right_cheek_big",,20.0,1.0015909561258278,train
COHFACE,'Subj_24_0_x0.75,Subj_24_0,Dataset/3_ROI/MEGA_AUG/aug_npz/COHFACE_Subj_24_0_Subj_24_0_x0.75.npz,1612,9,0.0,80.550000,"forehead_strip,left_cheek_big,right_cheek_big",,20.0,1.0015909561258278,train
COHFACE,'Subj_24_0_x1.2,Subj_24_0,Dataset/3_ROI/MEGA_AUG/aug_npz/COHFACE_Subj_24_0_Subj_24_0_x1.2.npz,1008,9,0.0,50.350000,"forehead_strip,left_cheek_big,right_cheek_big",,20.0,1.0015909561258278,train
COHFACE,'Subj_24_0_x1.4,Subj_24_0,Dataset/3_ROI/MEGA_AUG/aug_npz/COHFACE_Subj_24_0_Subj_24_0_x1.4.npz,864,9,0.0,43.150000,"forehead_strip,left_cheek_big,right_cheek_big",,20.0,1.0015909561258278,train
COHFACE,'Subj_24_0_x1.6,Subj_24_0,Dataset/3_ROI/MEGA_AUG/aug_npz/COHFACE_Subj_24_0_Subj_24_0_x1.6.npz,756,9,0.0,37.750000,"forehead_strip,left_cheek_big,right_cheek_big",,20.0,1.0015909561258278,train
COHFACE,'Subj_24_0_x1.8,Subj_24_0,Dataset/3_ROI/MEGA_AUG/aug_npz/COHFACE_Subj_24_0_Subj_24_0_x1.8.npz,672,9,0.0,33.550000,"forehead_strip,left_cheek_big,right_cheek_big",,20.0,1.0015909561258278,train
COHFACE,'Subj_24_1,Subj_24_1,Dataset/3_ROI/COHFACE_RAW/Subj_24_1.npz,1207,9,0.0,60.3,"forehead_strip,left_cheek_big,right_cheek_big",,20.0,1.002215485074627,train
COHFACE,'Subj_24_1_x0.55,Subj_24_1,Dataset/3_ROI/MEGA_AUG/aug_npz/COHFACE_Subj_24_1_Subj_24_1_x0.55.npz,2195,9,0.0,109.700000,"forehead_strip,left_cheek_big,right_cheek_big",,20.0,1.002215485074627,train
COHFACE,'Subj_24_1_x0.65,Subj_24_1,Dataset/3_ROI/MEGA_AUG/aug_npz/COHFACE_Subj_24_1_Subj_24_1_x0.65.npz,1857,9,0.0,92.800000,"forehead_strip,left_cheek_big,right_cheek_big",,20.0,1.002215485074627,train
COHFACE,'Subj_24_1_x0.75,Subj_24_1,Dataset/3_ROI/MEGA_AUG/aug_npz/COHFACE_Subj_24_1_Subj_24_1_x0.75.npz,1609,9,0.0,80.400000,"forehead_strip,left_cheek_big,right_cheek_big",,20.0,1.002215485074627,train
COHFACE,'Subj_24_1_x1.2,Subj_24_1,Dataset/3_ROI/MEGA_AUG/aug_npz/COHFACE_Subj_24_1_Subj_24_1_x1.2.npz,1006,9,0.0,50.250000,"forehead_strip,left_cheek_big,right_cheek_big",,20.0,1.002215485074627,train
COHFACE,'Subj_24_1_x1.4,Subj_24_1,Dataset/3_ROI/MEGA_AUG/aug_npz/COHFACE_Subj_24_1_Subj_24_1_x1.4.npz,862,9,0.0,43.050000,"forehead_strip,left_cheek_big,right_cheek_big",,20.0,1.002215485074627,train
COHFACE,'Subj_24_1_x1.6,Subj_24_1,Dataset/3_ROI/MEGA_AUG/aug_npz/COHFACE_Subj_24_1_Subj_24_1_x1.6.npz,754,9,0.0,37.650000,"forehead_strip,left_cheek_big,right_cheek_big",,20.0,1.002215485074627,train
COHFACE,'Subj_24_1_x1.8,Subj_24_1,Dataset/3_ROI/MEGA_AUG/aug_npz/COHFACE_Subj_24_1_Subj_24_1_x1.8.npz,671,9,0.0,33.500000,"forehead_strip,left_cheek_big,right_cheek_big",,20.0,1.002215485074627,train
COHFACE,'Subj_24_2,Subj_24_2,Dataset/3_ROI/COHFACE_RAW/Subj_24_2.npz,1212,9,0.0,60.55,"forehead_strip,left_cheek_big,right_cheek_big",,20.0,1.002206337737407,train
COHFACE,'Subj_24_2_x0.55,Subj_24_2,Dataset/3_ROI/MEGA_AUG/aug_npz/COHFACE_Subj_24_2_Subj_24_2_x0.55.npz,2204,9,0.0,110.150000,"forehead_strip,left_cheek_big,right_cheek_big",,20.0,1.002206337737407,train
COHFACE,'Subj_24_2_x0.65,Subj_24_2,Dataset/3_ROI/MEGA_AUG/aug_npz/COHFACE_Subj_24_2_Subj_24_2_x0.65.npz,1865,9,0.0,93.200000,"forehead_strip,left_cheek_big,right_cheek_big",,20.0,1.002206337737407,train
COHFACE,'Subj_24_2_x0.75,Subj_24_2,Dataset/3_ROI/MEGA_AUG/aug_npz/COHFACE_Subj_24_2_Subj_24_2_x0.75.npz,1616,9,0.0,80.750000,"forehead_strip,left_cheek_big,right_cheek_big",,20.0,1.002206337737407,train
COHFACE,'Subj_24_2_x1.2,Subj_24_2,Dataset/3_ROI/MEGA_AUG/aug_npz/COHFACE_Subj_24_2_Subj_24_2_x1.2.npz,1010,9,0.0,50.450000,"forehead_strip,left_cheek_big,right_cheek_big",,20.0,1.002206337737407,train
COHFACE,'Subj_24_2_x1.4,Subj_24_2,Dataset/3_ROI/MEGA_AUG/aug_npz/COHFACE_Subj_24_2_Subj_24_2_x1.4.npz,866,9,0.0,43.250000,"forehead_strip,left_cheek_big,right_cheek_big",,20.0,1.002206337737407,train
COHFACE,'Subj_24_2_x1.6,Subj_24_2,Dataset/3_ROI/MEGA_AUG/aug_npz/COHFACE_Subj_24_2_Subj_24_2_x1.6.npz,758,9,0.0,37.850000,"forehead_strip,left_cheek_big,right_cheek_big",,20.0,1.002206337737407,train
COHFACE,'Subj_24_2_x1.8,Subj_24_2,Dataset/3_ROI/MEGA_AUG/aug_npz/COHFACE_Subj_24_2_Subj_24_2_x1.8.npz,673,9,0.0,33.600000,"forehead_strip,left_cheek_big,right_cheek_big",,20.0,1.002206337737407,train
COHFACE,'Subj_24_3,Subj_24_3,Dataset/3_ROI/COHFACE_RAW/Subj_24_3.npz,1208,9,0.0,60.35,"forehead_strip,left_cheek_big,right_cheek_big",,20.0,1.0024207746478873,train
COHFACE,'Subj_24_3_x0.55,Subj_24_3,Dataset/3_ROI/MEGA_AUG/aug_npz/COHFACE_Subj_24_3_Subj_24_3_x0.55.npz,2196,9,0.0,109.750000,"forehead_strip,left_cheek_big,right_cheek_big",,20.0,1.0024207746478873,train
COHFACE,'Subj_24_3_x0.65,Subj_24_3,Dataset/3_ROI/MEGA_AUG/aug_npz/COHFACE_Subj_24_3_Subj_24_3_x0.65.npz,1858,9,0.0,92.850000,"forehead_strip,left_cheek_big,right_cheek_big",,20.0,1.0024207746478873,train
COHFACE,'Subj_24_3_x0.75,Subj_24_3,Dataset/3_ROI/MEGA_AUG/aug_npz/COHFACE_Subj_24_3_Subj_24_3_x0.75.npz,1611,9,0.0,80.500000,"forehead_strip,left_cheek_big,right_cheek_big",,20.0,1.0024207746478873,train
COHFACE,'Subj_24_3_x1.2,Subj_24_3,Dataset/3_ROI/MEGA_AUG/aug_npz/COHFACE_Subj_24_3_Subj_24_3_x1.2.npz,1007,9,0.0,50.300000,"forehead_strip,left_cheek_big,right_cheek_big",,20.0,1.0024207746478873,train
COHFACE,'Subj_24_3_x1.4,Subj_24_3,Dataset/3_ROI/MEGA_AUG/aug_npz/COHFACE_Subj_24_3_Subj_24_3_x1.4.npz,863,9,0.0,43.100000,"forehead_strip,left_cheek_big,right_cheek_big",,20.0,1.0024207746478873,train
COHFACE,'Subj_24_3_x1.6,Subj_24_3,Dataset/3_ROI/MEGA_AUG/aug_npz/COHFACE_Subj_24_3_Subj_24_3_x1.6.npz,755,9,0.0,37.700000,"forehead_strip,left_cheek_big,right_cheek_big",,20.0,1.0024207746478873,train
COHFACE,'Subj_24_3_x1.8,Subj_24_3,Dataset/3_ROI/MEGA_AUG/aug_npz/COHFACE_Subj_24_3_Subj_24_3_x1.8.npz,671,9,0.0,33.500000,"forehead_strip,left_cheek_big,right_cheek_big",,20.0,1.0024207746478873,train
COHFACE,'Subj_25_0,Subj_25_0,Dataset/3_ROI/COHFACE_RAW/Subj_25_0.npz,1233,9,0.0,61.6,"forehead_strip,left_cheek_big,right_cheek_big",,20.0,1.001357041396104,train
COHFACE,'Subj_25_0_x0.55,Subj_25_0,Dataset/3_ROI/MEGA_AUG/aug_npz/COHFACE_Subj_25_0_Subj_25_0_x0.55.npz,2242,9,0.0,112.050000,"forehead_strip,left_cheek_big,right_cheek_big",,20.0,1.001357041396104,train
COHFACE,'Subj_25_0_x0.65,Subj_25_0,Dataset/3_ROI/MEGA_AUG/aug_npz/COHFACE_Subj_25_0_Subj_25_0_x0.65.npz,1897,9,0.0,94.800000,"forehead_strip,left_cheek_big,right_cheek_big",,20.0,1.001357041396104,train
COHFACE,'Subj_25_0_x0.75,Subj_25_0,Dataset/3_ROI/MEGA_AUG/aug_npz/COHFACE_Subj_25_0_Subj_25_0_x0.75.npz,1644,9,0.0,82.150000,"forehead_strip,left_cheek_big,right_cheek_big",,20.0,1.001357041396104,train
COHFACE,'Subj_25_0_x1.2,Subj_25_0,Dataset/3_ROI/MEGA_AUG/aug_npz/COHFACE_Subj_25_0_Subj_25_0_x1.2.npz,1028,9,0.0,51.350000,"forehead_strip,left_cheek_big,right_cheek_big",,20.0,1.001357041396104,train
COHFACE,'Subj_25_0_x1.4,Subj_25_0,Dataset/3_ROI/MEGA_AUG/aug_npz/COHFACE_Subj_25_0_Subj_25_0_x1.4.npz,881,9,0.0,44.000000,"forehead_strip,left_cheek_big,right_cheek_big",,20.0,1.001357041396104,train
COHFACE,'Subj_25_0_x1.6,Subj_25_0,Dataset/3_ROI/MEGA_AUG/aug_npz/COHFACE_Subj_25_0_Subj_25_0_x1.6.npz,771,9,0.0,38.500000,"forehead_strip,left_cheek_big,right_cheek_big",,20.0,1.001357041396104,train
COHFACE,'Subj_25_0_x1.8,Subj_25_0,Dataset/3_ROI/MEGA_AUG/aug_npz/COHFACE_Subj_25_0_Subj_25_0_x1.8.npz,685,9,0.0,34.200000,"forehead_strip,left_cheek_big,right_cheek_big",,20.0,1.001357041396104,train
COHFACE,'Subj_25_1,Subj_25_1,Dataset/3_ROI/COHFACE_RAW/Subj_25_1.npz,1218,9,0.0,60.85,"forehead_strip,left_cheek_big,right_cheek_big",,20.0,1.0024008833196385,train
COHFACE,'Subj_25_1_x0.55,Subj_25_1,Dataset/3_ROI/MEGA_AUG/aug_npz/COHFACE_Subj_25_1_Subj_25_1_x0.55.npz,2215,9,0.0,110.700000,"forehead_strip,left_cheek_big,right_cheek_big",,20.0,1.0024008833196385,train
COHFACE,'Subj_25_1_x0.65,Subj_25_1,Dataset/3_ROI/MEGA_AUG/aug_npz/COHFACE_Subj_25_1_Subj_25_1_x0.65.npz,1874,9,0.0,93.650000,"forehead_strip,left_cheek_big,right_cheek_big",,20.0,1.0024008833196385,train
COHFACE,'Subj_25_1_x0.75,Subj_25_1,Dataset/3_ROI/MEGA_AUG/aug_npz/COHFACE_Subj_25_1_Subj_25_1_x0.75.npz,1624,9,0.0,81.150000,"forehead_strip,left_cheek_big,right_cheek_big",,20.0,1.0024008833196385,train
COHFACE,'Subj_25_1_x1.2,Subj_25_1,Dataset/3_ROI/MEGA_AUG/aug_npz/COHFACE_Subj_25_1_Subj_25_1_x1.2.npz,1015,9,0.0,50.700000,"forehead_strip,left_cheek_big,right_cheek_big",,20.0,1.0024008833196385,train
COHFACE,'Subj_25_1_x1.4,Subj_25_1,Dataset/3_ROI/MEGA_AUG/aug_npz/COHFACE_Subj_25_1_Subj_25_1_x1.4.npz,870,9,0.0,43.450000,"forehead_strip,left_cheek_big,right_cheek_big",,20.0,1.0024008833196385,train
COHFACE,'Subj_25_1_x1.6,Subj_25_1,Dataset/3_ROI/MEGA_AUG/aug_npz/COHFACE_Subj_25_1_Subj_25_1_x1.6.npz,761,9,0.0,38.000000,"forehead_strip,left_cheek_big,right_cheek_big",,20.0,1.0024008833196385,train
COHFACE,'Subj_25_1_x1.8,Subj_25_1,Dataset/3_ROI/MEGA_AUG/aug_npz/COHFACE_Subj_25_1_Subj_25_1_x1.8.npz,677,9,0.0,33.800000,"forehead_strip,left_cheek_big,right_cheek_big",,20.0,1.0024008833196385,train
COHFACE,'Subj_25_2,Subj_25_2,Dataset/3_ROI/COHFACE_RAW/Subj_25_2.npz,1240,9,0.0,61.95,"forehead_strip,left_cheek_big,right_cheek_big",,20.0,1.0007440476190477,train
COHFACE,'Subj_25_2_x0.55,Subj_25_2,Dataset/3_ROI/MEGA_AUG/aug_npz/COHFACE_Subj_25_2_Subj_25_2_x0.55.npz,2255,9,0.0,112.700000,"forehead_strip,left_cheek_big,right_cheek_big",,20.0,1.0007440476190477,train
COHFACE,'Subj_25_2_x0.65,Subj_25_2,Dataset/3_ROI/MEGA_AUG/aug_npz/COHFACE_Subj_25_2_Subj_25_2_x0.65.npz,1908,9,0.0,95.350000,"forehead_strip,left_cheek_big,right_cheek_big",,20.0,1.0007440476190477,train
COHFACE,'Subj_25_2_x0.75,Subj_25_2,Dataset/3_ROI/MEGA_AUG/aug_npz/COHFACE_Subj_25_2_Subj_25_2_x0.75.npz,1653,9,0.0,82.600000,"forehead_strip,left_cheek_big,right_cheek_big",,20.0,1.0007440476190477,train
COHFACE,'Subj_25_2_x1.2,Subj_25_2,Dataset/3_ROI/MEGA_AUG/aug_npz/COHFACE_Subj_25_2_Subj_25_2_x1.2.npz,1033,9,0.0,51.600000,"forehead_strip,left_cheek_big,right_cheek_big",,20.0,1.0007440476190477,train
COHFACE,'Subj_25_2_x1.4,Subj_25_2,Dataset/3_ROI/MEGA_AUG/aug_npz/COHFACE_Subj_25_2_Subj_25_2_x1.4.npz,886,9,0.0,44.250000,"forehead_strip,left_cheek_big,right_cheek_big",,20.0,1.0007440476190477,train
COHFACE,'Subj_25_2_x1.6,Subj_25_2,Dataset/3_ROI/MEGA_AUG/aug_npz/COHFACE_Subj_25_2_Subj_25_2_x1.6.npz,775,9,0.0,38.700000,"forehead_strip,left_cheek_big,right_cheek_big",,20.0,1.0007440476190477,train
COHFACE,'Subj_25_2_x1.8,Subj_25_2,Dataset/3_ROI/MEGA_AUG/aug_npz/COHFACE_Subj_25_2_Subj_25_2_x1.8.npz,689,9,0.0,34.400000,"forehead_strip,left_cheek_big,right_cheek_big",,20.0,1.0007440476190477,train
COHFACE,'Subj_25_3,Subj_25_3,Dataset/3_ROI/COHFACE_RAW/Subj_25_3.npz,1227,9,0.0,61.3,"forehead_strip,left_cheek_big,right_cheek_big",,20.0,1.0021793433931483,train
COHFACE,'Subj_25_3_x0.55,Subj_25_3,Dataset/3_ROI/MEGA_AUG/aug_npz/COHFACE_Subj_25_3_Subj_25_3_x0.55.npz,2231,9,0.0,111.500000,"forehead_strip,left_cheek_big,right_cheek_big",,20.0,1.0021793433931483,train
COHFACE,'Subj_25_3_x0.65,Subj_25_3,Dataset/3_ROI/MEGA_AUG/aug_npz/COHFACE_Subj_25_3_Subj_25_3_x0.65.npz,1888,9,0.0,94.350000,"forehead_strip,left_cheek_big,right_cheek_big",,20.0,1.0021793433931483,train
COHFACE,'Subj_25_3_x0.75,Subj_25_3,Dataset/3_ROI/MEGA_AUG/aug_npz/COHFACE_Subj_25_3_Subj_25_3_x0.75.npz,1636,9,0.0,81.750000,"forehead_strip,left_cheek_big,right_cheek_big",,20.0,1.0021793433931483,train
COHFACE,'Subj_25_3_x1.2,Subj_25_3,Dataset/3_ROI/MEGA_AUG/aug_npz/COHFACE_Subj_25_3_Subj_25_3_x1.2.npz,1022,9,0.0,51.050000,"forehead_strip,left_cheek_big,right_cheek_big",,20.0,1.0021793433931483,train
COHFACE,'Subj_25_3_x1.4,Subj_25_3,Dataset/3_ROI/MEGA_AUG/aug_npz/COHFACE_Subj_25_3_Subj_25_3_x1.4.npz,876,9,0.0,43.750000,"forehead_strip,left_cheek_big,right_cheek_big",,20.0,1.0021793433931483,train
COHFACE,'Subj_25_3_x1.6,Subj_25_3,Dataset/3_ROI/MEGA_AUG/aug_npz/COHFACE_Subj_25_3_Subj_25_3_x1.6.npz,767,9,0.0,38.300000,"forehead_strip,left_cheek_big,right_cheek_big",,20.0,1.0021793433931483,train
COHFACE,'Subj_25_3_x1.8,Subj_25_3,Dataset/3_ROI/MEGA_AUG/aug_npz/COHFACE_Subj_25_3_Subj_25_3_x1.8.npz,682,9,0.0,34.050000,"forehead_strip,left_cheek_big,right_cheek_big",,20.0,1.0021793433931483,train
COHFACE,'Subj_26_0,Subj_26_0,Dataset/3_ROI/COHFACE_RAW/Subj_26_0.npz,1230,9,0.0,61.45,"forehead_strip,left_cheek_big,right_cheek_big",,20.0,1.0017671887713588,train
COHFACE,'Subj_26_0_x0.55,Subj_26_0,Dataset/3_ROI/MEGA_AUG/aug_npz/COHFACE_Subj_26_0_Subj_26_0_x0.55.npz,2236,9,0.0,111.750000,"forehead_strip,left_cheek_big,right_cheek_big",,20.0,1.0017671887713588,train
COHFACE,'Subj_26_0_x0.65,Subj_26_0,Dataset/3_ROI/MEGA_AUG/aug_npz/COHFACE_Subj_26_0_Subj_26_0_x0.65.npz,1892,9,0.0,94.550000,"forehead_strip,left_cheek_big,right_cheek_big",,20.0,1.0017671887713588,train
COHFACE,'Subj_26_0_x0.75,Subj_26_0,Dataset/3_ROI/MEGA_AUG/aug_npz/COHFACE_Subj_26_0_Subj_26_0_x0.75.npz,1640,9,0.0,81.950000,"forehead_strip,left_cheek_big,right_cheek_big",,20.0,1.0017671887713588,train
COHFACE,'Subj_26_0_x1.2,Subj_26_0,Dataset/3_ROI/MEGA_AUG/aug_npz/COHFACE_Subj_26_0_Subj_26_0_x1.2.npz,1025,9,0.0,51.200000,"forehead_strip,left_cheek_big,right_cheek_big",,20.0,1.0017671887713588,train
COHFACE,'Subj_26_0_x1.4,Subj_26_0,Dataset/3_ROI/MEGA_AUG/aug_npz/COHFACE_Subj_26_0_Subj_26_0_x1.4.npz,879,9,0.0,43.900000,"forehead_strip,left_cheek_big,right_cheek_big",,20.0,1.0017671887713588,train
COHFACE,'Subj_26_0_x1.6,Subj_26_0,Dataset/3_ROI/MEGA_AUG/aug_npz/COHFACE_Subj_26_0_Subj_26_0_x1.6.npz,769,9,0.0,38.400000,"forehead_strip,left_cheek_big,right_cheek_big",,20.0,1.0017671887713588,train
COHFACE,'Subj_26_0_x1.8,Subj_26_0,Dataset/3_ROI/MEGA_AUG/aug_npz/COHFACE_Subj_26_0_Subj_26_0_x1.8.npz,683,9,0.0,34.100000,"forehead_strip,left_cheek_big,right_cheek_big",,20.0,1.0017671887713588,train
COHFACE,'Subj_26_1,Subj_26_1,Dataset/3_ROI/COHFACE_RAW/Subj_26_1.npz,1227,9,0.0,61.3,"forehead_strip,left_cheek_big,right_cheek_big",,20.0,1.0021793433931483,train
COHFACE,'Subj_26_1_x0.55,Subj_26_1,Dataset/3_ROI/MEGA_AUG/aug_npz/COHFACE_Subj_26_1_Subj_26_1_x0.55.npz,2231,9,0.0,111.500000,"forehead_strip,left_cheek_big,right_cheek_big",,20.0,1.0021793433931483,train
COHFACE,'Subj_26_1_x0.65,Subj_26_1,Dataset/3_ROI/MEGA_AUG/aug_npz/COHFACE_Subj_26_1_Subj_26_1_x0.65.npz,1888,9,0.0,94.350000,"forehead_strip,left_cheek_big,right_cheek_big",,20.0,1.0021793433931483,train
COHFACE,'Subj_26_1_x0.75,Subj_26_1,Dataset/3_ROI/MEGA_AUG/aug_npz/COHFACE_Subj_26_1_Subj_26_1_x0.75.npz,1636,9,0.0,81.750000,"forehead_strip,left_cheek_big,right_cheek_big",,20.0,1.0021793433931483,train
COHFACE,'Subj_26_1_x1.2,Subj_26_1,Dataset/3_ROI/MEGA_AUG/aug_npz/COHFACE_Subj_26_1_Subj_26_1_x1.2.npz,1022,9,0.0,51.050000,"forehead_strip,left_cheek_big,right_cheek_big",,20.0,1.0021793433931483,train
COHFACE,'Subj_26_1_x1.4,Subj_26_1,Dataset/3_ROI/MEGA_AUG/aug_npz/COHFACE_Subj_26_1_Subj_26_1_x1.4.npz,876,9,0.0,43.750000,"forehead_strip,left_cheek_big,right_cheek_big",,20.0,1.0021793433931483,train
COHFACE,'Subj_26_1_x1.6,Subj_26_1,Dataset/3_ROI/MEGA_AUG/aug_npz/COHFACE_Subj_26_1_Subj_26_1_x1.6.npz,767,9,0.0,38.300000,"forehead_strip,left_cheek_big,right_cheek_big",,20.0,1.0021793433931483,train
COHFACE,'Subj_26_1_x1.8,Subj_26_1,Dataset/3_ROI/MEGA_AUG/aug_npz/COHFACE_Subj_26_1_Subj_26_1_x1.8.npz,682,9,0.0,34.050000,"forehead_strip,left_cheek_big,right_cheek_big",,20.0,1.0021793433931483,train
COHFACE,'Subj_26_2,Subj_26_2,Dataset/3_ROI/COHFACE_RAW/Subj_26_2.npz,1249,9,0.0,62.4,"forehead_strip,left_cheek_big,right_cheek_big",,20.0,1.0015399639423077,train
COHFACE,'Subj_26_2_x0.55,Subj_26_2,Dataset/3_ROI/MEGA_AUG/aug_npz/COHFACE_Subj_26_2_Subj_26_2_x0.55.npz,2271,9,0.0,113.500000,"forehead_strip,left_cheek_big,right_cheek_big",,20.0,1.0015399639423077,train
COHFACE,'Subj_26_2_x0.65,Subj_26_2,Dataset/3_ROI/MEGA_AUG/aug_npz/COHFACE_Subj_26_2_Subj_26_2_x0.65.npz,1922,9,0.0,96.050000,"forehead_strip,left_cheek_big,right_cheek_big",,20.0,1.0015399639423077,train
COHFACE,'Subj_26_2_x0.75,Subj_26_2,Dataset/3_ROI/MEGA_AUG/aug_npz/COHFACE_Subj_26_2_Subj_26_2_x0.75.npz,1665,9,0.0,83.200000,"forehead_strip,left_cheek_big,right_cheek_big",,20.0,1.0015399639423077,train
COHFACE,'Subj_26_2_x1.2,Subj_26_2,Dataset/3_ROI/MEGA_AUG/aug_npz/COHFACE_Subj_26_2_Subj_26_2_x1.2.npz,1041,9,0.0,52.000000,"forehead_strip,left_cheek_big,right_cheek_big",,20.0,1.0015399639423077,train
COHFACE,'Subj_26_2_x1.4,Subj_26_2,Dataset/3_ROI/MEGA_AUG/aug_npz/COHFACE_Subj_26_2_Subj_26_2_x1.4.npz,892,9,0.0,44.550000,"forehead_strip,left_cheek_big,right_cheek_big",,20.0,1.0015399639423077,train
COHFACE,'Subj_26_2_x1.6,Subj_26_2,Dataset/3_ROI/MEGA_AUG/aug_npz/COHFACE_Subj_26_2_Subj_26_2_x1.6.npz,781,9,0.0,39.000000,"forehead_strip,left_cheek_big,right_cheek_big",,20.0,1.0015399639423077,train
COHFACE,'Subj_26_2_x1.8,Subj_26_2,Dataset/3_ROI/MEGA_AUG/aug_npz/COHFACE_Subj_26_2_Subj_26_2_x1.8.npz,694,9,0.0,34.650000,"forehead_strip,left_cheek_big,right_cheek_big",,20.0,1.0015399639423077,train
COHFACE,'Subj_26_3,Subj_26_3,Dataset/3_ROI/COHFACE_RAW/Subj_26_3.npz,1227,9,0.0,61.3,"forehead_strip,left_cheek_big,right_cheek_big",,20.0,1.0021793433931483,train
COHFACE,'Subj_26_3_x0.55,Subj_26_3,Dataset/3_ROI/MEGA_AUG/aug_npz/COHFACE_Subj_26_3_Subj_26_3_x0.55.npz,2231,9,0.0,111.500000,"forehead_strip,left_cheek_big,right_cheek_big",,20.0,1.0021793433931483,train
COHFACE,'Subj_26_3_x0.65,Subj_26_3,Dataset/3_ROI/MEGA_AUG/aug_npz/COHFACE_Subj_26_3_Subj_26_3_x0.65.npz,1888,9,0.0,94.350000,"forehead_strip,left_cheek_big,right_cheek_big",,20.0,1.0021793433931483,train
COHFACE,'Subj_26_3_x0.75,Subj_26_3,Dataset/3_ROI/MEGA_AUG/aug_npz/COHFACE_Subj_26_3_Subj_26_3_x0.75.npz,1636,9,0.0,81.750000,"forehead_strip,left_cheek_big,right_cheek_big",,20.0,1.0021793433931483,train
COHFACE,'Subj_26_3_x1.2,Subj_26_3,Dataset/3_ROI/MEGA_AUG/aug_npz/COHFACE_Subj_26_3_Subj_26_3_x1.2.npz,1022,9,0.0,51.050000,"forehead_strip,left_cheek_big,right_cheek_big",,20.0,1.0021793433931483,train
COHFACE,'Subj_26_3_x1.4,Subj_26_3,Dataset/3_ROI/MEGA_AUG/aug_npz/COHFACE_Subj_26_3_Subj_26_3_x1.4.npz,876,9,0.0,43.750000,"forehead_strip,left_cheek_big,right_cheek_big",,20.0,1.0021793433931483,train
COHFACE,'Subj_26_3_x1.6,Subj_26_3,Dataset/3_ROI/MEGA_AUG/aug_npz/COHFACE_Subj_26_3_Subj_26_3_x1.6.npz,767,9,0.0,38.300000,"forehead_strip,left_cheek_big,right_cheek_big",,20.0,1.0021793433931483,train
COHFACE,'Subj_26_3_x1.8,Subj_26_3,Dataset/3_ROI/MEGA_AUG/aug_npz/COHFACE_Subj_26_3_Subj_26_3_x1.8.npz,682,9,0.0,34.050000,"forehead_strip,left_cheek_big,right_cheek_big",,20.0,1.0021793433931483,train
COHFACE,'Subj_27_0,Subj_27_0,Dataset/3_ROI/COHFACE_RAW/Subj_27_0.npz,1227,9,0.0,61.3,"forehead_strip,left_cheek_big,right_cheek_big",,20.0,1.0021793433931483,train
COHFACE,'Subj_27_0_x0.65,Subj_27_0,Dataset/3_ROI/MEGA_AUG/aug_npz/COHFACE_Subj_27_0_Subj_27_0_x0.65.npz,1888,9,0.0,94.350000,"forehead_strip,left_cheek_big,right_cheek_big",,20.0,1.0021793433931483,train
COHFACE,'Subj_27_0_x0.75,Subj_27_0,Dataset/3_ROI/MEGA_AUG/aug_npz/COHFACE_Subj_27_0_Subj_27_0_x0.75.npz,1636,9,0.0,81.750000,"forehead_strip,left_cheek_big,right_cheek_big",,20.0,1.0021793433931483,train
COHFACE,'Subj_27_0_x1.2,Subj_27_0,Dataset/3_ROI/MEGA_AUG/aug_npz/COHFACE_Subj_27_0_Subj_27_0_x1.2.npz,1022,9,0.0,51.050000,"forehead_strip,left_cheek_big,right_cheek_big",,20.0,1.0021793433931483,train
COHFACE,'Subj_27_0_x1.4,Subj_27_0,Dataset/3_ROI/MEGA_AUG/aug_npz/COHFACE_Subj_27_0_Subj_27_0_x1.4.npz,876,9,0.0,43.750000,"forehead_strip,left_cheek_big,right_cheek_big",,20.0,1.0021793433931483,train
COHFACE,'Subj_27_0_x1.6,Subj_27_0,Dataset/3_ROI/MEGA_AUG/aug_npz/COHFACE_Subj_27_0_Subj_27_0_x1.6.npz,767,9,0.0,38.300000,"forehead_strip,left_cheek_big,right_cheek_big",,20.0,1.0021793433931483,train
COHFACE,'Subj_27_0_x1.8,Subj_27_0,Dataset/3_ROI/MEGA_AUG/aug_npz/COHFACE_Subj_27_0_Subj_27_0_x1.8.npz,682,9,0.0,34.050000,"forehead_strip,left_cheek_big,right_cheek_big",,20.0,1.0021793433931483,train
COHFACE,'Subj_27_1,Subj_27_1,Dataset/3_ROI/COHFACE_RAW/Subj_27_1.npz,1240,9,0.0,61.95,"forehead_strip,left_cheek_big,right_cheek_big",,20.0,1.0017529257465698,train
COHFACE,'Subj_27_1_x0.65,Subj_27_1,Dataset/3_ROI/MEGA_AUG/aug_npz/COHFACE_Subj_27_1_Subj_27_1_x0.65.npz,1908,9,0.0,95.350000,"forehead_strip,left_cheek_big,right_cheek_big",,20.0,1.0017529257465698,train
COHFACE,'Subj_27_1_x0.75,Subj_27_1,Dataset/3_ROI/MEGA_AUG/aug_npz/COHFACE_Subj_27_1_Subj_27_1_x0.75.npz,1653,9,0.0,82.600000,"forehead_strip,left_cheek_big,right_cheek_big",,20.0,1.0017529257465698,train
COHFACE,'Subj_27_1_x1.2,Subj_27_1,Dataset/3_ROI/MEGA_AUG/aug_npz/COHFACE_Subj_27_1_Subj_27_1_x1.2.npz,1033,9,0.0,51.600000,"forehead_strip,left_cheek_big,right_cheek_big",,20.0,1.0017529257465698,train
COHFACE,'Subj_27_1_x1.4,Subj_27_1,Dataset/3_ROI/MEGA_AUG/aug_npz/COHFACE_Subj_27_1_Subj_27_1_x1.4.npz,886,9,0.0,44.250000,"forehead_strip,left_cheek_big,right_cheek_big",,20.0,1.0017529257465698,train
COHFACE,'Subj_27_1_x1.6,Subj_27_1,Dataset/3_ROI/MEGA_AUG/aug_npz/COHFACE_Subj_27_1_Subj_27_1_x1.6.npz,775,9,0.0,38.700000,"forehead_strip,left_cheek_big,right_cheek_big",,20.0,1.0017529257465698,train
COHFACE,'Subj_27_1_x1.8,Subj_27_1,Dataset/3_ROI/MEGA_AUG/aug_npz/COHFACE_Subj_27_1_Subj_27_1_x1.8.npz,689,9,0.0,34.400000,"forehead_strip,left_cheek_big,right_cheek_big",,20.0,1.0017529257465698,train
COHFACE,'Subj_27_2,Subj_27_2,Dataset/3_ROI/COHFACE_RAW/Subj_27_2.npz,1232,9,0.0,61.55,"forehead_strip,left_cheek_big,right_cheek_big",,20.0,1.002170491470349,train
COHFACE,'Subj_27_2_x0.65,Subj_27_2,Dataset/3_ROI/MEGA_AUG/aug_npz/COHFACE_Subj_27_2_Subj_27_2_x0.65.npz,1895,9,0.0,94.700000,"forehead_strip,left_cheek_big,right_cheek_big",,20.0,1.002170491470349,train
COHFACE,'Subj_27_2_x0.75,Subj_27_2,Dataset/3_ROI/MEGA_AUG/aug_npz/COHFACE_Subj_27_2_Subj_27_2_x0.75.npz,1643,9,0.0,82.100000,"forehead_strip,left_cheek_big,right_cheek_big",,20.0,1.002170491470349,train
COHFACE,'Subj_27_2_x1.2,Subj_27_2,Dataset/3_ROI/MEGA_AUG/aug_npz/COHFACE_Subj_27_2_Subj_27_2_x1.2.npz,1027,9,0.0,51.300000,"forehead_strip,left_cheek_big,right_cheek_big",,20.0,1.002170491470349,train
COHFACE,'Subj_27_2_x1.4,Subj_27_2,Dataset/3_ROI/MEGA_AUG/aug_npz/COHFACE_Subj_27_2_Subj_27_2_x1.4.npz,880,9,0.0,43.950000,"forehead_strip,left_cheek_big,right_cheek_big",,20.0,1.002170491470349,train
COHFACE,'Subj_27_2_x1.6,Subj_27_2,Dataset/3_ROI/MEGA_AUG/aug_npz/COHFACE_Subj_27_2_Subj_27_2_x1.6.npz,770,9,0.0,38.450000,"forehead_strip,left_cheek_big,right_cheek_big",,20.0,1.002170491470349,train
COHFACE,'Subj_27_2_x1.8,Subj_27_2,Dataset/3_ROI/MEGA_AUG/aug_npz/COHFACE_Subj_27_2_Subj_27_2_x1.8.npz,684,9,0.0,34.150000,"forehead_strip,left_cheek_big,right_cheek_big",,20.0,1.002170491470349,train
COHFACE,'Subj_27_3,Subj_27_3,Dataset/3_ROI/COHFACE_RAW/Subj_27_3.npz,1235,9,0.0,61.7,"forehead_strip,left_cheek_big,right_cheek_big",,20.0,1.001760028363047,train
COHFACE,'Subj_27_3_x0.65,Subj_27_3,Dataset/3_ROI/MEGA_AUG/aug_npz/COHFACE_Subj_27_3_Subj_27_3_x0.65.npz,1900,9,0.0,94.950000,"forehead_strip,left_cheek_big,right_cheek_big",,20.0,1.001760028363047,train
COHFACE,'Subj_27_3_x0.75,Subj_27_3,Dataset/3_ROI/MEGA_AUG/aug_npz/COHFACE_Subj_27_3_Subj_27_3_x0.75.npz,1647,9,0.0,82.300000,"forehead_strip,left_cheek_big,right_cheek_big",,20.0,1.001760028363047,train
COHFACE,'Subj_27_3_x1.2,Subj_27_3,Dataset/3_ROI/MEGA_AUG/aug_npz/COHFACE_Subj_27_3_Subj_27_3_x1.2.npz,1029,9,0.0,51.400000,"forehead_strip,left_cheek_big,right_cheek_big",,20.0,1.001760028363047,train
COHFACE,'Subj_27_3_x1.4,Subj_27_3,Dataset/3_ROI/MEGA_AUG/aug_npz/COHFACE_Subj_27_3_Subj_27_3_x1.4.npz,882,9,0.0,44.050000,"forehead_strip,left_cheek_big,right_cheek_big",,20.0,1.001760028363047,train
COHFACE,'Subj_27_3_x1.6,Subj_27_3,Dataset/3_ROI/MEGA_AUG/aug_npz/COHFACE_Subj_27_3_Subj_27_3_x1.6.npz,772,9,0.0,38.550000,"forehead_strip,left_cheek_big,right_cheek_big",,20.0,1.001760028363047,train
COHFACE,'Subj_27_3_x1.8,Subj_27_3,Dataset/3_ROI/MEGA_AUG/aug_npz/COHFACE_Subj_27_3_Subj_27_3_x1.8.npz,686,9,0.0,34.250000,"forehead_strip,left_cheek_big,right_cheek_big",,20.0,1.001760028363047,train
COHFACE,'Subj_28_0,Subj_28_0,Dataset/3_ROI/COHFACE_RAW/Subj_28_0.npz,1254,9,0.0,62.65,"forehead_strip,left_cheek_big,right_cheek_big",,20.0,1.0025314245810055,train
COHFACE,'Subj_28_0_x0.65,Subj_28_0,Dataset/3_ROI/MEGA_AUG/aug_npz/COHFACE_Subj_28_0_Subj_28_0_x0.65.npz,1929,9,0.0,96.400000,"forehead_strip,left_cheek_big,right_cheek_big",,20.0,1.0025314245810055,train
COHFACE,'Subj_28_0_x0.75,Subj_28_0,Dataset/3_ROI/MEGA_AUG/aug_npz/COHFACE_Subj_28_0_Subj_28_0_x0.75.npz,1672,9,0.0,83.550000,"forehead_strip,left_cheek_big,right_cheek_big",,20.0,1.0025314245810055,train
COHFACE,'Subj_28_0_x1.2,Subj_28_0,Dataset/3_ROI/MEGA_AUG/aug_npz/COHFACE_Subj_28_0_Subj_28_0_x1.2.npz,1045,9,0.0,52.200000,"forehead_strip,left_cheek_big,right_cheek_big",,20.0,1.0025314245810055,train
COHFACE,'Subj_28_0_x1.4,Subj_28_0,Dataset/3_ROI/MEGA_AUG/aug_npz/COHFACE_Subj_28_0_Subj_28_0_x1.4.npz,896,9,0.0,44.750000,"forehead_strip,left_cheek_big,right_cheek_big",,20.0,1.0025314245810055,train
COHFACE,'Subj_28_0_x1.6,Subj_28_0,Dataset/3_ROI/MEGA_AUG/aug_npz/COHFACE_Subj_28_0_Subj_28_0_x1.6.npz,784,9,0.0,39.150000,"forehead_strip,left_cheek_big,right_cheek_big",,20.0,1.0025314245810055,train
COHFACE,'Subj_28_0_x1.8,Subj_28_0,Dataset/3_ROI/MEGA_AUG/aug_npz/COHFACE_Subj_28_0_Subj_28_0_x1.8.npz,697,9,0.0,34.800000,"forehead_strip,left_cheek_big,right_cheek_big",,20.0,1.0025314245810055,train
COHFACE,'Subj_28_1,Subj_28_1,Dataset/3_ROI/COHFACE_RAW/Subj_28_1.npz,1220,9,0.0,60.95,"forehead_strip,left_cheek_big,right_cheek_big",,20.0,1.0017816858080393,train
COHFACE,'Subj_28_1_x0.65,Subj_28_1,Dataset/3_ROI/MEGA_AUG/aug_npz/COHFACE_Subj_28_1_Subj_28_1_x0.65.npz,1877,9,0.0,93.800000,"forehead_strip,left_cheek_big,right_cheek_big",,20.0,1.0017816858080393,train
COHFACE,'Subj_28_1_x0.75,Subj_28_1,Dataset/3_ROI/MEGA_AUG/aug_npz/COHFACE_Subj_28_1_Subj_28_1_x0.75.npz,1627,9,0.0,81.300000,"forehead_strip,left_cheek_big,right_cheek_big",,20.0,1.0017816858080393,train
COHFACE,'Subj_28_1_x1.2,Subj_28_1,Dataset/3_ROI/MEGA_AUG/aug_npz/COHFACE_Subj_28_1_Subj_28_1_x1.2.npz,1017,9,0.0,50.800000,"forehead_strip,left_cheek_big,right_cheek_big",,20.0,1.0017816858080393,train
COHFACE,'Subj_28_1_x1.4,Subj_28_1,Dataset/3_ROI/MEGA_AUG/aug_npz/COHFACE_Subj_28_1_Subj_28_1_x1.4.npz,871,9,0.0,43.500000,"forehead_strip,left_cheek_big,right_cheek_big",,20.0,1.0017816858080393,train
COHFACE,'Subj_28_1_x1.6,Subj_28_1,Dataset/3_ROI/MEGA_AUG/aug_npz/COHFACE_Subj_28_1_Subj_28_1_x1.6.npz,762,9,0.0,38.050000,"forehead_strip,left_cheek_big,right_cheek_big",,20.0,1.0017816858080393,train
COHFACE,'Subj_28_1_x1.8,Subj_28_1,Dataset/3_ROI/MEGA_AUG/aug_npz/COHFACE_Subj_28_1_Subj_28_1_x1.8.npz,678,9,0.0,33.850000,"forehead_strip,left_cheek_big,right_cheek_big",,20.0,1.0017816858080393,train
COHFACE,'Subj_28_2,Subj_28_2,Dataset/3_ROI/COHFACE_RAW/Subj_28_2.npz,1240,9,0.0,61.95,"forehead_strip,left_cheek_big,right_cheek_big",,20.0,1.002761803874092,train
COHFACE,'Subj_28_2_x0.65,Subj_28_2,Dataset/3_ROI/MEGA_AUG/aug_npz/COHFACE_Subj_28_2_Subj_28_2_x0.65.npz,1908,9,0.0,95.350000,"forehead_strip,left_cheek_big,right_cheek_big",,20.0,1.002761803874092,train
COHFACE,'Subj_28_2_x0.75,Subj_28_2,Dataset/3_ROI/MEGA_AUG/aug_npz/COHFACE_Subj_28_2_Subj_28_2_x0.75.npz,1653,9,0.0,82.600000,"forehead_strip,left_cheek_big,right_cheek_big",,20.0,1.002761803874092,train
COHFACE,'Subj_28_2_x1.2,Subj_28_2,Dataset/3_ROI/MEGA_AUG/aug_npz/COHFACE_Subj_28_2_Subj_28_2_x1.2.npz,1033,9,0.0,51.600000,"forehead_strip,left_cheek_big,right_cheek_big",,20.0,1.002761803874092,train
COHFACE,'Subj_28_2_x1.4,Subj_28_2,Dataset/3_ROI/MEGA_AUG/aug_npz/COHFACE_Subj_28_2_Subj_28_2_x1.4.npz,886,9,0.0,44.250000,"forehead_strip,left_cheek_big,right_cheek_big",,20.0,1.002761803874092,train
COHFACE,'Subj_28_2_x1.6,Subj_28_2,Dataset/3_ROI/MEGA_AUG/aug_npz/COHFACE_Subj_28_2_Subj_28_2_x1.6.npz,775,9,0.0,38.700000,"forehead_strip,left_cheek_big,right_cheek_big",,20.0,1.002761803874092,train
COHFACE,'Subj_28_2_x1.8,Subj_28_2,Dataset/3_ROI/MEGA_AUG/aug_npz/COHFACE_Subj_28_2_Subj_28_2_x1.8.npz,689,9,0.0,34.400000,"forehead_strip,left_cheek_big,right_cheek_big",,20.0,1.002761803874092,train
COHFACE,'Subj_28_3,Subj_28_3,Dataset/3_ROI/COHFACE_RAW/Subj_28_3.npz,1237,9,0.0,61.8,"forehead_strip,left_cheek_big,right_cheek_big",,20.0,1.001150384304207,train
COHFACE,'Subj_28_3_x0.65,Subj_28_3,Dataset/3_ROI/MEGA_AUG/aug_npz/COHFACE_Subj_28_3_Subj_28_3_x0.65.npz,1903,9,0.0,95.100000,"forehead_strip,left_cheek_big,right_cheek_big",,20.0,1.001150384304207,train
COHFACE,'Subj_28_3_x0.75,Subj_28_3,Dataset/3_ROI/MEGA_AUG/aug_npz/COHFACE_Subj_28_3_Subj_28_3_x0.75.npz,1649,9,0.0,82.400000,"forehead_strip,left_cheek_big,right_cheek_big",,20.0,1.001150384304207,train
COHFACE,'Subj_28_3_x1.2,Subj_28_3,Dataset/3_ROI/MEGA_AUG/aug_npz/COHFACE_Subj_28_3_Subj_28_3_x1.2.npz,1031,9,0.0,51.500000,"forehead_strip,left_cheek_big,right_cheek_big",,20.0,1.001150384304207,train
COHFACE,'Subj_28_3_x1.4,Subj_28_3,Dataset/3_ROI/MEGA_AUG/aug_npz/COHFACE_Subj_28_3_Subj_28_3_x1.4.npz,884,9,0.0,44.150000,"forehead_strip,left_cheek_big,right_cheek_big",,20.0,1.001150384304207,train
COHFACE,'Subj_28_3_x1.6,Subj_28_3,Dataset/3_ROI/MEGA_AUG/aug_npz/COHFACE_Subj_28_3_Subj_28_3_x1.6.npz,773,9,0.0,38.600000,"forehead_strip,left_cheek_big,right_cheek_big",,20.0,1.001150384304207,train
COHFACE,'Subj_28_3_x1.8,Subj_28_3,Dataset/3_ROI/MEGA_AUG/aug_npz/COHFACE_Subj_28_3_Subj_28_3_x1.8.npz,687,9,0.0,34.300000,"forehead_strip,left_cheek_big,right_cheek_big",,20.0,1.001150384304207,train
COHFACE,'Subj_29_0,Subj_29_0,Dataset/3_ROI/COHFACE_RAW/Subj_29_0.npz,2154,9,0.0,107.65,"forehead_strip,left_cheek_big,right_cheek_big",,20.0,1.0008926497909894,train
COHFACE,'Subj_29_0_x1.2,Subj_29_0,Dataset/3_ROI/MEGA_AUG/aug_npz/COHFACE_Subj_29_0_Subj_29_0_x1.2.npz,1795,9,0.0,89.700000,"forehead_strip,left_cheek_big,right_cheek_big",,20.0,1.0008926497909894,train
COHFACE,'Subj_29_0_x1.4,Subj_29_0,Dataset/3_ROI/MEGA_AUG/aug_npz/COHFACE_Subj_29_0_Subj_29_0_x1.4.npz,1539,9,0.0,76.900000,"forehead_strip,left_cheek_big,right_cheek_big",,20.0,1.0008926497909894,train
COHFACE,'Subj_29_0_x1.6,Subj_29_0,Dataset/3_ROI/MEGA_AUG/aug_npz/COHFACE_Subj_29_0_Subj_29_0_x1.6.npz,1346,9,0.0,67.250000,"forehead_strip,left_cheek_big,right_cheek_big",,20.0,1.0008926497909894,train
COHFACE,'Subj_29_0_x1.8,Subj_29_0,Dataset/3_ROI/MEGA_AUG/aug_npz/COHFACE_Subj_29_0_Subj_29_0_x1.8.npz,1197,9,0.0,59.800000,"forehead_strip,left_cheek_big,right_cheek_big",,20.0,1.0008926497909894,train
COHFACE,'Subj_29_1,Subj_29_1,Dataset/3_ROI/COHFACE_RAW/Subj_29_1.npz,1225,9,0.0,61.2,"forehead_strip,left_cheek_big,right_cheek_big",,20.0,1.0017744076797386,train
COHFACE,'Subj_29_1_x1.2,Subj_29_1,Dataset/3_ROI/MEGA_AUG/aug_npz/COHFACE_Subj_29_1_Subj_29_1_x1.2.npz,1021,9,0.0,51.000000,"forehead_strip,left_cheek_big,right_cheek_big",,20.0,1.0017744076797386,train
COHFACE,'Subj_29_1_x1.4,Subj_29_1,Dataset/3_ROI/MEGA_AUG/aug_npz/COHFACE_Subj_29_1_Subj_29_1_x1.4.npz,875,9,0.0,43.700000,"forehead_strip,left_cheek_big,right_cheek_big",,20.0,1.0017744076797386,train
COHFACE,'Subj_29_1_x1.6,Subj_29_1,Dataset/3_ROI/MEGA_AUG/aug_npz/COHFACE_Subj_29_1_Subj_29_1_x1.6.npz,766,9,0.0,38.250000,"forehead_strip,left_cheek_big,right_cheek_big",,20.0,1.0017744076797386,train
COHFACE,'Subj_29_1_x1.8,Subj_29_1,Dataset/3_ROI/MEGA_AUG/aug_npz/COHFACE_Subj_29_1_Subj_29_1_x1.8.npz,681,9,0.0,34.000000,"forehead_strip,left_cheek_big,right_cheek_big",,20.0,1.0017744076797386,train
COHFACE,'Subj_29_2,Subj_29_2,Dataset/3_ROI/COHFACE_RAW/Subj_29_2.npz,1226,9,0.0,61.25,"forehead_strip,left_cheek_big,right_cheek_big",,20.0,1.0019770408163264,train
COHFACE,'Subj_29_2_x1.2,Subj_29_2,Dataset/3_ROI/MEGA_AUG/aug_npz/COHFACE_Subj_29_2_Subj_29_2_x1.2.npz,1022,9,0.0,51.050000,"forehead_strip,left_cheek_big,right_cheek_big",,20.0,1.0019770408163264,train
COHFACE,'Subj_29_2_x1.4,Subj_29_2,Dataset/3_ROI/MEGA_AUG/aug_npz/COHFACE_Subj_29_2_Subj_29_2_x1.4.npz,876,9,0.0,43.750000,"forehead_strip,left_cheek_big,right_cheek_big",,20.0,1.0019770408163264,train
COHFACE,'Subj_29_2_x1.6,Subj_29_2,Dataset/3_ROI/MEGA_AUG/aug_npz/COHFACE_Subj_29_2_Subj_29_2_x1.6.npz,766,9,0.0,38.250000,"forehead_strip,left_cheek_big,right_cheek_big",,20.0,1.0019770408163264,train
COHFACE,'Subj_29_2_x1.8,Subj_29_2,Dataset/3_ROI/MEGA_AUG/aug_npz/COHFACE_Subj_29_2_Subj_29_2_x1.8.npz,681,9,0.0,34.000000,"forehead_strip,left_cheek_big,right_cheek_big",,20.0,1.0019770408163264,train
COHFACE,'Subj_29_3,Subj_29_3,Dataset/3_ROI/COHFACE_RAW/Subj_29_3.npz,1310,9,0.0,65.45,"forehead_strip,left_cheek_big,right_cheek_big",,20.0,1.0016591864018334,train
COHFACE,'Subj_29_3_x1.2,Subj_29_3,Dataset/3_ROI/MEGA_AUG/aug_npz/COHFACE_Subj_29_3_Subj_29_3_x1.2.npz,1092,9,0.0,54.550000,"forehead_strip,left_cheek_big,right_cheek_big",,20.0,1.0016591864018334,train
COHFACE,'Subj_29_3_x1.4,Subj_29_3,Dataset/3_ROI/MEGA_AUG/aug_npz/COHFACE_Subj_29_3_Subj_29_3_x1.4.npz,936,9,0.0,46.750000,"forehead_strip,left_cheek_big,right_cheek_big",,20.0,1.0016591864018334,train
COHFACE,'Subj_29_3_x1.6,Subj_29_3,Dataset/3_ROI/MEGA_AUG/aug_npz/COHFACE_Subj_29_3_Subj_29_3_x1.6.npz,819,9,0.0,40.900000,"forehead_strip,left_cheek_big,right_cheek_big",,20.0,1.0016591864018334,train
COHFACE,'Subj_29_3_x1.8,Subj_29_3,Dataset/3_ROI/MEGA_AUG/aug_npz/COHFACE_Subj_29_3_Subj_29_3_x1.8.npz,728,9,0.0,36.350000,"forehead_strip,left_cheek_big,right_cheek_big",,20.0,1.0016591864018334,train
COHFACE,'Subj_2_0,Subj_2_0,Dataset/3_ROI/COHFACE_RAW/Subj_2_0.npz,1208,9,0.0,60.35,"forehead_strip,left_cheek_big,right_cheek_big",,20.0,1.0013851491300745,train
COHFACE,'Subj_2_0_x0.65,Subj_2_0,Dataset/3_ROI/MEGA_AUG/aug_npz/COHFACE_Subj_2_0_Subj_2_0_x0.65.npz,1858,9,0.0,92.850000,"forehead_strip,left_cheek_big,right_cheek_big",,20.0,1.0013851491300745,train
COHFACE,'Subj_2_0_x0.75,Subj_2_0,Dataset/3_ROI/MEGA_AUG/aug_npz/COHFACE_Subj_2_0_Subj_2_0_x0.75.npz,1611,9,0.0,80.500000,"forehead_strip,left_cheek_big,right_cheek_big",,20.0,1.0013851491300745,train
COHFACE,'Subj_2_0_x1.2,Subj_2_0,Dataset/3_ROI/MEGA_AUG/aug_npz/COHFACE_Subj_2_0_Subj_2_0_x1.2.npz,1007,9,0.0,50.300000,"forehead_strip,left_cheek_big,right_cheek_big",,20.0,1.0013851491300745,train
COHFACE,'Subj_2_0_x1.4,Subj_2_0,Dataset/3_ROI/MEGA_AUG/aug_npz/COHFACE_Subj_2_0_Subj_2_0_x1.4.npz,863,9,0.0,43.100000,"forehead_strip,left_cheek_big,right_cheek_big",,20.0,1.0013851491300745,train
COHFACE,'Subj_2_0_x1.6,Subj_2_0,Dataset/3_ROI/MEGA_AUG/aug_npz/COHFACE_Subj_2_0_Subj_2_0_x1.6.npz,755,9,0.0,37.700000,"forehead_strip,left_cheek_big,right_cheek_big",,20.0,1.0013851491300745,train
COHFACE,'Subj_2_0_x1.8,Subj_2_0,Dataset/3_ROI/MEGA_AUG/aug_npz/COHFACE_Subj_2_0_Subj_2_0_x1.8.npz,671,9,0.0,33.500000,"forehead_strip,left_cheek_big,right_cheek_big",,20.0,1.0013851491300745,train
COHFACE,'Subj_2_1,Subj_2_1,Dataset/3_ROI/COHFACE_RAW/Subj_2_1.npz,1208,9,0.0,60.35,"forehead_strip,left_cheek_big,right_cheek_big",,20.0,1.0024207746478873,train
COHFACE,'Subj_2_1_x0.65,Subj_2_1,Dataset/3_ROI/MEGA_AUG/aug_npz/COHFACE_Subj_2_1_Subj_2_1_x0.65.npz,1858,9,0.0,92.850000,"forehead_strip,left_cheek_big,right_cheek_big",,20.0,1.0024207746478873,train
COHFACE,'Subj_2_1_x0.75,Subj_2_1,Dataset/3_ROI/MEGA_AUG/aug_npz/COHFACE_Subj_2_1_Subj_2_1_x0.75.npz,1611,9,0.0,80.500000,"forehead_strip,left_cheek_big,right_cheek_big",,20.0,1.0024207746478873,train
COHFACE,'Subj_2_1_x1.2,Subj_2_1,Dataset/3_ROI/MEGA_AUG/aug_npz/COHFACE_Subj_2_1_Subj_2_1_x1.2.npz,1007,9,0.0,50.300000,"forehead_strip,left_cheek_big,right_cheek_big",,20.0,1.0024207746478873,train
COHFACE,'Subj_2_1_x1.4,Subj_2_1,Dataset/3_ROI/MEGA_AUG/aug_npz/COHFACE_Subj_2_1_Subj_2_1_x1.4.npz,863,9,0.0,43.100000,"forehead_strip,left_cheek_big,right_cheek_big",,20.0,1.0024207746478873,train
COHFACE,'Subj_2_1_x1.6,Subj_2_1,Dataset/3_ROI/MEGA_AUG/aug_npz/COHFACE_Subj_2_1_Subj_2_1_x1.6.npz,755,9,0.0,37.700000,"forehead_strip,left_cheek_big,right_cheek_big",,20.0,1.0024207746478873,train
COHFACE,'Subj_2_1_x1.8,Subj_2_1,Dataset/3_ROI/MEGA_AUG/aug_npz/COHFACE_Subj_2_1_Subj_2_1_x1.8.npz,671,9,0.0,33.500000,"forehead_strip,left_cheek_big,right_cheek_big",,20.0,1.0024207746478873,train
COHFACE,'Subj_2_2,Subj_2_2,Dataset/3_ROI/COHFACE_RAW/Subj_2_2.npz,1208,9,0.0,60.35,"forehead_strip,left_cheek_big,right_cheek_big",,20.0,1.0013851491300745,train
COHFACE,'Subj_2_2_x0.55,Subj_2_2,Dataset/3_ROI/MEGA_AUG/aug_npz/COHFACE_Subj_2_2_Subj_2_2_x0.55.npz,2196,9,0.0,109.750000,"forehead_strip,left_cheek_big,right_cheek_big",,20.0,1.0013851491300745,train
COHFACE,'Subj_2_2_x0.65,Subj_2_2,Dataset/3_ROI/MEGA_AUG/aug_npz/COHFACE_Subj_2_2_Subj_2_2_x0.65.npz,1858,9,0.0,92.850000,"forehead_strip,left_cheek_big,right_cheek_big",,20.0,1.0013851491300745,train
COHFACE,'Subj_2_2_x0.75,Subj_2_2,Dataset/3_ROI/MEGA_AUG/aug_npz/COHFACE_Subj_2_2_Subj_2_2_x0.75.npz,1611,9,0.0,80.500000,"forehead_strip,left_cheek_big,right_cheek_big",,20.0,1.0013851491300745,train
COHFACE,'Subj_2_2_x1.2,Subj_2_2,Dataset/3_ROI/MEGA_AUG/aug_npz/COHFACE_Subj_2_2_Subj_2_2_x1.2.npz,1007,9,0.0,50.300000,"forehead_strip,left_cheek_big,right_cheek_big",,20.0,1.0013851491300745,train
COHFACE,'Subj_2_2_x1.4,Subj_2_2,Dataset/3_ROI/MEGA_AUG/aug_npz/COHFACE_Subj_2_2_Subj_2_2_x1.4.npz,863,9,0.0,43.100000,"forehead_strip,left_cheek_big,right_cheek_big",,20.0,1.0013851491300745,train
COHFACE,'Subj_2_2_x1.6,Subj_2_2,Dataset/3_ROI/MEGA_AUG/aug_npz/COHFACE_Subj_2_2_Subj_2_2_x1.6.npz,755,9,0.0,37.700000,"forehead_strip,left_cheek_big,right_cheek_big",,20.0,1.0013851491300745,train
COHFACE,'Subj_2_2_x1.8,Subj_2_2,Dataset/3_ROI/MEGA_AUG/aug_npz/COHFACE_Subj_2_2_Subj_2_2_x1.8.npz,671,9,0.0,33.500000,"forehead_strip,left_cheek_big,right_cheek_big",,20.0,1.0013851491300745,train
COHFACE,'Subj_2_3,Subj_2_3,Dataset/3_ROI/COHFACE_RAW/Subj_2_3.npz,1209,9,0.0,60.4,"forehead_strip,left_cheek_big,right_cheek_big",,20.0,1.0015909561258278,train
COHFACE,'Subj_2_3_x0.65,Subj_2_3,Dataset/3_ROI/MEGA_AUG/aug_npz/COHFACE_Subj_2_3_Subj_2_3_x0.65.npz,1860,9,0.0,92.950000,"forehead_strip,left_cheek_big,right_cheek_big",,20.0,1.0015909561258278,train
COHFACE,'Subj_2_3_x0.75,Subj_2_3,Dataset/3_ROI/MEGA_AUG/aug_npz/COHFACE_Subj_2_3_Subj_2_3_x0.75.npz,1612,9,0.0,80.550000,"forehead_strip,left_cheek_big,right_cheek_big",,20.0,1.0015909561258278,train
COHFACE,'Subj_2_3_x1.2,Subj_2_3,Dataset/3_ROI/MEGA_AUG/aug_npz/COHFACE_Subj_2_3_Subj_2_3_x1.2.npz,1008,9,0.0,50.350000,"forehead_strip,left_cheek_big,right_cheek_big",,20.0,1.0015909561258278,train
COHFACE,'Subj_2_3_x1.4,Subj_2_3,Dataset/3_ROI/MEGA_AUG/aug_npz/COHFACE_Subj_2_3_Subj_2_3_x1.4.npz,864,9,0.0,43.150000,"forehead_strip,left_cheek_big,right_cheek_big",,20.0,1.0015909561258278,train
COHFACE,'Subj_2_3_x1.6,Subj_2_3,Dataset/3_ROI/MEGA_AUG/aug_npz/COHFACE_Subj_2_3_Subj_2_3_x1.6.npz,756,9,0.0,37.750000,"forehead_strip,left_cheek_big,right_cheek_big",,20.0,1.0015909561258278,train
COHFACE,'Subj_2_3_x1.8,Subj_2_3,Dataset/3_ROI/MEGA_AUG/aug_npz/COHFACE_Subj_2_3_Subj_2_3_x1.8.npz,672,9,0.0,33.550000,"forehead_strip,left_cheek_big,right_cheek_big",,20.0,1.0015909561258278,train
COHFACE,'Subj_30_0,Subj_30_0,Dataset/3_ROI/COHFACE_RAW/Subj_30_0.npz,1231,9,0.0,61.5,"forehead_strip,left_cheek_big,right_cheek_big",,20.0,1.0019690040650406,train
COHFACE,'Subj_30_0_x0.75,Subj_30_0,Dataset/3_ROI/MEGA_AUG/aug_npz/COHFACE_Subj_30_0_Subj_30_0_x0.75.npz,1641,9,0.0,82.000000,"forehead_strip,left_cheek_big,right_cheek_big",,20.0,1.0019690040650406,train
COHFACE,'Subj_30_0_x1.2,Subj_30_0,Dataset/3_ROI/MEGA_AUG/aug_npz/COHFACE_Subj_30_0_Subj_30_0_x1.2.npz,1026,9,0.0,51.250000,"forehead_strip,left_cheek_big,right_cheek_big",,20.0,1.0019690040650406,train
COHFACE,'Subj_30_0_x1.4,Subj_30_0,Dataset/3_ROI/MEGA_AUG/aug_npz/COHFACE_Subj_30_0_Subj_30_0_x1.4.npz,879,9,0.0,43.900000,"forehead_strip,left_cheek_big,right_cheek_big",,20.0,1.0019690040650406,train
COHFACE,'Subj_30_0_x1.6,Subj_30_0,Dataset/3_ROI/MEGA_AUG/aug_npz/COHFACE_Subj_30_0_Subj_30_0_x1.6.npz,769,9,0.0,38.400000,"forehead_strip,left_cheek_big,right_cheek_big",,20.0,1.0019690040650406,train
COHFACE,'Subj_30_0_x1.8,Subj_30_0,Dataset/3_ROI/MEGA_AUG/aug_npz/COHFACE_Subj_30_0_Subj_30_0_x1.8.npz,684,9,0.0,34.150000,"forehead_strip,left_cheek_big,right_cheek_big",,20.0,1.0019690040650406,train
COHFACE,'Subj_30_1,Subj_30_1,Dataset/3_ROI/COHFACE_RAW/Subj_30_1.npz,1213,9,0.0,60.6,"forehead_strip,left_cheek_big,right_cheek_big",,20.0,1.0024107879537951,train
COHFACE,'Subj_30_1_x0.75,Subj_30_1,Dataset/3_ROI/MEGA_AUG/aug_npz/COHFACE_Subj_30_1_Subj_30_1_x0.75.npz,1617,9,0.0,80.800000,"forehead_strip,left_cheek_big,right_cheek_big",,20.0,1.0024107879537951,train
COHFACE,'Subj_30_1_x1.2,Subj_30_1,Dataset/3_ROI/MEGA_AUG/aug_npz/COHFACE_Subj_30_1_Subj_30_1_x1.2.npz,1011,9,0.0,50.500000,"forehead_strip,left_cheek_big,right_cheek_big",,20.0,1.0024107879537951,train
COHFACE,'Subj_30_1_x1.4,Subj_30_1,Dataset/3_ROI/MEGA_AUG/aug_npz/COHFACE_Subj_30_1_Subj_30_1_x1.4.npz,866,9,0.0,43.250000,"forehead_strip,left_cheek_big,right_cheek_big",,20.0,1.0024107879537951,train
COHFACE,'Subj_30_1_x1.6,Subj_30_1,Dataset/3_ROI/MEGA_AUG/aug_npz/COHFACE_Subj_30_1_Subj_30_1_x1.6.npz,758,9,0.0,37.850000,"forehead_strip,left_cheek_big,right_cheek_big",,20.0,1.0024107879537951,train
COHFACE,'Subj_30_1_x1.8,Subj_30_1,Dataset/3_ROI/MEGA_AUG/aug_npz/COHFACE_Subj_30_1_Subj_30_1_x1.8.npz,674,9,0.0,33.650000,"forehead_strip,left_cheek_big,right_cheek_big",,20.0,1.0024107879537951,train
COHFACE,'Subj_30_2,Subj_30_2,Dataset/3_ROI/COHFACE_RAW/Subj_30_2.npz,1232,9,0.0,61.55,"forehead_strip,left_cheek_big,right_cheek_big",,20.0,1.001155056864338,train
COHFACE,'Subj_30_2_x0.75,Subj_30_2,Dataset/3_ROI/MEGA_AUG/aug_npz/COHFACE_Subj_30_2_Subj_30_2_x0.75.npz,1643,9,0.0,82.100000,"forehead_strip,left_cheek_big,right_cheek_big",,20.0,1.001155056864338,train
COHFACE,'Subj_30_2_x1.2,Subj_30_2,Dataset/3_ROI/MEGA_AUG/aug_npz/COHFACE_Subj_30_2_Subj_30_2_x1.2.npz,1027,9,0.0,51.300000,"forehead_strip,left_cheek_big,right_cheek_big",,20.0,1.001155056864338,train
COHFACE,'Subj_30_2_x1.4,Subj_30_2,Dataset/3_ROI/MEGA_AUG/aug_npz/COHFACE_Subj_30_2_Subj_30_2_x1.4.npz,880,9,0.0,43.950000,"forehead_strip,left_cheek_big,right_cheek_big",,20.0,1.001155056864338,train
COHFACE,'Subj_30_2_x1.6,Subj_30_2,Dataset/3_ROI/MEGA_AUG/aug_npz/COHFACE_Subj_30_2_Subj_30_2_x1.6.npz,770,9,0.0,38.450000,"forehead_strip,left_cheek_big,right_cheek_big",,20.0,1.001155056864338,train
COHFACE,'Subj_30_2_x1.8,Subj_30_2,Dataset/3_ROI/MEGA_AUG/aug_npz/COHFACE_Subj_30_2_Subj_30_2_x1.8.npz,684,9,0.0,34.150000,"forehead_strip,left_cheek_big,right_cheek_big",,20.0,1.001155056864338,train
COHFACE,'Subj_30_3,Subj_30_3,Dataset/3_ROI/COHFACE_RAW/Subj_30_3.npz,1229,9,0.0,61.4,"forehead_strip,left_cheek_big,right_cheek_big",,20.0,1.0015650447882736,train
COHFACE,'Subj_30_3_x0.75,Subj_30_3,Dataset/3_ROI/MEGA_AUG/aug_npz/COHFACE_Subj_30_3_Subj_30_3_x0.75.npz,1639,9,0.0,81.900000,"forehead_strip,left_cheek_big,right_cheek_big",,20.0,1.0015650447882736,train
COHFACE,'Subj_30_3_x1.2,Subj_30_3,Dataset/3_ROI/MEGA_AUG/aug_npz/COHFACE_Subj_30_3_Subj_30_3_x1.2.npz,1024,9,0.0,51.150000,"forehead_strip,left_cheek_big,right_cheek_big",,20.0,1.0015650447882736,train
COHFACE,'Subj_30_3_x1.4,Subj_30_3,Dataset/3_ROI/MEGA_AUG/aug_npz/COHFACE_Subj_30_3_Subj_30_3_x1.4.npz,878,9,0.0,43.850000,"forehead_strip,left_cheek_big,right_cheek_big",,20.0,1.0015650447882736,train
COHFACE,'Subj_30_3_x1.6,Subj_30_3,Dataset/3_ROI/MEGA_AUG/aug_npz/COHFACE_Subj_30_3_Subj_30_3_x1.6.npz,768,9,0.0,38.350000,"forehead_strip,left_cheek_big,right_cheek_big",,20.0,1.0015650447882736,train
COHFACE,'Subj_30_3_x1.8,Subj_30_3,Dataset/3_ROI/MEGA_AUG/aug_npz/COHFACE_Subj_30_3_Subj_30_3_x1.8.npz,683,9,0.0,34.100000,"forehead_strip,left_cheek_big,right_cheek_big",,20.0,1.0015650447882736,train
COHFACE,'Subj_31_0,Subj_31_0,Dataset/3_ROI/COHFACE_RAW/Subj_31_0.npz,1245,9,0.0,62.2,"forehead_strip,left_cheek_big,right_cheek_big",,20.0,1.0017458802250805,train
COHFACE,'Subj_31_0_x1.2,Subj_31_0,Dataset/3_ROI/MEGA_AUG/aug_npz/COHFACE_Subj_31_0_Subj_31_0_x1.2.npz,1038,9,0.0,51.850000,"forehead_strip,left_cheek_big,right_cheek_big",,20.0,1.0017458802250805,train
COHFACE,'Subj_31_0_x1.4,Subj_31_0,Dataset/3_ROI/MEGA_AUG/aug_npz/COHFACE_Subj_31_0_Subj_31_0_x1.4.npz,889,9,0.0,44.400000,"forehead_strip,left_cheek_big,right_cheek_big",,20.0,1.0017458802250805,train
COHFACE,'Subj_31_0_x1.6,Subj_31_0,Dataset/3_ROI/MEGA_AUG/aug_npz/COHFACE_Subj_31_0_Subj_31_0_x1.6.npz,778,9,0.0,38.850000,"forehead_strip,left_cheek_big,right_cheek_big",,20.0,1.0017458802250805,train
COHFACE,'Subj_31_0_x1.8,Subj_31_0,Dataset/3_ROI/MEGA_AUG/aug_npz/COHFACE_Subj_31_0_Subj_31_0_x1.8.npz,692,9,0.0,34.550000,"forehead_strip,left_cheek_big,right_cheek_big",,20.0,1.0017458802250805,train
COHFACE,'Subj_31_1,Subj_31_1,Dataset/3_ROI/COHFACE_RAW/Subj_31_1.npz,1246,9,0.0,62.25,"forehead_strip,left_cheek_big,right_cheek_big",,20.0,1.001945281124498,train
COHFACE,'Subj_31_1_x1.2,Subj_31_1,Dataset/3_ROI/MEGA_AUG/aug_npz/COHFACE_Subj_31_1_Subj_31_1_x1.2.npz,1038,9,0.0,51.850000,"forehead_strip,left_cheek_big,right_cheek_big",,20.0,1.001945281124498,train
COHFACE,'Subj_31_1_x1.4,Subj_31_1,Dataset/3_ROI/MEGA_AUG/aug_npz/COHFACE_Subj_31_1_Subj_31_1_x1.4.npz,890,9,0.0,44.450000,"forehead_strip,left_cheek_big,right_cheek_big",,20.0,1.001945281124498,train
COHFACE,'Subj_31_1_x1.6,Subj_31_1,Dataset/3_ROI/MEGA_AUG/aug_npz/COHFACE_Subj_31_1_Subj_31_1_x1.6.npz,779,9,0.0,38.900000,"forehead_strip,left_cheek_big,right_cheek_big",,20.0,1.001945281124498,train
COHFACE,'Subj_31_1_x1.8,Subj_31_1,Dataset/3_ROI/MEGA_AUG/aug_npz/COHFACE_Subj_31_1_Subj_31_1_x1.8.npz,692,9,0.0,34.550000,"forehead_strip,left_cheek_big,right_cheek_big",,20.0,1.001945281124498,train
COHFACE,'Subj_31_2,Subj_31_2,Dataset/3_ROI/COHFACE_RAW/Subj_31_2.npz,1251,9,0.0,62.5,"forehead_strip,left_cheek_big,right_cheek_big",,20.0,1.0019375,train
COHFACE,'Subj_31_2_x1.2,Subj_31_2,Dataset/3_ROI/MEGA_AUG/aug_npz/COHFACE_Subj_31_2_Subj_31_2_x1.2.npz,1042,9,0.0,52.050000,"forehead_strip,left_cheek_big,right_cheek_big",,20.0,1.0019375,train
COHFACE,'Subj_31_2_x1.4,Subj_31_2,Dataset/3_ROI/MEGA_AUG/aug_npz/COHFACE_Subj_31_2_Subj_31_2_x1.4.npz,894,9,0.0,44.650000,"forehead_strip,left_cheek_big,right_cheek_big",,20.0,1.0019375,train
COHFACE,'Subj_31_2_x1.6,Subj_31_2,Dataset/3_ROI/MEGA_AUG/aug_npz/COHFACE_Subj_31_2_Subj_31_2_x1.6.npz,782,9,0.0,39.050000,"forehead_strip,left_cheek_big,right_cheek_big",,20.0,1.0019375,train
COHFACE,'Subj_31_2_x1.8,Subj_31_2,Dataset/3_ROI/MEGA_AUG/aug_npz/COHFACE_Subj_31_2_Subj_31_2_x1.8.npz,695,9,0.0,34.700000,"forehead_strip,left_cheek_big,right_cheek_big",,20.0,1.0019375,train
COHFACE,'Subj_31_3,Subj_31_3,Dataset/3_ROI/COHFACE_RAW/Subj_31_3.npz,1245,9,0.0,62.2,"forehead_strip,left_cheek_big,right_cheek_big",,20.0,1.0017458802250805,train
COHFACE,'Subj_31_3_x1.2,Subj_31_3,Dataset/3_ROI/MEGA_AUG/aug_npz/COHFACE_Subj_31_3_Subj_31_3_x1.2.npz,1038,9,0.0,51.850000,"forehead_strip,left_cheek_big,right_cheek_big",,20.0,1.0017458802250805,train
COHFACE,'Subj_31_3_x1.4,Subj_31_3,Dataset/3_ROI/MEGA_AUG/aug_npz/COHFACE_Subj_31_3_Subj_31_3_x1.4.npz,889,9,0.0,44.400000,"forehead_strip,left_cheek_big,right_cheek_big",,20.0,1.0017458802250805,train
COHFACE,'Subj_31_3_x1.6,Subj_31_3,Dataset/3_ROI/MEGA_AUG/aug_npz/COHFACE_Subj_31_3_Subj_31_3_x1.6.npz,778,9,0.0,38.850000,"forehead_strip,left_cheek_big,right_cheek_big",,20.0,1.0017458802250805,train
COHFACE,'Subj_31_3_x1.8,Subj_31_3,Dataset/3_ROI/MEGA_AUG/aug_npz/COHFACE_Subj_31_3_Subj_31_3_x1.8.npz,692,9,0.0,34.550000,"forehead_strip,left_cheek_big,right_cheek_big",,20.0,1.0017458802250805,train
COHFACE,'Subj_32_0,Subj_32_0,Dataset/3_ROI/COHFACE_RAW/Subj_32_0.npz,1217,9,0.0,60.8,"forehead_strip,left_cheek_big,right_cheek_big",,20.0,1.0011693050986843,train
COHFACE,'Subj_32_0_x0.75,Subj_32_0,Dataset/3_ROI/MEGA_AUG/aug_npz/COHFACE_Subj_32_0_Subj_32_0_x0.75.npz,1623,9,0.0,81.100000,"forehead_strip,left_cheek_big,right_cheek_big",,20.0,1.0011693050986843,train
COHFACE,'Subj_32_0_x1.2,Subj_32_0,Dataset/3_ROI/MEGA_AUG/aug_npz/COHFACE_Subj_32_0_Subj_32_0_x1.2.npz,1014,9,0.0,50.650000,"forehead_strip,left_cheek_big,right_cheek_big",,20.0,1.0011693050986843,train
COHFACE,'Subj_32_0_x1.4,Subj_32_0,Dataset/3_ROI/MEGA_AUG/aug_npz/COHFACE_Subj_32_0_Subj_32_0_x1.4.npz,869,9,0.0,43.400000,"forehead_strip,left_cheek_big,right_cheek_big",,20.0,1.0011693050986843,train
COHFACE,'Subj_32_0_x1.6,Subj_32_0,Dataset/3_ROI/MEGA_AUG/aug_npz/COHFACE_Subj_32_0_Subj_32_0_x1.6.npz,761,9,0.0,38.000000,"forehead_strip,left_cheek_big,right_cheek_big",,20.0,1.0011693050986843,train
COHFACE,'Subj_32_0_x1.8,Subj_32_0,Dataset/3_ROI/MEGA_AUG/aug_npz/COHFACE_Subj_32_0_Subj_32_0_x1.8.npz,676,9,0.0,33.750000,"forehead_strip,left_cheek_big,right_cheek_big",,20.0,1.0011693050986843,train
COHFACE,'Subj_32_1,Subj_32_1,Dataset/3_ROI/COHFACE_RAW/Subj_32_1.npz,1216,9,0.0,60.75,"forehead_strip,left_cheek_big,right_cheek_big",,20.0,1.0019933127572016,train
COHFACE,'Subj_32_1_x0.75,Subj_32_1,Dataset/3_ROI/MEGA_AUG/aug_npz/COHFACE_Subj_32_1_Subj_32_1_x0.75.npz,1621,9,0.0,81.000000,"forehead_strip,left_cheek_big,right_cheek_big",,20.0,1.0019933127572016,train
COHFACE,'Subj_32_1_x1.2,Subj_32_1,Dataset/3_ROI/MEGA_AUG/aug_npz/COHFACE_Subj_32_1_Subj_32_1_x1.2.npz,1013,9,0.0,50.600000,"forehead_strip,left_cheek_big,right_cheek_big",,20.0,1.0019933127572016,train
COHFACE,'Subj_32_1_x1.4,Subj_32_1,Dataset/3_ROI/MEGA_AUG/aug_npz/COHFACE_Subj_32_1_Subj_32_1_x1.4.npz,869,9,0.0,43.400000,"forehead_strip,left_cheek_big,right_cheek_big",,20.0,1.0019933127572016,train
COHFACE,'Subj_32_1_x1.6,Subj_32_1,Dataset/3_ROI/MEGA_AUG/aug_npz/COHFACE_Subj_32_1_Subj_32_1_x1.6.npz,760,9,0.0,37.950000,"forehead_strip,left_cheek_big,right_cheek_big",,20.0,1.0019933127572016,train
COHFACE,'Subj_32_1_x1.8,Subj_32_1,Dataset/3_ROI/MEGA_AUG/aug_npz/COHFACE_Subj_32_1_Subj_32_1_x1.8.npz,676,9,0.0,33.750000,"forehead_strip,left_cheek_big,right_cheek_big",,20.0,1.0019933127572016,train
COHFACE,'Subj_32_2,Subj_32_2,Dataset/3_ROI/COHFACE_RAW/Subj_32_2.npz,1240,9,0.0,61.95,"forehead_strip,left_cheek_big,right_cheek_big",,20.0,1.0007440476190477,train
COHFACE,'Subj_32_2_x0.75,Subj_32_2,Dataset/3_ROI/MEGA_AUG/aug_npz/COHFACE_Subj_32_2_Subj_32_2_x0.75.npz,1653,9,0.0,82.600000,"forehead_strip,left_cheek_big,right_cheek_big",,20.0,1.0007440476190477,train
COHFACE,'Subj_32_2_x1.2,Subj_32_2,Dataset/3_ROI/MEGA_AUG/aug_npz/COHFACE_Subj_32_2_Subj_32_2_x1.2.npz,1033,9,0.0,51.600000,"forehead_strip,left_cheek_big,right_cheek_big",,20.0,1.0007440476190477,train
COHFACE,'Subj_32_2_x1.4,Subj_32_2,Dataset/3_ROI/MEGA_AUG/aug_npz/COHFACE_Subj_32_2_Subj_32_2_x1.4.npz,886,9,0.0,44.250000,"forehead_strip,left_cheek_big,right_cheek_big",,20.0,1.0007440476190477,train
COHFACE,'Subj_32_2_x1.6,Subj_32_2,Dataset/3_ROI/MEGA_AUG/aug_npz/COHFACE_Subj_32_2_Subj_32_2_x1.6.npz,775,9,0.0,38.700000,"forehead_strip,left_cheek_big,right_cheek_big",,20.0,1.0007440476190477,train
COHFACE,'Subj_32_2_x1.8,Subj_32_2,Dataset/3_ROI/MEGA_AUG/aug_npz/COHFACE_Subj_32_2_Subj_32_2_x1.8.npz,689,9,0.0,34.400000,"forehead_strip,left_cheek_big,right_cheek_big",,20.0,1.0007440476190477,train
COHFACE,'Subj_32_3,Subj_32_3,Dataset/3_ROI/COHFACE_RAW/Subj_32_3.npz,1240,9,0.0,61.95,"forehead_strip,left_cheek_big,right_cheek_big",,20.0,1.0017529257465698,train
COHFACE,'Subj_32_3_x0.75,Subj_32_3,Dataset/3_ROI/MEGA_AUG/aug_npz/COHFACE_Subj_32_3_Subj_32_3_x0.75.npz,1653,9,0.0,82.600000,"forehead_strip,left_cheek_big,right_cheek_big",,20.0,1.0017529257465698,train
COHFACE,'Subj_32_3_x1.2,Subj_32_3,Dataset/3_ROI/MEGA_AUG/aug_npz/COHFACE_Subj_32_3_Subj_32_3_x1.2.npz,1033,9,0.0,51.600000,"forehead_strip,left_cheek_big,right_cheek_big",,20.0,1.0017529257465698,train
COHFACE,'Subj_32_3_x1.4,Subj_32_3,Dataset/3_ROI/MEGA_AUG/aug_npz/COHFACE_Subj_32_3_Subj_32_3_x1.4.npz,886,9,0.0,44.250000,"forehead_strip,left_cheek_big,right_cheek_big",,20.0,1.0017529257465698,train
COHFACE,'Subj_32_3_x1.6,Subj_32_3,Dataset/3_ROI/MEGA_AUG/aug_npz/COHFACE_Subj_32_3_Subj_32_3_x1.6.npz,775,9,0.0,38.700000,"forehead_strip,left_cheek_big,right_cheek_big",,20.0,1.0017529257465698,train
COHFACE,'Subj_32_3_x1.8,Subj_32_3,Dataset/3_ROI/MEGA_AUG/aug_npz/COHFACE_Subj_32_3_Subj_32_3_x1.8.npz,689,9,0.0,34.400000,"forehead_strip,left_cheek_big,right_cheek_big",,20.0,1.0017529257465698,train
COHFACE,'Subj_33_0,Subj_33_0,Dataset/3_ROI/COHFACE_RAW/Subj_33_0.npz,1216,9,0.0,60.75,"forehead_strip,left_cheek_big,right_cheek_big",,20.0,1.0019933127572016,val
COHFACE,'Subj_33_1,Subj_33_1,Dataset/3_ROI/COHFACE_RAW/Subj_33_1.npz,1239,9,0.0,61.9,"forehead_strip,left_cheek_big,right_cheek_big",,20.0,1.001552403069467,val
COHFACE,'Subj_33_2,Subj_33_2,Dataset/3_ROI/COHFACE_RAW/Subj_33_2.npz,1233,9,0.0,61.6,"forehead_strip,left_cheek_big,right_cheek_big",,20.0,1.0023716517857142,val
COHFACE,'Subj_33_3,Subj_33_3,Dataset/3_ROI/COHFACE_RAW/Subj_33_3.npz,1219,9,0.0,60.9,"forehead_strip,left_cheek_big,right_cheek_big",,20.0,1.00157789408867,val
COHFACE,'Subj_34_0,Subj_34_0,Dataset/3_ROI/COHFACE_RAW/Subj_34_0.npz,1224,9,0.0,61.15,"forehead_strip,left_cheek_big,right_cheek_big",,20.0,1.0015714431725269,val
COHFACE,'Subj_34_1,Subj_34_1,Dataset/3_ROI/COHFACE_RAW/Subj_34_1.npz,1225,9,0.0,61.2,"forehead_strip,left_cheek_big,right_cheek_big",,20.0,1.0017744076797386,val
COHFACE,'Subj_34_2,Subj_34_2,Dataset/3_ROI/COHFACE_RAW/Subj_34_2.npz,1218,9,0.0,60.85,"forehead_strip,left_cheek_big,right_cheek_big",,20.0,1.0013737674609695,val
COHFACE,'Subj_34_3,Subj_34_3,Dataset/3_ROI/COHFACE_RAW/Subj_34_3.npz,1222,9,0.0,61.05,"forehead_strip,left_cheek_big,right_cheek_big",,20.0,1.002188267813268,val
COHFACE,'Subj_35_0,Subj_35_0,Dataset/3_ROI/COHFACE_RAW/Subj_35_0.npz,1235,9,0.0,61.7,"forehead_strip,left_cheek_big,right_cheek_big",,20.0,1.001760028363047,val
COHFACE,'Subj_35_1,Subj_35_1,Dataset/3_ROI/COHFACE_RAW/Subj_35_1.npz,1224,9,0.0,61.15,"forehead_strip,left_cheek_big,right_cheek_big",,20.0,1.0015714431725269,val
COHFACE,'Subj_35_2,Subj_35_2,Dataset/3_ROI/COHFACE_RAW/Subj_35_2.npz,1227,9,0.0,61.3,"forehead_strip,left_cheek_big,right_cheek_big",,20.0,1.0021793433931483,val
COHFACE,'Subj_35_3,Subj_35_3,Dataset/3_ROI/COHFACE_RAW/Subj_35_3.npz,1228,9,0.0,61.35,"forehead_strip,left_cheek_big,right_cheek_big",,20.0,1.002381316218419,val
COHFACE,'Subj_36_0,Subj_36_0,Dataset/3_ROI/COHFACE_RAW/Subj_36_0.npz,1233,9,0.0,61.6,"forehead_strip,left_cheek_big,right_cheek_big",,20.0,1.0023716517857142,val
COHFACE,'Subj_36_1,Subj_36_1,Dataset/3_ROI/COHFACE_RAW/Subj_36_1.npz,1214,9,0.0,60.65,"forehead_strip,left_cheek_big,right_cheek_big",,20.0,1.0005538953009068,val
COHFACE,'Subj_36_2,Subj_36_2,Dataset/3_ROI/COHFACE_RAW/Subj_36_2.npz,1220,9,0.0,60.95,"forehead_strip,left_cheek_big,right_cheek_big",,20.0,1.0028071164889254,val
COHFACE,'Subj_36_3,Subj_36_3,Dataset/3_ROI/COHFACE_RAW/Subj_36_3.npz,1225,9,0.0,61.2,"forehead_strip,left_cheek_big,right_cheek_big",,20.0,1.0017744076797386,val
COHFACE,'Subj_37_0,Subj_37_0,Dataset/3_ROI/COHFACE_RAW/Subj_37_0.npz,1209,9,0.0,60.4,"forehead_strip,left_cheek_big,right_cheek_big",,20.0,1.0015909561258278,val
COHFACE,'Subj_37_1,Subj_37_1,Dataset/3_ROI/COHFACE_RAW/Subj_37_1.npz,1211,9,0.0,60.5,"forehead_strip,left_cheek_big,right_cheek_big",,20.0,1.0009684917355373,val
COHFACE,'Subj_37_2,Subj_37_2,Dataset/3_ROI/COHFACE_RAW/Subj_37_2.npz,1211,9,0.0,60.5,"forehead_strip,left_cheek_big,right_cheek_big",,20.0,1.0009684917355373,val
COHFACE,'Subj_37_3,Subj_37_3,Dataset/3_ROI/COHFACE_RAW/Subj_37_3.npz,1210,9,0.0,60.45,"forehead_strip,left_cheek_big,right_cheek_big",,20.0,1.001796422663358,val
COHFACE,'Subj_38_0,Subj_38_0,Dataset/3_ROI/COHFACE_RAW/Subj_38_0.npz,1233,9,0.0,61.6,"forehead_strip,left_cheek_big,right_cheek_big",,20.0,1.001357041396104,val
COHFACE,'Subj_38_1,Subj_38_1,Dataset/3_ROI/COHFACE_RAW/Subj_38_1.npz,1230,9,0.0,61.45,"forehead_strip,left_cheek_big,right_cheek_big",,20.0,1.0007501017087062,val
COHFACE,'Subj_38_2,Subj_38_2,Dataset/3_ROI/COHFACE_RAW/Subj_38_2.npz,1184,9,0.0,59.15,"forehead_strip,left_cheek_big,right_cheek_big",,20.0,1.0016245773457313,val
COHFACE,'Subj_38_3,Subj_38_3,Dataset/3_ROI/COHFACE_RAW/Subj_38_3.npz,1221,9,0.0,61.0,"forehead_strip,left_cheek_big,right_cheek_big",,20.0,1.001985143442623,val
COHFACE,'Subj_39_0,Subj_39_0,Dataset/3_ROI/COHFACE_RAW/Subj_39_0.npz,1223,9,0.0,61.1,"forehead_strip,left_cheek_big,right_cheek_big",,20.0,1.0023910597381342,val
COHFACE,'Subj_39_1,Subj_39_1,Dataset/3_ROI/COHFACE_RAW/Subj_39_1.npz,1228,9,0.0,61.35,"forehead_strip,left_cheek_big,right_cheek_big",,20.0,1.0013625713121437,val
COHFACE,'Subj_39_2,Subj_39_2,Dataset/3_ROI/COHFACE_RAW/Subj_39_2.npz,1240,9,0.0,61.95,"forehead_strip,left_cheek_big,right_cheek_big",,20.0,1.0017529257465698,val
COHFACE,'Subj_39_3,Subj_39_3,Dataset/3_ROI/COHFACE_RAW/Subj_39_3.npz,1269,9,0.0,63.4,"forehead_strip,left_cheek_big,right_cheek_big",,20.0,1.001515674290221,val
COHFACE,'Subj_3_0,Subj_3_0,Dataset/3_ROI/COHFACE_RAW/Subj_3_0.npz,1207,9,0.0,60.3,"forehead_strip,left_cheek_big,right_cheek_big",,20.0,1.002215485074627,train
COHFACE,'Subj_3_0_x0.65,Subj_3_0,Dataset/3_ROI/MEGA_AUG/aug_npz/COHFACE_Subj_3_0_Subj_3_0_x0.65.npz,1857,9,0.0,92.800000,"forehead_strip,left_cheek_big,right_cheek_big",,20.0,1.002215485074627,train
COHFACE,'Subj_3_0_x0.75,Subj_3_0,Dataset/3_ROI/MEGA_AUG/aug_npz/COHFACE_Subj_3_0_Subj_3_0_x0.75.npz,1609,9,0.0,80.400000,"forehead_strip,left_cheek_big,right_cheek_big",,20.0,1.002215485074627,train
COHFACE,'Subj_3_0_x1.2,Subj_3_0,Dataset/3_ROI/MEGA_AUG/aug_npz/COHFACE_Subj_3_0_Subj_3_0_x1.2.npz,1006,9,0.0,50.250000,"forehead_strip,left_cheek_big,right_cheek_big",,20.0,1.002215485074627,train
COHFACE,'Subj_3_0_x1.4,Subj_3_0,Dataset/3_ROI/MEGA_AUG/aug_npz/COHFACE_Subj_3_0_Subj_3_0_x1.4.npz,862,9,0.0,43.050000,"forehead_strip,left_cheek_big,right_cheek_big",,20.0,1.002215485074627,train
COHFACE,'Subj_3_0_x1.6,Subj_3_0,Dataset/3_ROI/MEGA_AUG/aug_npz/COHFACE_Subj_3_0_Subj_3_0_x1.6.npz,754,9,0.0,37.650000,"forehead_strip,left_cheek_big,right_cheek_big",,20.0,1.002215485074627,train
COHFACE,'Subj_3_0_x1.8,Subj_3_0,Dataset/3_ROI/MEGA_AUG/aug_npz/COHFACE_Subj_3_0_Subj_3_0_x1.8.npz,671,9,0.0,33.500000,"forehead_strip,left_cheek_big,right_cheek_big",,20.0,1.002215485074627,train
COHFACE,'Subj_3_1,Subj_3_1,Dataset/3_ROI/COHFACE_RAW/Subj_3_1.npz,1212,9,0.0,60.55,"forehead_strip,left_cheek_big,right_cheek_big",,20.0,1.0011741329479769,train
COHFACE,'Subj_3_1_x0.65,Subj_3_1,Dataset/3_ROI/MEGA_AUG/aug_npz/COHFACE_Subj_3_1_Subj_3_1_x0.65.npz,1865,9,0.0,93.200000,"forehead_strip,left_cheek_big,right_cheek_big",,20.0,1.0011741329479769,train
COHFACE,'Subj_3_1_x0.75,Subj_3_1,Dataset/3_ROI/MEGA_AUG/aug_npz/COHFACE_Subj_3_1_Subj_3_1_x0.75.npz,1616,9,0.0,80.750000,"forehead_strip,left_cheek_big,right_cheek_big",,20.0,1.0011741329479769,train
COHFACE,'Subj_3_1_x1.2,Subj_3_1,Dataset/3_ROI/MEGA_AUG/aug_npz/COHFACE_Subj_3_1_Subj_3_1_x1.2.npz,1010,9,0.0,50.450000,"forehead_strip,left_cheek_big,right_cheek_big",,20.0,1.0011741329479769,train
COHFACE,'Subj_3_1_x1.4,Subj_3_1,Dataset/3_ROI/MEGA_AUG/aug_npz/COHFACE_Subj_3_1_Subj_3_1_x1.4.npz,866,9,0.0,43.250000,"forehead_strip,left_cheek_big,right_cheek_big",,20.0,1.0011741329479769,train
COHFACE,'Subj_3_1_x1.6,Subj_3_1,Dataset/3_ROI/MEGA_AUG/aug_npz/COHFACE_Subj_3_1_Subj_3_1_x1.6.npz,758,9,0.0,37.850000,"forehead_strip,left_cheek_big,right_cheek_big",,20.0,1.0011741329479769,train
COHFACE,'Subj_3_1_x1.8,Subj_3_1,Dataset/3_ROI/MEGA_AUG/aug_npz/COHFACE_Subj_3_1_Subj_3_1_x1.8.npz,673,9,0.0,33.600000,"forehead_strip,left_cheek_big,right_cheek_big",,20.0,1.0011741329479769,train
COHFACE,'Subj_3_2,Subj_3_2,Dataset/3_ROI/COHFACE_RAW/Subj_3_2.npz,1208,9,0.0,60.35,"forehead_strip,left_cheek_big,right_cheek_big",,20.0,1.0024207746478873,train
COHFACE,'Subj_3_2_x0.55,Subj_3_2,Dataset/3_ROI/MEGA_AUG/aug_npz/COHFACE_Subj_3_2_Subj_3_2_x0.55.npz,2196,9,0.0,109.750000,"forehead_strip,left_cheek_big,right_cheek_big",,20.0,1.0024207746478873,train
COHFACE,'Subj_3_2_x0.65,Subj_3_2,Dataset/3_ROI/MEGA_AUG/aug_npz/COHFACE_Subj_3_2_Subj_3_2_x0.65.npz,1858,9,0.0,92.850000,"forehead_strip,left_cheek_big,right_cheek_big",,20.0,1.0024207746478873,train
COHFACE,'Subj_3_2_x0.75,Subj_3_2,Dataset/3_ROI/MEGA_AUG/aug_npz/COHFACE_Subj_3_2_Subj_3_2_x0.75.npz,1611,9,0.0,80.500000,"forehead_strip,left_cheek_big,right_cheek_big",,20.0,1.0024207746478873,train
COHFACE,'Subj_3_2_x1.2,Subj_3_2,Dataset/3_ROI/MEGA_AUG/aug_npz/COHFACE_Subj_3_2_Subj_3_2_x1.2.npz,1007,9,0.0,50.300000,"forehead_strip,left_cheek_big,right_cheek_big",,20.0,1.0024207746478873,train
COHFACE,'Subj_3_2_x1.4,Subj_3_2,Dataset/3_ROI/MEGA_AUG/aug_npz/COHFACE_Subj_3_2_Subj_3_2_x1.4.npz,863,9,0.0,43.100000,"forehead_strip,left_cheek_big,right_cheek_big",,20.0,1.0024207746478873,train
COHFACE,'Subj_3_2_x1.6,Subj_3_2,Dataset/3_ROI/MEGA_AUG/aug_npz/COHFACE_Subj_3_2_Subj_3_2_x1.6.npz,755,9,0.0,37.700000,"forehead_strip,left_cheek_big,right_cheek_big",,20.0,1.0024207746478873,train
COHFACE,'Subj_3_2_x1.8,Subj_3_2,Dataset/3_ROI/MEGA_AUG/aug_npz/COHFACE_Subj_3_2_Subj_3_2_x1.8.npz,671,9,0.0,33.500000,"forehead_strip,left_cheek_big,right_cheek_big",,20.0,1.0024207746478873,train
COHFACE,'Subj_3_3,Subj_3_3,Dataset/3_ROI/COHFACE_RAW/Subj_3_3.npz,1208,9,0.0,60.35,"forehead_strip,left_cheek_big,right_cheek_big",,20.0,1.0013851491300745,train
COHFACE,'Subj_3_3_x0.55,Subj_3_3,Dataset/3_ROI/MEGA_AUG/aug_npz/COHFACE_Subj_3_3_Subj_3_3_x0.55.npz,2196,9,0.0,109.750000,"forehead_strip,left_cheek_big,right_cheek_big",,20.0,1.0013851491300745,train
COHFACE,'Subj_3_3_x0.65,Subj_3_3,Dataset/3_ROI/MEGA_AUG/aug_npz/COHFACE_Subj_3_3_Subj_3_3_x0.65.npz,1858,9,0.0,92.850000,"forehead_strip,left_cheek_big,right_cheek_big",,20.0,1.0013851491300745,train
COHFACE,'Subj_3_3_x0.75,Subj_3_3,Dataset/3_ROI/MEGA_AUG/aug_npz/COHFACE_Subj_3_3_Subj_3_3_x0.75.npz,1611,9,0.0,80.500000,"forehead_strip,left_cheek_big,right_cheek_big",,20.0,1.0013851491300745,train
COHFACE,'Subj_3_3_x1.2,Subj_3_3,Dataset/3_ROI/MEGA_AUG/aug_npz/COHFACE_Subj_3_3_Subj_3_3_x1.2.npz,1007,9,0.0,50.300000,"forehead_strip,left_cheek_big,right_cheek_big",,20.0,1.0013851491300745,train
COHFACE,'Subj_3_3_x1.4,Subj_3_3,Dataset/3_ROI/MEGA_AUG/aug_npz/COHFACE_Subj_3_3_Subj_3_3_x1.4.npz,863,9,0.0,43.100000,"forehead_strip,left_cheek_big,right_cheek_big",,20.0,1.0013851491300745,train
COHFACE,'Subj_3_3_x1.6,Subj_3_3,Dataset/3_ROI/MEGA_AUG/aug_npz/COHFACE_Subj_3_3_Subj_3_3_x1.6.npz,755,9,0.0,37.700000,"forehead_strip,left_cheek_big,right_cheek_big",,20.0,1.0013851491300745,train
COHFACE,'Subj_3_3_x1.8,Subj_3_3,Dataset/3_ROI/MEGA_AUG/aug_npz/COHFACE_Subj_3_3_Subj_3_3_x1.8.npz,671,9,0.0,33.500000,"forehead_strip,left_cheek_big,right_cheek_big",,20.0,1.0013851491300745,train
COHFACE,'Subj_40_0,Subj_40_0,Dataset/3_ROI/COHFACE_RAW/Subj_40_0.npz,1250,9,0.0,62.45,"forehead_strip,left_cheek_big,right_cheek_big",,20.0,1.0017388911128902,val
COHFACE,'Subj_40_1,Subj_40_1,Dataset/3_ROI/COHFACE_RAW/Subj_40_1.npz,1232,9,0.0,61.55,"forehead_strip,left_cheek_big,right_cheek_big",,20.0,1.002170491470349,val
COHFACE,'Subj_40_2,Subj_40_2,Dataset/3_ROI/COHFACE_RAW/Subj_40_2.npz,1240,9,0.0,61.95,"forehead_strip,left_cheek_big,right_cheek_big",,20.0,1.0007440476190477,val
COHFACE,'Subj_40_3,Subj_40_3,Dataset/3_ROI/COHFACE_RAW/Subj_40_3.npz,1229,9,0.0,61.4,"forehead_strip,left_cheek_big,right_cheek_big",,20.0,1.0015650447882736,val
COHFACE,'Subj_4_0,Subj_4_0,Dataset/3_ROI/COHFACE_RAW/Subj_4_0.npz,1209,9,0.0,60.4,"forehead_strip,left_cheek_big,right_cheek_big",,20.0,1.0015909561258278,train
COHFACE,'Subj_4_0_x0.75,Subj_4_0,Dataset/3_ROI/MEGA_AUG/aug_npz/COHFACE_Subj_4_0_Subj_4_0_x0.75.npz,1612,9,0.0,80.550000,"forehead_strip,left_cheek_big,right_cheek_big",,20.0,1.0015909561258278,train
COHFACE,'Subj_4_0_x1.2,Subj_4_0,Dataset/3_ROI/MEGA_AUG/aug_npz/COHFACE_Subj_4_0_Subj_4_0_x1.2.npz,1008,9,0.0,50.350000,"forehead_strip,left_cheek_big,right_cheek_big",,20.0,1.0015909561258278,train
COHFACE,'Subj_4_0_x1.4,Subj_4_0,Dataset/3_ROI/MEGA_AUG/aug_npz/COHFACE_Subj_4_0_Subj_4_0_x1.4.npz,864,9,0.0,43.150000,"forehead_strip,left_cheek_big,right_cheek_big",,20.0,1.0015909561258278,train
COHFACE,'Subj_4_0_x1.6,Subj_4_0,Dataset/3_ROI/MEGA_AUG/aug_npz/COHFACE_Subj_4_0_Subj_4_0_x1.6.npz,756,9,0.0,37.750000,"forehead_strip,left_cheek_big,right_cheek_big",,20.0,1.0015909561258278,train
COHFACE,'Subj_4_0_x1.8,Subj_4_0,Dataset/3_ROI/MEGA_AUG/aug_npz/COHFACE_Subj_4_0_Subj_4_0_x1.8.npz,672,9,0.0,33.550000,"forehead_strip,left_cheek_big,right_cheek_big",,20.0,1.0015909561258278,train
COHFACE,'Subj_4_1,Subj_4_1,Dataset/3_ROI/COHFACE_RAW/Subj_4_1.npz,1207,9,0.0,60.3,"forehead_strip,left_cheek_big,right_cheek_big",,20.0,1.002215485074627,train
COHFACE,'Subj_4_1_x1.2,Subj_4_1,Dataset/3_ROI/MEGA_AUG/aug_npz/COHFACE_Subj_4_1_Subj_4_1_x1.2.npz,1006,9,0.0,50.250000,"forehead_strip,left_cheek_big,right_cheek_big",,20.0,1.002215485074627,train
COHFACE,'Subj_4_1_x1.4,Subj_4_1,Dataset/3_ROI/MEGA_AUG/aug_npz/COHFACE_Subj_4_1_Subj_4_1_x1.4.npz,862,9,0.0,43.050000,"forehead_strip,left_cheek_big,right_cheek_big",,20.0,1.002215485074627,train
COHFACE,'Subj_4_1_x1.6,Subj_4_1,Dataset/3_ROI/MEGA_AUG/aug_npz/COHFACE_Subj_4_1_Subj_4_1_x1.6.npz,754,9,0.0,37.650000,"forehead_strip,left_cheek_big,right_cheek_big",,20.0,1.002215485074627,train
COHFACE,'Subj_4_1_x1.8,Subj_4_1,Dataset/3_ROI/MEGA_AUG/aug_npz/COHFACE_Subj_4_1_Subj_4_1_x1.8.npz,671,9,0.0,33.500000,"forehead_strip,left_cheek_big,right_cheek_big",,20.0,1.002215485074627,train
COHFACE,'Subj_4_2,Subj_4_2,Dataset/3_ROI/COHFACE_RAW/Subj_4_2.npz,1208,9,0.0,60.35,"forehead_strip,left_cheek_big,right_cheek_big",,20.0,1.0024207746478873,train
COHFACE,'Subj_4_2_x1.2,Subj_4_2,Dataset/3_ROI/MEGA_AUG/aug_npz/COHFACE_Subj_4_2_Subj_4_2_x1.2.npz,1007,9,0.0,50.300000,"forehead_strip,left_cheek_big,right_cheek_big",,20.0,1.0024207746478873,train
COHFACE,'Subj_4_2_x1.4,Subj_4_2,Dataset/3_ROI/MEGA_AUG/aug_npz/COHFACE_Subj_4_2_Subj_4_2_x1.4.npz,863,9,0.0,43.100000,"forehead_strip,left_cheek_big,right_cheek_big",,20.0,1.0024207746478873,train
COHFACE,'Subj_4_2_x1.6,Subj_4_2,Dataset/3_ROI/MEGA_AUG/aug_npz/COHFACE_Subj_4_2_Subj_4_2_x1.6.npz,755,9,0.0,37.700000,"forehead_strip,left_cheek_big,right_cheek_big",,20.0,1.0024207746478873,train
COHFACE,'Subj_4_2_x1.8,Subj_4_2,Dataset/3_ROI/MEGA_AUG/aug_npz/COHFACE_Subj_4_2_Subj_4_2_x1.8.npz,671,9,0.0,33.500000,"forehead_strip,left_cheek_big,right_cheek_big",,20.0,1.0024207746478873,train
COHFACE,'Subj_4_3,Subj_4_3,Dataset/3_ROI/COHFACE_RAW/Subj_4_3.npz,1210,9,0.0,60.45,"forehead_strip,left_cheek_big,right_cheek_big",,20.0,1.0007625103391231,train
COHFACE,'Subj_4_3_x1.2,Subj_4_3,Dataset/3_ROI/MEGA_AUG/aug_npz/COHFACE_Subj_4_3_Subj_4_3_x1.2.npz,1008,9,0.0,50.350000,"forehead_strip,left_cheek_big,right_cheek_big",,20.0,1.0007625103391231,train
COHFACE,'Subj_4_3_x1.4,Subj_4_3,Dataset/3_ROI/MEGA_AUG/aug_npz/COHFACE_Subj_4_3_Subj_4_3_x1.4.npz,864,9,0.0,43.150000,"forehead_strip,left_cheek_big,right_cheek_big",,20.0,1.0007625103391231,train
COHFACE,'Subj_4_3_x1.6,Subj_4_3,Dataset/3_ROI/MEGA_AUG/aug_npz/COHFACE_Subj_4_3_Subj_4_3_x1.6.npz,756,9,0.0,37.750000,"forehead_strip,left_cheek_big,right_cheek_big",,20.0,1.0007625103391231,train
COHFACE,'Subj_4_3_x1.8,Subj_4_3,Dataset/3_ROI/MEGA_AUG/aug_npz/COHFACE_Subj_4_3_Subj_4_3_x1.8.npz,672,9,0.0,33.550000,"forehead_strip,left_cheek_big,right_cheek_big",,20.0,1.0007625103391231,train
COHFACE,'Subj_5_0,Subj_5_0,Dataset/3_ROI/COHFACE_RAW/Subj_5_0.npz,1210,9,0.0,60.45,"forehead_strip,left_cheek_big,right_cheek_big",,20.0,1.001796422663358,train
COHFACE,'Subj_5_0_x0.55,Subj_5_0,Dataset/3_ROI/MEGA_AUG/aug_npz/COHFACE_Subj_5_0_Subj_5_0_x0.55.npz,2200,9,0.0,109.950000,"forehead_strip,left_cheek_big,right_cheek_big",,20.0,1.001796422663358,train
COHFACE,'Subj_5_0_x0.65,Subj_5_0,Dataset/3_ROI/MEGA_AUG/aug_npz/COHFACE_Subj_5_0_Subj_5_0_x0.65.npz,1862,9,0.0,93.050000,"forehead_strip,left_cheek_big,right_cheek_big",,20.0,1.001796422663358,train
COHFACE,'Subj_5_0_x0.75,Subj_5_0,Dataset/3_ROI/MEGA_AUG/aug_npz/COHFACE_Subj_5_0_Subj_5_0_x0.75.npz,1613,9,0.0,80.600000,"forehead_strip,left_cheek_big,right_cheek_big",,20.0,1.001796422663358,train
COHFACE,'Subj_5_0_x1.2,Subj_5_0,Dataset/3_ROI/MEGA_AUG/aug_npz/COHFACE_Subj_5_0_Subj_5_0_x1.2.npz,1008,9,0.0,50.350000,"forehead_strip,left_cheek_big,right_cheek_big",,20.0,1.001796422663358,train
COHFACE,'Subj_5_0_x1.4,Subj_5_0,Dataset/3_ROI/MEGA_AUG/aug_npz/COHFACE_Subj_5_0_Subj_5_0_x1.4.npz,864,9,0.0,43.150000,"forehead_strip,left_cheek_big,right_cheek_big",,20.0,1.001796422663358,train
COHFACE,'Subj_5_0_x1.6,Subj_5_0,Dataset/3_ROI/MEGA_AUG/aug_npz/COHFACE_Subj_5_0_Subj_5_0_x1.6.npz,756,9,0.0,37.750000,"forehead_strip,left_cheek_big,right_cheek_big",,20.0,1.001796422663358,train
COHFACE,'Subj_5_0_x1.8,Subj_5_0,Dataset/3_ROI/MEGA_AUG/aug_npz/COHFACE_Subj_5_0_Subj_5_0_x1.8.npz,672,9,0.0,33.550000,"forehead_strip,left_cheek_big,right_cheek_big",,20.0,1.001796422663358,train
COHFACE,'Subj_5_1,Subj_5_1,Dataset/3_ROI/COHFACE_RAW/Subj_5_1.npz,1209,9,0.0,60.4,"forehead_strip,left_cheek_big,right_cheek_big",,20.0,1.0015909561258278,train
COHFACE,'Subj_5_1_x0.55,Subj_5_1,Dataset/3_ROI/MEGA_AUG/aug_npz/COHFACE_Subj_5_1_Subj_5_1_x0.55.npz,2198,9,0.0,109.850000,"forehead_strip,left_cheek_big,right_cheek_big",,20.0,1.0015909561258278,train
COHFACE,'Subj_5_1_x0.65,Subj_5_1,Dataset/3_ROI/MEGA_AUG/aug_npz/COHFACE_Subj_5_1_Subj_5_1_x0.65.npz,1860,9,0.0,92.950000,"forehead_strip,left_cheek_big,right_cheek_big",,20.0,1.0015909561258278,train
COHFACE,'Subj_5_1_x0.75,Subj_5_1,Dataset/3_ROI/MEGA_AUG/aug_npz/COHFACE_Subj_5_1_Subj_5_1_x0.75.npz,1612,9,0.0,80.550000,"forehead_strip,left_cheek_big,right_cheek_big",,20.0,1.0015909561258278,train
COHFACE,'Subj_5_1_x1.2,Subj_5_1,Dataset/3_ROI/MEGA_AUG/aug_npz/COHFACE_Subj_5_1_Subj_5_1_x1.2.npz,1008,9,0.0,50.350000,"forehead_strip,left_cheek_big,right_cheek_big",,20.0,1.0015909561258278,train
COHFACE,'Subj_5_1_x1.4,Subj_5_1,Dataset/3_ROI/MEGA_AUG/aug_npz/COHFACE_Subj_5_1_Subj_5_1_x1.4.npz,864,9,0.0,43.150000,"forehead_strip,left_cheek_big,right_cheek_big",,20.0,1.0015909561258278,train
COHFACE,'Subj_5_1_x1.6,Subj_5_1,Dataset/3_ROI/MEGA_AUG/aug_npz/COHFACE_Subj_5_1_Subj_5_1_x1.6.npz,756,9,0.0,37.750000,"forehead_strip,left_cheek_big,right_cheek_big",,20.0,1.0015909561258278,train
COHFACE,'Subj_5_1_x1.8,Subj_5_1,Dataset/3_ROI/MEGA_AUG/aug_npz/COHFACE_Subj_5_1_Subj_5_1_x1.8.npz,672,9,0.0,33.550000,"forehead_strip,left_cheek_big,right_cheek_big",,20.0,1.0015909561258278,train
COHFACE,'Subj_5_2,Subj_5_2,Dataset/3_ROI/COHFACE_RAW/Subj_5_2.npz,1210,9,0.0,60.45,"forehead_strip,left_cheek_big,right_cheek_big",,20.0,1.0007625103391231,train
COHFACE,'Subj_5_2_x0.55,Subj_5_2,Dataset/3_ROI/MEGA_AUG/aug_npz/COHFACE_Subj_5_2_Subj_5_2_x0.55.npz,2200,9,0.0,109.950000,"forehead_strip,left_cheek_big,right_cheek_big",,20.0,1.0007625103391231,train
COHFACE,'Subj_5_2_x0.65,Subj_5_2,Dataset/3_ROI/MEGA_AUG/aug_npz/COHFACE_Subj_5_2_Subj_5_2_x0.65.npz,1862,9,0.0,93.050000,"forehead_strip,left_cheek_big,right_cheek_big",,20.0,1.0007625103391231,train
COHFACE,'Subj_5_2_x0.75,Subj_5_2,Dataset/3_ROI/MEGA_AUG/aug_npz/COHFACE_Subj_5_2_Subj_5_2_x0.75.npz,1613,9,0.0,80.600000,"forehead_strip,left_cheek_big,right_cheek_big",,20.0,1.0007625103391231,train
COHFACE,'Subj_5_2_x1.2,Subj_5_2,Dataset/3_ROI/MEGA_AUG/aug_npz/COHFACE_Subj_5_2_Subj_5_2_x1.2.npz,1008,9,0.0,50.350000,"forehead_strip,left_cheek_big,right_cheek_big",,20.0,1.0007625103391231,train
COHFACE,'Subj_5_2_x1.4,Subj_5_2,Dataset/3_ROI/MEGA_AUG/aug_npz/COHFACE_Subj_5_2_Subj_5_2_x1.4.npz,864,9,0.0,43.150000,"forehead_strip,left_cheek_big,right_cheek_big",,20.0,1.0007625103391231,train
COHFACE,'Subj_5_2_x1.6,Subj_5_2,Dataset/3_ROI/MEGA_AUG/aug_npz/COHFACE_Subj_5_2_Subj_5_2_x1.6.npz,756,9,0.0,37.750000,"forehead_strip,left_cheek_big,right_cheek_big",,20.0,1.0007625103391231,train
COHFACE,'Subj_5_2_x1.8,Subj_5_2,Dataset/3_ROI/MEGA_AUG/aug_npz/COHFACE_Subj_5_2_Subj_5_2_x1.8.npz,672,9,0.0,33.550000,"forehead_strip,left_cheek_big,right_cheek_big",,20.0,1.0007625103391231,train
COHFACE,'Subj_5_3,Subj_5_3,Dataset/3_ROI/COHFACE_RAW/Subj_5_3.npz,1206,9,0.0,60.25,"forehead_strip,left_cheek_big,right_cheek_big",,20.0,1.0020098547717842,train
COHFACE,'Subj_5_3_x0.55,Subj_5_3,Dataset/3_ROI/MEGA_AUG/aug_npz/COHFACE_Subj_5_3_Subj_5_3_x0.55.npz,2193,9,0.0,109.600000,"forehead_strip,left_cheek_big,right_cheek_big",,20.0,1.0020098547717842,train
COHFACE,'Subj_5_3_x0.65,Subj_5_3,Dataset/3_ROI/MEGA_AUG/aug_npz/COHFACE_Subj_5_3_Subj_5_3_x0.65.npz,1855,9,0.0,92.700000,"forehead_strip,left_cheek_big,right_cheek_big",,20.0,1.0020098547717842,train
COHFACE,'Subj_5_3_x0.75,Subj_5_3,Dataset/3_ROI/MEGA_AUG/aug_npz/COHFACE_Subj_5_3_Subj_5_3_x0.75.npz,1608,9,0.0,80.350000,"forehead_strip,left_cheek_big,right_cheek_big",,20.0,1.0020098547717842,train
COHFACE,'Subj_5_3_x1.2,Subj_5_3,Dataset/3_ROI/MEGA_AUG/aug_npz/COHFACE_Subj_5_3_Subj_5_3_x1.2.npz,1005,9,0.0,50.200000,"forehead_strip,left_cheek_big,right_cheek_big",,20.0,1.0020098547717842,train
COHFACE,'Subj_5_3_x1.4,Subj_5_3,Dataset/3_ROI/MEGA_AUG/aug_npz/COHFACE_Subj_5_3_Subj_5_3_x1.4.npz,861,9,0.0,43.000000,"forehead_strip,left_cheek_big,right_cheek_big",,20.0,1.0020098547717842,train
COHFACE,'Subj_5_3_x1.6,Subj_5_3,Dataset/3_ROI/MEGA_AUG/aug_npz/COHFACE_Subj_5_3_Subj_5_3_x1.6.npz,754,9,0.0,37.650000,"forehead_strip,left_cheek_big,right_cheek_big",,20.0,1.0020098547717842,train
COHFACE,'Subj_5_3_x1.8,Subj_5_3,Dataset/3_ROI/MEGA_AUG/aug_npz/COHFACE_Subj_5_3_Subj_5_3_x1.8.npz,670,9,0.0,33.450000,"forehead_strip,left_cheek_big,right_cheek_big",,20.0,1.0020098547717842,train
COHFACE,'Subj_6_0,Subj_6_0,Dataset/3_ROI/COHFACE_RAW/Subj_6_0.npz,1208,9,0.0,60.35,"forehead_strip,left_cheek_big,right_cheek_big",,20.0,1.0013851491300745,train
COHFACE,'Subj_6_0_x0.75,Subj_6_0,Dataset/3_ROI/MEGA_AUG/aug_npz/COHFACE_Subj_6_0_Subj_6_0_x0.75.npz,1611,9,0.0,80.500000,"forehead_strip,left_cheek_big,right_cheek_big",,20.0,1.0013851491300745,train
COHFACE,'Subj_6_0_x1.2,Subj_6_0,Dataset/3_ROI/MEGA_AUG/aug_npz/COHFACE_Subj_6_0_Subj_6_0_x1.2.npz,1007,9,0.0,50.300000,"forehead_strip,left_cheek_big,right_cheek_big",,20.0,1.0013851491300745,train
COHFACE,'Subj_6_0_x1.4,Subj_6_0,Dataset/3_ROI/MEGA_AUG/aug_npz/COHFACE_Subj_6_0_Subj_6_0_x1.4.npz,863,9,0.0,43.100000,"forehead_strip,left_cheek_big,right_cheek_big",,20.0,1.0013851491300745,train
COHFACE,'Subj_6_0_x1.6,Subj_6_0,Dataset/3_ROI/MEGA_AUG/aug_npz/COHFACE_Subj_6_0_Subj_6_0_x1.6.npz,755,9,0.0,37.700000,"forehead_strip,left_cheek_big,right_cheek_big",,20.0,1.0013851491300745,train
COHFACE,'Subj_6_0_x1.8,Subj_6_0,Dataset/3_ROI/MEGA_AUG/aug_npz/COHFACE_Subj_6_0_Subj_6_0_x1.8.npz,671,9,0.0,33.500000,"forehead_strip,left_cheek_big,right_cheek_big",,20.0,1.0013851491300745,train
COHFACE,'Subj_6_1,Subj_6_1,Dataset/3_ROI/COHFACE_RAW/Subj_6_1.npz,1207,9,0.0,60.3,"forehead_strip,left_cheek_big,right_cheek_big",,20.0,1.002215485074627,train
COHFACE,'Subj_6_1_x0.75,Subj_6_1,Dataset/3_ROI/MEGA_AUG/aug_npz/COHFACE_Subj_6_1_Subj_6_1_x0.75.npz,1609,9,0.0,80.400000,"forehead_strip,left_cheek_big,right_cheek_big",,20.0,1.002215485074627,train
COHFACE,'Subj_6_1_x1.2,Subj_6_1,Dataset/3_ROI/MEGA_AUG/aug_npz/COHFACE_Subj_6_1_Subj_6_1_x1.2.npz,1006,9,0.0,50.250000,"forehead_strip,left_cheek_big,right_cheek_big",,20.0,1.002215485074627,train
COHFACE,'Subj_6_1_x1.4,Subj_6_1,Dataset/3_ROI/MEGA_AUG/aug_npz/COHFACE_Subj_6_1_Subj_6_1_x1.4.npz,862,9,0.0,43.050000,"forehead_strip,left_cheek_big,right_cheek_big",,20.0,1.002215485074627,train
COHFACE,'Subj_6_1_x1.6,Subj_6_1,Dataset/3_ROI/MEGA_AUG/aug_npz/COHFACE_Subj_6_1_Subj_6_1_x1.6.npz,754,9,0.0,37.650000,"forehead_strip,left_cheek_big,right_cheek_big",,20.0,1.002215485074627,train
COHFACE,'Subj_6_1_x1.8,Subj_6_1,Dataset/3_ROI/MEGA_AUG/aug_npz/COHFACE_Subj_6_1_Subj_6_1_x1.8.npz,671,9,0.0,33.500000,"forehead_strip,left_cheek_big,right_cheek_big",,20.0,1.002215485074627,train
COHFACE,'Subj_6_2,Subj_6_2,Dataset/3_ROI/COHFACE_RAW/Subj_6_2.npz,1209,9,0.0,60.4,"forehead_strip,left_cheek_big,right_cheek_big",,20.0,1.0015909561258278,train
COHFACE,'Subj_6_2_x0.75,Subj_6_2,Dataset/3_ROI/MEGA_AUG/aug_npz/COHFACE_Subj_6_2_Subj_6_2_x0.75.npz,1612,9,0.0,80.550000,"forehead_strip,left_cheek_big,right_cheek_big",,20.0,1.0015909561258278,train
COHFACE,'Subj_6_2_x1.2,Subj_6_2,Dataset/3_ROI/MEGA_AUG/aug_npz/COHFACE_Subj_6_2_Subj_6_2_x1.2.npz,1008,9,0.0,50.350000,"forehead_strip,left_cheek_big,right_cheek_big",,20.0,1.0015909561258278,train
COHFACE,'Subj_6_2_x1.4,Subj_6_2,Dataset/3_ROI/MEGA_AUG/aug_npz/COHFACE_Subj_6_2_Subj_6_2_x1.4.npz,864,9,0.0,43.150000,"forehead_strip,left_cheek_big,right_cheek_big",,20.0,1.0015909561258278,train
COHFACE,'Subj_6_2_x1.6,Subj_6_2,Dataset/3_ROI/MEGA_AUG/aug_npz/COHFACE_Subj_6_2_Subj_6_2_x1.6.npz,756,9,0.0,37.750000,"forehead_strip,left_cheek_big,right_cheek_big",,20.0,1.0015909561258278,train
COHFACE,'Subj_6_2_x1.8,Subj_6_2,Dataset/3_ROI/MEGA_AUG/aug_npz/COHFACE_Subj_6_2_Subj_6_2_x1.8.npz,672,9,0.0,33.550000,"forehead_strip,left_cheek_big,right_cheek_big",,20.0,1.0015909561258278,train
COHFACE,'Subj_6_3,Subj_6_3,Dataset/3_ROI/COHFACE_RAW/Subj_6_3.npz,1207,9,0.0,60.3,"forehead_strip,left_cheek_big,right_cheek_big",,20.0,1.0011790008291874,train
COHFACE,'Subj_6_3_x0.65,Subj_6_3,Dataset/3_ROI/MEGA_AUG/aug_npz/COHFACE_Subj_6_3_Subj_6_3_x0.65.npz,1857,9,0.0,92.800000,"forehead_strip,left_cheek_big,right_cheek_big",,20.0,1.0011790008291874,train
COHFACE,'Subj_6_3_x0.75,Subj_6_3,Dataset/3_ROI/MEGA_AUG/aug_npz/COHFACE_Subj_6_3_Subj_6_3_x0.75.npz,1609,9,0.0,80.400000,"forehead_strip,left_cheek_big,right_cheek_big",,20.0,1.0011790008291874,train
COHFACE,'Subj_6_3_x1.2,Subj_6_3,Dataset/3_ROI/MEGA_AUG/aug_npz/COHFACE_Subj_6_3_Subj_6_3_x1.2.npz,1006,9,0.0,50.250000,"forehead_strip,left_cheek_big,right_cheek_big",,20.0,1.0011790008291874,train
COHFACE,'Subj_6_3_x1.4,Subj_6_3,Dataset/3_ROI/MEGA_AUG/aug_npz/COHFACE_Subj_6_3_Subj_6_3_x1.4.npz,862,9,0.0,43.050000,"forehead_strip,left_cheek_big,right_cheek_big",,20.0,1.0011790008291874,train
COHFACE,'Subj_6_3_x1.6,Subj_6_3,Dataset/3_ROI/MEGA_AUG/aug_npz/COHFACE_Subj_6_3_Subj_6_3_x1.6.npz,754,9,0.0,37.650000,"forehead_strip,left_cheek_big,right_cheek_big",,20.0,1.0011790008291874,train
COHFACE,'Subj_6_3_x1.8,Subj_6_3,Dataset/3_ROI/MEGA_AUG/aug_npz/COHFACE_Subj_6_3_Subj_6_3_x1.8.npz,671,9,0.0,33.500000,"forehead_strip,left_cheek_big,right_cheek_big",,20.0,1.0011790008291874,train
COHFACE,'Subj_7_0,Subj_7_0,Dataset/3_ROI/COHFACE_RAW/Subj_7_0.npz,1209,9,0.0,60.4,"forehead_strip,left_cheek_big,right_cheek_big",,20.0,1.0015909561258278,train
COHFACE,'Subj_7_0_x0.75,Subj_7_0,Dataset/3_ROI/MEGA_AUG/aug_npz/COHFACE_Subj_7_0_Subj_7_0_x0.75.npz,1612,9,0.0,80.550000,"forehead_strip,left_cheek_big,right_cheek_big",,20.0,1.0015909561258278,train
COHFACE,'Subj_7_0_x1.2,Subj_7_0,Dataset/3_ROI/MEGA_AUG/aug_npz/COHFACE_Subj_7_0_Subj_7_0_x1.2.npz,1008,9,0.0,50.350000,"forehead_strip,left_cheek_big,right_cheek_big",,20.0,1.0015909561258278,train
COHFACE,'Subj_7_0_x1.4,Subj_7_0,Dataset/3_ROI/MEGA_AUG/aug_npz/COHFACE_Subj_7_0_Subj_7_0_x1.4.npz,864,9,0.0,43.150000,"forehead_strip,left_cheek_big,right_cheek_big",,20.0,1.0015909561258278,train
COHFACE,'Subj_7_0_x1.6,Subj_7_0,Dataset/3_ROI/MEGA_AUG/aug_npz/COHFACE_Subj_7_0_Subj_7_0_x1.6.npz,756,9,0.0,37.750000,"forehead_strip,left_cheek_big,right_cheek_big",,20.0,1.0015909561258278,train
COHFACE,'Subj_7_0_x1.8,Subj_7_0,Dataset/3_ROI/MEGA_AUG/aug_npz/COHFACE_Subj_7_0_Subj_7_0_x1.8.npz,672,9,0.0,33.550000,"forehead_strip,left_cheek_big,right_cheek_big",,20.0,1.0015909561258278,train
COHFACE,'Subj_7_1,Subj_7_1,Dataset/3_ROI/COHFACE_RAW/Subj_7_1.npz,1209,9,0.0,60.4,"forehead_strip,left_cheek_big,right_cheek_big",,20.0,1.0015909561258278,train
COHFACE,'Subj_7_1_x0.75,Subj_7_1,Dataset/3_ROI/MEGA_AUG/aug_npz/COHFACE_Subj_7_1_Subj_7_1_x0.75.npz,1612,9,0.0,80.550000,"forehead_strip,left_cheek_big,right_cheek_big",,20.0,1.0015909561258278,train
COHFACE,'Subj_7_1_x1.2,Subj_7_1,Dataset/3_ROI/MEGA_AUG/aug_npz/COHFACE_Subj_7_1_Subj_7_1_x1.2.npz,1008,9,0.0,50.350000,"forehead_strip,left_cheek_big,right_cheek_big",,20.0,1.0015909561258278,train
COHFACE,'Subj_7_1_x1.4,Subj_7_1,Dataset/3_ROI/MEGA_AUG/aug_npz/COHFACE_Subj_7_1_Subj_7_1_x1.4.npz,864,9,0.0,43.150000,"forehead_strip,left_cheek_big,right_cheek_big",,20.0,1.0015909561258278,train
COHFACE,'Subj_7_1_x1.6,Subj_7_1,Dataset/3_ROI/MEGA_AUG/aug_npz/COHFACE_Subj_7_1_Subj_7_1_x1.6.npz,756,9,0.0,37.750000,"forehead_strip,left_cheek_big,right_cheek_big",,20.0,1.0015909561258278,train
COHFACE,'Subj_7_1_x1.8,Subj_7_1,Dataset/3_ROI/MEGA_AUG/aug_npz/COHFACE_Subj_7_1_Subj_7_1_x1.8.npz,672,9,0.0,33.550000,"forehead_strip,left_cheek_big,right_cheek_big",,20.0,1.0015909561258278,train
COHFACE,'Subj_7_2,Subj_7_2,Dataset/3_ROI/COHFACE_RAW/Subj_7_2.npz,1208,9,0.0,60.35,"forehead_strip,left_cheek_big,right_cheek_big",,20.0,1.0013851491300745,train
COHFACE,'Subj_7_2_x0.75,Subj_7_2,Dataset/3_ROI/MEGA_AUG/aug_npz/COHFACE_Subj_7_2_Subj_7_2_x0.75.npz,1611,9,0.0,80.500000,"forehead_strip,left_cheek_big,right_cheek_big",,20.0,1.0013851491300745,train
COHFACE,'Subj_7_2_x1.2,Subj_7_2,Dataset/3_ROI/MEGA_AUG/aug_npz/COHFACE_Subj_7_2_Subj_7_2_x1.2.npz,1007,9,0.0,50.300000,"forehead_strip,left_cheek_big,right_cheek_big",,20.0,1.0013851491300745,train
COHFACE,'Subj_7_2_x1.4,Subj_7_2,Dataset/3_ROI/MEGA_AUG/aug_npz/COHFACE_Subj_7_2_Subj_7_2_x1.4.npz,863,9,0.0,43.100000,"forehead_strip,left_cheek_big,right_cheek_big",,20.0,1.0013851491300745,train
COHFACE,'Subj_7_2_x1.6,Subj_7_2,Dataset/3_ROI/MEGA_AUG/aug_npz/COHFACE_Subj_7_2_Subj_7_2_x1.6.npz,755,9,0.0,37.700000,"forehead_strip,left_cheek_big,right_cheek_big",,20.0,1.0013851491300745,train
COHFACE,'Subj_7_2_x1.8,Subj_7_2,Dataset/3_ROI/MEGA_AUG/aug_npz/COHFACE_Subj_7_2_Subj_7_2_x1.8.npz,671,9,0.0,33.500000,"forehead_strip,left_cheek_big,right_cheek_big",,20.0,1.0013851491300745,train
COHFACE,'Subj_7_3,Subj_7_3,Dataset/3_ROI/COHFACE_RAW/Subj_7_3.npz,1209,9,0.0,60.4,"forehead_strip,left_cheek_big,right_cheek_big",,20.0,1.0015909561258278,train
COHFACE,'Subj_7_3_x0.65,Subj_7_3,Dataset/3_ROI/MEGA_AUG/aug_npz/COHFACE_Subj_7_3_Subj_7_3_x0.65.npz,1860,9,0.0,92.950000,"forehead_strip,left_cheek_big,right_cheek_big",,20.0,1.0015909561258278,train
COHFACE,'Subj_7_3_x0.75,Subj_7_3,Dataset/3_ROI/MEGA_AUG/aug_npz/COHFACE_Subj_7_3_Subj_7_3_x0.75.npz,1612,9,0.0,80.550000,"forehead_strip,left_cheek_big,right_cheek_big",,20.0,1.0015909561258278,train
COHFACE,'Subj_7_3_x1.2,Subj_7_3,Dataset/3_ROI/MEGA_AUG/aug_npz/COHFACE_Subj_7_3_Subj_7_3_x1.2.npz,1008,9,0.0,50.350000,"forehead_strip,left_cheek_big,right_cheek_big",,20.0,1.0015909561258278,train
COHFACE,'Subj_7_3_x1.4,Subj_7_3,Dataset/3_ROI/MEGA_AUG/aug_npz/COHFACE_Subj_7_3_Subj_7_3_x1.4.npz,864,9,0.0,43.150000,"forehead_strip,left_cheek_big,right_cheek_big",,20.0,1.0015909561258278,train
COHFACE,'Subj_7_3_x1.6,Subj_7_3,Dataset/3_ROI/MEGA_AUG/aug_npz/COHFACE_Subj_7_3_Subj_7_3_x1.6.npz,756,9,0.0,37.750000,"forehead_strip,left_cheek_big,right_cheek_big",,20.0,1.0015909561258278,train
COHFACE,'Subj_7_3_x1.8,Subj_7_3,Dataset/3_ROI/MEGA_AUG/aug_npz/COHFACE_Subj_7_3_Subj_7_3_x1.8.npz,672,9,0.0,33.550000,"forehead_strip,left_cheek_big,right_cheek_big",,20.0,1.0015909561258278,train
COHFACE,'Subj_8_0,Subj_8_0,Dataset/3_ROI/COHFACE_RAW/Subj_8_0.npz,1210,9,0.0,60.45,"forehead_strip,left_cheek_big,right_cheek_big",,20.0,1.001796422663358,train
COHFACE,'Subj_8_0_x0.65,Subj_8_0,Dataset/3_ROI/MEGA_AUG/aug_npz/COHFACE_Subj_8_0_Subj_8_0_x0.65.npz,1862,9,0.0,93.050000,"forehead_strip,left_cheek_big,right_cheek_big",,20.0,1.001796422663358,train
COHFACE,'Subj_8_0_x0.75,Subj_8_0,Dataset/3_ROI/MEGA_AUG/aug_npz/COHFACE_Subj_8_0_Subj_8_0_x0.75.npz,1613,9,0.0,80.600000,"forehead_strip,left_cheek_big,right_cheek_big",,20.0,1.001796422663358,train
COHFACE,'Subj_8_0_x1.2,Subj_8_0,Dataset/3_ROI/MEGA_AUG/aug_npz/COHFACE_Subj_8_0_Subj_8_0_x1.2.npz,1008,9,0.0,50.350000,"forehead_strip,left_cheek_big,right_cheek_big",,20.0,1.001796422663358,train
COHFACE,'Subj_8_0_x1.4,Subj_8_0,Dataset/3_ROI/MEGA_AUG/aug_npz/COHFACE_Subj_8_0_Subj_8_0_x1.4.npz,864,9,0.0,43.150000,"forehead_strip,left_cheek_big,right_cheek_big",,20.0,1.001796422663358,train
COHFACE,'Subj_8_0_x1.6,Subj_8_0,Dataset/3_ROI/MEGA_AUG/aug_npz/COHFACE_Subj_8_0_Subj_8_0_x1.6.npz,756,9,0.0,37.750000,"forehead_strip,left_cheek_big,right_cheek_big",,20.0,1.001796422663358,train
COHFACE,'Subj_8_0_x1.8,Subj_8_0,Dataset/3_ROI/MEGA_AUG/aug_npz/COHFACE_Subj_8_0_Subj_8_0_x1.8.npz,672,9,0.0,33.550000,"forehead_strip,left_cheek_big,right_cheek_big",,20.0,1.001796422663358,train
COHFACE,'Subj_8_1,Subj_8_1,Dataset/3_ROI/COHFACE_RAW/Subj_8_1.npz,1209,9,0.0,60.4,"forehead_strip,left_cheek_big,right_cheek_big",,20.0,1.0015909561258278,train
COHFACE,'Subj_8_1_x0.55,Subj_8_1,Dataset/3_ROI/MEGA_AUG/aug_npz/COHFACE_Subj_8_1_Subj_8_1_x0.55.npz,2198,9,0.0,109.850000,"forehead_strip,left_cheek_big,right_cheek_big",,20.0,1.0015909561258278,train
COHFACE,'Subj_8_1_x0.65,Subj_8_1,Dataset/3_ROI/MEGA_AUG/aug_npz/COHFACE_Subj_8_1_Subj_8_1_x0.65.npz,1860,9,0.0,92.950000,"forehead_strip,left_cheek_big,right_cheek_big",,20.0,1.0015909561258278,train
COHFACE,'Subj_8_1_x0.75,Subj_8_1,Dataset/3_ROI/MEGA_AUG/aug_npz/COHFACE_Subj_8_1_Subj_8_1_x0.75.npz,1612,9,0.0,80.550000,"forehead_strip,left_cheek_big,right_cheek_big",,20.0,1.0015909561258278,train
COHFACE,'Subj_8_1_x1.2,Subj_8_1,Dataset/3_ROI/MEGA_AUG/aug_npz/COHFACE_Subj_8_1_Subj_8_1_x1.2.npz,1008,9,0.0,50.350000,"forehead_strip,left_cheek_big,right_cheek_big",,20.0,1.0015909561258278,train
COHFACE,'Subj_8_1_x1.4,Subj_8_1,Dataset/3_ROI/MEGA_AUG/aug_npz/COHFACE_Subj_8_1_Subj_8_1_x1.4.npz,864,9,0.0,43.150000,"forehead_strip,left_cheek_big,right_cheek_big",,20.0,1.0015909561258278,train
COHFACE,'Subj_8_1_x1.6,Subj_8_1,Dataset/3_ROI/MEGA_AUG/aug_npz/COHFACE_Subj_8_1_Subj_8_1_x1.6.npz,756,9,0.0,37.750000,"forehead_strip,left_cheek_big,right_cheek_big",,20.0,1.0015909561258278,train
COHFACE,'Subj_8_1_x1.8,Subj_8_1,Dataset/3_ROI/MEGA_AUG/aug_npz/COHFACE_Subj_8_1_Subj_8_1_x1.8.npz,672,9,0.0,33.550000,"forehead_strip,left_cheek_big,right_cheek_big",,20.0,1.0015909561258278,train
COHFACE,'Subj_8_2,Subj_8_2,Dataset/3_ROI/COHFACE_RAW/Subj_8_2.npz,1209,9,0.0,60.4,"forehead_strip,left_cheek_big,right_cheek_big",,20.0,1.0015909561258278,train
COHFACE,'Subj_8_2_x0.65,Subj_8_2,Dataset/3_ROI/MEGA_AUG/aug_npz/COHFACE_Subj_8_2_Subj_8_2_x0.65.npz,1860,9,0.0,92.950000,"forehead_strip,left_cheek_big,right_cheek_big",,20.0,1.0015909561258278,train
COHFACE,'Subj_8_2_x0.75,Subj_8_2,Dataset/3_ROI/MEGA_AUG/aug_npz/COHFACE_Subj_8_2_Subj_8_2_x0.75.npz,1612,9,0.0,80.550000,"forehead_strip,left_cheek_big,right_cheek_big",,20.0,1.0015909561258278,train
COHFACE,'Subj_8_2_x1.2,Subj_8_2,Dataset/3_ROI/MEGA_AUG/aug_npz/COHFACE_Subj_8_2_Subj_8_2_x1.2.npz,1008,9,0.0,50.350000,"forehead_strip,left_cheek_big,right_cheek_big",,20.0,1.0015909561258278,train
COHFACE,'Subj_8_2_x1.4,Subj_8_2,Dataset/3_ROI/MEGA_AUG/aug_npz/COHFACE_Subj_8_2_Subj_8_2_x1.4.npz,864,9,0.0,43.150000,"forehead_strip,left_cheek_big,right_cheek_big",,20.0,1.0015909561258278,train
COHFACE,'Subj_8_2_x1.6,Subj_8_2,Dataset/3_ROI/MEGA_AUG/aug_npz/COHFACE_Subj_8_2_Subj_8_2_x1.6.npz,756,9,0.0,37.750000,"forehead_strip,left_cheek_big,right_cheek_big",,20.0,1.0015909561258278,train
COHFACE,'Subj_8_2_x1.8,Subj_8_2,Dataset/3_ROI/MEGA_AUG/aug_npz/COHFACE_Subj_8_2_Subj_8_2_x1.8.npz,672,9,0.0,33.550000,"forehead_strip,left_cheek_big,right_cheek_big",,20.0,1.0015909561258278,train
COHFACE,'Subj_8_3,Subj_8_3,Dataset/3_ROI/COHFACE_RAW/Subj_8_3.npz,1208,9,0.0,60.35,"forehead_strip,left_cheek_big,right_cheek_big",,20.0,1.0013851491300745,train
COHFACE,'Subj_8_3_x0.65,Subj_8_3,Dataset/3_ROI/MEGA_AUG/aug_npz/COHFACE_Subj_8_3_Subj_8_3_x0.65.npz,1858,9,0.0,92.850000,"forehead_strip,left_cheek_big,right_cheek_big",,20.0,1.0013851491300745,train
COHFACE,'Subj_8_3_x0.75,Subj_8_3,Dataset/3_ROI/MEGA_AUG/aug_npz/COHFACE_Subj_8_3_Subj_8_3_x0.75.npz,1611,9,0.0,80.500000,"forehead_strip,left_cheek_big,right_cheek_big",,20.0,1.0013851491300745,train
COHFACE,'Subj_8_3_x1.2,Subj_8_3,Dataset/3_ROI/MEGA_AUG/aug_npz/COHFACE_Subj_8_3_Subj_8_3_x1.2.npz,1007,9,0.0,50.300000,"forehead_strip,left_cheek_big,right_cheek_big",,20.0,1.0013851491300745,train
COHFACE,'Subj_8_3_x1.4,Subj_8_3,Dataset/3_ROI/MEGA_AUG/aug_npz/COHFACE_Subj_8_3_Subj_8_3_x1.4.npz,863,9,0.0,43.100000,"forehead_strip,left_cheek_big,right_cheek_big",,20.0,1.0013851491300745,train
COHFACE,'Subj_8_3_x1.6,Subj_8_3,Dataset/3_ROI/MEGA_AUG/aug_npz/COHFACE_Subj_8_3_Subj_8_3_x1.6.npz,755,9,0.0,37.700000,"forehead_strip,left_cheek_big,right_cheek_big",,20.0,1.0013851491300745,train
COHFACE,'Subj_8_3_x1.8,Subj_8_3,Dataset/3_ROI/MEGA_AUG/aug_npz/COHFACE_Subj_8_3_Subj_8_3_x1.8.npz,671,9,0.0,33.500000,"forehead_strip,left_cheek_big,right_cheek_big",,20.0,1.0013851491300745,train
COHFACE,'Subj_9_0,Subj_9_0,Dataset/3_ROI/COHFACE_RAW/Subj_9_0.npz,1225,9,0.0,61.2,"forehead_strip,left_cheek_big,right_cheek_big",,20.0,1.0017744076797386,train
COHFACE,'Subj_9_0_x0.55,Subj_9_0,Dataset/3_ROI/MEGA_AUG/aug_npz/COHFACE_Subj_9_0_Subj_9_0_x0.55.npz,2227,9,0.0,111.300000,"forehead_strip,left_cheek_big,right_cheek_big",,20.0,1.0017744076797386,train
COHFACE,'Subj_9_0_x0.65,Subj_9_0,Dataset/3_ROI/MEGA_AUG/aug_npz/COHFACE_Subj_9_0_Subj_9_0_x0.65.npz,1885,9,0.0,94.200000,"forehead_strip,left_cheek_big,right_cheek_big",,20.0,1.0017744076797386,train
COHFACE,'Subj_9_0_x0.75,Subj_9_0,Dataset/3_ROI/MEGA_AUG/aug_npz/COHFACE_Subj_9_0_Subj_9_0_x0.75.npz,1633,9,0.0,81.600000,"forehead_strip,left_cheek_big,right_cheek_big",,20.0,1.0017744076797386,train
COHFACE,'Subj_9_0_x1.2,Subj_9_0,Dataset/3_ROI/MEGA_AUG/aug_npz/COHFACE_Subj_9_0_Subj_9_0_x1.2.npz,1021,9,0.0,51.000000,"forehead_strip,left_cheek_big,right_cheek_big",,20.0,1.0017744076797386,train
COHFACE,'Subj_9_0_x1.4,Subj_9_0,Dataset/3_ROI/MEGA_AUG/aug_npz/COHFACE_Subj_9_0_Subj_9_0_x1.4.npz,875,9,0.0,43.700000,"forehead_strip,left_cheek_big,right_cheek_big",,20.0,1.0017744076797386,train
COHFACE,'Subj_9_0_x1.6,Subj_9_0,Dataset/3_ROI/MEGA_AUG/aug_npz/COHFACE_Subj_9_0_Subj_9_0_x1.6.npz,766,9,0.0,38.250000,"forehead_strip,left_cheek_big,right_cheek_big",,20.0,1.0017744076797386,train
COHFACE,'Subj_9_0_x1.8,Subj_9_0,Dataset/3_ROI/MEGA_AUG/aug_npz/COHFACE_Subj_9_0_Subj_9_0_x1.8.npz,681,9,0.0,34.000000,"forehead_strip,left_cheek_big,right_cheek_big",,20.0,1.0017744076797386,train
COHFACE,'Subj_9_1,Subj_9_1,Dataset/3_ROI/COHFACE_RAW/Subj_9_1.npz,1242,9,0.0,62.05,"forehead_strip,left_cheek_big,right_cheek_big",,20.0,1.0021530016116036,train
COHFACE,'Subj_9_1_x0.55,Subj_9_1,Dataset/3_ROI/MEGA_AUG/aug_npz/COHFACE_Subj_9_1_Subj_9_1_x0.55.npz,2258,9,0.0,112.850000,"forehead_strip,left_cheek_big,right_cheek_big",,20.0,1.0021530016116036,train
COHFACE,'Subj_9_1_x0.65,Subj_9_1,Dataset/3_ROI/MEGA_AUG/aug_npz/COHFACE_Subj_9_1_Subj_9_1_x0.65.npz,1911,9,0.0,95.500000,"forehead_strip,left_cheek_big,right_cheek_big",,20.0,1.0021530016116036,train
COHFACE,'Subj_9_1_x0.75,Subj_9_1,Dataset/3_ROI/MEGA_AUG/aug_npz/COHFACE_Subj_9_1_Subj_9_1_x0.75.npz,1656,9,0.0,82.750000,"forehead_strip,left_cheek_big,right_cheek_big",,20.0,1.0021530016116036,train
COHFACE,'Subj_9_1_x1.2,Subj_9_1,Dataset/3_ROI/MEGA_AUG/aug_npz/COHFACE_Subj_9_1_Subj_9_1_x1.2.npz,1035,9,0.0,51.700000,"forehead_strip,left_cheek_big,right_cheek_big",,20.0,1.0021530016116036,train
COHFACE,'Subj_9_1_x1.4,Subj_9_1,Dataset/3_ROI/MEGA_AUG/aug_npz/COHFACE_Subj_9_1_Subj_9_1_x1.4.npz,887,9,0.0,44.300000,"forehead_strip,left_cheek_big,right_cheek_big",,20.0,1.0021530016116036,train
COHFACE,'Subj_9_1_x1.6,Subj_9_1,Dataset/3_ROI/MEGA_AUG/aug_npz/COHFACE_Subj_9_1_Subj_9_1_x1.6.npz,776,9,0.0,38.750000,"forehead_strip,left_cheek_big,right_cheek_big",,20.0,1.0021530016116036,train
COHFACE,'Subj_9_1_x1.8,Subj_9_1,Dataset/3_ROI/MEGA_AUG/aug_npz/COHFACE_Subj_9_1_Subj_9_1_x1.8.npz,690,9,0.0,34.450000,"forehead_strip,left_cheek_big,right_cheek_big",,20.0,1.0021530016116036,train
COHFACE,'Subj_9_2,Subj_9_2,Dataset/3_ROI/COHFACE_RAW/Subj_9_2.npz,1229,9,0.0,61.4,"forehead_strip,left_cheek_big,right_cheek_big",,20.0,1.0015650447882736,train
COHFACE,'Subj_9_2_x0.65,Subj_9_2,Dataset/3_ROI/MEGA_AUG/aug_npz/COHFACE_Subj_9_2_Subj_9_2_x0.65.npz,1891,9,0.0,94.500000,"forehead_strip,left_cheek_big,right_cheek_big",,20.0,1.0015650447882736,train
COHFACE,'Subj_9_2_x0.75,Subj_9_2,Dataset/3_ROI/MEGA_AUG/aug_npz/COHFACE_Subj_9_2_Subj_9_2_x0.75.npz,1639,9,0.0,81.900000,"forehead_strip,left_cheek_big,right_cheek_big",,20.0,1.0015650447882736,train
COHFACE,'Subj_9_2_x1.2,Subj_9_2,Dataset/3_ROI/MEGA_AUG/aug_npz/COHFACE_Subj_9_2_Subj_9_2_x1.2.npz,1024,9,0.0,51.150000,"forehead_strip,left_cheek_big,right_cheek_big",,20.0,1.0015650447882736,train
COHFACE,'Subj_9_2_x1.4,Subj_9_2,Dataset/3_ROI/MEGA_AUG/aug_npz/COHFACE_Subj_9_2_Subj_9_2_x1.4.npz,878,9,0.0,43.850000,"forehead_strip,left_cheek_big,right_cheek_big",,20.0,1.0015650447882736,train
COHFACE,'Subj_9_2_x1.6,Subj_9_2,Dataset/3_ROI/MEGA_AUG/aug_npz/COHFACE_Subj_9_2_Subj_9_2_x1.6.npz,768,9,0.0,38.350000,"forehead_strip,left_cheek_big,right_cheek_big",,20.0,1.0015650447882736,train
COHFACE,'Subj_9_2_x1.8,Subj_9_2,Dataset/3_ROI/MEGA_AUG/aug_npz/COHFACE_Subj_9_2_Subj_9_2_x1.8.npz,683,9,0.0,34.100000,"forehead_strip,left_cheek_big,right_cheek_big",,20.0,1.0015650447882736,train
COHFACE,'Subj_9_3,Subj_9_3,Dataset/3_ROI/COHFACE_RAW/Subj_9_3.npz,1265,9,0.0,63.2,"forehead_strip,left_cheek_big,right_cheek_big",,20.0,1.0027071795886076,train
COHFACE,'Subj_9_3_x0.65,Subj_9_3,Dataset/3_ROI/MEGA_AUG/aug_npz/COHFACE_Subj_9_3_Subj_9_3_x0.65.npz,1946,9,0.0,97.250000,"forehead_strip,left_cheek_big,right_cheek_big",,20.0,1.0027071795886076,train
COHFACE,'Subj_9_3_x0.75,Subj_9_3,Dataset/3_ROI/MEGA_AUG/aug_npz/COHFACE_Subj_9_3_Subj_9_3_x0.75.npz,1687,9,0.0,84.300000,"forehead_strip,left_cheek_big,right_cheek_big",,20.0,1.0027071795886076,train
COHFACE,'Subj_9_3_x1.2,Subj_9_3,Dataset/3_ROI/MEGA_AUG/aug_npz/COHFACE_Subj_9_3_Subj_9_3_x1.2.npz,1054,9,0.0,52.650000,"forehead_strip,left_cheek_big,right_cheek_big",,20.0,1.0027071795886076,train
COHFACE,'Subj_9_3_x1.4,Subj_9_3,Dataset/3_ROI/MEGA_AUG/aug_npz/COHFACE_Subj_9_3_Subj_9_3_x1.4.npz,904,9,0.0,45.150000,"forehead_strip,left_cheek_big,right_cheek_big",,20.0,1.0027071795886076,train
COHFACE,'Subj_9_3_x1.6,Subj_9_3,Dataset/3_ROI/MEGA_AUG/aug_npz/COHFACE_Subj_9_3_Subj_9_3_x1.6.npz,791,9,0.0,39.500000,"forehead_strip,left_cheek_big,right_cheek_big",,20.0,1.0027071795886076,train
COHFACE,'Subj_9_3_x1.8,Subj_9_3,Dataset/3_ROI/MEGA_AUG/aug_npz/COHFACE_Subj_9_3_Subj_9_3_x1.8.npz,703,9,0.0,35.100000,"forehead_strip,left_cheek_big,right_cheek_big",,20.0,1.0027071795886076,train
